id,group,abbr,url,criterion,act_rule,rule_name,element_n,selector_or_description,applicable,outcome,measured_value,programmatic_context,evaluator_code,date,capture,notes,dialog_state
106,ecuador,UPS,https://www.ups.edu.ec/,1.4.3,afw4f7,Text has minimum contrast,1,html.ltr > body.controls-visible > nav.quick-access-nav > h1.hide-accessible,no,,,,R04,2026-09-09,,"No es un caracter visible: la regla no aplica. Texto oculto visualmente, de tamano cero o desplazado fuera de pantalla.",sin CMP detectada
106,ecuador,UPS,https://www.ups.edu.ec/,1.4.3,afw4f7,Text has minimum contrast,2,nav.quick-access-nav > ul > li > a,si,falla,1.08:1,,R04,2026-09-09,,"umbral 4.5:1 (texto normal, 16.0px); texto: ""Saltar al contenido""",sin CMP detectada
106,ecuador,UPS,https://www.ups.edu.ec/,1.4.3,afw4f7,Text has minimum contrast,3,div.portlet-boundary > div.lfr-product-menu-sidebar > div.sidebar-header > h1.sr-only,no,,,,R04,2026-09-09,,"No es un caracter visible: la regla no aplica. Texto oculto visualmente, de tamano cero o desplazado fuera de pantalla.",sin CMP detectada
106,ecuador,UPS,https://www.ups.edu.ec/,1.4.3,afw4f7,Text has minimum contrast,4,div.autofit-col > a > span.company-details > span.company-name,no,,,,R04,2026-09-09,,"No es un caracter visible: la regla no aplica. Texto oculto visualmente, de tamano cero o desplazado fuera de pantalla.",sin CMP detectada
106,ecuador,UPS,https://www.ups.edu.ec/,1.4.3,afw4f7,Text has minimum contrast,5,a.bg-blue > svg > defs > style,no,,,,R04,2026-09-09,,"No es un caracter visible: la regla no aplica. Texto oculto visualmente, de tamano cero o desplazado fuera de pantalla.",sin CMP detectada
106,ecuador,UPS,https://www.ups.edu.ec/,1.4.3,afw4f7,Text has minimum contrast,6,div.p01_boton_dark_mode > a.bg-blue > svg > title,no,,,,R04,2026-09-09,,"No es un caracter visible: la regla no aplica. Texto oculto visualmente, de tamano cero o desplazado fuera de pantalla.",sin CMP detectada
106,ecuador,UPS,https://www.ups.edu.ec/,1.4.3,afw4f7,Text has minimum contrast,7,div.portlet-body > div.p01_boton_dark_mode > a.bg-blue > span,no,,,,R04,2026-09-09,,"No es un caracter visible: la regla no aplica. Texto oculto visualmente, de tamano cero o desplazado fuera de pantalla.",sin CMP detectada
106,ecuador,UPS,https://www.ups.edu.ec/,1.4.3,afw4f7,Text has minimum contrast,8,a.bg-blue > svg > defs > style,no,,,,R04,2026-09-09,,"No es un caracter visible: la regla no aplica. Texto oculto visualmente, de tamano cero o desplazado fuera de pantalla.",sin CMP detectada
106,ecuador,UPS,https://www.ups.edu.ec/,1.4.3,afw4f7,Text has minimum contrast,9,div.p01_boton_dark_mode > a.bg-blue > svg > title,no,,,,R04,2026-09-09,,"No es un caracter visible: la regla no aplica. Texto oculto visualmente, de tamano cero o desplazado fuera de pantalla.",sin CMP detectada
106,ecuador,UPS,https://www.ups.edu.ec/,1.4.3,afw4f7,Text has minimum contrast,10,div.portlet-body > div.p01_boton_dark_mode > a.bg-blue > span,no,,,,R04,2026-09-09,,"No es un caracter visible: la regla no aplica. Texto oculto visualmente, de tamano cero o desplazado fuera de pantalla.",sin CMP detectada
106,ecuador,UPS,https://www.ups.edu.ec/,1.4.3,afw4f7,Text has minimum contrast,11,div.portlet-body > div.p01_botones_font_size > a.bg-blue > span,no,,,,R04,2026-09-09,,"No es un caracter visible: la regla no aplica. Texto oculto visualmente, de tamano cero o desplazado fuera de pantalla.",sin CMP detectada
106,ecuador,UPS,https://www.ups.edu.ec/,1.4.3,afw4f7,Text has minimum contrast,12,div.portlet-body > div.p01_botones_font_size > a.bg-blue > span,no,,,,R04,2026-09-09,,"No es un caracter visible: la regla no aplica. Texto oculto visualmente, de tamano cero o desplazado fuera de pantalla.",sin CMP detectada
106,ecuador,UPS,https://www.ups.edu.ec/,1.4.3,afw4f7,Text has minimum contrast,13,div.portlet-body > div.p01_botones_font_size > a.bg-blue > span,no,,,,R04,2026-09-09,,"No es un caracter visible: la regla no aplica. Texto oculto visualmente, de tamano cero o desplazado fuera de pantalla.",sin CMP detectada
106,ecuador,UPS,https://www.ups.edu.ec/,1.4.3,afw4f7,Text has minimum contrast,14,div.container-fluid > a.bg-blue > svg > style,no,,,,R04,2026-09-09,,"No es un caracter visible: la regla no aplica. Texto oculto visualmente, de tamano cero o desplazado fuera de pantalla.",sin CMP detectada
106,ecuador,UPS,https://www.ups.edu.ec/,1.4.3,afw4f7,Text has minimum contrast,15,div.portlet-body > div.container-fluid > a.bg-blue > span,no,,,,R04,2026-09-09,,"No es un caracter visible: la regla no aplica. Texto oculto visualmente, de tamano cero o desplazado fuera de pantalla.",sin CMP detectada
106,ecuador,UPS,https://www.ups.edu.ec/,1.4.3,afw4f7,Text has minimum contrast,16,div.container-fluid > a.bg-blue > svg > style,no,,,,R04,2026-09-09,,"No es un caracter visible: la regla no aplica. Texto oculto visualmente, de tamano cero o desplazado fuera de pantalla.",sin CMP detectada
106,ecuador,UPS,https://www.ups.edu.ec/,1.4.3,afw4f7,Text has minimum contrast,17,div.portlet-body > div.container-fluid > a.bg-blue > span,no,,,,R04,2026-09-09,,"No es un caracter visible: la regla no aplica. Texto oculto visualmente, de tamano cero o desplazado fuera de pantalla.",sin CMP detectada
106,ecuador,UPS,https://www.ups.edu.ec/,1.4.3,afw4f7,Text has minimum contrast,18,div.container-fluid > a.bg-blue > svg > style,no,,,,R04,2026-09-09,,"No es un caracter visible: la regla no aplica. Texto oculto visualmente, de tamano cero o desplazado fuera de pantalla.",sin CMP detectada
106,ecuador,UPS,https://www.ups.edu.ec/,1.4.3,afw4f7,Text has minimum contrast,19,div.portlet-body > div.container-fluid > a.bg-blue > span,no,,,,R04,2026-09-09,,"No es un caracter visible: la regla no aplica. Texto oculto visualmente, de tamano cero o desplazado fuera de pantalla.",sin CMP detectada
106,ecuador,UPS,https://www.ups.edu.ec/,1.4.3,afw4f7,Text has minimum contrast,20,div.p01_languaje_combo > div.options > a.inline-item > span,no,,,,R04,2026-09-09,,"No es un caracter visible: la regla no aplica. Texto oculto visualmente, de tamano cero o desplazado fuera de pantalla.",sin CMP detectada
106,ecuador,UPS,https://www.ups.edu.ec/,1.4.3,afw4f7,Text has minimum contrast,21,div.container-fluid > nav.nav-ups > a.fa-lg > span.sr-only,no,,,,R04,2026-09-09,,"No es un caracter visible: la regla no aplica. Texto oculto visualmente, de tamano cero o desplazado fuera de pantalla.",sin CMP detectada
106,ecuador,UPS,https://www.ups.edu.ec/,1.4.3,afw4f7,Text has minimum contrast,22,ul.navbar-nav > li.text-center > a.nav-link > span,no,,,,R04,2026-09-09,,"No es un caracter visible: la regla no aplica. Texto oculto visualmente, de tamano cero o desplazado fuera de pantalla.",sin CMP detectada
106,ecuador,UPS,https://www.ups.edu.ec/,1.4.3,afw4f7,Text has minimum contrast,23,div.container > div.col-12 > div.col > span.dropdown-item,no,,,,R04,2026-09-09,,"No es un caracter visible: la regla no aplica. Texto oculto visualmente, de tamano cero o desplazado fuera de pantalla.",sin CMP detectada
106,ecuador,UPS,https://www.ups.edu.ec/,1.4.3,afw4f7,Text has minimum contrast,24,div.container > div.col-12 > div.col > a.dropdown-item,no,,,,R04,2026-09-09,,"No es un caracter visible: la regla no aplica. Texto oculto visualmente, de tamano cero o desplazado fuera de pantalla.",sin CMP detectada
106,ecuador,UPS,https://www.ups.edu.ec/,1.4.3,afw4f7,Text has minimum contrast,25,div.container > div.col-12 > div.col > a.dropdown-item,no,,,,R04,2026-09-09,,"No es un caracter visible: la regla no aplica. Texto oculto visualmente, de tamano cero o desplazado fuera de pantalla.",sin CMP detectada
106,ecuador,UPS,https://www.ups.edu.ec/,1.4.3,afw4f7,Text has minimum contrast,26,div.container > div.col-12 > div.col > a.dropdown-item,no,,,,R04,2026-09-09,,"No es un caracter visible: la regla no aplica. Texto oculto visualmente, de tamano cero o desplazado fuera de pantalla.",sin CMP detectada
106,ecuador,UPS,https://www.ups.edu.ec/,1.4.3,afw4f7,Text has minimum contrast,27,div.container > div.col-12 > div.col > a.dropdown-item,no,,,,R04,2026-09-09,,"No es un caracter visible: la regla no aplica. Texto oculto visualmente, de tamano cero o desplazado fuera de pantalla.",sin CMP detectada
106,ecuador,UPS,https://www.ups.edu.ec/,1.4.3,afw4f7,Text has minimum contrast,28,div.container > div.col-12 > div.col > a.dropdown-item,no,,,,R04,2026-09-09,,"No es un caracter visible: la regla no aplica. Texto oculto visualmente, de tamano cero o desplazado fuera de pantalla.",sin CMP detectada
106,ecuador,UPS,https://www.ups.edu.ec/,1.4.3,afw4f7,Text has minimum contrast,29,div.container > div.col-12 > div.col > a.dropdown-item,no,,,,R04,2026-09-09,,"No es un caracter visible: la regla no aplica. Texto oculto visualmente, de tamano cero o desplazado fuera de pantalla.",sin CMP detectada
106,ecuador,UPS,https://www.ups.edu.ec/,1.4.3,afw4f7,Text has minimum contrast,30,div.container > div.col-12 > div.col > span.dropdown-item,no,,,,R04,2026-09-09,,"No es un caracter visible: la regla no aplica. Texto oculto visualmente, de tamano cero o desplazado fuera de pantalla.",sin CMP detectada
106,ecuador,UPS,https://www.ups.edu.ec/,1.4.3,afw4f7,Text has minimum contrast,31,div.container > div.col-12 > div.col > a.dropdown-item,no,,,,R04,2026-09-09,,"No es un caracter visible: la regla no aplica. Texto oculto visualmente, de tamano cero o desplazado fuera de pantalla.",sin CMP detectada
106,ecuador,UPS,https://www.ups.edu.ec/,1.4.3,afw4f7,Text has minimum contrast,32,div.container > div.col-12 > div.col > a.dropdown-item,no,,,,R04,2026-09-09,,"No es un caracter visible: la regla no aplica. Texto oculto visualmente, de tamano cero o desplazado fuera de pantalla.",sin CMP detectada
106,ecuador,UPS,https://www.ups.edu.ec/,1.4.3,afw4f7,Text has minimum contrast,33,div.container > div.col-12 > div.col > a.dropdown-item,no,,,,R04,2026-09-09,,"No es un caracter visible: la regla no aplica. Texto oculto visualmente, de tamano cero o desplazado fuera de pantalla.",sin CMP detectada
106,ecuador,UPS,https://www.ups.edu.ec/,1.4.3,afw4f7,Text has minimum contrast,34,div.container > div.col-12 > div.col > a.dropdown-item,no,,,,R04,2026-09-09,,"No es un caracter visible: la regla no aplica. Texto oculto visualmente, de tamano cero o desplazado fuera de pantalla.",sin CMP detectada
106,ecuador,UPS,https://www.ups.edu.ec/,1.4.3,afw4f7,Text has minimum contrast,35,div.container > div.col-12 > div.col > a.dropdown-item,no,,,,R04,2026-09-09,,"No es un caracter visible: la regla no aplica. Texto oculto visualmente, de tamano cero o desplazado fuera de pantalla.",sin CMP detectada
106,ecuador,UPS,https://www.ups.edu.ec/,1.4.3,afw4f7,Text has minimum contrast,36,div.container > div.col-12 > div.col > a.dropdown-item,no,,,,R04,2026-09-09,,"No es un caracter visible: la regla no aplica. Texto oculto visualmente, de tamano cero o desplazado fuera de pantalla.",sin CMP detectada
106,ecuador,UPS,https://www.ups.edu.ec/,1.4.3,afw4f7,Text has minimum contrast,37,div.container > div.col-12 > div.col > span.dropdown-item,no,,,,R04,2026-09-09,,"No es un caracter visible: la regla no aplica. Texto oculto visualmente, de tamano cero o desplazado fuera de pantalla.",sin CMP detectada
106,ecuador,UPS,https://www.ups.edu.ec/,1.4.3,afw4f7,Text has minimum contrast,38,div.container > div.col-12 > div.col > a.dropdown-item,no,,,,R04,2026-09-09,,"No es un caracter visible: la regla no aplica. Texto oculto visualmente, de tamano cero o desplazado fuera de pantalla.",sin CMP detectada
106,ecuador,UPS,https://www.ups.edu.ec/,1.4.3,afw4f7,Text has minimum contrast,39,div.container > div.col-12 > div.col > a.dropdown-item,no,,,,R04,2026-09-09,,"No es un caracter visible: la regla no aplica. Texto oculto visualmente, de tamano cero o desplazado fuera de pantalla.",sin CMP detectada
106,ecuador,UPS,https://www.ups.edu.ec/,1.4.3,afw4f7,Text has minimum contrast,40,div.container > div.col-12 > div.col > a.dropdown-item,no,,,,R04,2026-09-09,,"No es un caracter visible: la regla no aplica. Texto oculto visualmente, de tamano cero o desplazado fuera de pantalla.",sin CMP detectada
106,ecuador,UPS,https://www.ups.edu.ec/,1.4.3,afw4f7,Text has minimum contrast,41,ul.navbar-nav > li.text-center > a.nav-link > span,no,,,,R04,2026-09-09,,"No es un caracter visible: la regla no aplica. Texto oculto visualmente, de tamano cero o desplazado fuera de pantalla.",sin CMP detectada
106,ecuador,UPS,https://www.ups.edu.ec/,1.4.3,afw4f7,Text has minimum contrast,42,div.container > div.col-12 > div.col > span.dropdown-item,no,,,,R04,2026-09-09,,"No es un caracter visible: la regla no aplica. Texto oculto visualmente, de tamano cero o desplazado fuera de pantalla.",sin CMP detectada
106,ecuador,UPS,https://www.ups.edu.ec/,1.4.3,afw4f7,Text has minimum contrast,43,div.container > div.col-12 > div.col > a.dropdown-item,no,,,,R04,2026-09-09,,"No es un caracter visible: la regla no aplica. Texto oculto visualmente, de tamano cero o desplazado fuera de pantalla.",sin CMP detectada
106,ecuador,UPS,https://www.ups.edu.ec/,1.4.3,afw4f7,Text has minimum contrast,44,div.container > div.col-12 > div.col > a.dropdown-item,no,,,,R04,2026-09-09,,"No es un caracter visible: la regla no aplica. Texto oculto visualmente, de tamano cero o desplazado fuera de pantalla.",sin CMP detectada
106,ecuador,UPS,https://www.ups.edu.ec/,1.4.3,afw4f7,Text has minimum contrast,45,div.container > div.col-12 > div.col > a.dropdown-item,no,,,,R04,2026-09-09,,"No es un caracter visible: la regla no aplica. Texto oculto visualmente, de tamano cero o desplazado fuera de pantalla.",sin CMP detectada
106,ecuador,UPS,https://www.ups.edu.ec/,1.4.3,afw4f7,Text has minimum contrast,46,div.container > div.col-12 > div.col > a.dropdown-item,no,,,,R04,2026-09-09,,"No es un caracter visible: la regla no aplica. Texto oculto visualmente, de tamano cero o desplazado fuera de pantalla.",sin CMP detectada
106,ecuador,UPS,https://www.ups.edu.ec/,1.4.3,afw4f7,Text has minimum contrast,47,div.container > div.col-12 > div.col > a.dropdown-item,no,,,,R04,2026-09-09,,"No es un caracter visible: la regla no aplica. Texto oculto visualmente, de tamano cero o desplazado fuera de pantalla.",sin CMP detectada
106,ecuador,UPS,https://www.ups.edu.ec/,1.4.3,afw4f7,Text has minimum contrast,48,div.container > div.col-12 > div.col > a.dropdown-item,no,,,,R04,2026-09-09,,"No es un caracter visible: la regla no aplica. Texto oculto visualmente, de tamano cero o desplazado fuera de pantalla.",sin CMP detectada
106,ecuador,UPS,https://www.ups.edu.ec/,1.4.3,afw4f7,Text has minimum contrast,49,div.container > div.col-12 > div.col > a.dropdown-item,no,,,,R04,2026-09-09,,"No es un caracter visible: la regla no aplica. Texto oculto visualmente, de tamano cero o desplazado fuera de pantalla.",sin CMP detectada
106,ecuador,UPS,https://www.ups.edu.ec/,1.4.3,afw4f7,Text has minimum contrast,50,div.container > div.col-12 > div.col > a.dropdown-item,no,,,,R04,2026-09-09,,"No es un caracter visible: la regla no aplica. Texto oculto visualmente, de tamano cero o desplazado fuera de pantalla.",sin CMP detectada
106,ecuador,UPS,https://www.ups.edu.ec/,1.4.3,afw4f7,Text has minimum contrast,51,div.container > div.col-12 > div.col > a.dropdown-item,no,,,,R04,2026-09-09,,"No es un caracter visible: la regla no aplica. Texto oculto visualmente, de tamano cero o desplazado fuera de pantalla.",sin CMP detectada
106,ecuador,UPS,https://www.ups.edu.ec/,1.4.3,afw4f7,Text has minimum contrast,52,div.container > div.col-12 > div.col > a.dropdown-item,no,,,,R04,2026-09-09,,"No es un caracter visible: la regla no aplica. Texto oculto visualmente, de tamano cero o desplazado fuera de pantalla.",sin CMP detectada
106,ecuador,UPS,https://www.ups.edu.ec/,1.4.3,afw4f7,Text has minimum contrast,53,div.container > div.col-12 > div.col > a.dropdown-item,no,,,,R04,2026-09-09,,"No es un caracter visible: la regla no aplica. Texto oculto visualmente, de tamano cero o desplazado fuera de pantalla.",sin CMP detectada
106,ecuador,UPS,https://www.ups.edu.ec/,1.4.3,afw4f7,Text has minimum contrast,54,div.container > div.col-12 > div.col > a.dropdown-item,no,,,,R04,2026-09-09,,"No es un caracter visible: la regla no aplica. Texto oculto visualmente, de tamano cero o desplazado fuera de pantalla.",sin CMP detectada
106,ecuador,UPS,https://www.ups.edu.ec/,1.4.3,afw4f7,Text has minimum contrast,55,div.container > div.col-12 > div.col > span.dropdown-item,no,,,,R04,2026-09-09,,"No es un caracter visible: la regla no aplica. Texto oculto visualmente, de tamano cero o desplazado fuera de pantalla.",sin CMP detectada
106,ecuador,UPS,https://www.ups.edu.ec/,1.4.3,afw4f7,Text has minimum contrast,56,div.container > div.col-12 > div.col > a.dropdown-item,no,,,,R04,2026-09-09,,"No es un caracter visible: la regla no aplica. Texto oculto visualmente, de tamano cero o desplazado fuera de pantalla.",sin CMP detectada
106,ecuador,UPS,https://www.ups.edu.ec/,1.4.3,afw4f7,Text has minimum contrast,57,div.container > div.col-12 > div.col > a.dropdown-item,no,,,,R04,2026-09-09,,"No es un caracter visible: la regla no aplica. Texto oculto visualmente, de tamano cero o desplazado fuera de pantalla.",sin CMP detectada
106,ecuador,UPS,https://www.ups.edu.ec/,1.4.3,afw4f7,Text has minimum contrast,58,div.container > div.col-12 > div.col > a.dropdown-item,no,,,,R04,2026-09-09,,"No es un caracter visible: la regla no aplica. Texto oculto visualmente, de tamano cero o desplazado fuera de pantalla.",sin CMP detectada
106,ecuador,UPS,https://www.ups.edu.ec/,1.4.3,afw4f7,Text has minimum contrast,59,div.container > div.col-12 > div.col > a.dropdown-item,no,,,,R04,2026-09-09,,"No es un caracter visible: la regla no aplica. Texto oculto visualmente, de tamano cero o desplazado fuera de pantalla.",sin CMP detectada
106,ecuador,UPS,https://www.ups.edu.ec/,1.4.3,afw4f7,Text has minimum contrast,60,div.container > div.col-12 > div.col > a.dropdown-item,no,,,,R04,2026-09-09,,"No es un caracter visible: la regla no aplica. Texto oculto visualmente, de tamano cero o desplazado fuera de pantalla.",sin CMP detectada
106,ecuador,UPS,https://www.ups.edu.ec/,1.4.3,afw4f7,Text has minimum contrast,61,div.container > div.col-12 > div.col > a.dropdown-item,no,,,,R04,2026-09-09,,"No es un caracter visible: la regla no aplica. Texto oculto visualmente, de tamano cero o desplazado fuera de pantalla.",sin CMP detectada
106,ecuador,UPS,https://www.ups.edu.ec/,1.4.3,afw4f7,Text has minimum contrast,62,div.container > div.col-12 > div.col > a.dropdown-item,no,,,,R04,2026-09-09,,"No es un caracter visible: la regla no aplica. Texto oculto visualmente, de tamano cero o desplazado fuera de pantalla.",sin CMP detectada
106,ecuador,UPS,https://www.ups.edu.ec/,1.4.3,afw4f7,Text has minimum contrast,63,div.container > div.col-12 > div.col > a.dropdown-item,no,,,,R04,2026-09-09,,"No es un caracter visible: la regla no aplica. Texto oculto visualmente, de tamano cero o desplazado fuera de pantalla.",sin CMP detectada
106,ecuador,UPS,https://www.ups.edu.ec/,1.4.3,afw4f7,Text has minimum contrast,64,div.container > div.col-12 > div.col > a.dropdown-item,no,,,,R04,2026-09-09,,"No es un caracter visible: la regla no aplica. Texto oculto visualmente, de tamano cero o desplazado fuera de pantalla.",sin CMP detectada
106,ecuador,UPS,https://www.ups.edu.ec/,1.4.3,afw4f7,Text has minimum contrast,65,div.container > div.col-12 > div.col > a.dropdown-item,no,,,,R04,2026-09-09,,"No es un caracter visible: la regla no aplica. Texto oculto visualmente, de tamano cero o desplazado fuera de pantalla.",sin CMP detectada
106,ecuador,UPS,https://www.ups.edu.ec/,1.4.3,afw4f7,Text has minimum contrast,66,ul.navbar-nav > li.text-center > a.nav-link > span,no,,,,R04,2026-09-09,,"No es un caracter visible: la regla no aplica. Texto oculto visualmente, de tamano cero o desplazado fuera de pantalla.",sin CMP detectada
106,ecuador,UPS,https://www.ups.edu.ec/,1.4.3,afw4f7,Text has minimum contrast,67,div.dropdown-menu > div.container > div.col-12 > a.dropdown-item,no,,,,R04,2026-09-09,,"No es un caracter visible: la regla no aplica. Texto oculto visualmente, de tamano cero o desplazado fuera de pantalla.",sin CMP detectada
106,ecuador,UPS,https://www.ups.edu.ec/,1.4.3,afw4f7,Text has minimum contrast,68,div.dropdown-menu > div.container > div.col-12 > a.dropdown-item,no,,,,R04,2026-09-09,,"No es un caracter visible: la regla no aplica. Texto oculto visualmente, de tamano cero o desplazado fuera de pantalla.",sin CMP detectada
106,ecuador,UPS,https://www.ups.edu.ec/,1.4.3,afw4f7,Text has minimum contrast,69,div.dropdown-menu > div.container > div.col-12 > a.dropdown-item,no,,,,R04,2026-09-09,,"No es un caracter visible: la regla no aplica. Texto oculto visualmente, de tamano cero o desplazado fuera de pantalla.",sin CMP detectada
106,ecuador,UPS,https://www.ups.edu.ec/,1.4.3,afw4f7,Text has minimum contrast,70,div.dropdown-menu > div.container > div.col-12 > a.dropdown-item,no,,,,R04,2026-09-09,,"No es un caracter visible: la regla no aplica. Texto oculto visualmente, de tamano cero o desplazado fuera de pantalla.",sin CMP detectada
106,ecuador,UPS,https://www.ups.edu.ec/,1.4.3,afw4f7,Text has minimum contrast,71,div.dropdown-menu > div.container > div.col-12 > a.dropdown-item,no,,,,R04,2026-09-09,,"No es un caracter visible: la regla no aplica. Texto oculto visualmente, de tamano cero o desplazado fuera de pantalla.",sin CMP detectada
106,ecuador,UPS,https://www.ups.edu.ec/,1.4.3,afw4f7,Text has minimum contrast,72,div.dropdown-menu > div.container > div.col-12 > a.dropdown-item,no,,,,R04,2026-09-09,,"No es un caracter visible: la regla no aplica. Texto oculto visualmente, de tamano cero o desplazado fuera de pantalla.",sin CMP detectada
106,ecuador,UPS,https://www.ups.edu.ec/,1.4.3,afw4f7,Text has minimum contrast,73,div.dropdown-menu > div.container > div.col-12 > a.dropdown-item,no,,,,R04,2026-09-09,,"No es un caracter visible: la regla no aplica. Texto oculto visualmente, de tamano cero o desplazado fuera de pantalla.",sin CMP detectada
106,ecuador,UPS,https://www.ups.edu.ec/,1.4.3,afw4f7,Text has minimum contrast,74,div.dropdown-menu > div.container > div.col-12 > a.dropdown-item,no,,,,R04,2026-09-09,,"No es un caracter visible: la regla no aplica. Texto oculto visualmente, de tamano cero o desplazado fuera de pantalla.",sin CMP detectada
106,ecuador,UPS,https://www.ups.edu.ec/,1.4.3,afw4f7,Text has minimum contrast,75,div.dropdown-menu > div.container > div.col-12 > a.dropdown-item,no,,,,R04,2026-09-09,,"No es un caracter visible: la regla no aplica. Texto oculto visualmente, de tamano cero o desplazado fuera de pantalla.",sin CMP detectada
106,ecuador,UPS,https://www.ups.edu.ec/,1.4.3,afw4f7,Text has minimum contrast,76,div.dropdown-menu > div.container > div.col-12 > a.dropdown-item,no,,,,R04,2026-09-09,,"No es un caracter visible: la regla no aplica. Texto oculto visualmente, de tamano cero o desplazado fuera de pantalla.",sin CMP detectada
106,ecuador,UPS,https://www.ups.edu.ec/,1.4.3,afw4f7,Text has minimum contrast,77,ul.navbar-nav > li.text-center > a.nav-link > span,no,,,,R04,2026-09-09,,"No es un caracter visible: la regla no aplica. Texto oculto visualmente, de tamano cero o desplazado fuera de pantalla.",sin CMP detectada
106,ecuador,UPS,https://www.ups.edu.ec/,1.4.3,afw4f7,Text has minimum contrast,78,div.dropdown-menu > div.container > div.col-12 > a.dropdown-item,no,,,,R04,2026-09-09,,"No es un caracter visible: la regla no aplica. Texto oculto visualmente, de tamano cero o desplazado fuera de pantalla.",sin CMP detectada
106,ecuador,UPS,https://www.ups.edu.ec/,1.4.3,afw4f7,Text has minimum contrast,79,div.dropdown-menu > div.container > div.col-12 > a.dropdown-item,no,,,,R04,2026-09-09,,"No es un caracter visible: la regla no aplica. Texto oculto visualmente, de tamano cero o desplazado fuera de pantalla.",sin CMP detectada
106,ecuador,UPS,https://www.ups.edu.ec/,1.4.3,afw4f7,Text has minimum contrast,80,div.dropdown-menu > div.container > div.col-12 > a.dropdown-item,no,,,,R04,2026-09-09,,"No es un caracter visible: la regla no aplica. Texto oculto visualmente, de tamano cero o desplazado fuera de pantalla.",sin CMP detectada
106,ecuador,UPS,https://www.ups.edu.ec/,1.4.3,afw4f7,Text has minimum contrast,81,div.dropdown-menu > div.container > div.col-12 > a.dropdown-item,no,,,,R04,2026-09-09,,"No es un caracter visible: la regla no aplica. Texto oculto visualmente, de tamano cero o desplazado fuera de pantalla.",sin CMP detectada
106,ecuador,UPS,https://www.ups.edu.ec/,1.4.3,afw4f7,Text has minimum contrast,82,div.dropdown-menu > div.container > div.col-12 > a.dropdown-item,no,,,,R04,2026-09-09,,"No es un caracter visible: la regla no aplica. Texto oculto visualmente, de tamano cero o desplazado fuera de pantalla.",sin CMP detectada
106,ecuador,UPS,https://www.ups.edu.ec/,1.4.3,afw4f7,Text has minimum contrast,83,div.dropdown-menu > div.container > div.col-12 > a.dropdown-item,no,,,,R04,2026-09-09,,"No es un caracter visible: la regla no aplica. Texto oculto visualmente, de tamano cero o desplazado fuera de pantalla.",sin CMP detectada
106,ecuador,UPS,https://www.ups.edu.ec/,1.4.3,afw4f7,Text has minimum contrast,84,div.dropdown-menu > div.container > div.col-12 > a.dropdown-item,no,,,,R04,2026-09-09,,"No es un caracter visible: la regla no aplica. Texto oculto visualmente, de tamano cero o desplazado fuera de pantalla.",sin CMP detectada
106,ecuador,UPS,https://www.ups.edu.ec/,1.4.3,afw4f7,Text has minimum contrast,85,ul.navbar-nav > span.menu-secondary-options > li.col > a.nav-link,no,,,,R04,2026-09-09,,"No es un caracter visible: la regla no aplica. Texto oculto visualmente, de tamano cero o desplazado fuera de pantalla.",sin CMP detectada
106,ecuador,UPS,https://www.ups.edu.ec/,1.4.3,afw4f7,Text has minimum contrast,86,span.menu-secondary-options > li.text-center > a.nav-link > span,no,,,,R04,2026-09-09,,"No es un caracter visible: la regla no aplica. Texto oculto visualmente, de tamano cero o desplazado fuera de pantalla.",sin CMP detectada
106,ecuador,UPS,https://www.ups.edu.ec/,1.4.3,afw4f7,Text has minimum contrast,87,div.dropdown-menu > div.container > div.col-12 > a.dropdown-item,no,,,,R04,2026-09-09,,"No es un caracter visible: la regla no aplica. Texto oculto visualmente, de tamano cero o desplazado fuera de pantalla.",sin CMP detectada
106,ecuador,UPS,https://www.ups.edu.ec/,1.4.3,afw4f7,Text has minimum contrast,88,div.dropdown-menu > div.container > div.col-12 > a.dropdown-item,no,,,,R04,2026-09-09,,"No es un caracter visible: la regla no aplica. Texto oculto visualmente, de tamano cero o desplazado fuera de pantalla.",sin CMP detectada
106,ecuador,UPS,https://www.ups.edu.ec/,1.4.3,afw4f7,Text has minimum contrast,89,div.dropdown-menu > div.container > div.col-12 > a.dropdown-item,no,,,,R04,2026-09-09,,"No es un caracter visible: la regla no aplica. Texto oculto visualmente, de tamano cero o desplazado fuera de pantalla.",sin CMP detectada
106,ecuador,UPS,https://www.ups.edu.ec/,1.4.3,afw4f7,Text has minimum contrast,90,div.dropdown-menu > div.container > div.col-12 > a.dropdown-item,no,,,,R04,2026-09-09,,"No es un caracter visible: la regla no aplica. Texto oculto visualmente, de tamano cero o desplazado fuera de pantalla.",sin CMP detectada
106,ecuador,UPS,https://www.ups.edu.ec/,1.4.3,afw4f7,Text has minimum contrast,91,div.dropdown-menu > div.container > div.col-12 > a.dropdown-item,no,,,,R04,2026-09-09,,"No es un caracter visible: la regla no aplica. Texto oculto visualmente, de tamano cero o desplazado fuera de pantalla.",sin CMP detectada
106,ecuador,UPS,https://www.ups.edu.ec/,1.4.3,afw4f7,Text has minimum contrast,92,div.dropdown-menu > div.container > div.col-12 > a.dropdown-item,no,,,,R04,2026-09-09,,"No es un caracter visible: la regla no aplica. Texto oculto visualmente, de tamano cero o desplazado fuera de pantalla.",sin CMP detectada
106,ecuador,UPS,https://www.ups.edu.ec/,1.4.3,afw4f7,Text has minimum contrast,93,div.dropdown-menu > div.container > div.col-12 > a.dropdown-item,no,,,,R04,2026-09-09,,"No es un caracter visible: la regla no aplica. Texto oculto visualmente, de tamano cero o desplazado fuera de pantalla.",sin CMP detectada
106,ecuador,UPS,https://www.ups.edu.ec/,1.4.3,afw4f7,Text has minimum contrast,94,div.dropdown-menu > div.container > div.col-12 > a.dropdown-item,no,,,,R04,2026-09-09,,"No es un caracter visible: la regla no aplica. Texto oculto visualmente, de tamano cero o desplazado fuera de pantalla.",sin CMP detectada
106,ecuador,UPS,https://www.ups.edu.ec/,1.4.3,afw4f7,Text has minimum contrast,95,div.dropdown-menu > div.container > div.col-12 > a.dropdown-item,no,,,,R04,2026-09-09,,"No es un caracter visible: la regla no aplica. Texto oculto visualmente, de tamano cero o desplazado fuera de pantalla.",sin CMP detectada
106,ecuador,UPS,https://www.ups.edu.ec/,1.4.3,afw4f7,Text has minimum contrast,96,div.dropdown-menu > div.container > div.col-12 > a.dropdown-item,no,,,,R04,2026-09-09,,"No es un caracter visible: la regla no aplica. Texto oculto visualmente, de tamano cero o desplazado fuera de pantalla.",sin CMP detectada
106,ecuador,UPS,https://www.ups.edu.ec/,1.4.3,afw4f7,Text has minimum contrast,97,div.dropdown-menu > div.container > div.col-12 > a.dropdown-item,no,,,,R04,2026-09-09,,"No es un caracter visible: la regla no aplica. Texto oculto visualmente, de tamano cero o desplazado fuera de pantalla.",sin CMP detectada
106,ecuador,UPS,https://www.ups.edu.ec/,1.4.3,afw4f7,Text has minimum contrast,98,div.dropdown-menu > div.container > div.col-12 > a.dropdown-item,no,,,,R04,2026-09-09,,"No es un caracter visible: la regla no aplica. Texto oculto visualmente, de tamano cero o desplazado fuera de pantalla.",sin CMP detectada
106,ecuador,UPS,https://www.ups.edu.ec/,1.4.3,afw4f7,Text has minimum contrast,99,div.dropdown-menu > div.container > div.col-12 > a.dropdown-item,no,,,,R04,2026-09-09,,"No es un caracter visible: la regla no aplica. Texto oculto visualmente, de tamano cero o desplazado fuera de pantalla.",sin CMP detectada
106,ecuador,UPS,https://www.ups.edu.ec/,1.4.3,afw4f7,Text has minimum contrast,100,div.dropdown-menu > div.container > div.col-12 > a.dropdown-item,no,,,,R04,2026-09-09,,"No es un caracter visible: la regla no aplica. Texto oculto visualmente, de tamano cero o desplazado fuera de pantalla.",sin CMP detectada
106,ecuador,UPS,https://www.ups.edu.ec/,1.4.3,afw4f7,Text has minimum contrast,101,div.dropdown-menu > div.container > div.col-12 > a.dropdown-item,no,,,,R04,2026-09-09,,"No es un caracter visible: la regla no aplica. Texto oculto visualmente, de tamano cero o desplazado fuera de pantalla.",sin CMP detectada
106,ecuador,UPS,https://www.ups.edu.ec/,1.4.3,afw4f7,Text has minimum contrast,102,div.dropdown-menu > div.container > div.col-12 > a.dropdown-item,no,,,,R04,2026-09-09,,"No es un caracter visible: la regla no aplica. Texto oculto visualmente, de tamano cero o desplazado fuera de pantalla.",sin CMP detectada
106,ecuador,UPS,https://www.ups.edu.ec/,1.4.3,afw4f7,Text has minimum contrast,103,div.dropdown-menu > div.container > div.col-12 > a.dropdown-item,no,,,,R04,2026-09-09,,"No es un caracter visible: la regla no aplica. Texto oculto visualmente, de tamano cero o desplazado fuera de pantalla.",sin CMP detectada
106,ecuador,UPS,https://www.ups.edu.ec/,1.4.3,afw4f7,Text has minimum contrast,104,div.dropdown-menu > div.container > div.col-12 > a.dropdown-item,no,,,,R04,2026-09-09,,"No es un caracter visible: la regla no aplica. Texto oculto visualmente, de tamano cero o desplazado fuera de pantalla.",sin CMP detectada
106,ecuador,UPS,https://www.ups.edu.ec/,1.4.3,afw4f7,Text has minimum contrast,105,span.menu-secondary-options > li.text-center > a.nav-link > span,no,,,,R04,2026-09-09,,"No es un caracter visible: la regla no aplica. Texto oculto visualmente, de tamano cero o desplazado fuera de pantalla.",sin CMP detectada
106,ecuador,UPS,https://www.ups.edu.ec/,1.4.3,afw4f7,Text has minimum contrast,106,div.dropdown-menu > div.container > div.col-12 > a.dropdown-item,no,,,,R04,2026-09-09,,"No es un caracter visible: la regla no aplica. Texto oculto visualmente, de tamano cero o desplazado fuera de pantalla.",sin CMP detectada
106,ecuador,UPS,https://www.ups.edu.ec/,1.4.3,afw4f7,Text has minimum contrast,107,div.dropdown-menu > div.container > div.col-12 > a.dropdown-item,no,,,,R04,2026-09-09,,"No es un caracter visible: la regla no aplica. Texto oculto visualmente, de tamano cero o desplazado fuera de pantalla.",sin CMP detectada
106,ecuador,UPS,https://www.ups.edu.ec/,1.4.3,afw4f7,Text has minimum contrast,108,div.dropdown-menu > div.container > div.col-12 > a.dropdown-item,no,,,,R04,2026-09-09,,"No es un caracter visible: la regla no aplica. Texto oculto visualmente, de tamano cero o desplazado fuera de pantalla.",sin CMP detectada
106,ecuador,UPS,https://www.ups.edu.ec/,1.4.3,afw4f7,Text has minimum contrast,109,div.dropdown-menu > div.container > div.col-12 > a.dropdown-item,no,,,,R04,2026-09-09,,"No es un caracter visible: la regla no aplica. Texto oculto visualmente, de tamano cero o desplazado fuera de pantalla.",sin CMP detectada
106,ecuador,UPS,https://www.ups.edu.ec/,1.4.3,afw4f7,Text has minimum contrast,110,span.menu-secondary-options > li.text-center > a.nav-link > span,no,,,,R04,2026-09-09,,"No es un caracter visible: la regla no aplica. Texto oculto visualmente, de tamano cero o desplazado fuera de pantalla.",sin CMP detectada
106,ecuador,UPS,https://www.ups.edu.ec/,1.4.3,afw4f7,Text has minimum contrast,111,div.dropdown-menu > div.container > div.col-12 > a.dropdown-item,no,,,,R04,2026-09-09,,"No es un caracter visible: la regla no aplica. Texto oculto visualmente, de tamano cero o desplazado fuera de pantalla.",sin CMP detectada
106,ecuador,UPS,https://www.ups.edu.ec/,1.4.3,afw4f7,Text has minimum contrast,112,div.dropdown-menu > div.container > div.col-12 > a.dropdown-item,no,,,,R04,2026-09-09,,"No es un caracter visible: la regla no aplica. Texto oculto visualmente, de tamano cero o desplazado fuera de pantalla.",sin CMP detectada
106,ecuador,UPS,https://www.ups.edu.ec/,1.4.3,afw4f7,Text has minimum contrast,113,div.dropdown-menu > div.container > div.col-12 > a.dropdown-item,no,,,,R04,2026-09-09,,"No es un caracter visible: la regla no aplica. Texto oculto visualmente, de tamano cero o desplazado fuera de pantalla.",sin CMP detectada
106,ecuador,UPS,https://www.ups.edu.ec/,1.4.3,afw4f7,Text has minimum contrast,114,div.dropdown-menu > div.container > div.col-12 > a.dropdown-item,no,,,,R04,2026-09-09,,"No es un caracter visible: la regla no aplica. Texto oculto visualmente, de tamano cero o desplazado fuera de pantalla.",sin CMP detectada
106,ecuador,UPS,https://www.ups.edu.ec/,1.4.3,afw4f7,Text has minimum contrast,115,div.dropdown-menu > div.container > div.col-12 > a.dropdown-item,no,,,,R04,2026-09-09,,"No es un caracter visible: la regla no aplica. Texto oculto visualmente, de tamano cero o desplazado fuera de pantalla.",sin CMP detectada
106,ecuador,UPS,https://www.ups.edu.ec/,1.4.3,afw4f7,Text has minimum contrast,116,span.menu-secondary-options > li.text-center > a.nav-link > span,no,,,,R04,2026-09-09,,"No es un caracter visible: la regla no aplica. Texto oculto visualmente, de tamano cero o desplazado fuera de pantalla.",sin CMP detectada
106,ecuador,UPS,https://www.ups.edu.ec/,1.4.3,afw4f7,Text has minimum contrast,117,div.dropdown-menu > div.container > div.col-12 > a.dropdown-item,no,,,,R04,2026-09-09,,"No es un caracter visible: la regla no aplica. Texto oculto visualmente, de tamano cero o desplazado fuera de pantalla.",sin CMP detectada
106,ecuador,UPS,https://www.ups.edu.ec/,1.4.3,afw4f7,Text has minimum contrast,118,div.dropdown-menu > div.container > div.col-12 > a.dropdown-item,no,,,,R04,2026-09-09,,"No es un caracter visible: la regla no aplica. Texto oculto visualmente, de tamano cero o desplazado fuera de pantalla.",sin CMP detectada
106,ecuador,UPS,https://www.ups.edu.ec/,1.4.3,afw4f7,Text has minimum contrast,119,div.dropdown-menu > div.container > div.col-12 > a.dropdown-item,no,,,,R04,2026-09-09,,"No es un caracter visible: la regla no aplica. Texto oculto visualmente, de tamano cero o desplazado fuera de pantalla.",sin CMP detectada
106,ecuador,UPS,https://www.ups.edu.ec/,1.4.3,afw4f7,Text has minimum contrast,120,div.dropdown-menu > div.container > div.col-12 > a.dropdown-item,no,,,,R04,2026-09-09,,"No es un caracter visible: la regla no aplica. Texto oculto visualmente, de tamano cero o desplazado fuera de pantalla.",sin CMP detectada
106,ecuador,UPS,https://www.ups.edu.ec/,1.4.3,afw4f7,Text has minimum contrast,121,div.dropdown-menu > div.container > div.col-12 > a.dropdown-item,no,,,,R04,2026-09-09,,"No es un caracter visible: la regla no aplica. Texto oculto visualmente, de tamano cero o desplazado fuera de pantalla.",sin CMP detectada
106,ecuador,UPS,https://www.ups.edu.ec/,1.4.3,afw4f7,Text has minimum contrast,122,div.dropdown-menu > div.container > div.col-12 > a.dropdown-item,no,,,,R04,2026-09-09,,"No es un caracter visible: la regla no aplica. Texto oculto visualmente, de tamano cero o desplazado fuera de pantalla.",sin CMP detectada
106,ecuador,UPS,https://www.ups.edu.ec/,1.4.3,afw4f7,Text has minimum contrast,123,ul.navbar-nav > span.menu-secondary-options > li.col > a.nav-link,no,,,,R04,2026-09-09,,"No es un caracter visible: la regla no aplica. Texto oculto visualmente, de tamano cero o desplazado fuera de pantalla.",sin CMP detectada
106,ecuador,UPS,https://www.ups.edu.ec/,1.4.3,afw4f7,Text has minimum contrast,124,div.col > a.px-3 > svg > style,no,,,,R04,2026-09-09,,"No es un caracter visible: la regla no aplica. Texto oculto visualmente, de tamano cero o desplazado fuera de pantalla.",sin CMP detectada
106,ecuador,UPS,https://www.ups.edu.ec/,1.4.3,afw4f7,Text has minimum contrast,125,div.portlet-util > div.col > a.px-3 > span,no,,,,R04,2026-09-09,,"No es un caracter visible: la regla no aplica. Texto oculto visualmente, de tamano cero o desplazado fuera de pantalla.",sin CMP detectada
106,ecuador,UPS,https://www.ups.edu.ec/,1.4.3,afw4f7,Text has minimum contrast,126,div.col > a.px-3 > svg > style,no,,,,R04,2026-09-09,,"No es un caracter visible: la regla no aplica. Texto oculto visualmente, de tamano cero o desplazado fuera de pantalla.",sin CMP detectada
106,ecuador,UPS,https://www.ups.edu.ec/,1.4.3,afw4f7,Text has minimum contrast,127,div.portlet-util > div.col > a.px-3 > span,no,,,,R04,2026-09-09,,"No es un caracter visible: la regla no aplica. Texto oculto visualmente, de tamano cero o desplazado fuera de pantalla.",sin CMP detectada
106,ecuador,UPS,https://www.ups.edu.ec/,1.4.3,afw4f7,Text has minimum contrast,128,div.col > a.px-3 > svg > style,no,,,,R04,2026-09-09,,"No es un caracter visible: la regla no aplica. Texto oculto visualmente, de tamano cero o desplazado fuera de pantalla.",sin CMP detectada
106,ecuador,UPS,https://www.ups.edu.ec/,1.4.3,afw4f7,Text has minimum contrast,129,div.portlet-util > div.col > a.px-3 > span,no,,,,R04,2026-09-09,,"No es un caracter visible: la regla no aplica. Texto oculto visualmente, de tamano cero o desplazado fuera de pantalla.",sin CMP detectada
106,ecuador,UPS,https://www.ups.edu.ec/,1.4.3,afw4f7,Text has minimum contrast,130,a.bg-blue > svg > defs > style,no,,,,R04,2026-09-09,,"No es un caracter visible: la regla no aplica. Texto oculto visualmente, de tamano cero o desplazado fuera de pantalla.",sin CMP detectada
106,ecuador,UPS,https://www.ups.edu.ec/,1.4.3,afw4f7,Text has minimum contrast,131,div.p01_boton_dark_mode > a.bg-blue > svg > title,no,,,,R04,2026-09-09,,"No es un caracter visible: la regla no aplica. Texto oculto visualmente, de tamano cero o desplazado fuera de pantalla.",sin CMP detectada
106,ecuador,UPS,https://www.ups.edu.ec/,1.4.3,afw4f7,Text has minimum contrast,132,div.portlet-body > div.p01_boton_dark_mode > a.bg-blue > span,no,,,,R04,2026-09-09,,"No es un caracter visible: la regla no aplica. Texto oculto visualmente, de tamano cero o desplazado fuera de pantalla.",sin CMP detectada
106,ecuador,UPS,https://www.ups.edu.ec/,1.4.3,afw4f7,Text has minimum contrast,133,a.bg-blue > svg > defs > style,no,,,,R04,2026-09-09,,"No es un caracter visible: la regla no aplica. Texto oculto visualmente, de tamano cero o desplazado fuera de pantalla.",sin CMP detectada
106,ecuador,UPS,https://www.ups.edu.ec/,1.4.3,afw4f7,Text has minimum contrast,134,div.p01_boton_dark_mode > a.bg-blue > svg > title,no,,,,R04,2026-09-09,,"No es un caracter visible: la regla no aplica. Texto oculto visualmente, de tamano cero o desplazado fuera de pantalla.",sin CMP detectada
106,ecuador,UPS,https://www.ups.edu.ec/,1.4.3,afw4f7,Text has minimum contrast,135,div.portlet-body > div.p01_boton_dark_mode > a.bg-blue > span,no,,,,R04,2026-09-09,,"No es un caracter visible: la regla no aplica. Texto oculto visualmente, de tamano cero o desplazado fuera de pantalla.",sin CMP detectada
106,ecuador,UPS,https://www.ups.edu.ec/,1.4.3,afw4f7,Text has minimum contrast,136,div.portlet-body > div.p01_botones_font_size > a.bg-blue > span,no,,,,R04,2026-09-09,,"No es un caracter visible: la regla no aplica. Texto oculto visualmente, de tamano cero o desplazado fuera de pantalla.",sin CMP detectada
106,ecuador,UPS,https://www.ups.edu.ec/,1.4.3,afw4f7,Text has minimum contrast,137,div.portlet-body > div.p01_botones_font_size > a.bg-blue > span,no,,,,R04,2026-09-09,,"No es un caracter visible: la regla no aplica. Texto oculto visualmente, de tamano cero o desplazado fuera de pantalla.",sin CMP detectada
106,ecuador,UPS,https://www.ups.edu.ec/,1.4.3,afw4f7,Text has minimum contrast,138,div.portlet-body > div.p01_botones_font_size > a.bg-blue > span,no,,,,R04,2026-09-09,,"No es un caracter visible: la regla no aplica. Texto oculto visualmente, de tamano cero o desplazado fuera de pantalla.",sin CMP detectada
106,ecuador,UPS,https://www.ups.edu.ec/,1.4.3,afw4f7,Text has minimum contrast,139,div.collapse > ul.navbar-nav > li.col > a.nav-link,no,,,,R04,2026-09-09,,"No es un caracter visible: la regla no aplica. Texto oculto visualmente, de tamano cero o desplazado fuera de pantalla.",sin CMP detectada
106,ecuador,UPS,https://www.ups.edu.ec/,1.4.3,afw4f7,Text has minimum contrast,140,ul.navbar-nav > li.text-center > a.nav-link > span,no,,,,R04,2026-09-09,,"No es un caracter visible: la regla no aplica. Texto oculto visualmente, de tamano cero o desplazado fuera de pantalla.",sin CMP detectada
106,ecuador,UPS,https://www.ups.edu.ec/,1.4.3,afw4f7,Text has minimum contrast,141,div.dropdown-menu > div.container > div.col-12 > a.dropdown-item,no,,,,R04,2026-09-09,,"No es un caracter visible: la regla no aplica. Texto oculto visualmente, de tamano cero o desplazado fuera de pantalla.",sin CMP detectada
106,ecuador,UPS,https://www.ups.edu.ec/,1.4.3,afw4f7,Text has minimum contrast,142,div.dropdown-menu > div.container > div.col-12 > a.dropdown-item,no,,,,R04,2026-09-09,,"No es un caracter visible: la regla no aplica. Texto oculto visualmente, de tamano cero o desplazado fuera de pantalla.",sin CMP detectada
106,ecuador,UPS,https://www.ups.edu.ec/,1.4.3,afw4f7,Text has minimum contrast,143,div.dropdown-menu > div.container > div.col-12 > a.dropdown-item,no,,,,R04,2026-09-09,,"No es un caracter visible: la regla no aplica. Texto oculto visualmente, de tamano cero o desplazado fuera de pantalla.",sin CMP detectada
106,ecuador,UPS,https://www.ups.edu.ec/,1.4.3,afw4f7,Text has minimum contrast,144,div.dropdown-menu > div.container > div.col-12 > a.dropdown-item,no,,,,R04,2026-09-09,,"No es un caracter visible: la regla no aplica. Texto oculto visualmente, de tamano cero o desplazado fuera de pantalla.",sin CMP detectada
106,ecuador,UPS,https://www.ups.edu.ec/,1.4.3,afw4f7,Text has minimum contrast,145,div.dropdown-menu > div.container > div.col-12 > a.dropdown-item,no,,,,R04,2026-09-09,,"No es un caracter visible: la regla no aplica. Texto oculto visualmente, de tamano cero o desplazado fuera de pantalla.",sin CMP detectada
106,ecuador,UPS,https://www.ups.edu.ec/,1.4.3,afw4f7,Text has minimum contrast,146,div.dropdown-menu > div.container > div.col-12 > a.dropdown-item,no,,,,R04,2026-09-09,,"No es un caracter visible: la regla no aplica. Texto oculto visualmente, de tamano cero o desplazado fuera de pantalla.",sin CMP detectada
106,ecuador,UPS,https://www.ups.edu.ec/,1.4.3,afw4f7,Text has minimum contrast,147,div.dropdown-menu > div.container > div.col-12 > a.dropdown-item,no,,,,R04,2026-09-09,,"No es un caracter visible: la regla no aplica. Texto oculto visualmente, de tamano cero o desplazado fuera de pantalla.",sin CMP detectada
106,ecuador,UPS,https://www.ups.edu.ec/,1.4.3,afw4f7,Text has minimum contrast,148,div.dropdown-menu > div.container > div.col-12 > a.dropdown-item,no,,,,R04,2026-09-09,,"No es un caracter visible: la regla no aplica. Texto oculto visualmente, de tamano cero o desplazado fuera de pantalla.",sin CMP detectada
106,ecuador,UPS,https://www.ups.edu.ec/,1.4.3,afw4f7,Text has minimum contrast,149,div.dropdown-menu > div.container > div.col-12 > a.dropdown-item,no,,,,R04,2026-09-09,,"No es un caracter visible: la regla no aplica. Texto oculto visualmente, de tamano cero o desplazado fuera de pantalla.",sin CMP detectada
106,ecuador,UPS,https://www.ups.edu.ec/,1.4.3,afw4f7,Text has minimum contrast,150,div.dropdown-menu > div.container > div.col-12 > a.dropdown-item,no,,,,R04,2026-09-09,,"No es un caracter visible: la regla no aplica. Texto oculto visualmente, de tamano cero o desplazado fuera de pantalla.",sin CMP detectada
106,ecuador,UPS,https://www.ups.edu.ec/,1.4.3,afw4f7,Text has minimum contrast,151,div.dropdown-menu > div.container > div.col-12 > a.dropdown-item,no,,,,R04,2026-09-09,,"No es un caracter visible: la regla no aplica. Texto oculto visualmente, de tamano cero o desplazado fuera de pantalla.",sin CMP detectada
106,ecuador,UPS,https://www.ups.edu.ec/,1.4.3,afw4f7,Text has minimum contrast,152,div.dropdown-menu > div.container > div.col-12 > a.dropdown-item,no,,,,R04,2026-09-09,,"No es un caracter visible: la regla no aplica. Texto oculto visualmente, de tamano cero o desplazado fuera de pantalla.",sin CMP detectada
106,ecuador,UPS,https://www.ups.edu.ec/,1.4.3,afw4f7,Text has minimum contrast,153,div.dropdown-menu > div.container > div.col-12 > a.dropdown-item,no,,,,R04,2026-09-09,,"No es un caracter visible: la regla no aplica. Texto oculto visualmente, de tamano cero o desplazado fuera de pantalla.",sin CMP detectada
106,ecuador,UPS,https://www.ups.edu.ec/,1.4.3,afw4f7,Text has minimum contrast,154,div.dropdown-menu > div.container > div.col-12 > a.dropdown-item,no,,,,R04,2026-09-09,,"No es un caracter visible: la regla no aplica. Texto oculto visualmente, de tamano cero o desplazado fuera de pantalla.",sin CMP detectada
106,ecuador,UPS,https://www.ups.edu.ec/,1.4.3,afw4f7,Text has minimum contrast,155,div.dropdown-menu > div.container > div.col-12 > a.dropdown-item,no,,,,R04,2026-09-09,,"No es un caracter visible: la regla no aplica. Texto oculto visualmente, de tamano cero o desplazado fuera de pantalla.",sin CMP detectada
106,ecuador,UPS,https://www.ups.edu.ec/,1.4.3,afw4f7,Text has minimum contrast,156,div.dropdown-menu > div.container > div.col-12 > a.dropdown-item,no,,,,R04,2026-09-09,,"No es un caracter visible: la regla no aplica. Texto oculto visualmente, de tamano cero o desplazado fuera de pantalla.",sin CMP detectada
106,ecuador,UPS,https://www.ups.edu.ec/,1.4.3,afw4f7,Text has minimum contrast,157,div.dropdown-menu > div.container > div.col-12 > a.dropdown-item,no,,,,R04,2026-09-09,,"No es un caracter visible: la regla no aplica. Texto oculto visualmente, de tamano cero o desplazado fuera de pantalla.",sin CMP detectada
106,ecuador,UPS,https://www.ups.edu.ec/,1.4.3,afw4f7,Text has minimum contrast,158,div.dropdown-menu > div.container > div.col-12 > a.dropdown-item,no,,,,R04,2026-09-09,,"No es un caracter visible: la regla no aplica. Texto oculto visualmente, de tamano cero o desplazado fuera de pantalla.",sin CMP detectada
106,ecuador,UPS,https://www.ups.edu.ec/,1.4.3,afw4f7,Text has minimum contrast,159,ul.navbar-nav > li.text-center > a.nav-link > span,no,,,,R04,2026-09-09,,"No es un caracter visible: la regla no aplica. Texto oculto visualmente, de tamano cero o desplazado fuera de pantalla.",sin CMP detectada
106,ecuador,UPS,https://www.ups.edu.ec/,1.4.3,afw4f7,Text has minimum contrast,160,div.dropdown-menu > div.container > div.col-12 > a.dropdown-item,no,,,,R04,2026-09-09,,"No es un caracter visible: la regla no aplica. Texto oculto visualmente, de tamano cero o desplazado fuera de pantalla.",sin CMP detectada
106,ecuador,UPS,https://www.ups.edu.ec/,1.4.3,afw4f7,Text has minimum contrast,161,div.dropdown-menu > div.container > div.col-12 > a.dropdown-item,no,,,,R04,2026-09-09,,"No es un caracter visible: la regla no aplica. Texto oculto visualmente, de tamano cero o desplazado fuera de pantalla.",sin CMP detectada
106,ecuador,UPS,https://www.ups.edu.ec/,1.4.3,afw4f7,Text has minimum contrast,162,div.dropdown-menu > div.container > div.col-12 > a.dropdown-item,no,,,,R04,2026-09-09,,"No es un caracter visible: la regla no aplica. Texto oculto visualmente, de tamano cero o desplazado fuera de pantalla.",sin CMP detectada
106,ecuador,UPS,https://www.ups.edu.ec/,1.4.3,afw4f7,Text has minimum contrast,163,div.dropdown-menu > div.container > div.col-12 > a.dropdown-item,no,,,,R04,2026-09-09,,"No es un caracter visible: la regla no aplica. Texto oculto visualmente, de tamano cero o desplazado fuera de pantalla.",sin CMP detectada
106,ecuador,UPS,https://www.ups.edu.ec/,1.4.3,afw4f7,Text has minimum contrast,164,ul.navbar-nav > li.text-center > a.nav-link > span,no,,,,R04,2026-09-09,,"No es un caracter visible: la regla no aplica. Texto oculto visualmente, de tamano cero o desplazado fuera de pantalla.",sin CMP detectada
106,ecuador,UPS,https://www.ups.edu.ec/,1.4.3,afw4f7,Text has minimum contrast,165,div.dropdown-menu > div.container > div.col-12 > a.dropdown-item,no,,,,R04,2026-09-09,,"No es un caracter visible: la regla no aplica. Texto oculto visualmente, de tamano cero o desplazado fuera de pantalla.",sin CMP detectada
106,ecuador,UPS,https://www.ups.edu.ec/,1.4.3,afw4f7,Text has minimum contrast,166,div.dropdown-menu > div.container > div.col-12 > a.dropdown-item,no,,,,R04,2026-09-09,,"No es un caracter visible: la regla no aplica. Texto oculto visualmente, de tamano cero o desplazado fuera de pantalla.",sin CMP detectada
106,ecuador,UPS,https://www.ups.edu.ec/,1.4.3,afw4f7,Text has minimum contrast,167,div.dropdown-menu > div.container > div.col-12 > a.dropdown-item,no,,,,R04,2026-09-09,,"No es un caracter visible: la regla no aplica. Texto oculto visualmente, de tamano cero o desplazado fuera de pantalla.",sin CMP detectada
106,ecuador,UPS,https://www.ups.edu.ec/,1.4.3,afw4f7,Text has minimum contrast,168,div.dropdown-menu > div.container > div.col-12 > a.dropdown-item,no,,,,R04,2026-09-09,,"No es un caracter visible: la regla no aplica. Texto oculto visualmente, de tamano cero o desplazado fuera de pantalla.",sin CMP detectada
106,ecuador,UPS,https://www.ups.edu.ec/,1.4.3,afw4f7,Text has minimum contrast,169,div.dropdown-menu > div.container > div.col-12 > a.dropdown-item,no,,,,R04,2026-09-09,,"No es un caracter visible: la regla no aplica. Texto oculto visualmente, de tamano cero o desplazado fuera de pantalla.",sin CMP detectada
106,ecuador,UPS,https://www.ups.edu.ec/,1.4.3,afw4f7,Text has minimum contrast,170,ul.navbar-nav > li.text-center > a.nav-link > span,no,,,,R04,2026-09-09,,"No es un caracter visible: la regla no aplica. Texto oculto visualmente, de tamano cero o desplazado fuera de pantalla.",sin CMP detectada
106,ecuador,UPS,https://www.ups.edu.ec/,1.4.3,afw4f7,Text has minimum contrast,171,div.dropdown-menu > div.container > div.col-12 > a.dropdown-item,no,,,,R04,2026-09-09,,"No es un caracter visible: la regla no aplica. Texto oculto visualmente, de tamano cero o desplazado fuera de pantalla.",sin CMP detectada
106,ecuador,UPS,https://www.ups.edu.ec/,1.4.3,afw4f7,Text has minimum contrast,172,div.dropdown-menu > div.container > div.col-12 > a.dropdown-item,no,,,,R04,2026-09-09,,"No es un caracter visible: la regla no aplica. Texto oculto visualmente, de tamano cero o desplazado fuera de pantalla.",sin CMP detectada
106,ecuador,UPS,https://www.ups.edu.ec/,1.4.3,afw4f7,Text has minimum contrast,173,div.dropdown-menu > div.container > div.col-12 > a.dropdown-item,no,,,,R04,2026-09-09,,"No es un caracter visible: la regla no aplica. Texto oculto visualmente, de tamano cero o desplazado fuera de pantalla.",sin CMP detectada
106,ecuador,UPS,https://www.ups.edu.ec/,1.4.3,afw4f7,Text has minimum contrast,174,div.dropdown-menu > div.container > div.col-12 > a.dropdown-item,no,,,,R04,2026-09-09,,"No es un caracter visible: la regla no aplica. Texto oculto visualmente, de tamano cero o desplazado fuera de pantalla.",sin CMP detectada
106,ecuador,UPS,https://www.ups.edu.ec/,1.4.3,afw4f7,Text has minimum contrast,175,div.dropdown-menu > div.container > div.col-12 > a.dropdown-item,no,,,,R04,2026-09-09,,"No es un caracter visible: la regla no aplica. Texto oculto visualmente, de tamano cero o desplazado fuera de pantalla.",sin CMP detectada
106,ecuador,UPS,https://www.ups.edu.ec/,1.4.3,afw4f7,Text has minimum contrast,176,div.dropdown-menu > div.container > div.col-12 > a.dropdown-item,no,,,,R04,2026-09-09,,"No es un caracter visible: la regla no aplica. Texto oculto visualmente, de tamano cero o desplazado fuera de pantalla.",sin CMP detectada
106,ecuador,UPS,https://www.ups.edu.ec/,1.4.3,afw4f7,Text has minimum contrast,177,div.collapse > ul.navbar-nav > li.col > a.nav-link,no,,,,R04,2026-09-09,,"No es un caracter visible: la regla no aplica. Texto oculto visualmente, de tamano cero o desplazado fuera de pantalla.",sin CMP detectada
106,ecuador,UPS,https://www.ups.edu.ec/,1.4.3,afw4f7,Text has minimum contrast,178,body.controls-visible > div.pt-0 > section.w-100 > h2.sr-only,no,,,,R04,2026-09-09,,"No es un caracter visible: la regla no aplica. Texto oculto visualmente, de tamano cero o desplazado fuera de pantalla.",sin CMP detectada
106,ecuador,UPS,https://www.ups.edu.ec/,1.4.3,afw4f7,Text has minimum contrast,179,a.ico-container > svg > defs > style,no,,,,R04,2026-09-09,,"No es un caracter visible: la regla no aplica. Texto oculto visualmente, de tamano cero o desplazado fuera de pantalla.",sin CMP detectada
106,ecuador,UPS,https://www.ups.edu.ec/,1.4.3,afw4f7,Text has minimum contrast,180,div.row > a.ico-container > svg > title,no,,,,R04,2026-09-09,,"No es un caracter visible: la regla no aplica. Texto oculto visualmente, de tamano cero o desplazado fuera de pantalla.",sin CMP detectada
106,ecuador,UPS,https://www.ups.edu.ec/,1.4.3,afw4f7,Text has minimum contrast,181,a.ico-container > svg > defs > style,no,,,,R04,2026-09-09,,"No es un caracter visible: la regla no aplica. Texto oculto visualmente, de tamano cero o desplazado fuera de pantalla.",sin CMP detectada
106,ecuador,UPS,https://www.ups.edu.ec/,1.4.3,afw4f7,Text has minimum contrast,182,div.row > a.ico-container > svg > title,no,,,,R04,2026-09-09,,"No es un caracter visible: la regla no aplica. Texto oculto visualmente, de tamano cero o desplazado fuera de pantalla.",sin CMP detectada
106,ecuador,UPS,https://www.ups.edu.ec/,1.4.3,afw4f7,Text has minimum contrast,183,a.ico-container > svg > defs > style,no,,,,R04,2026-09-09,,"No es un caracter visible: la regla no aplica. Texto oculto visualmente, de tamano cero o desplazado fuera de pantalla.",sin CMP detectada
106,ecuador,UPS,https://www.ups.edu.ec/,1.4.3,afw4f7,Text has minimum contrast,184,a.ico-container > svg > defs > style,no,,,,R04,2026-09-09,,"No es un caracter visible: la regla no aplica. Texto oculto visualmente, de tamano cero o desplazado fuera de pantalla.",sin CMP detectada
106,ecuador,UPS,https://www.ups.edu.ec/,1.4.3,afw4f7,Text has minimum contrast,185,div.row > a.ico-container > svg > title,no,,,,R04,2026-09-09,,"No es un caracter visible: la regla no aplica. Texto oculto visualmente, de tamano cero o desplazado fuera de pantalla.",sin CMP detectada
106,ecuador,UPS,https://www.ups.edu.ec/,1.4.3,afw4f7,Text has minimum contrast,186,a.ico-container > svg > defs > style,no,,,,R04,2026-09-09,,"No es un caracter visible: la regla no aplica. Texto oculto visualmente, de tamano cero o desplazado fuera de pantalla.",sin CMP detectada
106,ecuador,UPS,https://www.ups.edu.ec/,1.4.3,afw4f7,Text has minimum contrast,187,div.row > a.ico-container > svg > title,no,,,,R04,2026-09-09,,"No es un caracter visible: la regla no aplica. Texto oculto visualmente, de tamano cero o desplazado fuera de pantalla.",sin CMP detectada
106,ecuador,UPS,https://www.ups.edu.ec/,1.4.3,afw4f7,Text has minimum contrast,188,a.ico-container > svg > defs > style,no,,,,R04,2026-09-09,,"No es un caracter visible: la regla no aplica. Texto oculto visualmente, de tamano cero o desplazado fuera de pantalla.",sin CMP detectada
106,ecuador,UPS,https://www.ups.edu.ec/,1.4.3,afw4f7,Text has minimum contrast,189,div.row > a.ico-container > svg > title,no,,,,R04,2026-09-09,,"No es un caracter visible: la regla no aplica. Texto oculto visualmente, de tamano cero o desplazado fuera de pantalla.",sin CMP detectada
106,ecuador,UPS,https://www.ups.edu.ec/,1.4.3,afw4f7,Text has minimum contrast,190,div.carousel-item > div.ups-slider > a.h-inherit > span.sr-only,no,,,,R04,2026-09-09,,"No es un caracter visible: la regla no aplica. Texto oculto visualmente, de tamano cero o desplazado fuera de pantalla.",sin CMP detectada
106,ecuador,UPS,https://www.ups.edu.ec/,1.4.3,afw4f7,Text has minimum contrast,191,div.carousel-item > div.ups-slider > a.h-inherit > span.sr-only,no,,,,R04,2026-09-09,,"No es un caracter visible: la regla no aplica. Texto oculto visualmente, de tamano cero o desplazado fuera de pantalla.",sin CMP detectada
106,ecuador,UPS,https://www.ups.edu.ec/,1.4.3,afw4f7,Text has minimum contrast,192,div.carousel-item > div.ups-slider > a.h-inherit > span.sr-only,no,,,,R04,2026-09-09,,"No es un caracter visible: la regla no aplica. Texto oculto visualmente, de tamano cero o desplazado fuera de pantalla.",sin CMP detectada
106,ecuador,UPS,https://www.ups.edu.ec/,1.4.3,afw4f7,Text has minimum contrast,193,div.carousel-item > div.ups-slider > a.h-inherit > span.sr-only,no,,,,R04,2026-09-09,,"No es un caracter visible: la regla no aplica. Texto oculto visualmente, de tamano cero o desplazado fuera de pantalla.",sin CMP detectada
106,ecuador,UPS,https://www.ups.edu.ec/,1.4.3,afw4f7,Text has minimum contrast,194,div.carousel-item > div.ups-slider > a.h-inherit > span.sr-only,no,,,,R04,2026-09-09,,"No es un caracter visible: la regla no aplica. Texto oculto visualmente, de tamano cero o desplazado fuera de pantalla.",sin CMP detectada
106,ecuador,UPS,https://www.ups.edu.ec/,1.4.3,afw4f7,Text has minimum contrast,195,div.carousel-item > div.ups-slider > a.h-inherit > span.sr-only,no,,,,R04,2026-09-09,,"No es un caracter visible: la regla no aplica. Texto oculto visualmente, de tamano cero o desplazado fuera de pantalla.",sin CMP detectada
106,ecuador,UPS,https://www.ups.edu.ec/,1.4.3,afw4f7,Text has minimum contrast,196,div.carousel-item > div.ups-slider > a.h-inherit > span.sr-only,no,,,,R04,2026-09-09,,"No es un caracter visible: la regla no aplica. Texto oculto visualmente, de tamano cero o desplazado fuera de pantalla.",sin CMP detectada
106,ecuador,UPS,https://www.ups.edu.ec/,1.4.3,afw4f7,Text has minimum contrast,197,div.carousel-item > div.ups-slider > div.d-inline > span.sr-only,no,,,,R04,2026-09-09,,"No es un caracter visible: la regla no aplica. Texto oculto visualmente, de tamano cero o desplazado fuera de pantalla.",sin CMP detectada
106,ecuador,UPS,https://www.ups.edu.ec/,1.4.3,afw4f7,Text has minimum contrast,198,div.carousel-item > div.ups-slider > a.h-inherit > span.sr-only,no,,,,R04,2026-09-09,,"No es un caracter visible: la regla no aplica. Texto oculto visualmente, de tamano cero o desplazado fuera de pantalla.",sin CMP detectada
106,ecuador,UPS,https://www.ups.edu.ec/,1.4.3,afw4f7,Text has minimum contrast,199,div.carousel-item > div.ups-slider > a.h-inherit > span.sr-only,no,,,,R04,2026-09-09,,"No es un caracter visible: la regla no aplica. Texto oculto visualmente, de tamano cero o desplazado fuera de pantalla.",sin CMP detectada
106,ecuador,UPS,https://www.ups.edu.ec/,1.4.3,afw4f7,Text has minimum contrast,200,div.ups-internal-box > div.d-none > a.carousel-control-prev > span.sr-only,no,,,,R04,2026-09-09,,"No es un caracter visible: la regla no aplica. Texto oculto visualmente, de tamano cero o desplazado fuera de pantalla.",sin CMP detectada
106,ecuador,UPS,https://www.ups.edu.ec/,1.4.3,afw4f7,Text has minimum contrast,201,div.ups-internal-box > div.d-none > a.carousel-control-next > span.sr-only,no,,,,R04,2026-09-09,,"No es un caracter visible: la regla no aplica. Texto oculto visualmente, de tamano cero o desplazado fuera de pantalla.",sin CMP detectada
106,ecuador,UPS,https://www.ups.edu.ec/,1.4.3,afw4f7,Text has minimum contrast,202,div.carousel-item > div.ups-slider > a.h-inherit > span.sr-only,no,,,,R04,2026-09-09,,"No es un caracter visible: la regla no aplica. Texto oculto visualmente, de tamano cero o desplazado fuera de pantalla.",sin CMP detectada
106,ecuador,UPS,https://www.ups.edu.ec/,1.4.3,afw4f7,Text has minimum contrast,203,div.carousel-item > div.ups-slider > a.h-inherit > span.sr-only,no,,,,R04,2026-09-09,,"No es un caracter visible: la regla no aplica. Texto oculto visualmente, de tamano cero o desplazado fuera de pantalla.",sin CMP detectada
106,ecuador,UPS,https://www.ups.edu.ec/,1.4.3,afw4f7,Text has minimum contrast,204,div.carousel-item > div.ups-slider > a.h-inherit > span.sr-only,no,,,,R04,2026-09-09,,"No es un caracter visible: la regla no aplica. Texto oculto visualmente, de tamano cero o desplazado fuera de pantalla.",sin CMP detectada
106,ecuador,UPS,https://www.ups.edu.ec/,1.4.3,afw4f7,Text has minimum contrast,205,div.carousel-item > div.ups-slider > a.h-inherit > span.sr-only,no,,,,R04,2026-09-09,,"No es un caracter visible: la regla no aplica. Texto oculto visualmente, de tamano cero o desplazado fuera de pantalla.",sin CMP detectada
106,ecuador,UPS,https://www.ups.edu.ec/,1.4.3,afw4f7,Text has minimum contrast,206,div.carousel-item > div.ups-slider > a.h-inherit > span.sr-only,no,,,,R04,2026-09-09,,"No es un caracter visible: la regla no aplica. Texto oculto visualmente, de tamano cero o desplazado fuera de pantalla.",sin CMP detectada
106,ecuador,UPS,https://www.ups.edu.ec/,1.4.3,afw4f7,Text has minimum contrast,207,div.carousel-item > div.ups-slider > a.h-inherit > span.sr-only,no,,,,R04,2026-09-09,,"No es un caracter visible: la regla no aplica. Texto oculto visualmente, de tamano cero o desplazado fuera de pantalla.",sin CMP detectada
106,ecuador,UPS,https://www.ups.edu.ec/,1.4.3,afw4f7,Text has minimum contrast,208,div.carousel-item > div.ups-slider > a.h-inherit > span.sr-only,no,,,,R04,2026-09-09,,"No es un caracter visible: la regla no aplica. Texto oculto visualmente, de tamano cero o desplazado fuera de pantalla.",sin CMP detectada
106,ecuador,UPS,https://www.ups.edu.ec/,1.4.3,afw4f7,Text has minimum contrast,209,div.carousel-item > div.ups-slider > div.d-inline > span.sr-only,no,,,,R04,2026-09-09,,"No es un caracter visible: la regla no aplica. Texto oculto visualmente, de tamano cero o desplazado fuera de pantalla.",sin CMP detectada
106,ecuador,UPS,https://www.ups.edu.ec/,1.4.3,afw4f7,Text has minimum contrast,210,div.carousel-item > div.ups-slider > a.h-inherit > span.sr-only,no,,,,R04,2026-09-09,,"No es un caracter visible: la regla no aplica. Texto oculto visualmente, de tamano cero o desplazado fuera de pantalla.",sin CMP detectada
106,ecuador,UPS,https://www.ups.edu.ec/,1.4.3,afw4f7,Text has minimum contrast,211,div.carousel-item > div.ups-slider > a.h-inherit > span.sr-only,no,,,,R04,2026-09-09,,"No es un caracter visible: la regla no aplica. Texto oculto visualmente, de tamano cero o desplazado fuera de pantalla.",sin CMP detectada
106,ecuador,UPS,https://www.ups.edu.ec/,1.4.3,afw4f7,Text has minimum contrast,212,div.ups-internal-box > div.d-block > a.carousel-control-prev > span.sr-only,no,,,,R04,2026-09-09,,"No es un caracter visible: la regla no aplica. Texto oculto visualmente, de tamano cero o desplazado fuera de pantalla.",sin CMP detectada
106,ecuador,UPS,https://www.ups.edu.ec/,1.4.3,afw4f7,Text has minimum contrast,213,div.ups-internal-box > div.d-block > a.carousel-control-next > span.sr-only,no,,,,R04,2026-09-09,,"No es un caracter visible: la regla no aplica. Texto oculto visualmente, de tamano cero o desplazado fuera de pantalla.",sin CMP detectada
106,ecuador,UPS,https://www.ups.edu.ec/,1.4.3,afw4f7,Text has minimum contrast,214,div.row > div.col-12 > span.title > p,si,cumple,11.74:1,,R04,2026-09-09,,"umbral 3:1 (texto grande, 22.4px negrita); texto: ""Vive una nueva experiencia universitaria en la UPS""",sin CMP detectada
106,ecuador,UPS,https://www.ups.edu.ec/,1.4.3,afw4f7,Text has minimum contrast,215,div.row > div.col-12 > span.title > p,no,,,,R04,2026-09-09,,"No es un caracter visible: la regla no aplica. Texto oculto visualmente, de tamano cero o desplazado fuera de pantalla.",sin CMP detectada
106,ecuador,UPS,https://www.ups.edu.ec/,1.4.3,afw4f7,Text has minimum contrast,216,a.undecoration > div.card-body > span.card-title > p,si,cumple,10.54:1,,R04,2026-09-09,,"umbral 4.5:1 (texto normal, 18.2px negrita); texto: ""Ingresa a la UPS""",sin CMP detectada
106,ecuador,UPS,https://www.ups.edu.ec/,1.4.3,afw4f7,Text has minimum contrast,217,a.undecoration > div.card-body > span.text > p,si,cumple,8.18:1,,R04,2026-09-09,,"umbral 4.5:1 (texto normal, 16.0px); texto: ""Tus metas son importantes""",sin CMP detectada
106,ecuador,UPS,https://www.ups.edu.ec/,1.4.3,afw4f7,Text has minimum contrast,218,a.undecoration > div.card-body > span.card-title > p,si,cumple,10.54:1,,R04,2026-09-09,,"umbral 4.5:1 (texto normal, 18.2px negrita); texto: ""Oferta de Grado""",sin CMP detectada
106,ecuador,UPS,https://www.ups.edu.ec/,1.4.3,afw4f7,Text has minimum contrast,219,a.undecoration > div.card-body > span.text > p,si,cumple,8.18:1,,R04,2026-09-09,,"umbral 4.5:1 (texto normal, 16.0px); texto: ""Conoce nuestras carreras universitarias""",sin CMP detectada
106,ecuador,UPS,https://www.ups.edu.ec/,1.4.3,afw4f7,Text has minimum contrast,220,a.undecoration > div.card-body > span.card-title > p,no,,,,R04,2026-09-09,,"No es un caracter visible: la regla no aplica. Texto oculto visualmente, de tamano cero o desplazado fuera de pantalla.",sin CMP detectada
106,ecuador,UPS,https://www.ups.edu.ec/,1.4.3,afw4f7,Text has minimum contrast,221,a.undecoration > div.card-body > span.text > p,no,,,,R04,2026-09-09,,"No es un caracter visible: la regla no aplica. Texto oculto visualmente, de tamano cero o desplazado fuera de pantalla.",sin CMP detectada
106,ecuador,UPS,https://www.ups.edu.ec/,1.4.3,afw4f7,Text has minimum contrast,222,a.undecoration > div.card-body > span.card-title > p,no,,,,R04,2026-09-09,,"No es un caracter visible: la regla no aplica. Texto oculto visualmente, de tamano cero o desplazado fuera de pantalla.",sin CMP detectada
106,ecuador,UPS,https://www.ups.edu.ec/,1.4.3,afw4f7,Text has minimum contrast,223,a.undecoration > div.card-body > span.text > p,no,,,,R04,2026-09-09,,"No es un caracter visible: la regla no aplica. Texto oculto visualmente, de tamano cero o desplazado fuera de pantalla.",sin CMP detectada
106,ecuador,UPS,https://www.ups.edu.ec/,1.4.3,afw4f7,Text has minimum contrast,224,a.undecoration > div.card-body > span.card-title > p,no,,,,R04,2026-09-09,,"No es un caracter visible: la regla no aplica. Texto oculto visualmente, de tamano cero o desplazado fuera de pantalla.",sin CMP detectada
106,ecuador,UPS,https://www.ups.edu.ec/,1.4.3,afw4f7,Text has minimum contrast,225,a.undecoration > div.card-body > span.text > p,no,,,,R04,2026-09-09,,"No es un caracter visible: la regla no aplica. Texto oculto visualmente, de tamano cero o desplazado fuera de pantalla.",sin CMP detectada
106,ecuador,UPS,https://www.ups.edu.ec/,1.4.3,afw4f7,Text has minimum contrast,226,a.undecoration > div.card-body > span.card-title > p,no,,,,R04,2026-09-09,,"No es un caracter visible: la regla no aplica. Texto oculto visualmente, de tamano cero o desplazado fuera de pantalla.",sin CMP detectada
106,ecuador,UPS,https://www.ups.edu.ec/,1.4.3,afw4f7,Text has minimum contrast,227,a.undecoration > div.card-body > span.text > p,no,,,,R04,2026-09-09,,"No es un caracter visible: la regla no aplica. Texto oculto visualmente, de tamano cero o desplazado fuera de pantalla.",sin CMP detectada
106,ecuador,UPS,https://www.ups.edu.ec/,1.4.3,afw4f7,Text has minimum contrast,228,a.undecoration > div.card-body > span.card-title > p,no,,,,R04,2026-09-09,,"No es un caracter visible: la regla no aplica. Texto oculto visualmente, de tamano cero o desplazado fuera de pantalla.",sin CMP detectada
106,ecuador,UPS,https://www.ups.edu.ec/,1.4.3,afw4f7,Text has minimum contrast,229,a.undecoration > div.card-body > span.text > p,no,,,,R04,2026-09-09,,"No es un caracter visible: la regla no aplica. Texto oculto visualmente, de tamano cero o desplazado fuera de pantalla.",sin CMP detectada
106,ecuador,UPS,https://www.ups.edu.ec/,1.4.3,afw4f7,Text has minimum contrast,230,a.undecoration > div.card-body > span.card-title > p,no,,,,R04,2026-09-09,,"No es un caracter visible: la regla no aplica. Texto oculto visualmente, de tamano cero o desplazado fuera de pantalla.",sin CMP detectada
106,ecuador,UPS,https://www.ups.edu.ec/,1.4.3,afw4f7,Text has minimum contrast,231,a.undecoration > div.card-body > span.text > p,no,,,,R04,2026-09-09,,"No es un caracter visible: la regla no aplica. Texto oculto visualmente, de tamano cero o desplazado fuera de pantalla.",sin CMP detectada
106,ecuador,UPS,https://www.ups.edu.ec/,1.4.3,afw4f7,Text has minimum contrast,232,div.ups-internal-box > div.carousel-multi-item > a.carousel-control-prev > span.sr-only,no,,,,R04,2026-09-09,,"No es un caracter visible: la regla no aplica. Texto oculto visualmente, de tamano cero o desplazado fuera de pantalla.",sin CMP detectada
106,ecuador,UPS,https://www.ups.edu.ec/,1.4.3,afw4f7,Text has minimum contrast,233,div.ups-internal-box > div.carousel-multi-item > a.carousel-control-next > span.sr-only,no,,,,R04,2026-09-09,,"No es un caracter visible: la regla no aplica. Texto oculto visualmente, de tamano cero o desplazado fuera de pantalla.",sin CMP detectada
106,ecuador,UPS,https://www.ups.edu.ec/,1.4.3,afw4f7,Text has minimum contrast,234,div.row > div.col-12 > span.title > p,si,cumple,11.74:1,,R04,2026-09-09,,"umbral 3:1 (texto grande, 22.4px negrita); texto: ""La UPS en Rankings Internacionales""",sin CMP detectada
106,ecuador,UPS,https://www.ups.edu.ec/,1.4.3,afw4f7,Text has minimum contrast,235,div.row > div.col-12 > span.title > p,no,,,,R04,2026-09-09,,"No es un caracter visible: la regla no aplica. Texto oculto visualmente, de tamano cero o desplazado fuera de pantalla.",sin CMP detectada
106,ecuador,UPS,https://www.ups.edu.ec/,1.4.3,afw4f7,Text has minimum contrast,236,div.row > div.col-12 > span.title > p,si,cumple,11.74:1,,R04,2026-09-09,,"umbral 3:1 (texto grande, 22.4px negrita); texto: ""Acerca de la Universidad""",sin CMP detectada
106,ecuador,UPS,https://www.ups.edu.ec/,1.4.3,afw4f7,Text has minimum contrast,237,div.overflow-hidden > div.w-100 > div.description > p,si,cumple,11.74:1,,R04,2026-09-09,,"umbral 4.5:1 (texto normal, 16.0px); texto: ""Estudiar en la UPS, implica recibir una educación para ser y""",sin CMP detectada
106,ecuador,UPS,https://www.ups.edu.ec/,1.4.3,afw4f7,Text has minimum contrast,238,div.w-100 > div.link > div.button-container > a.btn,si,cumple,10.30:1,,R04,2026-09-09,,"umbral 4.5:1 (texto normal, 16.0px); texto: ""Más información""",sin CMP detectada
106,ecuador,UPS,https://www.ups.edu.ec/,1.4.3,afw4f7,Text has minimum contrast,239,div.row > div.col-12 > span.title > p,si,cumple,10.30:1,,R04,2026-09-09,,"umbral 3:1 (texto grande, 22.4px negrita); texto: ""Noticias UPS""",sin CMP detectada
106,ecuador,UPS,https://www.ups.edu.ec/,1.4.3,afw4f7,Text has minimum contrast,240,div.row > div.col-12 > span.title > p,no,,,,R04,2026-09-09,,"No es un caracter visible: la regla no aplica. Texto oculto visualmente, de tamano cero o desplazado fuera de pantalla.",sin CMP detectada
106,ecuador,UPS,https://www.ups.edu.ec/,1.4.3,afw4f7,Text has minimum contrast,241,div.row > a.ups-slider > div.bottom-left-text > span.d-block,si,falla,1.14:1,,R04,2026-09-09,,"umbral 4.5:1 (texto normal, 16.0px negrita); texto: ""La UPS obtiene la certificación internacional UNE-ISO 30301:""",sin CMP detectada
106,ecuador,UPS,https://www.ups.edu.ec/,1.4.3,afw4f7,Text has minimum contrast,242,a.ups-slider > div.bottom-left-text > div > span.text-white,si,falla,1.14:1,,R04,2026-09-09,,"umbral 4.5:1 (texto normal, 16.0px negrita); texto: ""UPS -""",sin CMP detectada
106,ecuador,UPS,https://www.ups.edu.ec/,1.4.3,afw4f7,Text has minimum contrast,243,a.ups-slider > div.bottom-left-text > div > span.news-date,si,falla,1.14:1,,R04,2026-09-09,,"umbral 4.5:1 (texto normal, 16.0px negrita); texto: ""19/08/2026""",sin CMP detectada
106,ecuador,UPS,https://www.ups.edu.ec/,1.4.3,afw4f7,Text has minimum contrast,244,div.row > div.col-3 > a.w-100 > span.sr-only,no,,,,R04,2026-09-09,,"No es un caracter visible: la regla no aplica. Texto oculto visualmente, de tamano cero o desplazado fuera de pantalla.",sin CMP detectada
106,ecuador,UPS,https://www.ups.edu.ec/,1.4.3,afw4f7,Text has minimum contrast,245,div.relacionados > div.row > a.col-9 > span.d-block,si,cumple,9.25:1,,R04,2026-09-09,,"umbral 4.5:1 (texto normal, 16.0px negrita); texto: ""La UPS Guayaquil rinde homenaje al talento escénico con la o""",sin CMP detectada
106,ecuador,UPS,https://www.ups.edu.ec/,1.4.3,afw4f7,Text has minimum contrast,246,a.col-9 > span.d-block > svg > style,no,,,,R04,2026-09-09,,"No es un caracter visible: la regla no aplica. Texto oculto visualmente, de tamano cero o desplazado fuera de pantalla.",sin CMP detectada
106,ecuador,UPS,https://www.ups.edu.ec/,1.4.3,afw4f7,Text has minimum contrast,247,div.row > a.col-9 > span.d-block > span.news-date,si,cumple,9.25:1,,R04,2026-09-09,,"umbral 4.5:1 (texto normal, 16.0px); texto: ""GYE 02/09/2026""",sin CMP detectada
106,ecuador,UPS,https://www.ups.edu.ec/,1.4.3,afw4f7,Text has minimum contrast,248,div.row > div.col-3 > a.w-100 > span.sr-only,no,,,,R04,2026-09-09,,"No es un caracter visible: la regla no aplica. Texto oculto visualmente, de tamano cero o desplazado fuera de pantalla.",sin CMP detectada
106,ecuador,UPS,https://www.ups.edu.ec/,1.4.3,afw4f7,Text has minimum contrast,249,div.relacionados > div.row > a.col-9 > span.d-block,si,cumple,9.25:1,,R04,2026-09-09,,"umbral 4.5:1 (texto normal, 16.0px negrita); texto: ""La UPS sede Guayaquil celebra sus ceremonias de grado y posg""",sin CMP detectada
106,ecuador,UPS,https://www.ups.edu.ec/,1.4.3,afw4f7,Text has minimum contrast,250,a.col-9 > span.d-block > svg > style,no,,,,R04,2026-09-09,,"No es un caracter visible: la regla no aplica. Texto oculto visualmente, de tamano cero o desplazado fuera de pantalla.",sin CMP detectada
106,ecuador,UPS,https://www.ups.edu.ec/,1.4.3,afw4f7,Text has minimum contrast,251,div.row > a.col-9 > span.d-block > span.news-date,si,cumple,9.25:1,,R04,2026-09-09,,"umbral 4.5:1 (texto normal, 16.0px); texto: ""GYE 28/08/2026""",sin CMP detectada
106,ecuador,UPS,https://www.ups.edu.ec/,1.4.3,afw4f7,Text has minimum contrast,252,div.row > div.col-3 > a.w-100 > span.sr-only,no,,,,R04,2026-09-09,,"No es un caracter visible: la regla no aplica. Texto oculto visualmente, de tamano cero o desplazado fuera de pantalla.",sin CMP detectada
106,ecuador,UPS,https://www.ups.edu.ec/,1.4.3,afw4f7,Text has minimum contrast,253,div.relacionados > div.row > a.col-9 > span.d-block,si,cumple,9.25:1,,R04,2026-09-09,,"umbral 4.5:1 (texto normal, 16.0px negrita); texto: ""Coro UPS Quito representará al Ecuador en el Festival Intern""",sin CMP detectada
106,ecuador,UPS,https://www.ups.edu.ec/,1.4.3,afw4f7,Text has minimum contrast,254,a.col-9 > span.d-block > svg > style,no,,,,R04,2026-09-09,,"No es un caracter visible: la regla no aplica. Texto oculto visualmente, de tamano cero o desplazado fuera de pantalla.",sin CMP detectada
106,ecuador,UPS,https://www.ups.edu.ec/,1.4.3,afw4f7,Text has minimum contrast,255,div.row > a.col-9 > span.d-block > span.news-date,si,cumple,9.25:1,,R04,2026-09-09,,"umbral 4.5:1 (texto normal, 16.0px); texto: ""UIO 28/08/2026""",sin CMP detectada
106,ecuador,UPS,https://www.ups.edu.ec/,1.4.3,afw4f7,Text has minimum contrast,256,div.row > div.col-3 > a.w-100 > span.sr-only,no,,,,R04,2026-09-09,,"No es un caracter visible: la regla no aplica. Texto oculto visualmente, de tamano cero o desplazado fuera de pantalla.",sin CMP detectada
106,ecuador,UPS,https://www.ups.edu.ec/,1.4.3,afw4f7,Text has minimum contrast,257,div.relacionados > div.row > a.col-9 > span.d-block,si,cumple,9.25:1,,R04,2026-09-09,,"umbral 4.5:1 (texto normal, 16.0px negrita); texto: ""Ingeniería Automotriz destacó su innovación y talento en el """,sin CMP detectada
106,ecuador,UPS,https://www.ups.edu.ec/,1.4.3,afw4f7,Text has minimum contrast,258,a.col-9 > span.d-block > svg > style,no,,,,R04,2026-09-09,,"No es un caracter visible: la regla no aplica. Texto oculto visualmente, de tamano cero o desplazado fuera de pantalla.",sin CMP detectada
106,ecuador,UPS,https://www.ups.edu.ec/,1.4.3,afw4f7,Text has minimum contrast,259,div.row > a.col-9 > span.d-block > span.news-date,si,cumple,9.25:1,,R04,2026-09-09,,"umbral 4.5:1 (texto normal, 16.0px); texto: ""GYE 17/08/2026""",sin CMP detectada
106,ecuador,UPS,https://www.ups.edu.ec/,1.4.3,afw4f7,Text has minimum contrast,260,div.row > div.col-3 > a.w-100 > span.sr-only,no,,,,R04,2026-09-09,,"No es un caracter visible: la regla no aplica. Texto oculto visualmente, de tamano cero o desplazado fuera de pantalla.",sin CMP detectada
106,ecuador,UPS,https://www.ups.edu.ec/,1.4.3,afw4f7,Text has minimum contrast,261,div.relacionados > div.row > a.col-9 > span.d-block,si,cumple,9.25:1,,R04,2026-09-09,,"umbral 4.5:1 (texto normal, 16.0px negrita); texto: ""INNOVACIÓN, TECNOLOGÍA Y TRABAJO EN EQUIPO MARCARON EL HACKA""",sin CMP detectada
106,ecuador,UPS,https://www.ups.edu.ec/,1.4.3,afw4f7,Text has minimum contrast,262,a.col-9 > span.d-block > svg > style,no,,,,R04,2026-09-09,,"No es un caracter visible: la regla no aplica. Texto oculto visualmente, de tamano cero o desplazado fuera de pantalla.",sin CMP detectada
106,ecuador,UPS,https://www.ups.edu.ec/,1.4.3,afw4f7,Text has minimum contrast,263,div.row > a.col-9 > span.d-block > span.news-date,si,cumple,9.25:1,,R04,2026-09-09,,"umbral 4.5:1 (texto normal, 16.0px); texto: ""GYE 07/08/2026""",sin CMP detectada
106,ecuador,UPS,https://www.ups.edu.ec/,1.4.3,afw4f7,Text has minimum contrast,264,div.row > div.col-3 > a.w-100 > span.sr-only,no,,,,R04,2026-09-09,,"No es un caracter visible: la regla no aplica. Texto oculto visualmente, de tamano cero o desplazado fuera de pantalla.",sin CMP detectada
106,ecuador,UPS,https://www.ups.edu.ec/,1.4.3,afw4f7,Text has minimum contrast,265,div.relacionados > div.row > a.col-9 > span.d-block,si,cumple,9.25:1,,R04,2026-09-09,,"umbral 4.5:1 (texto normal, 16.0px negrita); texto: ""La UPS Guayaquil reconoce la excelencia de sus estudiantes e""",sin CMP detectada
106,ecuador,UPS,https://www.ups.edu.ec/,1.4.3,afw4f7,Text has minimum contrast,266,a.col-9 > span.d-block > svg > style,no,,,,R04,2026-09-09,,"No es un caracter visible: la regla no aplica. Texto oculto visualmente, de tamano cero o desplazado fuera de pantalla.",sin CMP detectada
106,ecuador,UPS,https://www.ups.edu.ec/,1.4.3,afw4f7,Text has minimum contrast,267,div.row > a.col-9 > span.d-block > span.news-date,si,cumple,9.25:1,,R04,2026-09-09,,"umbral 4.5:1 (texto normal, 16.0px); texto: ""GYE 07/08/2026""",sin CMP detectada
106,ecuador,UPS,https://www.ups.edu.ec/,1.4.3,afw4f7,Text has minimum contrast,268,div.row > div.col-3 > a.w-100 > span.sr-only,no,,,,R04,2026-09-09,,"No es un caracter visible: la regla no aplica. Texto oculto visualmente, de tamano cero o desplazado fuera de pantalla.",sin CMP detectada
106,ecuador,UPS,https://www.ups.edu.ec/,1.4.3,afw4f7,Text has minimum contrast,269,div.relacionados > div.row > a.col-9 > span.d-block,si,cumple,9.25:1,,R04,2026-09-09,,"umbral 4.5:1 (texto normal, 16.0px negrita); texto: ""Ecosistema de innovación de la UPS despierta interés interna""",sin CMP detectada
106,ecuador,UPS,https://www.ups.edu.ec/,1.4.3,afw4f7,Text has minimum contrast,270,a.col-9 > span.d-block > svg > style,no,,,,R04,2026-09-09,,"No es un caracter visible: la regla no aplica. Texto oculto visualmente, de tamano cero o desplazado fuera de pantalla.",sin CMP detectada
106,ecuador,UPS,https://www.ups.edu.ec/,1.4.3,afw4f7,Text has minimum contrast,271,div.row > a.col-9 > span.d-block > span.news-date,si,cumple,9.25:1,,R04,2026-09-09,,"umbral 4.5:1 (texto normal, 16.0px); texto: ""UIO 07/08/2026""",sin CMP detectada
106,ecuador,UPS,https://www.ups.edu.ec/,1.4.3,afw4f7,Text has minimum contrast,272,div.row > div.col-3 > a.w-100 > span.sr-only,no,,,,R04,2026-09-09,,"No es un caracter visible: la regla no aplica. Texto oculto visualmente, de tamano cero o desplazado fuera de pantalla.",sin CMP detectada
106,ecuador,UPS,https://www.ups.edu.ec/,1.4.3,afw4f7,Text has minimum contrast,273,div.relacionados > div.row > a.col-9 > span.d-block,si,cumple,9.25:1,,R04,2026-09-09,,"umbral 4.5:1 (texto normal, 16.0px negrita); texto: ""Equipo de Tenis de Mesa de la UPS logra medalla de oro en lo""",sin CMP detectada
106,ecuador,UPS,https://www.ups.edu.ec/,1.4.3,afw4f7,Text has minimum contrast,274,a.col-9 > span.d-block > svg > style,no,,,,R04,2026-09-09,,"No es un caracter visible: la regla no aplica. Texto oculto visualmente, de tamano cero o desplazado fuera de pantalla.",sin CMP detectada
106,ecuador,UPS,https://www.ups.edu.ec/,1.4.3,afw4f7,Text has minimum contrast,275,div.row > a.col-9 > span.d-block > span.news-date,si,cumple,9.25:1,,R04,2026-09-09,,"umbral 4.5:1 (texto normal, 16.0px); texto: ""GYE 03/08/2026""",sin CMP detectada
106,ecuador,UPS,https://www.ups.edu.ec/,1.4.3,afw4f7,Text has minimum contrast,276,div.row > div.col-3 > a.w-100 > span.sr-only,no,,,,R04,2026-09-09,,"No es un caracter visible: la regla no aplica. Texto oculto visualmente, de tamano cero o desplazado fuera de pantalla.",sin CMP detectada
106,ecuador,UPS,https://www.ups.edu.ec/,1.4.3,afw4f7,Text has minimum contrast,277,div.relacionados > div.row > a.col-9 > span.d-block,si,cumple,9.25:1,,R04,2026-09-09,,"umbral 4.5:1 (texto normal, 16.0px negrita); texto: ""La UPS lidera el medallero general de los IV Juegos Deportiv""",sin CMP detectada
106,ecuador,UPS,https://www.ups.edu.ec/,1.4.3,afw4f7,Text has minimum contrast,278,a.col-9 > span.d-block > svg > style,no,,,,R04,2026-09-09,,"No es un caracter visible: la regla no aplica. Texto oculto visualmente, de tamano cero o desplazado fuera de pantalla.",sin CMP detectada
106,ecuador,UPS,https://www.ups.edu.ec/,1.4.3,afw4f7,Text has minimum contrast,279,div.row > a.col-9 > span.d-block > span.news-date,si,cumple,9.25:1,,R04,2026-09-09,,"umbral 4.5:1 (texto normal, 16.0px); texto: ""UPS 02/08/2026""",sin CMP detectada
106,ecuador,UPS,https://www.ups.edu.ec/,1.4.3,afw4f7,Text has minimum contrast,280,div.row > div.col-3 > a.w-100 > span.sr-only,no,,,,R04,2026-09-09,,"No es un caracter visible: la regla no aplica. Texto oculto visualmente, de tamano cero o desplazado fuera de pantalla.",sin CMP detectada
106,ecuador,UPS,https://www.ups.edu.ec/,1.4.3,afw4f7,Text has minimum contrast,281,div.relacionados > div.row > a.col-9 > span.d-block,si,cumple,9.25:1,,R04,2026-09-09,,"umbral 4.5:1 (texto normal, 16.0px negrita); texto: ""La UPS sede Quito fue escenario de la firma de la Carta de A""",sin CMP detectada
106,ecuador,UPS,https://www.ups.edu.ec/,1.4.3,afw4f7,Text has minimum contrast,282,a.col-9 > span.d-block > svg > style,no,,,,R04,2026-09-09,,"No es un caracter visible: la regla no aplica. Texto oculto visualmente, de tamano cero o desplazado fuera de pantalla.",sin CMP detectada
106,ecuador,UPS,https://www.ups.edu.ec/,1.4.3,afw4f7,Text has minimum contrast,283,div.row > a.col-9 > span.d-block > span.news-date,si,cumple,9.25:1,,R04,2026-09-09,,"umbral 4.5:1 (texto normal, 16.0px); texto: ""UIO 30/07/2026""",sin CMP detectada
106,ecuador,UPS,https://www.ups.edu.ec/,1.4.3,afw4f7,Text has minimum contrast,284,div.row > div.col-3 > a.w-100 > span.sr-only,no,,,,R04,2026-09-09,,"No es un caracter visible: la regla no aplica. Texto oculto visualmente, de tamano cero o desplazado fuera de pantalla.",sin CMP detectada
106,ecuador,UPS,https://www.ups.edu.ec/,1.4.3,afw4f7,Text has minimum contrast,285,div.relacionados > div.row > a.col-9 > span.d-block,si,cumple,9.25:1,,R04,2026-09-09,,"umbral 4.5:1 (texto normal, 16.0px negrita); texto: ""La UPS sede Cuenca gradúa a la primera promoción de arquitec""",sin CMP detectada
106,ecuador,UPS,https://www.ups.edu.ec/,1.4.3,afw4f7,Text has minimum contrast,286,a.col-9 > span.d-block > svg > style,no,,,,R04,2026-09-09,,"No es un caracter visible: la regla no aplica. Texto oculto visualmente, de tamano cero o desplazado fuera de pantalla.",sin CMP detectada
106,ecuador,UPS,https://www.ups.edu.ec/,1.4.3,afw4f7,Text has minimum contrast,287,div.row > a.col-9 > span.d-block > span.news-date,si,cumple,9.25:1,,R04,2026-09-09,,"umbral 4.5:1 (texto normal, 16.0px); texto: ""CUE 30/07/2026""",sin CMP detectada
106,ecuador,UPS,https://www.ups.edu.ec/,1.4.3,afw4f7,Text has minimum contrast,288,div.row > div.col-3 > a.w-100 > span.sr-only,no,,,,R04,2026-09-09,,"No es un caracter visible: la regla no aplica. Texto oculto visualmente, de tamano cero o desplazado fuera de pantalla.",sin CMP detectada
106,ecuador,UPS,https://www.ups.edu.ec/,1.4.3,afw4f7,Text has minimum contrast,289,div.relacionados > div.row > a.col-9 > span.d-block,si,cumple,9.25:1,,R04,2026-09-09,,"umbral 4.5:1 (texto normal, 16.0px negrita); texto: ""La inteligencia artificial, bajo la mirada ética de la acade""",sin CMP detectada
106,ecuador,UPS,https://www.ups.edu.ec/,1.4.3,afw4f7,Text has minimum contrast,290,a.col-9 > span.d-block > svg > style,no,,,,R04,2026-09-09,,"No es un caracter visible: la regla no aplica. Texto oculto visualmente, de tamano cero o desplazado fuera de pantalla.",sin CMP detectada
106,ecuador,UPS,https://www.ups.edu.ec/,1.4.3,afw4f7,Text has minimum contrast,291,div.row > a.col-9 > span.d-block > span.news-date,si,cumple,9.25:1,,R04,2026-09-09,,"umbral 4.5:1 (texto normal, 16.0px); texto: ""GYE 24/07/2026""",sin CMP detectada
106,ecuador,UPS,https://www.ups.edu.ec/,1.4.3,afw4f7,Text has minimum contrast,292,div.row > div.col-3 > a.w-100 > span.sr-only,no,,,,R04,2026-09-09,,"No es un caracter visible: la regla no aplica. Texto oculto visualmente, de tamano cero o desplazado fuera de pantalla.",sin CMP detectada
106,ecuador,UPS,https://www.ups.edu.ec/,1.4.3,afw4f7,Text has minimum contrast,293,div.relacionados > div.row > a.col-9 > span.d-block,si,cumple,9.25:1,,R04,2026-09-09,,"umbral 4.5:1 (texto normal, 16.0px negrita); texto: ""Un nuevo escenario para el talento artístico y la innovación""",sin CMP detectada
106,ecuador,UPS,https://www.ups.edu.ec/,1.4.3,afw4f7,Text has minimum contrast,294,a.col-9 > span.d-block > svg > style,no,,,,R04,2026-09-09,,"No es un caracter visible: la regla no aplica. Texto oculto visualmente, de tamano cero o desplazado fuera de pantalla.",sin CMP detectada
106,ecuador,UPS,https://www.ups.edu.ec/,1.4.3,afw4f7,Text has minimum contrast,295,div.row > a.col-9 > span.d-block > span.news-date,si,cumple,9.25:1,,R04,2026-09-09,,"umbral 4.5:1 (texto normal, 16.0px); texto: ""GYE 23/07/2026""",sin CMP detectada
106,ecuador,UPS,https://www.ups.edu.ec/,1.4.3,afw4f7,Text has minimum contrast,296,div.row > div.col-3 > a.w-100 > span.sr-only,no,,,,R04,2026-09-09,,"No es un caracter visible: la regla no aplica. Texto oculto visualmente, de tamano cero o desplazado fuera de pantalla.",sin CMP detectada
106,ecuador,UPS,https://www.ups.edu.ec/,1.4.3,afw4f7,Text has minimum contrast,297,div.relacionados > div.row > a.col-9 > span.d-block,si,cumple,9.25:1,,R04,2026-09-09,,"umbral 4.5:1 (texto normal, 16.0px negrita); texto: ""La tercera edición de Reguetón Sinfónico convirtió a la UPS """,sin CMP detectada
106,ecuador,UPS,https://www.ups.edu.ec/,1.4.3,afw4f7,Text has minimum contrast,298,a.col-9 > span.d-block > svg > style,no,,,,R04,2026-09-09,,"No es un caracter visible: la regla no aplica. Texto oculto visualmente, de tamano cero o desplazado fuera de pantalla.",sin CMP detectada
106,ecuador,UPS,https://www.ups.edu.ec/,1.4.3,afw4f7,Text has minimum contrast,299,div.row > a.col-9 > span.d-block > span.news-date,si,cumple,9.25:1,,R04,2026-09-09,,"umbral 4.5:1 (texto normal, 16.0px); texto: ""GYE 23/07/2026""",sin CMP detectada
106,ecuador,UPS,https://www.ups.edu.ec/,1.4.3,afw4f7,Text has minimum contrast,300,div.row > div.col-6 > div.col-12 > a.button_ups2,si,cumple,10.30:1,,R04,2026-09-09,,"umbral 4.5:1 (texto normal, 16.0px); texto: ""Ver más Noticias""",sin CMP detectada
106,ecuador,UPS,https://www.ups.edu.ec/,1.4.3,afw4f7,Text has minimum contrast,301,div.carousel-item > div.ups-slider > span.news-date-contaier > span.news-date,no,,,,R04,2026-09-09,,"No es un caracter visible: la regla no aplica. Texto oculto visualmente, de tamano cero o desplazado fuera de pantalla.",sin CMP detectada
106,ecuador,UPS,https://www.ups.edu.ec/,1.4.3,afw4f7,Text has minimum contrast,302,div.carousel-item > div.ups-slider > a > div.bottom-left-text,no,,,,R04,2026-09-09,,"No es un caracter visible: la regla no aplica. Texto oculto visualmente, de tamano cero o desplazado fuera de pantalla.",sin CMP detectada
106,ecuador,UPS,https://www.ups.edu.ec/,1.4.3,afw4f7,Text has minimum contrast,303,div.carousel-item > div.ups-slider > span.news-date-contaier > span.news-date,no,,,,R04,2026-09-09,,"No es un caracter visible: la regla no aplica. Texto oculto visualmente, de tamano cero o desplazado fuera de pantalla.",sin CMP detectada
106,ecuador,UPS,https://www.ups.edu.ec/,1.4.3,afw4f7,Text has minimum contrast,304,div.carousel-item > div.ups-slider > a > div.bottom-left-text,no,,,,R04,2026-09-09,,"No es un caracter visible: la regla no aplica. Texto oculto visualmente, de tamano cero o desplazado fuera de pantalla.",sin CMP detectada
106,ecuador,UPS,https://www.ups.edu.ec/,1.4.3,afw4f7,Text has minimum contrast,305,div.carousel-item > div.ups-slider > span.news-date-contaier > span.news-date,no,,,,R04,2026-09-09,,"No es un caracter visible: la regla no aplica. Texto oculto visualmente, de tamano cero o desplazado fuera de pantalla.",sin CMP detectada
106,ecuador,UPS,https://www.ups.edu.ec/,1.4.3,afw4f7,Text has minimum contrast,306,div.carousel-item > div.ups-slider > a > div.bottom-left-text,no,,,,R04,2026-09-09,,"No es un caracter visible: la regla no aplica. Texto oculto visualmente, de tamano cero o desplazado fuera de pantalla.",sin CMP detectada
106,ecuador,UPS,https://www.ups.edu.ec/,1.4.3,afw4f7,Text has minimum contrast,307,div.carousel-item > div.ups-slider > span.news-date-contaier > span.news-date,no,,,,R04,2026-09-09,,"No es un caracter visible: la regla no aplica. Texto oculto visualmente, de tamano cero o desplazado fuera de pantalla.",sin CMP detectada
106,ecuador,UPS,https://www.ups.edu.ec/,1.4.3,afw4f7,Text has minimum contrast,308,div.carousel-item > div.ups-slider > a > div.bottom-left-text,no,,,,R04,2026-09-09,,"No es un caracter visible: la regla no aplica. Texto oculto visualmente, de tamano cero o desplazado fuera de pantalla.",sin CMP detectada
106,ecuador,UPS,https://www.ups.edu.ec/,1.4.3,afw4f7,Text has minimum contrast,309,div.carousel-item > div.ups-slider > span.news-date-contaier > span.news-date,no,,,,R04,2026-09-09,,"No es un caracter visible: la regla no aplica. Texto oculto visualmente, de tamano cero o desplazado fuera de pantalla.",sin CMP detectada
106,ecuador,UPS,https://www.ups.edu.ec/,1.4.3,afw4f7,Text has minimum contrast,310,div.carousel-item > div.ups-slider > a > div.bottom-left-text,no,,,,R04,2026-09-09,,"No es un caracter visible: la regla no aplica. Texto oculto visualmente, de tamano cero o desplazado fuera de pantalla.",sin CMP detectada
106,ecuador,UPS,https://www.ups.edu.ec/,1.4.3,afw4f7,Text has minimum contrast,311,div.carousel-item > div.ups-slider > span.news-date-contaier > span.news-date,no,,,,R04,2026-09-09,,"No es un caracter visible: la regla no aplica. Texto oculto visualmente, de tamano cero o desplazado fuera de pantalla.",sin CMP detectada
106,ecuador,UPS,https://www.ups.edu.ec/,1.4.3,afw4f7,Text has minimum contrast,312,div.carousel-item > div.ups-slider > a > div.bottom-left-text,no,,,,R04,2026-09-09,,"No es un caracter visible: la regla no aplica. Texto oculto visualmente, de tamano cero o desplazado fuera de pantalla.",sin CMP detectada
106,ecuador,UPS,https://www.ups.edu.ec/,1.4.3,afw4f7,Text has minimum contrast,313,div.carousel-item > div.ups-slider > span.news-date-contaier > span.news-date,no,,,,R04,2026-09-09,,"No es un caracter visible: la regla no aplica. Texto oculto visualmente, de tamano cero o desplazado fuera de pantalla.",sin CMP detectada
106,ecuador,UPS,https://www.ups.edu.ec/,1.4.3,afw4f7,Text has minimum contrast,314,div.carousel-item > div.ups-slider > a > div.bottom-left-text,no,,,,R04,2026-09-09,,"No es un caracter visible: la regla no aplica. Texto oculto visualmente, de tamano cero o desplazado fuera de pantalla.",sin CMP detectada
106,ecuador,UPS,https://www.ups.edu.ec/,1.4.3,afw4f7,Text has minimum contrast,315,div.carousel-item > div.ups-slider > span.news-date-contaier > span.news-date,no,,,,R04,2026-09-09,,"No es un caracter visible: la regla no aplica. Texto oculto visualmente, de tamano cero o desplazado fuera de pantalla.",sin CMP detectada
106,ecuador,UPS,https://www.ups.edu.ec/,1.4.3,afw4f7,Text has minimum contrast,316,div.carousel-item > div.ups-slider > a > div.bottom-left-text,no,,,,R04,2026-09-09,,"No es un caracter visible: la regla no aplica. Texto oculto visualmente, de tamano cero o desplazado fuera de pantalla.",sin CMP detectada
106,ecuador,UPS,https://www.ups.edu.ec/,1.4.3,afw4f7,Text has minimum contrast,317,div.carousel-item > div.ups-slider > span.news-date-contaier > span.news-date,no,,,,R04,2026-09-09,,"No es un caracter visible: la regla no aplica. Texto oculto visualmente, de tamano cero o desplazado fuera de pantalla.",sin CMP detectada
106,ecuador,UPS,https://www.ups.edu.ec/,1.4.3,afw4f7,Text has minimum contrast,318,div.carousel-item > div.ups-slider > a > div.bottom-left-text,no,,,,R04,2026-09-09,,"No es un caracter visible: la regla no aplica. Texto oculto visualmente, de tamano cero o desplazado fuera de pantalla.",sin CMP detectada
106,ecuador,UPS,https://www.ups.edu.ec/,1.4.3,afw4f7,Text has minimum contrast,319,div.carousel-item > div.ups-slider > span.news-date-contaier > span.news-date,no,,,,R04,2026-09-09,,"No es un caracter visible: la regla no aplica. Texto oculto visualmente, de tamano cero o desplazado fuera de pantalla.",sin CMP detectada
106,ecuador,UPS,https://www.ups.edu.ec/,1.4.3,afw4f7,Text has minimum contrast,320,div.carousel-item > div.ups-slider > a > div.bottom-left-text,no,,,,R04,2026-09-09,,"No es un caracter visible: la regla no aplica. Texto oculto visualmente, de tamano cero o desplazado fuera de pantalla.",sin CMP detectada
106,ecuador,UPS,https://www.ups.edu.ec/,1.4.3,afw4f7,Text has minimum contrast,321,div.carousel-item > div.ups-slider > span.news-date-contaier > span.news-date,no,,,,R04,2026-09-09,,"No es un caracter visible: la regla no aplica. Texto oculto visualmente, de tamano cero o desplazado fuera de pantalla.",sin CMP detectada
106,ecuador,UPS,https://www.ups.edu.ec/,1.4.3,afw4f7,Text has minimum contrast,322,div.carousel-item > div.ups-slider > a > div.bottom-left-text,no,,,,R04,2026-09-09,,"No es un caracter visible: la regla no aplica. Texto oculto visualmente, de tamano cero o desplazado fuera de pantalla.",sin CMP detectada
106,ecuador,UPS,https://www.ups.edu.ec/,1.4.3,afw4f7,Text has minimum contrast,323,div.carousel-item > div.ups-slider > span.news-date-contaier > span.news-date,no,,,,R04,2026-09-09,,"No es un caracter visible: la regla no aplica. Texto oculto visualmente, de tamano cero o desplazado fuera de pantalla.",sin CMP detectada
106,ecuador,UPS,https://www.ups.edu.ec/,1.4.3,afw4f7,Text has minimum contrast,324,div.carousel-item > div.ups-slider > a > div.bottom-left-text,no,,,,R04,2026-09-09,,"No es un caracter visible: la regla no aplica. Texto oculto visualmente, de tamano cero o desplazado fuera de pantalla.",sin CMP detectada
106,ecuador,UPS,https://www.ups.edu.ec/,1.4.3,afw4f7,Text has minimum contrast,325,div.carousel-item > div.ups-slider > span.news-date-contaier > span.news-date,no,,,,R04,2026-09-09,,"No es un caracter visible: la regla no aplica. Texto oculto visualmente, de tamano cero o desplazado fuera de pantalla.",sin CMP detectada
106,ecuador,UPS,https://www.ups.edu.ec/,1.4.3,afw4f7,Text has minimum contrast,326,div.carousel-item > div.ups-slider > a > div.bottom-left-text,no,,,,R04,2026-09-09,,"No es un caracter visible: la regla no aplica. Texto oculto visualmente, de tamano cero o desplazado fuera de pantalla.",sin CMP detectada
106,ecuador,UPS,https://www.ups.edu.ec/,1.4.3,afw4f7,Text has minimum contrast,327,div.carousel-item > div.ups-slider > span.news-date-contaier > span.news-date,no,,,,R04,2026-09-09,,"No es un caracter visible: la regla no aplica. Texto oculto visualmente, de tamano cero o desplazado fuera de pantalla.",sin CMP detectada
106,ecuador,UPS,https://www.ups.edu.ec/,1.4.3,afw4f7,Text has minimum contrast,328,div.carousel-item > div.ups-slider > a > div.bottom-left-text,no,,,,R04,2026-09-09,,"No es un caracter visible: la regla no aplica. Texto oculto visualmente, de tamano cero o desplazado fuera de pantalla.",sin CMP detectada
106,ecuador,UPS,https://www.ups.edu.ec/,1.4.3,afw4f7,Text has minimum contrast,329,div.carousel-item > div.ups-slider > span.news-date-contaier > span.news-date,no,,,,R04,2026-09-09,,"No es un caracter visible: la regla no aplica. Texto oculto visualmente, de tamano cero o desplazado fuera de pantalla.",sin CMP detectada
106,ecuador,UPS,https://www.ups.edu.ec/,1.4.3,afw4f7,Text has minimum contrast,330,div.carousel-item > div.ups-slider > a > div.bottom-left-text,no,,,,R04,2026-09-09,,"No es un caracter visible: la regla no aplica. Texto oculto visualmente, de tamano cero o desplazado fuera de pantalla.",sin CMP detectada
106,ecuador,UPS,https://www.ups.edu.ec/,1.4.3,afw4f7,Text has minimum contrast,331,div.carousel-item > div.ups-slider > span.news-date-contaier > span.news-date,no,,,,R04,2026-09-09,,"No es un caracter visible: la regla no aplica. Texto oculto visualmente, de tamano cero o desplazado fuera de pantalla.",sin CMP detectada
106,ecuador,UPS,https://www.ups.edu.ec/,1.4.3,afw4f7,Text has minimum contrast,332,div.carousel-item > div.ups-slider > a > div.bottom-left-text,no,,,,R04,2026-09-09,,"No es un caracter visible: la regla no aplica. Texto oculto visualmente, de tamano cero o desplazado fuera de pantalla.",sin CMP detectada
106,ecuador,UPS,https://www.ups.edu.ec/,1.4.3,afw4f7,Text has minimum contrast,333,div.row > div.carousel > a.carousel-control-prev > span.sr-only,no,,,,R04,2026-09-09,,"No es un caracter visible: la regla no aplica. Texto oculto visualmente, de tamano cero o desplazado fuera de pantalla.",sin CMP detectada
106,ecuador,UPS,https://www.ups.edu.ec/,1.4.3,afw4f7,Text has minimum contrast,334,div.row > div.carousel > a.carousel-control-next > span.sr-only,no,,,,R04,2026-09-09,,"No es un caracter visible: la regla no aplica. Texto oculto visualmente, de tamano cero o desplazado fuera de pantalla.",sin CMP detectada
106,ecuador,UPS,https://www.ups.edu.ec/,1.4.3,afw4f7,Text has minimum contrast,335,div.col-12 > div.row > div.col-12 > a.button_ups2,no,,,,R04,2026-09-09,,"No es un caracter visible: la regla no aplica. Texto oculto visualmente, de tamano cero o desplazado fuera de pantalla.",sin CMP detectada
106,ecuador,UPS,https://www.ups.edu.ec/,1.4.3,afw4f7,Text has minimum contrast,336,div.row > div.col-12 > span.title > p,si,cumple,11.74:1,,R04,2026-09-09,,"umbral 3:1 (texto grande, 22.4px negrita); texto: ""Eventos UPS""",sin CMP detectada
106,ecuador,UPS,https://www.ups.edu.ec/,1.4.3,afw4f7,Text has minimum contrast,337,div.row > div.col-12 > span.title > p,no,,,,R04,2026-09-09,,"No es un caracter visible: la regla no aplica. Texto oculto visualmente, de tamano cero o desplazado fuera de pantalla.",sin CMP detectada
106,ecuador,UPS,https://www.ups.edu.ec/,1.4.3,afw4f7,Text has minimum contrast,338,a.d-block > span.text-center > p.w-100 > span.d-block,si,cumple,10.54:1,,R04,2026-09-09,,"umbral 4.5:1 (texto normal, 16.0px negrita); texto: ""Intercolegial de Teatro - ""Dos Carátulas""""",sin CMP detectada
106,ecuador,UPS,https://www.ups.edu.ec/,1.4.3,afw4f7,Text has minimum contrast,339,a.d-block > span.text-center > p.w-100 > span.d-block,si,cumple,8.18:1,,R04,2026-09-09,,"umbral 4.5:1 (texto normal, 16.0px); texto: ""GYE 11/09/2026""",sin CMP detectada
106,ecuador,UPS,https://www.ups.edu.ec/,1.4.3,afw4f7,Text has minimum contrast,340,a.d-block > span.text-center > p.w-100 > span.d-block,si,cumple,10.54:1,,R04,2026-09-09,,"umbral 4.5:1 (texto normal, 16.0px); texto: ""Cultural""",sin CMP detectada
106,ecuador,UPS,https://www.ups.edu.ec/,1.4.3,afw4f7,Text has minimum contrast,341,a.d-block > span.text-center > p.w-100 > span.d-block,si,cumple,10.54:1,,R04,2026-09-09,,"umbral 4.5:1 (texto normal, 16.0px negrita); texto: ""Presencial""",sin CMP detectada
106,ecuador,UPS,https://www.ups.edu.ec/,1.4.3,afw4f7,Text has minimum contrast,342,a.d-block > span.text-center > p.w-100 > span.d-block,si,cumple,10.54:1,,R04,2026-09-09,,"umbral 4.5:1 (texto normal, 16.0px negrita); texto: ""Intercolegial de Bandas Musicales""",sin CMP detectada
106,ecuador,UPS,https://www.ups.edu.ec/,1.4.3,afw4f7,Text has minimum contrast,343,a.d-block > span.text-center > p.w-100 > span.d-block,si,cumple,8.18:1,,R04,2026-09-09,,"umbral 4.5:1 (texto normal, 16.0px); texto: ""GYE 12/09/2026""",sin CMP detectada
106,ecuador,UPS,https://www.ups.edu.ec/,1.4.3,afw4f7,Text has minimum contrast,344,a.d-block > span.text-center > p.w-100 > span.d-block,si,cumple,10.54:1,,R04,2026-09-09,,"umbral 4.5:1 (texto normal, 16.0px); texto: ""Cultural""",sin CMP detectada
106,ecuador,UPS,https://www.ups.edu.ec/,1.4.3,afw4f7,Text has minimum contrast,345,a.d-block > span.text-center > p.w-100 > span.d-block,si,cumple,10.54:1,,R04,2026-09-09,,"umbral 4.5:1 (texto normal, 16.0px negrita); texto: ""Presencial""",sin CMP detectada
106,ecuador,UPS,https://www.ups.edu.ec/,1.4.3,afw4f7,Text has minimum contrast,346,a.d-block > span.text-center > p.w-100 > span.d-block,si,cumple,10.54:1,,R04,2026-09-09,,"umbral 4.5:1 (texto normal, 16.0px negrita); texto: ""Intercolegial de Danza - “UPS Dance Fest”""",sin CMP detectada
106,ecuador,UPS,https://www.ups.edu.ec/,1.4.3,afw4f7,Text has minimum contrast,347,a.d-block > span.text-center > p.w-100 > span.d-block,si,cumple,8.18:1,,R04,2026-09-09,,"umbral 4.5:1 (texto normal, 16.0px); texto: ""GYE 16/09/2026""",sin CMP detectada
106,ecuador,UPS,https://www.ups.edu.ec/,1.4.3,afw4f7,Text has minimum contrast,348,a.d-block > span.text-center > p.w-100 > span.d-block,si,cumple,10.54:1,,R04,2026-09-09,,"umbral 4.5:1 (texto normal, 16.0px); texto: ""Cultural""",sin CMP detectada
106,ecuador,UPS,https://www.ups.edu.ec/,1.4.3,afw4f7,Text has minimum contrast,349,a.d-block > span.text-center > p.w-100 > span.d-block,si,cumple,10.54:1,,R04,2026-09-09,,"umbral 4.5:1 (texto normal, 16.0px negrita); texto: ""Presencial""",sin CMP detectada
106,ecuador,UPS,https://www.ups.edu.ec/,1.4.3,afw4f7,Text has minimum contrast,350,a.d-block > span.text-center > p.w-100 > span.d-block,si,cumple,10.54:1,,R04,2026-09-09,,"umbral 4.5:1 (texto normal, 16.0px negrita); texto: ""1er Concurso Intercolegial de Teatro""",sin CMP detectada
106,ecuador,UPS,https://www.ups.edu.ec/,1.4.3,afw4f7,Text has minimum contrast,351,a.d-block > span.text-center > p.w-100 > span.d-block,si,cumple,8.18:1,,R04,2026-09-09,,"umbral 4.5:1 (texto normal, 16.0px); texto: ""UIO 23/09/2026""",sin CMP detectada
106,ecuador,UPS,https://www.ups.edu.ec/,1.4.3,afw4f7,Text has minimum contrast,352,a.d-block > span.text-center > p.w-100 > span.d-block,si,cumple,10.54:1,,R04,2026-09-09,,"umbral 4.5:1 (texto normal, 16.0px); texto: ""Cultural""",sin CMP detectada
106,ecuador,UPS,https://www.ups.edu.ec/,1.4.3,afw4f7,Text has minimum contrast,353,a.d-block > span.text-center > p.w-100 > span.d-block,si,cumple,10.54:1,,R04,2026-09-09,,"umbral 4.5:1 (texto normal, 16.0px negrita); texto: ""Presencial""",sin CMP detectada
106,ecuador,UPS,https://www.ups.edu.ec/,1.4.3,afw4f7,Text has minimum contrast,354,a.d-block > span.text-center > p.w-100 > span.d-block,no,,,,R04,2026-09-09,,"No es un caracter visible: la regla no aplica. Texto oculto visualmente, de tamano cero o desplazado fuera de pantalla.",sin CMP detectada
106,ecuador,UPS,https://www.ups.edu.ec/,1.4.3,afw4f7,Text has minimum contrast,355,a.d-block > span.text-center > p.w-100 > span.d-block,no,,,,R04,2026-09-09,,"No es un caracter visible: la regla no aplica. Texto oculto visualmente, de tamano cero o desplazado fuera de pantalla.",sin CMP detectada
106,ecuador,UPS,https://www.ups.edu.ec/,1.4.3,afw4f7,Text has minimum contrast,356,a.d-block > span.text-center > p.w-100 > span.d-block,no,,,,R04,2026-09-09,,"No es un caracter visible: la regla no aplica. Texto oculto visualmente, de tamano cero o desplazado fuera de pantalla.",sin CMP detectada
106,ecuador,UPS,https://www.ups.edu.ec/,1.4.3,afw4f7,Text has minimum contrast,357,a.d-block > span.text-center > p.w-100 > span.d-block,no,,,,R04,2026-09-09,,"No es un caracter visible: la regla no aplica. Texto oculto visualmente, de tamano cero o desplazado fuera de pantalla.",sin CMP detectada
106,ecuador,UPS,https://www.ups.edu.ec/,1.4.3,afw4f7,Text has minimum contrast,358,a.d-block > span.text-center > p.w-100 > span.d-block,no,,,,R04,2026-09-09,,"No es un caracter visible: la regla no aplica. Texto oculto visualmente, de tamano cero o desplazado fuera de pantalla.",sin CMP detectada
106,ecuador,UPS,https://www.ups.edu.ec/,1.4.3,afw4f7,Text has minimum contrast,359,a.d-block > span.text-center > p.w-100 > span.d-block,no,,,,R04,2026-09-09,,"No es un caracter visible: la regla no aplica. Texto oculto visualmente, de tamano cero o desplazado fuera de pantalla.",sin CMP detectada
106,ecuador,UPS,https://www.ups.edu.ec/,1.4.3,afw4f7,Text has minimum contrast,360,a.d-block > span.text-center > p.w-100 > span.d-block,no,,,,R04,2026-09-09,,"No es un caracter visible: la regla no aplica. Texto oculto visualmente, de tamano cero o desplazado fuera de pantalla.",sin CMP detectada
106,ecuador,UPS,https://www.ups.edu.ec/,1.4.3,afw4f7,Text has minimum contrast,361,a.d-block > span.text-center > p.w-100 > span.d-block,no,,,,R04,2026-09-09,,"No es un caracter visible: la regla no aplica. Texto oculto visualmente, de tamano cero o desplazado fuera de pantalla.",sin CMP detectada
106,ecuador,UPS,https://www.ups.edu.ec/,1.4.3,afw4f7,Text has minimum contrast,362,a.d-block > span.text-center > p.w-100 > span.d-block,no,,,,R04,2026-09-09,,"No es un caracter visible: la regla no aplica. Texto oculto visualmente, de tamano cero o desplazado fuera de pantalla.",sin CMP detectada
106,ecuador,UPS,https://www.ups.edu.ec/,1.4.3,afw4f7,Text has minimum contrast,363,a.d-block > span.text-center > p.w-100 > span.d-block,no,,,,R04,2026-09-09,,"No es un caracter visible: la regla no aplica. Texto oculto visualmente, de tamano cero o desplazado fuera de pantalla.",sin CMP detectada
106,ecuador,UPS,https://www.ups.edu.ec/,1.4.3,afw4f7,Text has minimum contrast,364,a.d-block > span.text-center > p.w-100 > span.d-block,no,,,,R04,2026-09-09,,"No es un caracter visible: la regla no aplica. Texto oculto visualmente, de tamano cero o desplazado fuera de pantalla.",sin CMP detectada
106,ecuador,UPS,https://www.ups.edu.ec/,1.4.3,afw4f7,Text has minimum contrast,365,a.d-block > span.text-center > p.w-100 > span.d-block,no,,,,R04,2026-09-09,,"No es un caracter visible: la regla no aplica. Texto oculto visualmente, de tamano cero o desplazado fuera de pantalla.",sin CMP detectada
106,ecuador,UPS,https://www.ups.edu.ec/,1.4.3,afw4f7,Text has minimum contrast,366,a.d-block > span.text-center > p.w-100 > span.d-block,no,,,,R04,2026-09-09,,"No es un caracter visible: la regla no aplica. Texto oculto visualmente, de tamano cero o desplazado fuera de pantalla.",sin CMP detectada
106,ecuador,UPS,https://www.ups.edu.ec/,1.4.3,afw4f7,Text has minimum contrast,367,a.d-block > span.text-center > p.w-100 > span.d-block,no,,,,R04,2026-09-09,,"No es un caracter visible: la regla no aplica. Texto oculto visualmente, de tamano cero o desplazado fuera de pantalla.",sin CMP detectada
106,ecuador,UPS,https://www.ups.edu.ec/,1.4.3,afw4f7,Text has minimum contrast,368,a.d-block > span.text-center > p.w-100 > span.d-block,no,,,,R04,2026-09-09,,"No es un caracter visible: la regla no aplica. Texto oculto visualmente, de tamano cero o desplazado fuera de pantalla.",sin CMP detectada
106,ecuador,UPS,https://www.ups.edu.ec/,1.4.3,afw4f7,Text has minimum contrast,369,a.d-block > span.text-center > p.w-100 > span.d-block,no,,,,R04,2026-09-09,,"No es un caracter visible: la regla no aplica. Texto oculto visualmente, de tamano cero o desplazado fuera de pantalla.",sin CMP detectada
106,ecuador,UPS,https://www.ups.edu.ec/,1.4.3,afw4f7,Text has minimum contrast,370,a.d-block > span.text-center > p.w-100 > span.d-block,no,,,,R04,2026-09-09,,"No es un caracter visible: la regla no aplica. Texto oculto visualmente, de tamano cero o desplazado fuera de pantalla.",sin CMP detectada
106,ecuador,UPS,https://www.ups.edu.ec/,1.4.3,afw4f7,Text has minimum contrast,371,a.d-block > span.text-center > p.w-100 > span.d-block,no,,,,R04,2026-09-09,,"No es un caracter visible: la regla no aplica. Texto oculto visualmente, de tamano cero o desplazado fuera de pantalla.",sin CMP detectada
106,ecuador,UPS,https://www.ups.edu.ec/,1.4.3,afw4f7,Text has minimum contrast,372,a.d-block > span.text-center > p.w-100 > span.d-block,no,,,,R04,2026-09-09,,"No es un caracter visible: la regla no aplica. Texto oculto visualmente, de tamano cero o desplazado fuera de pantalla.",sin CMP detectada
106,ecuador,UPS,https://www.ups.edu.ec/,1.4.3,afw4f7,Text has minimum contrast,373,a.d-block > span.text-center > p.w-100 > span.d-block,no,,,,R04,2026-09-09,,"No es un caracter visible: la regla no aplica. Texto oculto visualmente, de tamano cero o desplazado fuera de pantalla.",sin CMP detectada
106,ecuador,UPS,https://www.ups.edu.ec/,1.4.3,afw4f7,Text has minimum contrast,374,a.d-block > span.text-center > p.w-100 > span.d-block,no,,,,R04,2026-09-09,,"No es un caracter visible: la regla no aplica. Texto oculto visualmente, de tamano cero o desplazado fuera de pantalla.",sin CMP detectada
106,ecuador,UPS,https://www.ups.edu.ec/,1.4.3,afw4f7,Text has minimum contrast,375,a.d-block > span.text-center > p.w-100 > span.d-block,no,,,,R04,2026-09-09,,"No es un caracter visible: la regla no aplica. Texto oculto visualmente, de tamano cero o desplazado fuera de pantalla.",sin CMP detectada
106,ecuador,UPS,https://www.ups.edu.ec/,1.4.3,afw4f7,Text has minimum contrast,376,a.d-block > span.text-center > p.w-100 > span.d-block,no,,,,R04,2026-09-09,,"No es un caracter visible: la regla no aplica. Texto oculto visualmente, de tamano cero o desplazado fuera de pantalla.",sin CMP detectada
106,ecuador,UPS,https://www.ups.edu.ec/,1.4.3,afw4f7,Text has minimum contrast,377,a.d-block > span.text-center > p.w-100 > span.d-block,no,,,,R04,2026-09-09,,"No es un caracter visible: la regla no aplica. Texto oculto visualmente, de tamano cero o desplazado fuera de pantalla.",sin CMP detectada
106,ecuador,UPS,https://www.ups.edu.ec/,1.4.3,afw4f7,Text has minimum contrast,378,a.d-block > span.text-center > p.w-100 > span.d-block,no,,,,R04,2026-09-09,,"No es un caracter visible: la regla no aplica. Texto oculto visualmente, de tamano cero o desplazado fuera de pantalla.",sin CMP detectada
106,ecuador,UPS,https://www.ups.edu.ec/,1.4.3,afw4f7,Text has minimum contrast,379,a.d-block > span.text-center > p.w-100 > span.d-block,no,,,,R04,2026-09-09,,"No es un caracter visible: la regla no aplica. Texto oculto visualmente, de tamano cero o desplazado fuera de pantalla.",sin CMP detectada
106,ecuador,UPS,https://www.ups.edu.ec/,1.4.3,afw4f7,Text has minimum contrast,380,a.d-block > span.text-center > p.w-100 > span.d-block,no,,,,R04,2026-09-09,,"No es un caracter visible: la regla no aplica. Texto oculto visualmente, de tamano cero o desplazado fuera de pantalla.",sin CMP detectada
106,ecuador,UPS,https://www.ups.edu.ec/,1.4.3,afw4f7,Text has minimum contrast,381,a.d-block > span.text-center > p.w-100 > span.d-block,no,,,,R04,2026-09-09,,"No es un caracter visible: la regla no aplica. Texto oculto visualmente, de tamano cero o desplazado fuera de pantalla.",sin CMP detectada
106,ecuador,UPS,https://www.ups.edu.ec/,1.4.3,afw4f7,Text has minimum contrast,382,a.d-block > span.text-center > p.w-100 > span.d-block,no,,,,R04,2026-09-09,,"No es un caracter visible: la regla no aplica. Texto oculto visualmente, de tamano cero o desplazado fuera de pantalla.",sin CMP detectada
106,ecuador,UPS,https://www.ups.edu.ec/,1.4.3,afw4f7,Text has minimum contrast,383,a.d-block > span.text-center > p.w-100 > span.d-block,no,,,,R04,2026-09-09,,"No es un caracter visible: la regla no aplica. Texto oculto visualmente, de tamano cero o desplazado fuera de pantalla.",sin CMP detectada
106,ecuador,UPS,https://www.ups.edu.ec/,1.4.3,afw4f7,Text has minimum contrast,384,a.d-block > span.text-center > p.w-100 > span.d-block,no,,,,R04,2026-09-09,,"No es un caracter visible: la regla no aplica. Texto oculto visualmente, de tamano cero o desplazado fuera de pantalla.",sin CMP detectada
106,ecuador,UPS,https://www.ups.edu.ec/,1.4.3,afw4f7,Text has minimum contrast,385,a.d-block > span.text-center > p.w-100 > span.d-block,no,,,,R04,2026-09-09,,"No es un caracter visible: la regla no aplica. Texto oculto visualmente, de tamano cero o desplazado fuera de pantalla.",sin CMP detectada
106,ecuador,UPS,https://www.ups.edu.ec/,1.4.3,afw4f7,Text has minimum contrast,386,a.d-block > span.text-center > p.w-100 > span.d-block,no,,,,R04,2026-09-09,,"No es un caracter visible: la regla no aplica. Texto oculto visualmente, de tamano cero o desplazado fuera de pantalla.",sin CMP detectada
106,ecuador,UPS,https://www.ups.edu.ec/,1.4.3,afw4f7,Text has minimum contrast,387,a.d-block > span.text-center > p.w-100 > span.d-block,no,,,,R04,2026-09-09,,"No es un caracter visible: la regla no aplica. Texto oculto visualmente, de tamano cero o desplazado fuera de pantalla.",sin CMP detectada
106,ecuador,UPS,https://www.ups.edu.ec/,1.4.3,afw4f7,Text has minimum contrast,388,a.d-block > span.text-center > p.w-100 > span.d-block,no,,,,R04,2026-09-09,,"No es un caracter visible: la regla no aplica. Texto oculto visualmente, de tamano cero o desplazado fuera de pantalla.",sin CMP detectada
106,ecuador,UPS,https://www.ups.edu.ec/,1.4.3,afw4f7,Text has minimum contrast,389,a.d-block > span.text-center > p.w-100 > span.d-block,no,,,,R04,2026-09-09,,"No es un caracter visible: la regla no aplica. Texto oculto visualmente, de tamano cero o desplazado fuera de pantalla.",sin CMP detectada
106,ecuador,UPS,https://www.ups.edu.ec/,1.4.3,afw4f7,Text has minimum contrast,390,a.d-block > span.text-center > p.w-100 > span.d-block,no,,,,R04,2026-09-09,,"No es un caracter visible: la regla no aplica. Texto oculto visualmente, de tamano cero o desplazado fuera de pantalla.",sin CMP detectada
106,ecuador,UPS,https://www.ups.edu.ec/,1.4.3,afw4f7,Text has minimum contrast,391,a.d-block > span.text-center > p.w-100 > span.d-block,no,,,,R04,2026-09-09,,"No es un caracter visible: la regla no aplica. Texto oculto visualmente, de tamano cero o desplazado fuera de pantalla.",sin CMP detectada
106,ecuador,UPS,https://www.ups.edu.ec/,1.4.3,afw4f7,Text has minimum contrast,392,a.d-block > span.text-center > p.w-100 > span.d-block,no,,,,R04,2026-09-09,,"No es un caracter visible: la regla no aplica. Texto oculto visualmente, de tamano cero o desplazado fuera de pantalla.",sin CMP detectada
106,ecuador,UPS,https://www.ups.edu.ec/,1.4.3,afw4f7,Text has minimum contrast,393,a.d-block > span.text-center > p.w-100 > span.d-block,no,,,,R04,2026-09-09,,"No es un caracter visible: la regla no aplica. Texto oculto visualmente, de tamano cero o desplazado fuera de pantalla.",sin CMP detectada
106,ecuador,UPS,https://www.ups.edu.ec/,1.4.3,afw4f7,Text has minimum contrast,394,a.d-block > span.text-center > p.w-100 > span.d-block,no,,,,R04,2026-09-09,,"No es un caracter visible: la regla no aplica. Texto oculto visualmente, de tamano cero o desplazado fuera de pantalla.",sin CMP detectada
106,ecuador,UPS,https://www.ups.edu.ec/,1.4.3,afw4f7,Text has minimum contrast,395,a.d-block > span.text-center > p.w-100 > span.d-block,no,,,,R04,2026-09-09,,"No es un caracter visible: la regla no aplica. Texto oculto visualmente, de tamano cero o desplazado fuera de pantalla.",sin CMP detectada
106,ecuador,UPS,https://www.ups.edu.ec/,1.4.3,afw4f7,Text has minimum contrast,396,a.d-block > span.text-center > p.w-100 > span.d-block,no,,,,R04,2026-09-09,,"No es un caracter visible: la regla no aplica. Texto oculto visualmente, de tamano cero o desplazado fuera de pantalla.",sin CMP detectada
106,ecuador,UPS,https://www.ups.edu.ec/,1.4.3,afw4f7,Text has minimum contrast,397,a.d-block > span.text-center > p.w-100 > span.d-block,no,,,,R04,2026-09-09,,"No es un caracter visible: la regla no aplica. Texto oculto visualmente, de tamano cero o desplazado fuera de pantalla.",sin CMP detectada
106,ecuador,UPS,https://www.ups.edu.ec/,1.4.3,afw4f7,Text has minimum contrast,398,a.d-block > span.text-center > p.w-100 > span.d-block,no,,,,R04,2026-09-09,,"No es un caracter visible: la regla no aplica. Texto oculto visualmente, de tamano cero o desplazado fuera de pantalla.",sin CMP detectada
106,ecuador,UPS,https://www.ups.edu.ec/,1.4.3,afw4f7,Text has minimum contrast,399,a.d-block > span.text-center > p.w-100 > span.d-block,no,,,,R04,2026-09-09,,"No es un caracter visible: la regla no aplica. Texto oculto visualmente, de tamano cero o desplazado fuera de pantalla.",sin CMP detectada
106,ecuador,UPS,https://www.ups.edu.ec/,1.4.3,afw4f7,Text has minimum contrast,400,a.d-block > span.text-center > p.w-100 > span.d-block,no,,,,R04,2026-09-09,,"No es un caracter visible: la regla no aplica. Texto oculto visualmente, de tamano cero o desplazado fuera de pantalla.",sin CMP detectada
106,ecuador,UPS,https://www.ups.edu.ec/,1.4.3,afw4f7,Text has minimum contrast,401,a.d-block > span.text-center > p.w-100 > span.d-block,no,,,,R04,2026-09-09,,"No es un caracter visible: la regla no aplica. Texto oculto visualmente, de tamano cero o desplazado fuera de pantalla.",sin CMP detectada
106,ecuador,UPS,https://www.ups.edu.ec/,1.4.3,afw4f7,Text has minimum contrast,402,a.d-block > span.text-center > p.w-100 > span.d-block,no,,,,R04,2026-09-09,,"No es un caracter visible: la regla no aplica. Texto oculto visualmente, de tamano cero o desplazado fuera de pantalla.",sin CMP detectada
106,ecuador,UPS,https://www.ups.edu.ec/,1.4.3,afw4f7,Text has minimum contrast,403,a.d-block > span.text-center > p.w-100 > span.d-block,no,,,,R04,2026-09-09,,"No es un caracter visible: la regla no aplica. Texto oculto visualmente, de tamano cero o desplazado fuera de pantalla.",sin CMP detectada
106,ecuador,UPS,https://www.ups.edu.ec/,1.4.3,afw4f7,Text has minimum contrast,404,a.d-block > span.text-center > p.w-100 > span.d-block,no,,,,R04,2026-09-09,,"No es un caracter visible: la regla no aplica. Texto oculto visualmente, de tamano cero o desplazado fuera de pantalla.",sin CMP detectada
106,ecuador,UPS,https://www.ups.edu.ec/,1.4.3,afw4f7,Text has minimum contrast,405,a.d-block > span.text-center > p.w-100 > span.d-block,no,,,,R04,2026-09-09,,"No es un caracter visible: la regla no aplica. Texto oculto visualmente, de tamano cero o desplazado fuera de pantalla.",sin CMP detectada
106,ecuador,UPS,https://www.ups.edu.ec/,1.4.3,afw4f7,Text has minimum contrast,406,a.d-block > span.text-center > p.w-100 > span.d-block,no,,,,R04,2026-09-09,,"No es un caracter visible: la regla no aplica. Texto oculto visualmente, de tamano cero o desplazado fuera de pantalla.",sin CMP detectada
106,ecuador,UPS,https://www.ups.edu.ec/,1.4.3,afw4f7,Text has minimum contrast,407,a.d-block > span.text-center > p.w-100 > span.d-block,no,,,,R04,2026-09-09,,"No es un caracter visible: la regla no aplica. Texto oculto visualmente, de tamano cero o desplazado fuera de pantalla.",sin CMP detectada
106,ecuador,UPS,https://www.ups.edu.ec/,1.4.3,afw4f7,Text has minimum contrast,408,a.d-block > span.text-center > p.w-100 > span.d-block,no,,,,R04,2026-09-09,,"No es un caracter visible: la regla no aplica. Texto oculto visualmente, de tamano cero o desplazado fuera de pantalla.",sin CMP detectada
106,ecuador,UPS,https://www.ups.edu.ec/,1.4.3,afw4f7,Text has minimum contrast,409,a.d-block > span.text-center > p.w-100 > span.d-block,no,,,,R04,2026-09-09,,"No es un caracter visible: la regla no aplica. Texto oculto visualmente, de tamano cero o desplazado fuera de pantalla.",sin CMP detectada
106,ecuador,UPS,https://www.ups.edu.ec/,1.4.3,afw4f7,Text has minimum contrast,410,a.d-block > span.text-center > p.w-100 > span.d-block,no,,,,R04,2026-09-09,,"No es un caracter visible: la regla no aplica. Texto oculto visualmente, de tamano cero o desplazado fuera de pantalla.",sin CMP detectada
106,ecuador,UPS,https://www.ups.edu.ec/,1.4.3,afw4f7,Text has minimum contrast,411,a.d-block > span.text-center > p.w-100 > span.d-block,no,,,,R04,2026-09-09,,"No es un caracter visible: la regla no aplica. Texto oculto visualmente, de tamano cero o desplazado fuera de pantalla.",sin CMP detectada
106,ecuador,UPS,https://www.ups.edu.ec/,1.4.3,afw4f7,Text has minimum contrast,412,a.d-block > span.text-center > p.w-100 > span.d-block,no,,,,R04,2026-09-09,,"No es un caracter visible: la regla no aplica. Texto oculto visualmente, de tamano cero o desplazado fuera de pantalla.",sin CMP detectada
106,ecuador,UPS,https://www.ups.edu.ec/,1.4.3,afw4f7,Text has minimum contrast,413,a.d-block > span.text-center > p.w-100 > span.d-block,no,,,,R04,2026-09-09,,"No es un caracter visible: la regla no aplica. Texto oculto visualmente, de tamano cero o desplazado fuera de pantalla.",sin CMP detectada
106,ecuador,UPS,https://www.ups.edu.ec/,1.4.3,afw4f7,Text has minimum contrast,414,a.d-block > span.text-center > p.w-100 > span.d-block,no,,,,R04,2026-09-09,,"No es un caracter visible: la regla no aplica. Texto oculto visualmente, de tamano cero o desplazado fuera de pantalla.",sin CMP detectada
106,ecuador,UPS,https://www.ups.edu.ec/,1.4.3,afw4f7,Text has minimum contrast,415,a.d-block > span.text-center > p.w-100 > span.d-block,no,,,,R04,2026-09-09,,"No es un caracter visible: la regla no aplica. Texto oculto visualmente, de tamano cero o desplazado fuera de pantalla.",sin CMP detectada
106,ecuador,UPS,https://www.ups.edu.ec/,1.4.3,afw4f7,Text has minimum contrast,416,a.d-block > span.text-center > p.w-100 > span.d-block,no,,,,R04,2026-09-09,,"No es un caracter visible: la regla no aplica. Texto oculto visualmente, de tamano cero o desplazado fuera de pantalla.",sin CMP detectada
106,ecuador,UPS,https://www.ups.edu.ec/,1.4.3,afw4f7,Text has minimum contrast,417,a.d-block > span.text-center > p.w-100 > span.d-block,no,,,,R04,2026-09-09,,"No es un caracter visible: la regla no aplica. Texto oculto visualmente, de tamano cero o desplazado fuera de pantalla.",sin CMP detectada
106,ecuador,UPS,https://www.ups.edu.ec/,1.4.3,afw4f7,Text has minimum contrast,418,a.d-block > span.text-center > p.w-100 > span.d-block,no,,,,R04,2026-09-09,,"No es un caracter visible: la regla no aplica. Texto oculto visualmente, de tamano cero o desplazado fuera de pantalla.",sin CMP detectada
106,ecuador,UPS,https://www.ups.edu.ec/,1.4.3,afw4f7,Text has minimum contrast,419,a.d-block > span.text-center > p.w-100 > span.d-block,no,,,,R04,2026-09-09,,"No es un caracter visible: la regla no aplica. Texto oculto visualmente, de tamano cero o desplazado fuera de pantalla.",sin CMP detectada
106,ecuador,UPS,https://www.ups.edu.ec/,1.4.3,afw4f7,Text has minimum contrast,420,a.d-block > span.text-center > p.w-100 > span.d-block,no,,,,R04,2026-09-09,,"No es un caracter visible: la regla no aplica. Texto oculto visualmente, de tamano cero o desplazado fuera de pantalla.",sin CMP detectada
106,ecuador,UPS,https://www.ups.edu.ec/,1.4.3,afw4f7,Text has minimum contrast,421,a.d-block > span.text-center > p.w-100 > span.d-block,no,,,,R04,2026-09-09,,"No es un caracter visible: la regla no aplica. Texto oculto visualmente, de tamano cero o desplazado fuera de pantalla.",sin CMP detectada
106,ecuador,UPS,https://www.ups.edu.ec/,1.4.3,afw4f7,Text has minimum contrast,422,a.d-block > span.text-center > p.w-100 > span.d-block,no,,,,R04,2026-09-09,,"No es un caracter visible: la regla no aplica. Texto oculto visualmente, de tamano cero o desplazado fuera de pantalla.",sin CMP detectada
106,ecuador,UPS,https://www.ups.edu.ec/,1.4.3,afw4f7,Text has minimum contrast,423,a.d-block > span.text-center > p.w-100 > span.d-block,no,,,,R04,2026-09-09,,"No es un caracter visible: la regla no aplica. Texto oculto visualmente, de tamano cero o desplazado fuera de pantalla.",sin CMP detectada
106,ecuador,UPS,https://www.ups.edu.ec/,1.4.3,afw4f7,Text has minimum contrast,424,a.d-block > span.text-center > p.w-100 > span.d-block,no,,,,R04,2026-09-09,,"No es un caracter visible: la regla no aplica. Texto oculto visualmente, de tamano cero o desplazado fuera de pantalla.",sin CMP detectada
106,ecuador,UPS,https://www.ups.edu.ec/,1.4.3,afw4f7,Text has minimum contrast,425,a.d-block > span.text-center > p.w-100 > span.d-block,no,,,,R04,2026-09-09,,"No es un caracter visible: la regla no aplica. Texto oculto visualmente, de tamano cero o desplazado fuera de pantalla.",sin CMP detectada
106,ecuador,UPS,https://www.ups.edu.ec/,1.4.3,afw4f7,Text has minimum contrast,426,a.d-block > span.text-center > p.w-100 > span.d-block,no,,,,R04,2026-09-09,,"No es un caracter visible: la regla no aplica. Texto oculto visualmente, de tamano cero o desplazado fuera de pantalla.",sin CMP detectada
106,ecuador,UPS,https://www.ups.edu.ec/,1.4.3,afw4f7,Text has minimum contrast,427,a.d-block > span.text-center > p.w-100 > span.d-block,no,,,,R04,2026-09-09,,"No es un caracter visible: la regla no aplica. Texto oculto visualmente, de tamano cero o desplazado fuera de pantalla.",sin CMP detectada
106,ecuador,UPS,https://www.ups.edu.ec/,1.4.3,afw4f7,Text has minimum contrast,428,a.d-block > span.text-center > p.w-100 > span.d-block,no,,,,R04,2026-09-09,,"No es un caracter visible: la regla no aplica. Texto oculto visualmente, de tamano cero o desplazado fuera de pantalla.",sin CMP detectada
106,ecuador,UPS,https://www.ups.edu.ec/,1.4.3,afw4f7,Text has minimum contrast,429,a.d-block > span.text-center > p.w-100 > span.d-block,no,,,,R04,2026-09-09,,"No es un caracter visible: la regla no aplica. Texto oculto visualmente, de tamano cero o desplazado fuera de pantalla.",sin CMP detectada
106,ecuador,UPS,https://www.ups.edu.ec/,1.4.3,afw4f7,Text has minimum contrast,430,a.d-block > span.text-center > p.w-100 > span.d-block,no,,,,R04,2026-09-09,,"No es un caracter visible: la regla no aplica. Texto oculto visualmente, de tamano cero o desplazado fuera de pantalla.",sin CMP detectada
106,ecuador,UPS,https://www.ups.edu.ec/,1.4.3,afw4f7,Text has minimum contrast,431,a.d-block > span.text-center > p.w-100 > span.d-block,no,,,,R04,2026-09-09,,"No es un caracter visible: la regla no aplica. Texto oculto visualmente, de tamano cero o desplazado fuera de pantalla.",sin CMP detectada
106,ecuador,UPS,https://www.ups.edu.ec/,1.4.3,afw4f7,Text has minimum contrast,432,a.d-block > span.text-center > p.w-100 > span.d-block,no,,,,R04,2026-09-09,,"No es un caracter visible: la regla no aplica. Texto oculto visualmente, de tamano cero o desplazado fuera de pantalla.",sin CMP detectada
106,ecuador,UPS,https://www.ups.edu.ec/,1.4.3,afw4f7,Text has minimum contrast,433,a.d-block > span.text-center > p.w-100 > span.d-block,no,,,,R04,2026-09-09,,"No es un caracter visible: la regla no aplica. Texto oculto visualmente, de tamano cero o desplazado fuera de pantalla.",sin CMP detectada
106,ecuador,UPS,https://www.ups.edu.ec/,1.4.3,afw4f7,Text has minimum contrast,434,a.d-block > span.text-center > p.w-100 > span.d-block,no,,,,R04,2026-09-09,,"No es un caracter visible: la regla no aplica. Texto oculto visualmente, de tamano cero o desplazado fuera de pantalla.",sin CMP detectada
106,ecuador,UPS,https://www.ups.edu.ec/,1.4.3,afw4f7,Text has minimum contrast,435,a.d-block > span.text-center > p.w-100 > span.d-block,no,,,,R04,2026-09-09,,"No es un caracter visible: la regla no aplica. Texto oculto visualmente, de tamano cero o desplazado fuera de pantalla.",sin CMP detectada
106,ecuador,UPS,https://www.ups.edu.ec/,1.4.3,afw4f7,Text has minimum contrast,436,a.d-block > span.text-center > p.w-100 > span.d-block,no,,,,R04,2026-09-09,,"No es un caracter visible: la regla no aplica. Texto oculto visualmente, de tamano cero o desplazado fuera de pantalla.",sin CMP detectada
106,ecuador,UPS,https://www.ups.edu.ec/,1.4.3,afw4f7,Text has minimum contrast,437,a.d-block > span.text-center > p.w-100 > span.d-block,no,,,,R04,2026-09-09,,"No es un caracter visible: la regla no aplica. Texto oculto visualmente, de tamano cero o desplazado fuera de pantalla.",sin CMP detectada
106,ecuador,UPS,https://www.ups.edu.ec/,1.4.3,afw4f7,Text has minimum contrast,438,a.d-block > span.text-center > p.w-100 > span.d-block,no,,,,R04,2026-09-09,,"No es un caracter visible: la regla no aplica. Texto oculto visualmente, de tamano cero o desplazado fuera de pantalla.",sin CMP detectada
106,ecuador,UPS,https://www.ups.edu.ec/,1.4.3,afw4f7,Text has minimum contrast,439,a.d-block > span.text-center > p.w-100 > span.d-block,no,,,,R04,2026-09-09,,"No es un caracter visible: la regla no aplica. Texto oculto visualmente, de tamano cero o desplazado fuera de pantalla.",sin CMP detectada
106,ecuador,UPS,https://www.ups.edu.ec/,1.4.3,afw4f7,Text has minimum contrast,440,a.d-block > span.text-center > p.w-100 > span.d-block,no,,,,R04,2026-09-09,,"No es un caracter visible: la regla no aplica. Texto oculto visualmente, de tamano cero o desplazado fuera de pantalla.",sin CMP detectada
106,ecuador,UPS,https://www.ups.edu.ec/,1.4.3,afw4f7,Text has minimum contrast,441,a.d-block > span.text-center > p.w-100 > span.d-block,no,,,,R04,2026-09-09,,"No es un caracter visible: la regla no aplica. Texto oculto visualmente, de tamano cero o desplazado fuera de pantalla.",sin CMP detectada
106,ecuador,UPS,https://www.ups.edu.ec/,1.4.3,afw4f7,Text has minimum contrast,442,a.d-block > span.text-center > p.w-100 > span.d-block,no,,,,R04,2026-09-09,,"No es un caracter visible: la regla no aplica. Texto oculto visualmente, de tamano cero o desplazado fuera de pantalla.",sin CMP detectada
106,ecuador,UPS,https://www.ups.edu.ec/,1.4.3,afw4f7,Text has minimum contrast,443,a.d-block > span.text-center > p.w-100 > span.d-block,no,,,,R04,2026-09-09,,"No es un caracter visible: la regla no aplica. Texto oculto visualmente, de tamano cero o desplazado fuera de pantalla.",sin CMP detectada
106,ecuador,UPS,https://www.ups.edu.ec/,1.4.3,afw4f7,Text has minimum contrast,444,a.d-block > span.text-center > p.w-100 > span.d-block,no,,,,R04,2026-09-09,,"No es un caracter visible: la regla no aplica. Texto oculto visualmente, de tamano cero o desplazado fuera de pantalla.",sin CMP detectada
106,ecuador,UPS,https://www.ups.edu.ec/,1.4.3,afw4f7,Text has minimum contrast,445,a.d-block > span.text-center > p.w-100 > span.d-block,no,,,,R04,2026-09-09,,"No es un caracter visible: la regla no aplica. Texto oculto visualmente, de tamano cero o desplazado fuera de pantalla.",sin CMP detectada
106,ecuador,UPS,https://www.ups.edu.ec/,1.4.3,afw4f7,Text has minimum contrast,446,a.d-block > span.text-center > p.w-100 > span.d-block,no,,,,R04,2026-09-09,,"No es un caracter visible: la regla no aplica. Texto oculto visualmente, de tamano cero o desplazado fuera de pantalla.",sin CMP detectada
106,ecuador,UPS,https://www.ups.edu.ec/,1.4.3,afw4f7,Text has minimum contrast,447,a.d-block > span.text-center > p.w-100 > span.d-block,no,,,,R04,2026-09-09,,"No es un caracter visible: la regla no aplica. Texto oculto visualmente, de tamano cero o desplazado fuera de pantalla.",sin CMP detectada
106,ecuador,UPS,https://www.ups.edu.ec/,1.4.3,afw4f7,Text has minimum contrast,448,a.d-block > span.text-center > p.w-100 > span.d-block,no,,,,R04,2026-09-09,,"No es un caracter visible: la regla no aplica. Texto oculto visualmente, de tamano cero o desplazado fuera de pantalla.",sin CMP detectada
106,ecuador,UPS,https://www.ups.edu.ec/,1.4.3,afw4f7,Text has minimum contrast,449,a.d-block > span.text-center > p.w-100 > span.d-block,no,,,,R04,2026-09-09,,"No es un caracter visible: la regla no aplica. Texto oculto visualmente, de tamano cero o desplazado fuera de pantalla.",sin CMP detectada
106,ecuador,UPS,https://www.ups.edu.ec/,1.4.3,afw4f7,Text has minimum contrast,450,a.d-block > span.text-center > p.w-100 > span.d-block,no,,,,R04,2026-09-09,,"No es un caracter visible: la regla no aplica. Texto oculto visualmente, de tamano cero o desplazado fuera de pantalla.",sin CMP detectada
106,ecuador,UPS,https://www.ups.edu.ec/,1.4.3,afw4f7,Text has minimum contrast,451,a.d-block > span.text-center > p.w-100 > span.d-block,no,,,,R04,2026-09-09,,"No es un caracter visible: la regla no aplica. Texto oculto visualmente, de tamano cero o desplazado fuera de pantalla.",sin CMP detectada
106,ecuador,UPS,https://www.ups.edu.ec/,1.4.3,afw4f7,Text has minimum contrast,452,a.d-block > span.text-center > p.w-100 > span.d-block,no,,,,R04,2026-09-09,,"No es un caracter visible: la regla no aplica. Texto oculto visualmente, de tamano cero o desplazado fuera de pantalla.",sin CMP detectada
106,ecuador,UPS,https://www.ups.edu.ec/,1.4.3,afw4f7,Text has minimum contrast,453,a.d-block > span.text-center > p.w-100 > span.d-block,no,,,,R04,2026-09-09,,"No es un caracter visible: la regla no aplica. Texto oculto visualmente, de tamano cero o desplazado fuera de pantalla.",sin CMP detectada
106,ecuador,UPS,https://www.ups.edu.ec/,1.4.3,afw4f7,Text has minimum contrast,454,a.d-block > span.text-center > p.w-100 > span.d-block,no,,,,R04,2026-09-09,,"No es un caracter visible: la regla no aplica. Texto oculto visualmente, de tamano cero o desplazado fuera de pantalla.",sin CMP detectada
106,ecuador,UPS,https://www.ups.edu.ec/,1.4.3,afw4f7,Text has minimum contrast,455,a.d-block > span.text-center > p.w-100 > span.d-block,no,,,,R04,2026-09-09,,"No es un caracter visible: la regla no aplica. Texto oculto visualmente, de tamano cero o desplazado fuera de pantalla.",sin CMP detectada
106,ecuador,UPS,https://www.ups.edu.ec/,1.4.3,afw4f7,Text has minimum contrast,456,a.d-block > span.text-center > p.w-100 > span.d-block,no,,,,R04,2026-09-09,,"No es un caracter visible: la regla no aplica. Texto oculto visualmente, de tamano cero o desplazado fuera de pantalla.",sin CMP detectada
106,ecuador,UPS,https://www.ups.edu.ec/,1.4.3,afw4f7,Text has minimum contrast,457,a.d-block > span.text-center > p.w-100 > span.d-block,no,,,,R04,2026-09-09,,"No es un caracter visible: la regla no aplica. Texto oculto visualmente, de tamano cero o desplazado fuera de pantalla.",sin CMP detectada
106,ecuador,UPS,https://www.ups.edu.ec/,1.4.3,afw4f7,Text has minimum contrast,458,a.d-block > span.text-center > p.w-100 > span.d-block,no,,,,R04,2026-09-09,,"No es un caracter visible: la regla no aplica. Texto oculto visualmente, de tamano cero o desplazado fuera de pantalla.",sin CMP detectada
106,ecuador,UPS,https://www.ups.edu.ec/,1.4.3,afw4f7,Text has minimum contrast,459,a.d-block > span.text-center > p.w-100 > span.d-block,no,,,,R04,2026-09-09,,"No es un caracter visible: la regla no aplica. Texto oculto visualmente, de tamano cero o desplazado fuera de pantalla.",sin CMP detectada
106,ecuador,UPS,https://www.ups.edu.ec/,1.4.3,afw4f7,Text has minimum contrast,460,a.d-block > span.text-center > p.w-100 > span.d-block,no,,,,R04,2026-09-09,,"No es un caracter visible: la regla no aplica. Texto oculto visualmente, de tamano cero o desplazado fuera de pantalla.",sin CMP detectada
106,ecuador,UPS,https://www.ups.edu.ec/,1.4.3,afw4f7,Text has minimum contrast,461,a.d-block > span.text-center > p.w-100 > span.d-block,no,,,,R04,2026-09-09,,"No es un caracter visible: la regla no aplica. Texto oculto visualmente, de tamano cero o desplazado fuera de pantalla.",sin CMP detectada
106,ecuador,UPS,https://www.ups.edu.ec/,1.4.3,afw4f7,Text has minimum contrast,462,a.d-block > span.text-center > p.w-100 > span.d-block,no,,,,R04,2026-09-09,,"No es un caracter visible: la regla no aplica. Texto oculto visualmente, de tamano cero o desplazado fuera de pantalla.",sin CMP detectada
106,ecuador,UPS,https://www.ups.edu.ec/,1.4.3,afw4f7,Text has minimum contrast,463,a.d-block > span.text-center > p.w-100 > span.d-block,no,,,,R04,2026-09-09,,"No es un caracter visible: la regla no aplica. Texto oculto visualmente, de tamano cero o desplazado fuera de pantalla.",sin CMP detectada
106,ecuador,UPS,https://www.ups.edu.ec/,1.4.3,afw4f7,Text has minimum contrast,464,a.d-block > span.text-center > p.w-100 > span.d-block,no,,,,R04,2026-09-09,,"No es un caracter visible: la regla no aplica. Texto oculto visualmente, de tamano cero o desplazado fuera de pantalla.",sin CMP detectada
106,ecuador,UPS,https://www.ups.edu.ec/,1.4.3,afw4f7,Text has minimum contrast,465,a.d-block > span.text-center > p.w-100 > span.d-block,no,,,,R04,2026-09-09,,"No es un caracter visible: la regla no aplica. Texto oculto visualmente, de tamano cero o desplazado fuera de pantalla.",sin CMP detectada
106,ecuador,UPS,https://www.ups.edu.ec/,1.4.3,afw4f7,Text has minimum contrast,466,section.col-12 > div.carousel > a.carousel-control-prev > span.sr-only,no,,,,R04,2026-09-09,,"No es un caracter visible: la regla no aplica. Texto oculto visualmente, de tamano cero o desplazado fuera de pantalla.",sin CMP detectada
106,ecuador,UPS,https://www.ups.edu.ec/,1.4.3,afw4f7,Text has minimum contrast,467,section.col-12 > div.carousel > a.carousel-control-next > span.sr-only,no,,,,R04,2026-09-09,,"No es un caracter visible: la regla no aplica. Texto oculto visualmente, de tamano cero o desplazado fuera de pantalla.",sin CMP detectada
106,ecuador,UPS,https://www.ups.edu.ec/,1.4.3,afw4f7,Text has minimum contrast,468,div.row > div.ups-internal-box > div.col-12 > a.button_ups2,si,cumple,11.74:1,,R04,2026-09-09,,"umbral 4.5:1 (texto normal, 16.0px); texto: ""Ver más Eventos""",sin CMP detectada
106,ecuador,UPS,https://www.ups.edu.ec/,1.4.3,afw4f7,Text has minimum contrast,469,div.row > div.col-12 > span.title > p,si,cumple,11.74:1,,R04,2026-09-09,,"umbral 3:1 (texto grande, 22.4px negrita); texto: ""Conoce nuestras sedes universitarias""",sin CMP detectada
106,ecuador,UPS,https://www.ups.edu.ec/,1.4.3,afw4f7,Text has minimum contrast,470,div.row > div.col-12 > span.title > p,no,,,,R04,2026-09-09,,"No es un caracter visible: la regla no aplica. Texto oculto visualmente, de tamano cero o desplazado fuera de pantalla.",sin CMP detectada
106,ecuador,UPS,https://www.ups.edu.ec/,1.4.3,afw4f7,Text has minimum contrast,471,div.col-6 > div.bg-gray-ligth-movil > span.sede-titulo > p,si,cumple,11.74:1,,R04,2026-09-09,,"umbral 4.5:1 (texto normal, 18.2px negrita); texto: ""RECTORADO UPS""",sin CMP detectada
106,ecuador,UPS,https://www.ups.edu.ec/,1.4.3,afw4f7,Text has minimum contrast,472,div.bg-gray-ligth-movil > span.sede-detalle > p > strong,si,cumple,11.74:1,,R04,2026-09-09,,"umbral 4.5:1 (texto normal, 13.6px); texto: ""CONTACTO""",sin CMP detectada
106,ecuador,UPS,https://www.ups.edu.ec/,1.4.3,afw4f7,Text has minimum contrast,473,div.bg-gray-ligth-movil > span.sede-detalle > p > strong,si,cumple,11.74:1,,R04,2026-09-09,,"umbral 4.5:1 (texto normal, 13.6px); texto: ""Dirección:""",sin CMP detectada
106,ecuador,UPS,https://www.ups.edu.ec/,1.4.3,afw4f7,Text has minimum contrast,474,div.col-6 > div.bg-gray-ligth-movil > span.sede-detalle > p,si,cumple,11.74:1,,R04,2026-09-09,,"umbral 4.5:1 (texto normal, 13.6px); texto: ""Av. Turuhuayco 3-69 y Calle Vieja""",sin CMP detectada
106,ecuador,UPS,https://www.ups.edu.ec/,1.4.3,afw4f7,Text has minimum contrast,475,div.bg-gray-ligth-movil > span.sede-detalle > p > strong,si,cumple,11.74:1,,R04,2026-09-09,,"umbral 4.5:1 (texto normal, 13.6px); texto: ""Correo electrónico:""",sin CMP detectada
106,ecuador,UPS,https://www.ups.edu.ec/,1.4.3,afw4f7,Text has minimum contrast,476,div.col-6 > div.bg-gray-ligth-movil > span.sede-detalle > p,si,cumple,11.74:1,,R04,2026-09-09,,"umbral 4.5:1 (texto normal, 13.6px); texto: ""srector@ups.edu.ec""",sin CMP detectada
106,ecuador,UPS,https://www.ups.edu.ec/,1.4.3,afw4f7,Text has minimum contrast,477,div.bg-gray-ligth-movil > span.sede-detalle > p > strong,si,cumple,11.74:1,,R04,2026-09-09,,"umbral 4.5:1 (texto normal, 13.6px); texto: ""Telefono:""",sin CMP detectada
106,ecuador,UPS,https://www.ups.edu.ec/,1.4.3,afw4f7,Text has minimum contrast,478,div.col-6 > div.bg-gray-ligth-movil > span.sede-detalle > p,si,cumple,11.74:1,,R04,2026-09-09,,"umbral 4.5:1 (texto normal, 13.6px); texto: ""(+593) 07 4135250""",sin CMP detectada
106,ecuador,UPS,https://www.ups.edu.ec/,1.4.3,afw4f7,Text has minimum contrast,479,div.col-6 > div.h-100 > span.sede-titulo > p,si,cumple,11.74:1,,R04,2026-09-09,,"umbral 4.5:1 (texto normal, 18.2px negrita); texto: ""SEDE MATRIZ CUENCA""",sin CMP detectada
106,ecuador,UPS,https://www.ups.edu.ec/,1.4.3,afw4f7,Text has minimum contrast,480,div.h-100 > span.sede-detalle > p > strong,si,cumple,8.18:1,,R04,2026-09-09,,"umbral 4.5:1 (texto normal, 13.6px); texto: ""DIRECCIÓN TÉCNICA DE ADMISIONES""",sin CMP detectada
106,ecuador,UPS,https://www.ups.edu.ec/,1.4.3,afw4f7,Text has minimum contrast,481,div.col-6 > div.h-100 > span.sede-detalle > p,si,cumple,8.18:1,,R04,2026-09-09,,"umbral 4.5:1 (texto normal, 13.6px); texto: ""Priscila Vallejo Bojorque""",sin CMP detectada
106,ecuador,UPS,https://www.ups.edu.ec/,1.4.3,afw4f7,Text has minimum contrast,482,div.h-100 > span.sede-detalle > p > strong,si,cumple,8.18:1,,R04,2026-09-09,,"umbral 4.5:1 (texto normal, 13.6px); texto: ""Correo electrónico:""",sin CMP detectada
106,ecuador,UPS,https://www.ups.edu.ec/,1.4.3,afw4f7,Text has minimum contrast,483,div.col-6 > div.h-100 > span.sede-detalle > p,si,cumple,8.18:1,,R04,2026-09-09,,"umbral 4.5:1 (texto normal, 13.6px); texto: ""admisionescue@ups.edu.ec""",sin CMP detectada
106,ecuador,UPS,https://www.ups.edu.ec/,1.4.3,afw4f7,Text has minimum contrast,484,div.h-100 > span.sede-detalle > p > strong,si,cumple,8.18:1,,R04,2026-09-09,,"umbral 4.5:1 (texto normal, 13.6px); texto: ""Teléfono:""",sin CMP detectada
106,ecuador,UPS,https://www.ups.edu.ec/,1.4.3,afw4f7,Text has minimum contrast,485,div.col-6 > div.h-100 > span.sede-detalle > p,si,cumple,8.18:1,,R04,2026-09-09,,"umbral 4.5:1 (texto normal, 13.6px); texto: ""(+593) 07 4135250""",sin CMP detectada
106,ecuador,UPS,https://www.ups.edu.ec/,1.4.3,afw4f7,Text has minimum contrast,486,div.h-100 > span.sede-detalle > p > strong,si,cumple,8.18:1,,R04,2026-09-09,,"umbral 4.5:1 (texto normal, 13.6px); texto: ""Ext.:""",sin CMP detectada
106,ecuador,UPS,https://www.ups.edu.ec/,1.4.3,afw4f7,Text has minimum contrast,487,div.h-100 > span.sede-detalle > p > strong,si,cumple,8.18:1,,R04,2026-09-09,,"umbral 4.5:1 (texto normal, 13.6px); texto: ""WhatsApp:""",sin CMP detectada
106,ecuador,UPS,https://www.ups.edu.ec/,1.4.3,afw4f7,Text has minimum contrast,488,div.col-6 > div.h-100 > span.sede-detalle > p,si,cumple,8.18:1,,R04,2026-09-09,,"umbral 4.5:1 (texto normal, 13.6px); texto: ""0995058930""",sin CMP detectada
106,ecuador,UPS,https://www.ups.edu.ec/,1.4.3,afw4f7,Text has minimum contrast,489,div.h-100 > span.sede-detalle > p > b,si,cumple,8.18:1,,R04,2026-09-09,,"umbral 4.5:1 (texto normal, 13.6px); texto: ""Campus El Vecino:""",sin CMP detectada
106,ecuador,UPS,https://www.ups.edu.ec/,1.4.3,afw4f7,Text has minimum contrast,490,div.col-6 > div.h-100 > span.sede-detalle > p,si,cumple,8.18:1,,R04,2026-09-09,,"umbral 4.5:1 (texto normal, 13.6px); texto: ""Calle Vieja 12 - 30 y Elia Liut""",sin CMP detectada
106,ecuador,UPS,https://www.ups.edu.ec/,1.4.3,afw4f7,Text has minimum contrast,491,a.undecoration > div.col-6 > div.bg-gray-ligth-movil > span.sede-titulo,si,cumple,11.74:1,,R04,2026-09-09,,"umbral 4.5:1 (texto normal, 18.2px negrita); texto: ""SEDE QUITO""",sin CMP detectada
106,ecuador,UPS,https://www.ups.edu.ec/,1.4.3,afw4f7,Text has minimum contrast,492,div.bg-gray-ligth-movil > span.sede-detalle > p > strong,si,cumple,8.18:1,,R04,2026-09-09,,"umbral 4.5:1 (texto normal, 13.6px); texto: ""DIRECCIÓN TÉCNICA DE ADMISIONES""",sin CMP detectada
106,ecuador,UPS,https://www.ups.edu.ec/,1.4.3,afw4f7,Text has minimum contrast,493,div.col-6 > div.bg-gray-ligth-movil > span.sede-detalle > p,si,cumple,8.18:1,,R04,2026-09-09,,"umbral 4.5:1 (texto normal, 13.6px); texto: ""Fanny Suárez Cobos""",sin CMP detectada
106,ecuador,UPS,https://www.ups.edu.ec/,1.4.3,afw4f7,Text has minimum contrast,494,div.bg-gray-ligth-movil > span.sede-detalle > p > strong,si,cumple,8.18:1,,R04,2026-09-09,,"umbral 4.5:1 (texto normal, 13.6px); texto: ""Correo electrónico:""",sin CMP detectada
106,ecuador,UPS,https://www.ups.edu.ec/,1.4.3,afw4f7,Text has minimum contrast,495,div.col-6 > div.bg-gray-ligth-movil > span.sede-detalle > p,si,cumple,8.18:1,,R04,2026-09-09,,"umbral 4.5:1 (texto normal, 13.6px); texto: ""admisionesuio@ups.edu.ec""",sin CMP detectada
106,ecuador,UPS,https://www.ups.edu.ec/,1.4.3,afw4f7,Text has minimum contrast,496,div.bg-gray-ligth-movil > span.sede-detalle > p > strong,si,cumple,8.18:1,,R04,2026-09-09,,"umbral 4.5:1 (texto normal, 13.6px); texto: ""Teléfono:""",sin CMP detectada
106,ecuador,UPS,https://www.ups.edu.ec/,1.4.3,afw4f7,Text has minimum contrast,497,div.col-6 > div.bg-gray-ligth-movil > span.sede-detalle > p,si,cumple,8.18:1,,R04,2026-09-09,,"umbral 4.5:1 (texto normal, 13.6px); texto: ""(+593) 02 3962800""",sin CMP detectada
106,ecuador,UPS,https://www.ups.edu.ec/,1.4.3,afw4f7,Text has minimum contrast,498,div.bg-gray-ligth-movil > span.sede-detalle > p > strong,si,cumple,8.18:1,,R04,2026-09-09,,"umbral 4.5:1 (texto normal, 13.6px); texto: ""Ext.:""",sin CMP detectada
106,ecuador,UPS,https://www.ups.edu.ec/,1.4.3,afw4f7,Text has minimum contrast,499,div.bg-gray-ligth-movil > span.sede-detalle > p > strong,si,cumple,8.18:1,,R04,2026-09-09,,"umbral 4.5:1 (texto normal, 13.6px); texto: ""WhatsApp:""",sin CMP detectada
106,ecuador,UPS,https://www.ups.edu.ec/,1.4.3,afw4f7,Text has minimum contrast,500,div.col-6 > div.bg-gray-ligth-movil > span.sede-detalle > p,si,cumple,8.18:1,,R04,2026-09-09,,"umbral 4.5:1 (texto normal, 13.6px); texto: ""0998447486""",sin CMP detectada
106,ecuador,UPS,https://www.ups.edu.ec/,1.4.3,afw4f7,Text has minimum contrast,501,div.bg-gray-ligth-movil > span.sede-detalle > p > b,si,cumple,8.18:1,,R04,2026-09-09,,"umbral 4.5:1 (texto normal, 13.6px); texto: ""Campus El Girón:""",sin CMP detectada
106,ecuador,UPS,https://www.ups.edu.ec/,1.4.3,afw4f7,Text has minimum contrast,502,div.col-6 > div.bg-gray-ligth-movil > span.sede-detalle > p,si,cumple,8.18:1,,R04,2026-09-09,,"umbral 4.5:1 (texto normal, 13.6px); texto: ""Av. Isabel La Católica N. 23-52 y Madrid""",sin CMP detectada
106,ecuador,UPS,https://www.ups.edu.ec/,1.4.3,afw4f7,Text has minimum contrast,503,div.bg-gray-ligth-movil > span.sede-detalle > p > b,si,cumple,8.18:1,,R04,2026-09-09,,"umbral 4.5:1 (texto normal, 13.6px); texto: ""​​​​​​​Campus Sur:""",sin CMP detectada
106,ecuador,UPS,https://www.ups.edu.ec/,1.4.3,afw4f7,Text has minimum contrast,504,div.col-6 > div.bg-gray-ligth-movil > span.sede-detalle > p,si,cumple,8.18:1,,R04,2026-09-09,,"umbral 4.5:1 (texto normal, 13.6px); texto: ""Rumichaca y Morán Valverde s/n""",sin CMP detectada
106,ecuador,UPS,https://www.ups.edu.ec/,1.4.3,afw4f7,Text has minimum contrast,505,div.bg-gray-ligth-movil > span.sede-detalle > p > b,si,cumple,8.18:1,,R04,2026-09-09,,"umbral 4.5:1 (texto normal, 13.6px); texto: ""Extensión Cayambe:""",sin CMP detectada
106,ecuador,UPS,https://www.ups.edu.ec/,1.4.3,afw4f7,Text has minimum contrast,506,div.col-6 > div.bg-gray-ligth-movil > span.sede-detalle > p,si,cumple,8.18:1,,R04,2026-09-09,,"umbral 4.5:1 (texto normal, 13.6px); texto: ""Av. Natalia Jarrín N.3-85 y 9 de octubre""",sin CMP detectada
106,ecuador,UPS,https://www.ups.edu.ec/,1.4.3,afw4f7,Text has minimum contrast,507,a.undecoration > div.col-6 > div.h-100 > span.sede-titulo,si,cumple,11.74:1,,R04,2026-09-09,,"umbral 4.5:1 (texto normal, 18.2px negrita); texto: ""SEDE GUAYAQUIL""",sin CMP detectada
106,ecuador,UPS,https://www.ups.edu.ec/,1.4.3,afw4f7,Text has minimum contrast,508,div.h-100 > span.sede-detalle > p > strong,si,cumple,8.18:1,,R04,2026-09-09,,"umbral 4.5:1 (texto normal, 13.6px); texto: ""DIRECCIÓN TÉCNICA DE ADMISIONES""",sin CMP detectada
106,ecuador,UPS,https://www.ups.edu.ec/,1.4.3,afw4f7,Text has minimum contrast,509,div.col-6 > div.h-100 > span.sede-detalle > p,si,cumple,8.18:1,,R04,2026-09-09,,"umbral 4.5:1 (texto normal, 13.6px); texto: ""Jasmín Castro Pincay""",sin CMP detectada
106,ecuador,UPS,https://www.ups.edu.ec/,1.4.3,afw4f7,Text has minimum contrast,510,div.h-100 > span.sede-detalle > p > strong,si,cumple,8.18:1,,R04,2026-09-09,,"umbral 4.5:1 (texto normal, 13.6px); texto: ""Correo electrónico:""",sin CMP detectada
106,ecuador,UPS,https://www.ups.edu.ec/,1.4.3,afw4f7,Text has minimum contrast,511,div.col-6 > div.h-100 > span.sede-detalle > p,si,cumple,8.18:1,,R04,2026-09-09,,"umbral 4.5:1 (texto normal, 13.6px); texto: ""admisionesgye@ups.edu.ec""",sin CMP detectada
106,ecuador,UPS,https://www.ups.edu.ec/,1.4.3,afw4f7,Text has minimum contrast,512,div.h-100 > span.sede-detalle > p > strong,si,cumple,8.18:1,,R04,2026-09-09,,"umbral 4.5:1 (texto normal, 13.6px); texto: ""Teléfono:""",sin CMP detectada
106,ecuador,UPS,https://www.ups.edu.ec/,1.4.3,afw4f7,Text has minimum contrast,513,div.col-6 > div.h-100 > span.sede-detalle > p,si,cumple,8.18:1,,R04,2026-09-09,,"umbral 4.5:1 (texto normal, 13.6px); texto: ""(+593) 04 2590 630""",sin CMP detectada
106,ecuador,UPS,https://www.ups.edu.ec/,1.4.3,afw4f7,Text has minimum contrast,514,div.h-100 > span.sede-detalle > p > strong,si,cumple,8.18:1,,R04,2026-09-09,,"umbral 4.5:1 (texto normal, 13.6px); texto: ""Ext.:""",sin CMP detectada
106,ecuador,UPS,https://www.ups.edu.ec/,1.4.3,afw4f7,Text has minimum contrast,515,div.h-100 > span.sede-detalle > p > strong,si,cumple,8.18:1,,R04,2026-09-09,,"umbral 4.5:1 (texto normal, 13.6px); texto: ""WhatsApp Chatbot:""",sin CMP detectada
106,ecuador,UPS,https://www.ups.edu.ec/,1.4.3,afw4f7,Text has minimum contrast,516,div.col-6 > div.h-100 > span.sede-detalle > p,si,cumple,8.18:1,,R04,2026-09-09,,"umbral 4.5:1 (texto normal, 13.6px); texto: ""0983713210""",sin CMP detectada
106,ecuador,UPS,https://www.ups.edu.ec/,1.4.3,afw4f7,Text has minimum contrast,517,div.h-100 > span.sede-detalle > p > strong,si,cumple,8.18:1,,R04,2026-09-09,,"umbral 4.5:1 (texto normal, 13.6px); texto: ""Campus Centenario:""",sin CMP detectada
106,ecuador,UPS,https://www.ups.edu.ec/,1.4.3,afw4f7,Text has minimum contrast,518,div.col-6 > div.h-100 > span.sede-detalle > p,si,cumple,8.18:1,,R04,2026-09-09,,"umbral 4.5:1 (texto normal, 13.6px); texto: ""Robles 107 y Chambers""",sin CMP detectada
106,ecuador,UPS,https://www.ups.edu.ec/,1.4.3,afw4f7,Text has minimum contrast,519,div.h-100 > span.sede-detalle > p > strong,si,cumple,8.18:1,,R04,2026-09-09,,"umbral 4.5:1 (texto normal, 13.6px); texto: ""Campus María Auxiliadora:""",sin CMP detectada
106,ecuador,UPS,https://www.ups.edu.ec/,1.4.3,afw4f7,Text has minimum contrast,520,div.col-6 > div.h-100 > span.sede-detalle > p,si,cumple,8.18:1,,R04,2026-09-09,,"umbral 4.5:1 (texto normal, 13.6px); texto: ""Km. 19 Vía a la Costa""",sin CMP detectada
106,ecuador,UPS,https://www.ups.edu.ec/,1.4.3,afw4f7,Text has minimum contrast,521,div.h-100 > span.sede-detalle > p > strong,si,cumple,8.18:1,,R04,2026-09-09,,"umbral 4.5:1 (texto normal, 13.6px); texto: ""Edificio Administrativo:""",sin CMP detectada
106,ecuador,UPS,https://www.ups.edu.ec/,1.4.3,afw4f7,Text has minimum contrast,522,div.col-6 > div.h-100 > span.sede-detalle > p,si,cumple,8.18:1,,R04,2026-09-09,,"umbral 4.5:1 (texto normal, 13.6px); texto: ""Chambers 227 y 5 de Junio""",sin CMP detectada
106,ecuador,UPS,https://www.ups.edu.ec/,1.4.3,afw4f7,Text has minimum contrast,523,ul.row > li.text-center > a.nav-link > span,si,cumple,11.74:1,,R04,2026-09-09,,"umbral 4.5:1 (texto normal, 16.0px); texto: ""Institución""",sin CMP detectada
106,ecuador,UPS,https://www.ups.edu.ec/,1.4.3,afw4f7,Text has minimum contrast,524,div > div.w-1004 > div.col-12 > a.seccionMenuEnlace,si,cumple,11.74:1,,R04,2026-09-09,,"umbral 4.5:1 (texto normal, 16.0px); texto: ""Autoridades""",sin CMP detectada
106,ecuador,UPS,https://www.ups.edu.ec/,1.4.3,afw4f7,Text has minimum contrast,525,div > div.w-1004 > div.col-12 > a.seccionMenuEnlace,si,cumple,11.74:1,,R04,2026-09-09,,"umbral 4.5:1 (texto normal, 16.0px); texto: ""Organigrama""",sin CMP detectada
106,ecuador,UPS,https://www.ups.edu.ec/,1.4.3,afw4f7,Text has minimum contrast,526,div > div.w-1004 > div.col-12 > a.seccionMenuEnlace,si,cumple,11.74:1,,R04,2026-09-09,,"umbral 4.5:1 (texto normal, 16.0px); texto: ""Mapa de Procesos""",sin CMP detectada
106,ecuador,UPS,https://www.ups.edu.ec/,1.4.3,afw4f7,Text has minimum contrast,527,div > div.w-1004 > div.col-12 > a.seccionMenuEnlace,si,cumple,11.74:1,,R04,2026-09-09,,"umbral 4.5:1 (texto normal, 16.0px); texto: ""Planificación""",sin CMP detectada
106,ecuador,UPS,https://www.ups.edu.ec/,1.4.3,afw4f7,Text has minimum contrast,528,div > div.w-1004 > div.col-12 > a.seccionMenuEnlace,si,cumple,11.74:1,,R04,2026-09-09,,"umbral 4.5:1 (texto normal, 16.0px); texto: ""UPS en Cifras""",sin CMP detectada
106,ecuador,UPS,https://www.ups.edu.ec/,1.4.3,afw4f7,Text has minimum contrast,529,div > div.w-1004 > div.col-12 > a.seccionMenuEnlace,si,cumple,11.74:1,,R04,2026-09-09,,"umbral 4.5:1 (texto normal, 16.0px); texto: ""Ciencia de Datos y Procesos""",sin CMP detectada
106,ecuador,UPS,https://www.ups.edu.ec/,1.4.3,afw4f7,Text has minimum contrast,530,div > div.w-1004 > div.col-12 > a.seccionMenuEnlace,si,cumple,11.74:1,,R04,2026-09-09,,"umbral 4.5:1 (texto normal, 16.0px); texto: ""Tecnologías de la Información""",sin CMP detectada
106,ecuador,UPS,https://www.ups.edu.ec/,1.4.3,afw4f7,Text has minimum contrast,531,div > div.w-1004 > div.col-12 > a.seccionMenuEnlace,si,cumple,11.74:1,,R04,2026-09-09,,"umbral 4.5:1 (texto normal, 16.0px); texto: ""Gestión Documental""",sin CMP detectada
106,ecuador,UPS,https://www.ups.edu.ec/,1.4.3,afw4f7,Text has minimum contrast,532,div > div.w-1004 > div.col-12 > a.seccionMenuEnlace,si,cumple,11.74:1,,R04,2026-09-09,,"umbral 4.5:1 (texto normal, 16.0px); texto: ""Unidad de Recepción y Tramitación de Documentos""",sin CMP detectada
106,ecuador,UPS,https://www.ups.edu.ec/,1.4.3,afw4f7,Text has minimum contrast,533,div > div.w-1004 > div.col-12 > a.seccionMenuEnlace,si,cumple,11.74:1,,R04,2026-09-09,,"umbral 4.5:1 (texto normal, 16.0px); texto: ""Normativa""",sin CMP detectada
106,ecuador,UPS,https://www.ups.edu.ec/,1.4.3,afw4f7,Text has minimum contrast,534,div > div.w-1004 > div.col-12 > a.seccionMenuEnlace,si,cumple,11.74:1,,R04,2026-09-09,,"umbral 4.5:1 (texto normal, 16.0px); texto: ""Transparencia""",sin CMP detectada
106,ecuador,UPS,https://www.ups.edu.ec/,1.4.3,afw4f7,Text has minimum contrast,535,div > div.w-1004 > div.col-12 > a.seccionMenuEnlace,si,cumple,11.74:1,,R04,2026-09-09,,"umbral 4.5:1 (texto normal, 16.0px); texto: ""Información Financiera""",sin CMP detectada
106,ecuador,UPS,https://www.ups.edu.ec/,1.4.3,afw4f7,Text has minimum contrast,536,div > div.w-1004 > div.col-12 > a.seccionMenuEnlace,si,cumple,11.74:1,,R04,2026-09-09,,"umbral 4.5:1 (texto normal, 16.0px); texto: ""Imagen Institucional""",sin CMP detectada
106,ecuador,UPS,https://www.ups.edu.ec/,1.4.3,afw4f7,Text has minimum contrast,537,div > div.w-1004 > div.col-12 > a.seccionMenuEnlace,si,cumple,11.74:1,,R04,2026-09-09,,"umbral 4.5:1 (texto normal, 16.0px); texto: ""Participación Ciudadana""",sin CMP detectada
106,ecuador,UPS,https://www.ups.edu.ec/,1.4.3,afw4f7,Text has minimum contrast,538,div > div.w-1004 > div.col-12 > a.seccionMenuEnlace,si,cumple,11.74:1,,R04,2026-09-09,,"umbral 4.5:1 (texto normal, 16.0px); texto: ""Archivo Institucional""",sin CMP detectada
106,ecuador,UPS,https://www.ups.edu.ec/,1.4.3,afw4f7,Text has minimum contrast,539,div > div.w-1004 > div.col-12 > a.seccionMenuEnlace,si,cumple,11.74:1,,R04,2026-09-09,,"umbral 4.5:1 (texto normal, 16.0px); texto: ""Comprobantes electrónicos""",sin CMP detectada
106,ecuador,UPS,https://www.ups.edu.ec/,1.4.3,afw4f7,Text has minimum contrast,540,div > div.w-1004 > div.col-12 > a.seccionMenuEnlace,si,cumple,11.74:1,,R04,2026-09-09,,"umbral 4.5:1 (texto normal, 16.0px); texto: ""Contacto""",sin CMP detectada
106,ecuador,UPS,https://www.ups.edu.ec/,1.4.3,afw4f7,Text has minimum contrast,541,div > div.w-1004 > div.col-12 > a.seccionMenuEnlace,si,cumple,11.74:1,,R04,2026-09-09,,"umbral 4.5:1 (texto normal, 16.0px); texto: ""Museo Abya Yala""",sin CMP detectada
106,ecuador,UPS,https://www.ups.edu.ec/,1.4.3,afw4f7,Text has minimum contrast,542,ul.row > li.text-center > a.nav-link > span,si,cumple,11.74:1,,R04,2026-09-09,,"umbral 4.5:1 (texto normal, 16.0px); texto: ""Identidad Salesiana""",sin CMP detectada
106,ecuador,UPS,https://www.ups.edu.ec/,1.4.3,afw4f7,Text has minimum contrast,543,div > div.w-1004 > div.col-12 > a.seccionMenuEnlace,si,cumple,11.74:1,,R04,2026-09-09,,"umbral 4.5:1 (texto normal, 16.0px); texto: ""Razón de Ser""",sin CMP detectada
106,ecuador,UPS,https://www.ups.edu.ec/,1.4.3,afw4f7,Text has minimum contrast,544,div > div.w-1004 > div.col-12 > a.seccionMenuEnlace,si,cumple,11.74:1,,R04,2026-09-09,,"umbral 4.5:1 (texto normal, 16.0px); texto: ""Reseña Histórica""",sin CMP detectada
106,ecuador,UPS,https://www.ups.edu.ec/,1.4.3,afw4f7,Text has minimum contrast,545,div > div.w-1004 > div.col-12 > a.seccionMenuEnlace,si,cumple,11.74:1,,R04,2026-09-09,,"umbral 4.5:1 (texto normal, 16.0px); texto: ""San Juan Bosco""",sin CMP detectada
106,ecuador,UPS,https://www.ups.edu.ec/,1.4.3,afw4f7,Text has minimum contrast,546,div > div.w-1004 > div.col-12 > a.seccionMenuEnlace,si,cumple,11.74:1,,R04,2026-09-09,,"umbral 4.5:1 (texto normal, 16.0px); texto: ""IUS""",sin CMP detectada
106,ecuador,UPS,https://www.ups.edu.ec/,1.4.3,afw4f7,Text has minimum contrast,547,ul.row > li.text-center > a.nav-link > span,si,cumple,11.74:1,,R04,2026-09-09,,"umbral 4.5:1 (texto normal, 16.0px); texto: ""Prensa""",sin CMP detectada
106,ecuador,UPS,https://www.ups.edu.ec/,1.4.3,afw4f7,Text has minimum contrast,548,div > div.w-1004 > div.col-12 > a.seccionMenuEnlace,si,cumple,11.74:1,,R04,2026-09-09,,"umbral 4.5:1 (texto normal, 16.0px); texto: ""Eventos""",sin CMP detectada
106,ecuador,UPS,https://www.ups.edu.ec/,1.4.3,afw4f7,Text has minimum contrast,549,div > div.w-1004 > div.col-12 > a.seccionMenuEnlace,si,cumple,11.74:1,,R04,2026-09-09,,"umbral 4.5:1 (texto normal, 16.0px); texto: ""Noticias""",sin CMP detectada
106,ecuador,UPS,https://www.ups.edu.ec/,1.4.3,afw4f7,Text has minimum contrast,550,div > div.w-1004 > div.col-12 > a.seccionMenuEnlace,si,cumple,11.74:1,,R04,2026-09-09,,"umbral 4.5:1 (texto normal, 16.0px); texto: ""Publicaciones UPS""",sin CMP detectada
106,ecuador,UPS,https://www.ups.edu.ec/,1.4.3,afw4f7,Text has minimum contrast,551,div > div.w-1004 > div.col-12 > a.seccionMenuEnlace,si,cumple,11.74:1,,R04,2026-09-09,,"umbral 4.5:1 (texto normal, 16.0px); texto: ""Abya Yala - UPS""",sin CMP detectada
106,ecuador,UPS,https://www.ups.edu.ec/,1.4.3,afw4f7,Text has minimum contrast,552,div > div.w-1004 > div.col-12 > a.seccionMenuEnlace,si,cumple,11.74:1,,R04,2026-09-09,,"umbral 4.5:1 (texto normal, 16.0px); texto: ""Colección Documental""",sin CMP detectada
106,ecuador,UPS,https://www.ups.edu.ec/,1.4.3,afw4f7,Text has minimum contrast,553,ul.navbar-nav > li.text-center > a.nav-link > span,no,,,,R04,2026-09-09,,"No es un caracter visible: la regla no aplica. Texto oculto visualmente, de tamano cero o desplazado fuera de pantalla.",sin CMP detectada
106,ecuador,UPS,https://www.ups.edu.ec/,1.4.3,afw4f7,Text has minimum contrast,554,div.dropdown-menu > div.container > div.col-12 > a.dropdown-item,no,,,,R04,2026-09-09,,"No es un caracter visible: la regla no aplica. Texto oculto visualmente, de tamano cero o desplazado fuera de pantalla.",sin CMP detectada
106,ecuador,UPS,https://www.ups.edu.ec/,1.4.3,afw4f7,Text has minimum contrast,555,div.dropdown-menu > div.container > div.col-12 > a.dropdown-item,no,,,,R04,2026-09-09,,"No es un caracter visible: la regla no aplica. Texto oculto visualmente, de tamano cero o desplazado fuera de pantalla.",sin CMP detectada
106,ecuador,UPS,https://www.ups.edu.ec/,1.4.3,afw4f7,Text has minimum contrast,556,div.dropdown-menu > div.container > div.col-12 > a.dropdown-item,no,,,,R04,2026-09-09,,"No es un caracter visible: la regla no aplica. Texto oculto visualmente, de tamano cero o desplazado fuera de pantalla.",sin CMP detectada
106,ecuador,UPS,https://www.ups.edu.ec/,1.4.3,afw4f7,Text has minimum contrast,557,div.dropdown-menu > div.container > div.col-12 > a.dropdown-item,no,,,,R04,2026-09-09,,"No es un caracter visible: la regla no aplica. Texto oculto visualmente, de tamano cero o desplazado fuera de pantalla.",sin CMP detectada
106,ecuador,UPS,https://www.ups.edu.ec/,1.4.3,afw4f7,Text has minimum contrast,558,div.dropdown-menu > div.container > div.col-12 > a.dropdown-item,no,,,,R04,2026-09-09,,"No es un caracter visible: la regla no aplica. Texto oculto visualmente, de tamano cero o desplazado fuera de pantalla.",sin CMP detectada
106,ecuador,UPS,https://www.ups.edu.ec/,1.4.3,afw4f7,Text has minimum contrast,559,div.dropdown-menu > div.container > div.col-12 > a.dropdown-item,no,,,,R04,2026-09-09,,"No es un caracter visible: la regla no aplica. Texto oculto visualmente, de tamano cero o desplazado fuera de pantalla.",sin CMP detectada
106,ecuador,UPS,https://www.ups.edu.ec/,1.4.3,afw4f7,Text has minimum contrast,560,div.dropdown-menu > div.container > div.col-12 > a.dropdown-item,no,,,,R04,2026-09-09,,"No es un caracter visible: la regla no aplica. Texto oculto visualmente, de tamano cero o desplazado fuera de pantalla.",sin CMP detectada
106,ecuador,UPS,https://www.ups.edu.ec/,1.4.3,afw4f7,Text has minimum contrast,561,div.dropdown-menu > div.container > div.col-12 > a.dropdown-item,no,,,,R04,2026-09-09,,"No es un caracter visible: la regla no aplica. Texto oculto visualmente, de tamano cero o desplazado fuera de pantalla.",sin CMP detectada
106,ecuador,UPS,https://www.ups.edu.ec/,1.4.3,afw4f7,Text has minimum contrast,562,div.dropdown-menu > div.container > div.col-12 > a.dropdown-item,no,,,,R04,2026-09-09,,"No es un caracter visible: la regla no aplica. Texto oculto visualmente, de tamano cero o desplazado fuera de pantalla.",sin CMP detectada
106,ecuador,UPS,https://www.ups.edu.ec/,1.4.3,afw4f7,Text has minimum contrast,563,div.dropdown-menu > div.container > div.col-12 > a.dropdown-item,no,,,,R04,2026-09-09,,"No es un caracter visible: la regla no aplica. Texto oculto visualmente, de tamano cero o desplazado fuera de pantalla.",sin CMP detectada
106,ecuador,UPS,https://www.ups.edu.ec/,1.4.3,afw4f7,Text has minimum contrast,564,div.dropdown-menu > div.container > div.col-12 > a.dropdown-item,no,,,,R04,2026-09-09,,"No es un caracter visible: la regla no aplica. Texto oculto visualmente, de tamano cero o desplazado fuera de pantalla.",sin CMP detectada
106,ecuador,UPS,https://www.ups.edu.ec/,1.4.3,afw4f7,Text has minimum contrast,565,div.dropdown-menu > div.container > div.col-12 > a.dropdown-item,no,,,,R04,2026-09-09,,"No es un caracter visible: la regla no aplica. Texto oculto visualmente, de tamano cero o desplazado fuera de pantalla.",sin CMP detectada
106,ecuador,UPS,https://www.ups.edu.ec/,1.4.3,afw4f7,Text has minimum contrast,566,div.dropdown-menu > div.container > div.col-12 > a.dropdown-item,no,,,,R04,2026-09-09,,"No es un caracter visible: la regla no aplica. Texto oculto visualmente, de tamano cero o desplazado fuera de pantalla.",sin CMP detectada
106,ecuador,UPS,https://www.ups.edu.ec/,1.4.3,afw4f7,Text has minimum contrast,567,div.dropdown-menu > div.container > div.col-12 > a.dropdown-item,no,,,,R04,2026-09-09,,"No es un caracter visible: la regla no aplica. Texto oculto visualmente, de tamano cero o desplazado fuera de pantalla.",sin CMP detectada
106,ecuador,UPS,https://www.ups.edu.ec/,1.4.3,afw4f7,Text has minimum contrast,568,div.dropdown-menu > div.container > div.col-12 > a.dropdown-item,no,,,,R04,2026-09-09,,"No es un caracter visible: la regla no aplica. Texto oculto visualmente, de tamano cero o desplazado fuera de pantalla.",sin CMP detectada
106,ecuador,UPS,https://www.ups.edu.ec/,1.4.3,afw4f7,Text has minimum contrast,569,div.dropdown-menu > div.container > div.col-12 > a.dropdown-item,no,,,,R04,2026-09-09,,"No es un caracter visible: la regla no aplica. Texto oculto visualmente, de tamano cero o desplazado fuera de pantalla.",sin CMP detectada
106,ecuador,UPS,https://www.ups.edu.ec/,1.4.3,afw4f7,Text has minimum contrast,570,div.dropdown-menu > div.container > div.col-12 > a.dropdown-item,no,,,,R04,2026-09-09,,"No es un caracter visible: la regla no aplica. Texto oculto visualmente, de tamano cero o desplazado fuera de pantalla.",sin CMP detectada
106,ecuador,UPS,https://www.ups.edu.ec/,1.4.3,afw4f7,Text has minimum contrast,571,div.dropdown-menu > div.container > div.col-12 > a.dropdown-item,no,,,,R04,2026-09-09,,"No es un caracter visible: la regla no aplica. Texto oculto visualmente, de tamano cero o desplazado fuera de pantalla.",sin CMP detectada
106,ecuador,UPS,https://www.ups.edu.ec/,1.4.3,afw4f7,Text has minimum contrast,572,ul.navbar-nav > li.text-center > a.nav-link > span,no,,,,R04,2026-09-09,,"No es un caracter visible: la regla no aplica. Texto oculto visualmente, de tamano cero o desplazado fuera de pantalla.",sin CMP detectada
106,ecuador,UPS,https://www.ups.edu.ec/,1.4.3,afw4f7,Text has minimum contrast,573,div.dropdown-menu > div.container > div.col-12 > a.dropdown-item,no,,,,R04,2026-09-09,,"No es un caracter visible: la regla no aplica. Texto oculto visualmente, de tamano cero o desplazado fuera de pantalla.",sin CMP detectada
106,ecuador,UPS,https://www.ups.edu.ec/,1.4.3,afw4f7,Text has minimum contrast,574,div.dropdown-menu > div.container > div.col-12 > a.dropdown-item,no,,,,R04,2026-09-09,,"No es un caracter visible: la regla no aplica. Texto oculto visualmente, de tamano cero o desplazado fuera de pantalla.",sin CMP detectada
106,ecuador,UPS,https://www.ups.edu.ec/,1.4.3,afw4f7,Text has minimum contrast,575,div.dropdown-menu > div.container > div.col-12 > a.dropdown-item,no,,,,R04,2026-09-09,,"No es un caracter visible: la regla no aplica. Texto oculto visualmente, de tamano cero o desplazado fuera de pantalla.",sin CMP detectada
106,ecuador,UPS,https://www.ups.edu.ec/,1.4.3,afw4f7,Text has minimum contrast,576,div.dropdown-menu > div.container > div.col-12 > a.dropdown-item,no,,,,R04,2026-09-09,,"No es un caracter visible: la regla no aplica. Texto oculto visualmente, de tamano cero o desplazado fuera de pantalla.",sin CMP detectada
106,ecuador,UPS,https://www.ups.edu.ec/,1.4.3,afw4f7,Text has minimum contrast,577,ul.navbar-nav > li.text-center > a.nav-link > span,no,,,,R04,2026-09-09,,"No es un caracter visible: la regla no aplica. Texto oculto visualmente, de tamano cero o desplazado fuera de pantalla.",sin CMP detectada
106,ecuador,UPS,https://www.ups.edu.ec/,1.4.3,afw4f7,Text has minimum contrast,578,div.dropdown-menu > div.container > div.col-12 > a.dropdown-item,no,,,,R04,2026-09-09,,"No es un caracter visible: la regla no aplica. Texto oculto visualmente, de tamano cero o desplazado fuera de pantalla.",sin CMP detectada
106,ecuador,UPS,https://www.ups.edu.ec/,1.4.3,afw4f7,Text has minimum contrast,579,div.dropdown-menu > div.container > div.col-12 > a.dropdown-item,no,,,,R04,2026-09-09,,"No es un caracter visible: la regla no aplica. Texto oculto visualmente, de tamano cero o desplazado fuera de pantalla.",sin CMP detectada
106,ecuador,UPS,https://www.ups.edu.ec/,1.4.3,afw4f7,Text has minimum contrast,580,div.dropdown-menu > div.container > div.col-12 > a.dropdown-item,no,,,,R04,2026-09-09,,"No es un caracter visible: la regla no aplica. Texto oculto visualmente, de tamano cero o desplazado fuera de pantalla.",sin CMP detectada
106,ecuador,UPS,https://www.ups.edu.ec/,1.4.3,afw4f7,Text has minimum contrast,581,div.dropdown-menu > div.container > div.col-12 > a.dropdown-item,no,,,,R04,2026-09-09,,"No es un caracter visible: la regla no aplica. Texto oculto visualmente, de tamano cero o desplazado fuera de pantalla.",sin CMP detectada
106,ecuador,UPS,https://www.ups.edu.ec/,1.4.3,afw4f7,Text has minimum contrast,582,div.dropdown-menu > div.container > div.col-12 > a.dropdown-item,no,,,,R04,2026-09-09,,"No es un caracter visible: la regla no aplica. Texto oculto visualmente, de tamano cero o desplazado fuera de pantalla.",sin CMP detectada
106,ecuador,UPS,https://www.ups.edu.ec/,1.4.3,afw4f7,Text has minimum contrast,583,div.row > div.col-12 > span.title > p,si,cumple,11.74:1,,R04,2026-09-09,,"umbral 3:1 (texto grande, 22.4px negrita); texto: ""Síguenos""",sin CMP detectada
106,ecuador,UPS,https://www.ups.edu.ec/,1.4.3,afw4f7,Text has minimum contrast,584,div.row > div.col-12 > span.title > p,no,,,,R04,2026-09-09,,"No es un caracter visible: la regla no aplica. Texto oculto visualmente, de tamano cero o desplazado fuera de pantalla.",sin CMP detectada
106,ecuador,UPS,https://www.ups.edu.ec/,1.4.3,afw4f7,Text has minimum contrast,585,a.ico-container > svg > defs > style,no,,,,R04,2026-09-09,,"No es un caracter visible: la regla no aplica. Texto oculto visualmente, de tamano cero o desplazado fuera de pantalla.",sin CMP detectada
106,ecuador,UPS,https://www.ups.edu.ec/,1.4.3,afw4f7,Text has minimum contrast,586,div.col > a.ico-container > svg > title,no,,,,R04,2026-09-09,,"No es un caracter visible: la regla no aplica. Texto oculto visualmente, de tamano cero o desplazado fuera de pantalla.",sin CMP detectada
106,ecuador,UPS,https://www.ups.edu.ec/,1.4.3,afw4f7,Text has minimum contrast,587,a.ico-container > svg > defs > style,no,,,,R04,2026-09-09,,"No es un caracter visible: la regla no aplica. Texto oculto visualmente, de tamano cero o desplazado fuera de pantalla.",sin CMP detectada
106,ecuador,UPS,https://www.ups.edu.ec/,1.4.3,afw4f7,Text has minimum contrast,588,div.col > a.ico-container > svg > title,no,,,,R04,2026-09-09,,"No es un caracter visible: la regla no aplica. Texto oculto visualmente, de tamano cero o desplazado fuera de pantalla.",sin CMP detectada
106,ecuador,UPS,https://www.ups.edu.ec/,1.4.3,afw4f7,Text has minimum contrast,589,a.ico-container > svg > defs > style,no,,,,R04,2026-09-09,,"No es un caracter visible: la regla no aplica. Texto oculto visualmente, de tamano cero o desplazado fuera de pantalla.",sin CMP detectada
106,ecuador,UPS,https://www.ups.edu.ec/,1.4.3,afw4f7,Text has minimum contrast,590,a.ico-container > svg > defs > style,no,,,,R04,2026-09-09,,"No es un caracter visible: la regla no aplica. Texto oculto visualmente, de tamano cero o desplazado fuera de pantalla.",sin CMP detectada
106,ecuador,UPS,https://www.ups.edu.ec/,1.4.3,afw4f7,Text has minimum contrast,591,div.col > a.ico-container > svg > title,no,,,,R04,2026-09-09,,"No es un caracter visible: la regla no aplica. Texto oculto visualmente, de tamano cero o desplazado fuera de pantalla.",sin CMP detectada
106,ecuador,UPS,https://www.ups.edu.ec/,1.4.3,afw4f7,Text has minimum contrast,592,a.ico-container > svg > defs > style,no,,,,R04,2026-09-09,,"No es un caracter visible: la regla no aplica. Texto oculto visualmente, de tamano cero o desplazado fuera de pantalla.",sin CMP detectada
106,ecuador,UPS,https://www.ups.edu.ec/,1.4.3,afw4f7,Text has minimum contrast,593,div.col > a.ico-container > svg > title,no,,,,R04,2026-09-09,,"No es un caracter visible: la regla no aplica. Texto oculto visualmente, de tamano cero o desplazado fuera de pantalla.",sin CMP detectada
106,ecuador,UPS,https://www.ups.edu.ec/,1.4.3,afw4f7,Text has minimum contrast,594,a.ico-container > svg > defs > style,no,,,,R04,2026-09-09,,"No es un caracter visible: la regla no aplica. Texto oculto visualmente, de tamano cero o desplazado fuera de pantalla.",sin CMP detectada
106,ecuador,UPS,https://www.ups.edu.ec/,1.4.3,afw4f7,Text has minimum contrast,595,div.col > a.ico-container > svg > title,no,,,,R04,2026-09-09,,"No es un caracter visible: la regla no aplica. Texto oculto visualmente, de tamano cero o desplazado fuera de pantalla.",sin CMP detectada
106,ecuador,UPS,https://www.ups.edu.ec/,1.4.3,afw4f7,Text has minimum contrast,596,a.bg-blue > svg > defs > style,no,,,,R04,2026-09-09,,"No es un caracter visible: la regla no aplica. Texto oculto visualmente, de tamano cero o desplazado fuera de pantalla.",sin CMP detectada
106,ecuador,UPS,https://www.ups.edu.ec/,1.4.3,afw4f7,Text has minimum contrast,597,div.col-12 > a.bg-blue > svg > title,no,,,,R04,2026-09-09,,"No es un caracter visible: la regla no aplica. Texto oculto visualmente, de tamano cero o desplazado fuera de pantalla.",sin CMP detectada
106,ecuador,UPS,https://www.ups.edu.ec/,1.4.3,afw4f7,Text has minimum contrast,598,a.bg-blue > svg > defs > style,no,,,,R04,2026-09-09,,"No es un caracter visible: la regla no aplica. Texto oculto visualmente, de tamano cero o desplazado fuera de pantalla.",sin CMP detectada
106,ecuador,UPS,https://www.ups.edu.ec/,1.4.3,afw4f7,Text has minimum contrast,599,div.col-12 > a.bg-blue > svg > title,no,,,,R04,2026-09-09,,"No es un caracter visible: la regla no aplica. Texto oculto visualmente, de tamano cero o desplazado fuera de pantalla.",sin CMP detectada
106,ecuador,UPS,https://www.ups.edu.ec/,1.1.1,e88epe,Image not in the accessibility tree is decorative,1,div.autofit-col > a > span.company-details > img.company-logo,no,,,,R04,2026-09-09,,Fuera del arbol de accesibilidad: se trata como decorativa.,sin CMP detectada
106,ecuador,UPS,https://www.ups.edu.ec/,1.1.1,e88epe,Image not in the accessibility tree is decorative,2,div.autofit-row > div.autofit-col > a.d-inline-block > svg,no,,,,R04,2026-09-09,,Fuera del arbol de accesibilidad: se trata como decorativa.,sin CMP detectada
106,ecuador,UPS,https://www.ups.edu.ec/,1.1.1,e88epe,Image not in the accessibility tree is decorative,3,div.portlet-body > div.p01_boton_dark_mode > a.bg-blue > svg,no,,,,R04,2026-09-09,,Fuera del arbol de accesibilidad: se trata como decorativa.,sin CMP detectada
106,ecuador,UPS,https://www.ups.edu.ec/,1.1.1,e88epe,Image not in the accessibility tree is decorative,4,div.portlet-body > div.p01_boton_dark_mode > a.bg-blue > svg,no,,,,R04,2026-09-09,,Fuera del arbol de accesibilidad: se trata como decorativa.,sin CMP detectada
106,ecuador,UPS,https://www.ups.edu.ec/,1.1.1,e88epe,Image not in the accessibility tree is decorative,5,#Capa_1,no,,,,R04,2026-09-09,,Fuera del arbol de accesibilidad: se trata como decorativa.,sin CMP detectada
106,ecuador,UPS,https://www.ups.edu.ec/,1.1.1,e88epe,Image not in the accessibility tree is decorative,6,#Capa_1,no,,,,R04,2026-09-09,,Fuera del arbol de accesibilidad: se trata como decorativa.,sin CMP detectada
106,ecuador,UPS,https://www.ups.edu.ec/,1.1.1,e88epe,Image not in the accessibility tree is decorative,7,#Capa_1,no,,,,R04,2026-09-09,,Fuera del arbol de accesibilidad: se trata como decorativa.,sin CMP detectada
106,ecuador,UPS,https://www.ups.edu.ec/,1.1.1,e88epe,Image not in the accessibility tree is decorative,8,div.portlet-body > div.p01_languaje_combo > span.inline-item > img,no,,,,R04,2026-09-09,,Fuera del arbol de accesibilidad: se trata como decorativa.,sin CMP detectada
106,ecuador,UPS,https://www.ups.edu.ec/,1.1.1,e88epe,Image not in the accessibility tree is decorative,9,div.p01_languaje_combo > div.options > a.inline-item > img,no,,,,R04,2026-09-09,,Fuera del arbol de accesibilidad: se trata como decorativa.,sin CMP detectada
106,ecuador,UPS,https://www.ups.edu.ec/,1.1.1,23a2a8,Image has non-empty accessible name,10,nav.nav-ups > div.ml-2 > a > img.nav-logo-img,si,cumple,,,R04,2026-09-09,,"nombre accesible: ""logo ups""",sin CMP detectada
106,ecuador,UPS,https://www.ups.edu.ec/,1.1.1,qt1vmo,Image accessible name is descriptive,10,nav.nav-ups > div.ml-2 > a > img.nav-logo-img,si,REVISAR,,,R04,2026-09-09,,"JUICIO HUMANO. ¿El nombre sirve un proposito equivalente al contenido no textual? nombre: ""logo ups"" | src: https://www.ups.edu.ec/documents/20121/50266/logoupscolor.svg",sin CMP detectada
106,ecuador,UPS,https://www.ups.edu.ec/,1.1.1,e88epe,Image not in the accessibility tree is decorative,11,#Capa_1,no,,,,R04,2026-09-09,,Fuera del arbol de accesibilidad: se trata como decorativa.,sin CMP detectada
106,ecuador,UPS,https://www.ups.edu.ec/,1.1.1,e88epe,Image not in the accessibility tree is decorative,12,#Capa_1,no,,,,R04,2026-09-09,,Fuera del arbol de accesibilidad: se trata como decorativa.,sin CMP detectada
106,ecuador,UPS,https://www.ups.edu.ec/,1.1.1,e88epe,Image not in the accessibility tree is decorative,13,#Capa_1,no,,,,R04,2026-09-09,,Fuera del arbol de accesibilidad: se trata como decorativa.,sin CMP detectada
106,ecuador,UPS,https://www.ups.edu.ec/,1.1.1,e88epe,Image not in the accessibility tree is decorative,14,div.portlet-body > div.p01_languaje_inline > a.inline-item > img,no,,,,R04,2026-09-09,,Fuera del arbol de accesibilidad: se trata como decorativa.,sin CMP detectada
106,ecuador,UPS,https://www.ups.edu.ec/,1.1.1,e88epe,Image not in the accessibility tree is decorative,15,div.portlet-body > div.p01_languaje_inline > a.inline-item > img,no,,,,R04,2026-09-09,,Fuera del arbol de accesibilidad: se trata como decorativa.,sin CMP detectada
106,ecuador,UPS,https://www.ups.edu.ec/,1.1.1,e88epe,Image not in the accessibility tree is decorative,16,div.portlet-body > div.p01_boton_dark_mode > a.bg-blue > svg,no,,,,R04,2026-09-09,,Fuera del arbol de accesibilidad: se trata como decorativa.,sin CMP detectada
106,ecuador,UPS,https://www.ups.edu.ec/,1.1.1,e88epe,Image not in the accessibility tree is decorative,17,div.portlet-body > div.p01_boton_dark_mode > a.bg-blue > svg,no,,,,R04,2026-09-09,,Fuera del arbol de accesibilidad: se trata como decorativa.,sin CMP detectada
106,ecuador,UPS,https://www.ups.edu.ec/,1.1.1,23a2a8,Image has non-empty accessible name,18,#ico_1,si,cumple,,,R04,2026-09-09,,"nombre accesible: ""facebook""",sin CMP detectada
106,ecuador,UPS,https://www.ups.edu.ec/,1.1.1,qt1vmo,Image accessible name is descriptive,18,#ico_1,si,REVISAR,,,R04,2026-09-09,,"JUICIO HUMANO. ¿El nombre sirve un proposito equivalente al contenido no textual? nombre: ""facebook"" | src: ",sin CMP detectada
106,ecuador,UPS,https://www.ups.edu.ec/,1.1.1,23a2a8,Image has non-empty accessible name,19,#ico_2,si,cumple,,,R04,2026-09-09,,"nombre accesible: ""instagram""",sin CMP detectada
106,ecuador,UPS,https://www.ups.edu.ec/,1.1.1,qt1vmo,Image accessible name is descriptive,19,#ico_2,si,REVISAR,,,R04,2026-09-09,,"JUICIO HUMANO. ¿El nombre sirve un proposito equivalente al contenido no textual? nombre: ""instagram"" | src: ",sin CMP detectada
106,ecuador,UPS,https://www.ups.edu.ec/,1.1.1,23a2a8,Image has non-empty accessible name,20,#ico_3,si,cumple,,,R04,2026-09-09,,"nombre accesible: "".a { fill: #fff; stroke-width: 0px; }""",sin CMP detectada
106,ecuador,UPS,https://www.ups.edu.ec/,1.1.1,qt1vmo,Image accessible name is descriptive,20,#ico_3,si,REVISAR,,,R04,2026-09-09,,"JUICIO HUMANO. ¿El nombre sirve un proposito equivalente al contenido no textual? nombre: "".a { fill: #fff; stroke-width: 0px; }"" | src: ",sin CMP detectada
106,ecuador,UPS,https://www.ups.edu.ec/,1.1.1,23a2a8,Image has non-empty accessible name,21,#ico_4,si,cumple,,,R04,2026-09-09,,"nombre accesible: ""youtube""",sin CMP detectada
106,ecuador,UPS,https://www.ups.edu.ec/,1.1.1,qt1vmo,Image accessible name is descriptive,21,#ico_4,si,REVISAR,,,R04,2026-09-09,,"JUICIO HUMANO. ¿El nombre sirve un proposito equivalente al contenido no textual? nombre: ""youtube"" | src: ",sin CMP detectada
106,ecuador,UPS,https://www.ups.edu.ec/,1.1.1,23a2a8,Image has non-empty accessible name,22,#ico_5,si,cumple,,,R04,2026-09-09,,"nombre accesible: ""linkedin""",sin CMP detectada
106,ecuador,UPS,https://www.ups.edu.ec/,1.1.1,qt1vmo,Image accessible name is descriptive,22,#ico_5,si,REVISAR,,,R04,2026-09-09,,"JUICIO HUMANO. ¿El nombre sirve un proposito equivalente al contenido no textual? nombre: ""linkedin"" | src: ",sin CMP detectada
106,ecuador,UPS,https://www.ups.edu.ec/,1.1.1,23a2a8,Image has non-empty accessible name,23,#ico_6,si,cumple,,,R04,2026-09-09,,"nombre accesible: ""pinterest copia""",sin CMP detectada
106,ecuador,UPS,https://www.ups.edu.ec/,1.1.1,qt1vmo,Image accessible name is descriptive,23,#ico_6,si,REVISAR,,,R04,2026-09-09,,"JUICIO HUMANO. ¿El nombre sirve un proposito equivalente al contenido no textual? nombre: ""pinterest copia"" | src: ",sin CMP detectada
106,ecuador,UPS,https://www.ups.edu.ec/,1.1.1,e88epe,Image not in the accessibility tree is decorative,24,div.carousel-item > div.ups-slider > a.h-inherit > img.centered-text,no,,,,R04,2026-09-09,,Fuera del arbol de accesibilidad: se trata como decorativa.,sin CMP detectada
106,ecuador,UPS,https://www.ups.edu.ec/,1.1.1,e88epe,Image not in the accessibility tree is decorative,25,div.carousel-item > div.ups-slider > a.h-inherit > img.centered-text,no,,,,R04,2026-09-09,,Fuera del arbol de accesibilidad: se trata como decorativa.,sin CMP detectada
106,ecuador,UPS,https://www.ups.edu.ec/,1.1.1,e88epe,Image not in the accessibility tree is decorative,26,div.carousel-item > div.ups-slider > a.h-inherit > img.centered-text,no,,,,R04,2026-09-09,,Fuera del arbol de accesibilidad: se trata como decorativa.,sin CMP detectada
106,ecuador,UPS,https://www.ups.edu.ec/,1.1.1,e88epe,Image not in the accessibility tree is decorative,27,div.carousel-item > div.ups-slider > a.h-inherit > img.centered-text,no,,,,R04,2026-09-09,,Fuera del arbol de accesibilidad: se trata como decorativa.,sin CMP detectada
106,ecuador,UPS,https://www.ups.edu.ec/,1.1.1,e88epe,Image not in the accessibility tree is decorative,28,div.carousel-item > div.ups-slider > a.h-inherit > img.centered-text,no,,,,R04,2026-09-09,,Fuera del arbol de accesibilidad: se trata como decorativa.,sin CMP detectada
106,ecuador,UPS,https://www.ups.edu.ec/,1.1.1,e88epe,Image not in the accessibility tree is decorative,29,div.carousel-item > div.ups-slider > a.h-inherit > img.centered-text,no,,,,R04,2026-09-09,,Fuera del arbol de accesibilidad: se trata como decorativa.,sin CMP detectada
106,ecuador,UPS,https://www.ups.edu.ec/,1.1.1,e88epe,Image not in the accessibility tree is decorative,30,div.carousel-item > div.ups-slider > a.h-inherit > img.centered-text,no,,,,R04,2026-09-09,,Fuera del arbol de accesibilidad: se trata como decorativa.,sin CMP detectada
106,ecuador,UPS,https://www.ups.edu.ec/,1.1.1,e88epe,Image not in the accessibility tree is decorative,31,div.carousel-item > div.ups-slider > a.h-inherit > img.centered-text,no,,,,R04,2026-09-09,,Fuera del arbol de accesibilidad: se trata como decorativa.,sin CMP detectada
106,ecuador,UPS,https://www.ups.edu.ec/,1.1.1,23a2a8,Image has non-empty accessible name,32,div.carousel-item > div.ups-slider > a.h-inherit > img.centered-text,si,cumple,,,R04,2026-09-09,,Marcada como decorativa: alt vacio o rol none/presentation. La expectativa lo admite.,sin CMP detectada
106,ecuador,UPS,https://www.ups.edu.ec/,1.1.1,e88epe,Image not in the accessibility tree is decorative,33,div.carousel-item > div.ups-slider > a.h-inherit > img.centered-text,no,,,,R04,2026-09-09,,Fuera del arbol de accesibilidad: se trata como decorativa.,sin CMP detectada
106,ecuador,UPS,https://www.ups.edu.ec/,1.1.1,e88epe,Image not in the accessibility tree is decorative,34,div.carousel-item > div.ups-slider > a.h-inherit > img.centered-text,no,,,,R04,2026-09-09,,Fuera del arbol de accesibilidad: se trata como decorativa.,sin CMP detectada
106,ecuador,UPS,https://www.ups.edu.ec/,1.1.1,e88epe,Image not in the accessibility tree is decorative,35,div.carousel-item > div.ups-slider > a.h-inherit > img.centered-text,no,,,,R04,2026-09-09,,Fuera del arbol de accesibilidad: se trata como decorativa.,sin CMP detectada
106,ecuador,UPS,https://www.ups.edu.ec/,1.1.1,e88epe,Image not in the accessibility tree is decorative,36,div.carousel-item > div.ups-slider > a.h-inherit > img.centered-text,no,,,,R04,2026-09-09,,Fuera del arbol de accesibilidad: se trata como decorativa.,sin CMP detectada
106,ecuador,UPS,https://www.ups.edu.ec/,1.1.1,e88epe,Image not in the accessibility tree is decorative,37,div.carousel-item > div.ups-slider > a.h-inherit > img.centered-text,no,,,,R04,2026-09-09,,Fuera del arbol de accesibilidad: se trata como decorativa.,sin CMP detectada
106,ecuador,UPS,https://www.ups.edu.ec/,1.1.1,e88epe,Image not in the accessibility tree is decorative,38,div.carousel-item > div.ups-slider > div.d-inline > img.centered-text,no,,,,R04,2026-09-09,,Fuera del arbol de accesibilidad: se trata como decorativa.,sin CMP detectada
106,ecuador,UPS,https://www.ups.edu.ec/,1.1.1,e88epe,Image not in the accessibility tree is decorative,39,div.carousel-item > div.ups-slider > div.d-inline > img.centered-text,no,,,,R04,2026-09-09,,Fuera del arbol de accesibilidad: se trata como decorativa.,sin CMP detectada
106,ecuador,UPS,https://www.ups.edu.ec/,1.1.1,e88epe,Image not in the accessibility tree is decorative,40,div.carousel-item > div.ups-slider > a.h-inherit > img.centered-text,no,,,,R04,2026-09-09,,Fuera del arbol de accesibilidad: se trata como decorativa.,sin CMP detectada
106,ecuador,UPS,https://www.ups.edu.ec/,1.1.1,e88epe,Image not in the accessibility tree is decorative,41,div.carousel-item > div.ups-slider > a.h-inherit > img.centered-text,no,,,,R04,2026-09-09,,Fuera del arbol de accesibilidad: se trata como decorativa.,sin CMP detectada
106,ecuador,UPS,https://www.ups.edu.ec/,1.1.1,e88epe,Image not in the accessibility tree is decorative,42,div.carousel-item > div.ups-slider > a.h-inherit > img.centered-text,no,,,,R04,2026-09-09,,Fuera del arbol de accesibilidad: se trata como decorativa.,sin CMP detectada
106,ecuador,UPS,https://www.ups.edu.ec/,1.1.1,e88epe,Image not in the accessibility tree is decorative,43,div.carousel-item > div.ups-slider > a.h-inherit > img.centered-text,no,,,,R04,2026-09-09,,Fuera del arbol de accesibilidad: se trata como decorativa.,sin CMP detectada
106,ecuador,UPS,https://www.ups.edu.ec/,1.1.1,e88epe,Image not in the accessibility tree is decorative,44,div.carousel-item > div.ups-slider > a.h-inherit > img.centered-text,no,,,,R04,2026-09-09,,Fuera del arbol de accesibilidad: se trata como decorativa.,sin CMP detectada
106,ecuador,UPS,https://www.ups.edu.ec/,1.1.1,e88epe,Image not in the accessibility tree is decorative,45,div.carousel-item > div.ups-slider > a.h-inherit > img.centered-text,no,,,,R04,2026-09-09,,Fuera del arbol de accesibilidad: se trata como decorativa.,sin CMP detectada
106,ecuador,UPS,https://www.ups.edu.ec/,1.1.1,e88epe,Image not in the accessibility tree is decorative,46,div.carousel-item > div.ups-slider > a.h-inherit > img.centered-text,no,,,,R04,2026-09-09,,Fuera del arbol de accesibilidad: se trata como decorativa.,sin CMP detectada
106,ecuador,UPS,https://www.ups.edu.ec/,1.1.1,e88epe,Image not in the accessibility tree is decorative,47,div.carousel-item > div.ups-slider > a.h-inherit > img.centered-text,no,,,,R04,2026-09-09,,Fuera del arbol de accesibilidad: se trata como decorativa.,sin CMP detectada
106,ecuador,UPS,https://www.ups.edu.ec/,1.1.1,e88epe,Image not in the accessibility tree is decorative,48,div.carousel-item > div.ups-slider > a.h-inherit > img.centered-text,no,,,,R04,2026-09-09,,Fuera del arbol de accesibilidad: se trata como decorativa.,sin CMP detectada
106,ecuador,UPS,https://www.ups.edu.ec/,1.1.1,e88epe,Image not in the accessibility tree is decorative,49,div.carousel-item > div.ups-slider > a.h-inherit > img.centered-text,no,,,,R04,2026-09-09,,Fuera del arbol de accesibilidad: se trata como decorativa.,sin CMP detectada
106,ecuador,UPS,https://www.ups.edu.ec/,1.1.1,e88epe,Image not in the accessibility tree is decorative,50,div.carousel-item > div.ups-slider > a.h-inherit > img.centered-text,no,,,,R04,2026-09-09,,Fuera del arbol de accesibilidad: se trata como decorativa.,sin CMP detectada
106,ecuador,UPS,https://www.ups.edu.ec/,1.1.1,e88epe,Image not in the accessibility tree is decorative,51,div.carousel-item > div.ups-slider > a.h-inherit > img.centered-text,no,,,,R04,2026-09-09,,Fuera del arbol de accesibilidad: se trata como decorativa.,sin CMP detectada
106,ecuador,UPS,https://www.ups.edu.ec/,1.1.1,e88epe,Image not in the accessibility tree is decorative,52,div.carousel-item > div.ups-slider > a.h-inherit > img.centered-text,no,,,,R04,2026-09-09,,Fuera del arbol de accesibilidad: se trata como decorativa.,sin CMP detectada
106,ecuador,UPS,https://www.ups.edu.ec/,1.1.1,e88epe,Image not in the accessibility tree is decorative,53,div.carousel-item > div.ups-slider > a.h-inherit > img.centered-text,no,,,,R04,2026-09-09,,Fuera del arbol de accesibilidad: se trata como decorativa.,sin CMP detectada
106,ecuador,UPS,https://www.ups.edu.ec/,1.1.1,e88epe,Image not in the accessibility tree is decorative,54,div.carousel-item > div.ups-slider > a.h-inherit > img.centered-text,no,,,,R04,2026-09-09,,Fuera del arbol de accesibilidad: se trata como decorativa.,sin CMP detectada
106,ecuador,UPS,https://www.ups.edu.ec/,1.1.1,e88epe,Image not in the accessibility tree is decorative,55,div.carousel-item > div.ups-slider > a.h-inherit > img.centered-text,no,,,,R04,2026-09-09,,Fuera del arbol de accesibilidad: se trata como decorativa.,sin CMP detectada
106,ecuador,UPS,https://www.ups.edu.ec/,1.1.1,e88epe,Image not in the accessibility tree is decorative,56,div.carousel-item > div.ups-slider > a.h-inherit > img.centered-text,no,,,,R04,2026-09-09,,Fuera del arbol de accesibilidad: se trata como decorativa.,sin CMP detectada
106,ecuador,UPS,https://www.ups.edu.ec/,1.1.1,e88epe,Image not in the accessibility tree is decorative,57,div.carousel-item > div.ups-slider > a.h-inherit > img.centered-text,no,,,,R04,2026-09-09,,Fuera del arbol de accesibilidad: se trata como decorativa.,sin CMP detectada
106,ecuador,UPS,https://www.ups.edu.ec/,1.1.1,e88epe,Image not in the accessibility tree is decorative,58,div.carousel-item > div.ups-slider > div.d-inline > img.centered-text,no,,,,R04,2026-09-09,,Fuera del arbol de accesibilidad: se trata como decorativa.,sin CMP detectada
106,ecuador,UPS,https://www.ups.edu.ec/,1.1.1,e88epe,Image not in the accessibility tree is decorative,59,div.carousel-item > div.ups-slider > div.d-inline > img.centered-text,no,,,,R04,2026-09-09,,Fuera del arbol de accesibilidad: se trata como decorativa.,sin CMP detectada
106,ecuador,UPS,https://www.ups.edu.ec/,1.1.1,e88epe,Image not in the accessibility tree is decorative,60,div.carousel-item > div.ups-slider > a.h-inherit > img.centered-text,no,,,,R04,2026-09-09,,Fuera del arbol de accesibilidad: se trata como decorativa.,sin CMP detectada
106,ecuador,UPS,https://www.ups.edu.ec/,1.1.1,e88epe,Image not in the accessibility tree is decorative,61,div.carousel-item > div.ups-slider > a.h-inherit > img.centered-text,no,,,,R04,2026-09-09,,Fuera del arbol de accesibilidad: se trata como decorativa.,sin CMP detectada
106,ecuador,UPS,https://www.ups.edu.ec/,1.1.1,e88epe,Image not in the accessibility tree is decorative,62,div.carousel-item > div.ups-slider > a.h-inherit > img.centered-text,no,,,,R04,2026-09-09,,Fuera del arbol de accesibilidad: se trata como decorativa.,sin CMP detectada
106,ecuador,UPS,https://www.ups.edu.ec/,1.1.1,e88epe,Image not in the accessibility tree is decorative,63,div.carousel-item > div.ups-slider > a.h-inherit > img.centered-text,no,,,,R04,2026-09-09,,Fuera del arbol de accesibilidad: se trata como decorativa.,sin CMP detectada
106,ecuador,UPS,https://www.ups.edu.ec/,1.1.1,23a2a8,Image has non-empty accessible name,64,div.col > div.card > a.undecoration > img.card-img-top,si,cumple,,,R04,2026-09-09,,"nombre accesible: ""imagen tarjeta""",sin CMP detectada
106,ecuador,UPS,https://www.ups.edu.ec/,1.1.1,qt1vmo,Image accessible name is descriptive,64,div.col > div.card > a.undecoration > img.card-img-top,si,REVISAR,,,R04,2026-09-09,,"JUICIO HUMANO. ¿El nombre sirve un proposito equivalente al contenido no textual? nombre: ""imagen tarjeta"" | src: https://www.ups.edu.ec/documents/20121/191172/ingresa+a+la+ups+2.png",sin CMP detectada
106,ecuador,UPS,https://www.ups.edu.ec/,1.1.1,23a2a8,Image has non-empty accessible name,65,div.col > div.card > a.undecoration > img.card-img-top,si,cumple,,,R04,2026-09-09,,"nombre accesible: ""imagen tarjeta""",sin CMP detectada
106,ecuador,UPS,https://www.ups.edu.ec/,1.1.1,qt1vmo,Image accessible name is descriptive,65,div.col > div.card > a.undecoration > img.card-img-top,si,REVISAR,,,R04,2026-09-09,,"JUICIO HUMANO. ¿El nombre sirve un proposito equivalente al contenido no textual? nombre: ""imagen tarjeta"" | src: https://www.ups.edu.ec/documents/20121/191172/oferta+de+grado.png",sin CMP detectada
106,ecuador,UPS,https://www.ups.edu.ec/,1.1.1,e88epe,Image not in the accessibility tree is decorative,66,div.col > div.card > a.undecoration > img.card-img-top,no,,,,R04,2026-09-09,,Fuera del arbol de accesibilidad: se trata como decorativa.,sin CMP detectada
106,ecuador,UPS,https://www.ups.edu.ec/,1.1.1,e88epe,Image not in the accessibility tree is decorative,67,div.col > div.card > a.undecoration > img.card-img-top,no,,,,R04,2026-09-09,,Fuera del arbol de accesibilidad: se trata como decorativa.,sin CMP detectada
106,ecuador,UPS,https://www.ups.edu.ec/,1.1.1,e88epe,Image not in the accessibility tree is decorative,68,div.col > div.card > a.undecoration > img.card-img-top,no,,,,R04,2026-09-09,,Fuera del arbol de accesibilidad: se trata como decorativa.,sin CMP detectada
106,ecuador,UPS,https://www.ups.edu.ec/,1.1.1,e88epe,Image not in the accessibility tree is decorative,69,div.col > div.card > a.undecoration > img.card-img-top,no,,,,R04,2026-09-09,,Fuera del arbol de accesibilidad: se trata como decorativa.,sin CMP detectada
106,ecuador,UPS,https://www.ups.edu.ec/,1.1.1,e88epe,Image not in the accessibility tree is decorative,70,div.col > div.card > a.undecoration > img.card-img-top,no,,,,R04,2026-09-09,,Fuera del arbol de accesibilidad: se trata como decorativa.,sin CMP detectada
106,ecuador,UPS,https://www.ups.edu.ec/,1.1.1,e88epe,Image not in the accessibility tree is decorative,71,div.col > div.card > a.undecoration > img.card-img-top,no,,,,R04,2026-09-09,,Fuera del arbol de accesibilidad: se trata como decorativa.,sin CMP detectada
106,ecuador,UPS,https://www.ups.edu.ec/,1.1.1,23a2a8,Image has non-empty accessible name,72,div.row > div.col-6 > a.animated-card > img.img-fluid,si,cumple,,,R04,2026-09-09,,"nombre accesible: ""Reconocimiento de Times Higher Education que indica 2.º lugar en Ecuador en el W""",sin CMP detectada
106,ecuador,UPS,https://www.ups.edu.ec/,1.1.1,qt1vmo,Image accessible name is descriptive,72,div.row > div.col-6 > a.animated-card > img.img-fluid,si,REVISAR,,,R04,2026-09-09,,"JUICIO HUMANO. ¿El nombre sirve un proposito equivalente al contenido no textual? nombre: ""Reconocimiento de Times Higher Education que indica 2.º lugar en Ecuador en el World University Rankings Young 2024."" | src: https://www.ups.edu.ec/documents/20121/2369543/THE+Young.jpg",sin CMP detectada
106,ecuador,UPS,https://www.ups.edu.ec/,1.1.1,23a2a8,Image has non-empty accessible name,73,div.row > div.col-6 > a.animated-card > img.img-fluid,si,cumple,,,R04,2026-09-09,,"nombre accesible: ""Reconocimiento de Times Higher Education que indica 3.er lugar en Ecuador en el """,sin CMP detectada
106,ecuador,UPS,https://www.ups.edu.ec/,1.1.1,qt1vmo,Image accessible name is descriptive,73,div.row > div.col-6 > a.animated-card > img.img-fluid,si,REVISAR,,,R04,2026-09-09,,"JUICIO HUMANO. ¿El nombre sirve un proposito equivalente al contenido no textual? nombre: ""Reconocimiento de Times Higher Education que indica 3.er lugar en Ecuador en el World University Rankings 2025."" | src: .edu.ec/documents/20121/2369543/THE+World+University+Rankings+2025.jpg",sin CMP detectada
106,ecuador,UPS,https://www.ups.edu.ec/,1.1.1,23a2a8,Image has non-empty accessible name,74,div.row > div.col-6 > a.animated-card > img.img-fluid,si,cumple,,,R04,2026-09-09,,"nombre accesible: ""Reconocimiento de Times Higher Education que indica 3.er lugar en Ecuador en el """,sin CMP detectada
106,ecuador,UPS,https://www.ups.edu.ec/,1.1.1,qt1vmo,Image accessible name is descriptive,74,div.row > div.col-6 > a.animated-card > img.img-fluid,si,REVISAR,,,R04,2026-09-09,,"JUICIO HUMANO. ¿El nombre sirve un proposito equivalente al contenido no textual? nombre: ""Reconocimiento de Times Higher Education que indica 3.er lugar en Ecuador en el World University Rankings 2025."" | src: ps.edu.ec/documents/20121/2369543/THE+By+Subject+-+Educacio%CC%81n.jpg",sin CMP detectada
106,ecuador,UPS,https://www.ups.edu.ec/,1.1.1,23a2a8,Image has non-empty accessible name,75,div.row > div.col-6 > a.animated-card > img.img-fluid,si,cumple,,,R04,2026-09-09,,"nombre accesible: ""Reconocimiento de Times Higher Education que otorga medalla de bronce a nivel gl""",sin CMP detectada
106,ecuador,UPS,https://www.ups.edu.ec/,1.1.1,qt1vmo,Image accessible name is descriptive,75,div.row > div.col-6 > a.animated-card > img.img-fluid,si,REVISAR,,,R04,2026-09-09,,"JUICIO HUMANO. ¿El nombre sirve un proposito equivalente al contenido no textual? nombre: ""Reconocimiento de Times Higher Education que otorga medalla de bronce a nivel global en el Online Learning Rankings 2024"" | src: https://www.ups.edu.ec/documents/20121/2369543/Bronce+Online+Rank.jpg",sin CMP detectada
106,ecuador,UPS,https://www.ups.edu.ec/,1.1.1,23a2a8,Image has non-empty accessible name,76,div.col-6 > div.row > a.ups-slider > img.w-100,si,cumple,,,R04,2026-09-09,,Marcada como decorativa: alt vacio o rol none/presentation. La expectativa lo admite.,sin CMP detectada
106,ecuador,UPS,https://www.ups.edu.ec/,1.1.1,23a2a8,Image has non-empty accessible name,77,div.row > div.col-3 > a.w-100 > img.img-fluid,si,cumple,,,R04,2026-09-09,,Marcada como decorativa: alt vacio o rol none/presentation. La expectativa lo admite.,sin CMP detectada
106,ecuador,UPS,https://www.ups.edu.ec/,1.1.1,23a2a8,Image has non-empty accessible name,78,#Capa_1,si,cumple,,,R04,2026-09-09,,"nombre accesible: "".st0{fill:#003772;}""",sin CMP detectada
106,ecuador,UPS,https://www.ups.edu.ec/,1.1.1,qt1vmo,Image accessible name is descriptive,78,#Capa_1,si,REVISAR,,,R04,2026-09-09,,"JUICIO HUMANO. ¿El nombre sirve un proposito equivalente al contenido no textual? nombre: "".st0{fill:#003772;}"" | src: ",sin CMP detectada
106,ecuador,UPS,https://www.ups.edu.ec/,1.1.1,23a2a8,Image has non-empty accessible name,79,div.row > div.col-3 > a.w-100 > img.img-fluid,si,cumple,,,R04,2026-09-09,,Marcada como decorativa: alt vacio o rol none/presentation. La expectativa lo admite.,sin CMP detectada
106,ecuador,UPS,https://www.ups.edu.ec/,1.1.1,23a2a8,Image has non-empty accessible name,80,#Capa_1,si,cumple,,,R04,2026-09-09,,"nombre accesible: "".st0{fill:#003772;}""",sin CMP detectada
106,ecuador,UPS,https://www.ups.edu.ec/,1.1.1,qt1vmo,Image accessible name is descriptive,80,#Capa_1,si,REVISAR,,,R04,2026-09-09,,"JUICIO HUMANO. ¿El nombre sirve un proposito equivalente al contenido no textual? nombre: "".st0{fill:#003772;}"" | src: ",sin CMP detectada
106,ecuador,UPS,https://www.ups.edu.ec/,1.1.1,23a2a8,Image has non-empty accessible name,81,div.row > div.col-3 > a.w-100 > img.img-fluid,si,cumple,,,R04,2026-09-09,,Marcada como decorativa: alt vacio o rol none/presentation. La expectativa lo admite.,sin CMP detectada
106,ecuador,UPS,https://www.ups.edu.ec/,1.1.1,23a2a8,Image has non-empty accessible name,82,#Capa_1,si,cumple,,,R04,2026-09-09,,"nombre accesible: "".st0{fill:#003772;}""",sin CMP detectada
106,ecuador,UPS,https://www.ups.edu.ec/,1.1.1,qt1vmo,Image accessible name is descriptive,82,#Capa_1,si,REVISAR,,,R04,2026-09-09,,"JUICIO HUMANO. ¿El nombre sirve un proposito equivalente al contenido no textual? nombre: "".st0{fill:#003772;}"" | src: ",sin CMP detectada
106,ecuador,UPS,https://www.ups.edu.ec/,1.1.1,23a2a8,Image has non-empty accessible name,83,div.row > div.col-3 > a.w-100 > img.img-fluid,si,cumple,,,R04,2026-09-09,,Marcada como decorativa: alt vacio o rol none/presentation. La expectativa lo admite.,sin CMP detectada
106,ecuador,UPS,https://www.ups.edu.ec/,1.1.1,23a2a8,Image has non-empty accessible name,84,#Capa_1,si,cumple,,,R04,2026-09-09,,"nombre accesible: "".st0{fill:#003772;}""",sin CMP detectada
106,ecuador,UPS,https://www.ups.edu.ec/,1.1.1,qt1vmo,Image accessible name is descriptive,84,#Capa_1,si,REVISAR,,,R04,2026-09-09,,"JUICIO HUMANO. ¿El nombre sirve un proposito equivalente al contenido no textual? nombre: "".st0{fill:#003772;}"" | src: ",sin CMP detectada
106,ecuador,UPS,https://www.ups.edu.ec/,1.1.1,23a2a8,Image has non-empty accessible name,85,div.row > div.col-3 > a.w-100 > img.img-fluid,si,cumple,,,R04,2026-09-09,,"nombre accesible: ""INNOVACIÓN, TECNOLOGÍA Y TRABAJO EN EQUIPO MARCARON EL HACKATHON DE DESARROLLO""",sin CMP detectada
106,ecuador,UPS,https://www.ups.edu.ec/,1.1.1,qt1vmo,Image accessible name is descriptive,85,div.row > div.col-3 > a.w-100 > img.img-fluid,si,REVISAR,,,R04,2026-09-09,,"JUICIO HUMANO. ¿El nombre sirve un proposito equivalente al contenido no textual? nombre: ""INNOVACIÓN, TECNOLOGÍA Y TRABAJO EN EQUIPO MARCARON EL HACKATHON DE DESARROLLO"" | src: 06/1009GYE-1.jpg/a4d3eb04-a869-843f-66d1-e0feebfa231b?imageThumbnail=1",sin CMP detectada
106,ecuador,UPS,https://www.ups.edu.ec/,1.1.1,23a2a8,Image has non-empty accessible name,86,#Capa_1,si,cumple,,,R04,2026-09-09,,"nombre accesible: "".st0{fill:#003772;}""",sin CMP detectada
106,ecuador,UPS,https://www.ups.edu.ec/,1.1.1,qt1vmo,Image accessible name is descriptive,86,#Capa_1,si,REVISAR,,,R04,2026-09-09,,"JUICIO HUMANO. ¿El nombre sirve un proposito equivalente al contenido no textual? nombre: "".st0{fill:#003772;}"" | src: ",sin CMP detectada
106,ecuador,UPS,https://www.ups.edu.ec/,1.1.1,23a2a8,Image has non-empty accessible name,87,div.row > div.col-3 > a.w-100 > img.img-fluid,si,cumple,,,R04,2026-09-09,,"nombre accesible: ""La UPS Guayaquil reconoce la excelencia de sus estudiantes en el Programa de Dis""",sin CMP detectada
106,ecuador,UPS,https://www.ups.edu.ec/,1.1.1,qt1vmo,Image accessible name is descriptive,87,div.row > div.col-3 > a.w-100 > img.img-fluid,si,REVISAR,,,R04,2026-09-09,,"JUICIO HUMANO. ¿El nombre sirve un proposito equivalente al contenido no textual? nombre: ""La UPS Guayaquil reconoce la excelencia de sus estudiantes en el Programa de Distinción Académica"" | src: 06/1008GYE-1.jpg/6f644250-410d-1df4-dbb4-6567b2bdec30?imageThumbnail=1",sin CMP detectada
106,ecuador,UPS,https://www.ups.edu.ec/,1.1.1,23a2a8,Image has non-empty accessible name,88,#Capa_1,si,cumple,,,R04,2026-09-09,,"nombre accesible: "".st0{fill:#003772;}""",sin CMP detectada
106,ecuador,UPS,https://www.ups.edu.ec/,1.1.1,qt1vmo,Image accessible name is descriptive,88,#Capa_1,si,REVISAR,,,R04,2026-09-09,,"JUICIO HUMANO. ¿El nombre sirve un proposito equivalente al contenido no textual? nombre: "".st0{fill:#003772;}"" | src: ",sin CMP detectada
106,ecuador,UPS,https://www.ups.edu.ec/,1.1.1,23a2a8,Image has non-empty accessible name,89,div.row > div.col-3 > a.w-100 > img.img-fluid,si,cumple,,,R04,2026-09-09,,Marcada como decorativa: alt vacio o rol none/presentation. La expectativa lo admite.,sin CMP detectada
106,ecuador,UPS,https://www.ups.edu.ec/,1.1.1,23a2a8,Image has non-empty accessible name,90,#Capa_1,si,cumple,,,R04,2026-09-09,,"nombre accesible: "".st0{fill:#003772;}""",sin CMP detectada
106,ecuador,UPS,https://www.ups.edu.ec/,1.1.1,qt1vmo,Image accessible name is descriptive,90,#Capa_1,si,REVISAR,,,R04,2026-09-09,,"JUICIO HUMANO. ¿El nombre sirve un proposito equivalente al contenido no textual? nombre: "".st0{fill:#003772;}"" | src: ",sin CMP detectada
106,ecuador,UPS,https://www.ups.edu.ec/,1.1.1,23a2a8,Image has non-empty accessible name,91,div.row > div.col-3 > a.w-100 > img.img-fluid,si,cumple,,,R04,2026-09-09,,Marcada como decorativa: alt vacio o rol none/presentation. La expectativa lo admite.,sin CMP detectada
106,ecuador,UPS,https://www.ups.edu.ec/,1.1.1,23a2a8,Image has non-empty accessible name,92,#Capa_1,si,cumple,,,R04,2026-09-09,,"nombre accesible: "".st0{fill:#003772;}""",sin CMP detectada
106,ecuador,UPS,https://www.ups.edu.ec/,1.1.1,qt1vmo,Image accessible name is descriptive,92,#Capa_1,si,REVISAR,,,R04,2026-09-09,,"JUICIO HUMANO. ¿El nombre sirve un proposito equivalente al contenido no textual? nombre: "".st0{fill:#003772;}"" | src: ",sin CMP detectada
106,ecuador,UPS,https://www.ups.edu.ec/,1.1.1,23a2a8,Image has non-empty accessible name,93,div.row > div.col-3 > a.w-100 > img.img-fluid,si,cumple,,,R04,2026-09-09,,"nombre accesible: ""La UPS lidera el medallero general de los IV Juegos Deportivos Nacionales Univer""",sin CMP detectada
106,ecuador,UPS,https://www.ups.edu.ec/,1.1.1,qt1vmo,Image accessible name is descriptive,93,div.row > div.col-3 > a.w-100 > img.img-fluid,si,REVISAR,,,R04,2026-09-09,,"JUICIO HUMANO. ¿El nombre sirve un proposito equivalente al contenido no textual? nombre: ""La UPS lidera el medallero general de los IV Juegos Deportivos Nacionales Universitarios e Institutos de Educación Super"" | src: 099/463UPS-1.png/e836bf07-fa62-5fb0-3213-56f6eee55725?imageThumbnail=1",sin CMP detectada
106,ecuador,UPS,https://www.ups.edu.ec/,1.1.1,23a2a8,Image has non-empty accessible name,94,#Capa_1,si,cumple,,,R04,2026-09-09,,"nombre accesible: "".st0{fill:#003772;}""",sin CMP detectada
106,ecuador,UPS,https://www.ups.edu.ec/,1.1.1,qt1vmo,Image accessible name is descriptive,94,#Capa_1,si,REVISAR,,,R04,2026-09-09,,"JUICIO HUMANO. ¿El nombre sirve un proposito equivalente al contenido no textual? nombre: "".st0{fill:#003772;}"" | src: ",sin CMP detectada
106,ecuador,UPS,https://www.ups.edu.ec/,1.1.1,23a2a8,Image has non-empty accessible name,95,div.row > div.col-3 > a.w-100 > img.img-fluid,si,cumple,,,R04,2026-09-09,,Marcada como decorativa: alt vacio o rol none/presentation. La expectativa lo admite.,sin CMP detectada
106,ecuador,UPS,https://www.ups.edu.ec/,1.1.1,23a2a8,Image has non-empty accessible name,96,#Capa_1,si,cumple,,,R04,2026-09-09,,"nombre accesible: "".st0{fill:#003772;}""",sin CMP detectada
106,ecuador,UPS,https://www.ups.edu.ec/,1.1.1,qt1vmo,Image accessible name is descriptive,96,#Capa_1,si,REVISAR,,,R04,2026-09-09,,"JUICIO HUMANO. ¿El nombre sirve un proposito equivalente al contenido no textual? nombre: "".st0{fill:#003772;}"" | src: ",sin CMP detectada
106,ecuador,UPS,https://www.ups.edu.ec/,1.1.1,23a2a8,Image has non-empty accessible name,97,div.row > div.col-3 > a.w-100 > img.img-fluid,si,cumple,,,R04,2026-09-09,,"nombre accesible: ""1. Rector de la UPS hace la entrega al director de carrera Arquitectura""",sin CMP detectada
106,ecuador,UPS,https://www.ups.edu.ec/,1.1.1,qt1vmo,Image accessible name is descriptive,97,div.row > div.col-3 > a.w-100 > img.img-fluid,si,REVISAR,,,R04,2026-09-09,,"JUICIO HUMANO. ¿El nombre sirve un proposito equivalente al contenido no textual? nombre: ""1. Rector de la UPS hace la entrega al director de carrera Arquitectura"" | src: 09/1268CUE-1.jpg/01c0a1c3-4900-bc88-283d-7a2e2e8e0504?imageThumbnail=1",sin CMP detectada
106,ecuador,UPS,https://www.ups.edu.ec/,1.1.1,23a2a8,Image has non-empty accessible name,98,#Capa_1,si,cumple,,,R04,2026-09-09,,"nombre accesible: "".st0{fill:#003772;}""",sin CMP detectada
106,ecuador,UPS,https://www.ups.edu.ec/,1.1.1,qt1vmo,Image accessible name is descriptive,98,#Capa_1,si,REVISAR,,,R04,2026-09-09,,"JUICIO HUMANO. ¿El nombre sirve un proposito equivalente al contenido no textual? nombre: "".st0{fill:#003772;}"" | src: ",sin CMP detectada
106,ecuador,UPS,https://www.ups.edu.ec/,1.1.1,23a2a8,Image has non-empty accessible name,99,div.row > div.col-3 > a.w-100 > img.img-fluid,si,cumple,,,R04,2026-09-09,,Marcada como decorativa: alt vacio o rol none/presentation. La expectativa lo admite.,sin CMP detectada
106,ecuador,UPS,https://www.ups.edu.ec/,1.1.1,23a2a8,Image has non-empty accessible name,100,#Capa_1,si,cumple,,,R04,2026-09-09,,"nombre accesible: "".st0{fill:#003772;}""",sin CMP detectada
106,ecuador,UPS,https://www.ups.edu.ec/,1.1.1,qt1vmo,Image accessible name is descriptive,100,#Capa_1,si,REVISAR,,,R04,2026-09-09,,"JUICIO HUMANO. ¿El nombre sirve un proposito equivalente al contenido no textual? nombre: "".st0{fill:#003772;}"" | src: ",sin CMP detectada
106,ecuador,UPS,https://www.ups.edu.ec/,1.1.1,23a2a8,Image has non-empty accessible name,101,div.row > div.col-3 > a.w-100 > img.img-fluid,si,cumple,,,R04,2026-09-09,,Marcada como decorativa: alt vacio o rol none/presentation. La expectativa lo admite.,sin CMP detectada
106,ecuador,UPS,https://www.ups.edu.ec/,1.1.1,23a2a8,Image has non-empty accessible name,102,#Capa_1,si,cumple,,,R04,2026-09-09,,"nombre accesible: "".st0{fill:#003772;}""",sin CMP detectada
106,ecuador,UPS,https://www.ups.edu.ec/,1.1.1,qt1vmo,Image accessible name is descriptive,102,#Capa_1,si,REVISAR,,,R04,2026-09-09,,"JUICIO HUMANO. ¿El nombre sirve un proposito equivalente al contenido no textual? nombre: "".st0{fill:#003772;}"" | src: ",sin CMP detectada
106,ecuador,UPS,https://www.ups.edu.ec/,1.1.1,23a2a8,Image has non-empty accessible name,103,div.row > div.col-3 > a.w-100 > img.img-fluid,si,cumple,,,R04,2026-09-09,,Marcada como decorativa: alt vacio o rol none/presentation. La expectativa lo admite.,sin CMP detectada
106,ecuador,UPS,https://www.ups.edu.ec/,1.1.1,23a2a8,Image has non-empty accessible name,104,#Capa_1,si,cumple,,,R04,2026-09-09,,"nombre accesible: "".st0{fill:#003772;}""",sin CMP detectada
106,ecuador,UPS,https://www.ups.edu.ec/,1.1.1,qt1vmo,Image accessible name is descriptive,104,#Capa_1,si,REVISAR,,,R04,2026-09-09,,"JUICIO HUMANO. ¿El nombre sirve un proposito equivalente al contenido no textual? nombre: "".st0{fill:#003772;}"" | src: ",sin CMP detectada
106,ecuador,UPS,https://www.ups.edu.ec/,1.1.1,e88epe,Image not in the accessibility tree is decorative,105,div.carousel-item > div.ups-slider > a > img.img-fluid,no,,,,R04,2026-09-09,,Fuera del arbol de accesibilidad: se trata como decorativa.,sin CMP detectada
106,ecuador,UPS,https://www.ups.edu.ec/,1.1.1,e88epe,Image not in the accessibility tree is decorative,106,div.carousel-item > div.ups-slider > a > img.img-fluid,no,,,,R04,2026-09-09,,Fuera del arbol de accesibilidad: se trata como decorativa.,sin CMP detectada
106,ecuador,UPS,https://www.ups.edu.ec/,1.1.1,e88epe,Image not in the accessibility tree is decorative,107,div.carousel-item > div.ups-slider > a > img.img-fluid,no,,,,R04,2026-09-09,,Fuera del arbol de accesibilidad: se trata como decorativa.,sin CMP detectada
106,ecuador,UPS,https://www.ups.edu.ec/,1.1.1,e88epe,Image not in the accessibility tree is decorative,108,div.carousel-item > div.ups-slider > a > img.img-fluid,no,,,,R04,2026-09-09,,Fuera del arbol de accesibilidad: se trata como decorativa.,sin CMP detectada
106,ecuador,UPS,https://www.ups.edu.ec/,1.1.1,e88epe,Image not in the accessibility tree is decorative,109,div.carousel-item > div.ups-slider > a > img.img-fluid,no,,,,R04,2026-09-09,,Fuera del arbol de accesibilidad: se trata como decorativa.,sin CMP detectada
106,ecuador,UPS,https://www.ups.edu.ec/,1.1.1,e88epe,Image not in the accessibility tree is decorative,110,div.carousel-item > div.ups-slider > a > img.img-fluid,no,,,,R04,2026-09-09,,Fuera del arbol de accesibilidad: se trata como decorativa.,sin CMP detectada
106,ecuador,UPS,https://www.ups.edu.ec/,1.1.1,e88epe,Image not in the accessibility tree is decorative,111,div.carousel-item > div.ups-slider > a > img.img-fluid,no,,,,R04,2026-09-09,,Fuera del arbol de accesibilidad: se trata como decorativa.,sin CMP detectada
106,ecuador,UPS,https://www.ups.edu.ec/,1.1.1,e88epe,Image not in the accessibility tree is decorative,112,div.carousel-item > div.ups-slider > a > img.img-fluid,no,,,,R04,2026-09-09,,Fuera del arbol de accesibilidad: se trata como decorativa.,sin CMP detectada
106,ecuador,UPS,https://www.ups.edu.ec/,1.1.1,e88epe,Image not in the accessibility tree is decorative,113,div.carousel-item > div.ups-slider > a > img.img-fluid,no,,,,R04,2026-09-09,,Fuera del arbol de accesibilidad: se trata como decorativa.,sin CMP detectada
106,ecuador,UPS,https://www.ups.edu.ec/,1.1.1,e88epe,Image not in the accessibility tree is decorative,114,div.carousel-item > div.ups-slider > a > img.img-fluid,no,,,,R04,2026-09-09,,Fuera del arbol de accesibilidad: se trata como decorativa.,sin CMP detectada
106,ecuador,UPS,https://www.ups.edu.ec/,1.1.1,e88epe,Image not in the accessibility tree is decorative,115,div.carousel-item > div.ups-slider > a > img.img-fluid,no,,,,R04,2026-09-09,,Fuera del arbol de accesibilidad: se trata como decorativa.,sin CMP detectada
106,ecuador,UPS,https://www.ups.edu.ec/,1.1.1,e88epe,Image not in the accessibility tree is decorative,116,div.carousel-item > div.ups-slider > a > img.img-fluid,no,,,,R04,2026-09-09,,Fuera del arbol de accesibilidad: se trata como decorativa.,sin CMP detectada
106,ecuador,UPS,https://www.ups.edu.ec/,1.1.1,e88epe,Image not in the accessibility tree is decorative,117,div.carousel-item > div.ups-slider > a > img.img-fluid,no,,,,R04,2026-09-09,,Fuera del arbol de accesibilidad: se trata como decorativa.,sin CMP detectada
106,ecuador,UPS,https://www.ups.edu.ec/,1.1.1,e88epe,Image not in the accessibility tree is decorative,118,div.carousel-item > div.ups-slider > a > img.img-fluid,no,,,,R04,2026-09-09,,Fuera del arbol de accesibilidad: se trata como decorativa.,sin CMP detectada
106,ecuador,UPS,https://www.ups.edu.ec/,1.1.1,e88epe,Image not in the accessibility tree is decorative,119,div.carousel-item > div.ups-slider > a > img.img-fluid,no,,,,R04,2026-09-09,,Fuera del arbol de accesibilidad: se trata como decorativa.,sin CMP detectada
106,ecuador,UPS,https://www.ups.edu.ec/,1.1.1,e88epe,Image not in the accessibility tree is decorative,120,div.carousel-item > div.ups-slider > a > img.img-fluid,no,,,,R04,2026-09-09,,Fuera del arbol de accesibilidad: se trata como decorativa.,sin CMP detectada
106,ecuador,UPS,https://www.ups.edu.ec/,1.1.1,23a2a8,Image has non-empty accessible name,121,div.mx-auto > a.d-block > span.text-center > img.mx-auto,si,cumple,,,R04,2026-09-09,,"nombre accesible: ""Afiche Intercolegial de Teatro""",sin CMP detectada
106,ecuador,UPS,https://www.ups.edu.ec/,1.1.1,qt1vmo,Image accessible name is descriptive,121,div.mx-auto > a.d-block > span.text-center > img.mx-auto,si,REVISAR,,,R04,2026-09-09,,"JUICIO HUMANO. ¿El nombre sirve un proposito equivalente al contenido no textual? nombre: ""Afiche Intercolegial de Teatro"" | src: 0de%20teatro.jpg/14245b79-b959-433b-40e4-12c42452ae60?imageThumbnail=1",sin CMP detectada
106,ecuador,UPS,https://www.ups.edu.ec/,1.1.1,23a2a8,Image has non-empty accessible name,122,div.mx-auto > a.d-block > span.text-center > img.mx-auto,si,cumple,,,R04,2026-09-09,,Marcada como decorativa: alt vacio o rol none/presentation. La expectativa lo admite.,sin CMP detectada
106,ecuador,UPS,https://www.ups.edu.ec/,1.1.1,23a2a8,Image has non-empty accessible name,123,div.mx-auto > a.d-block > span.text-center > img.mx-auto,si,cumple,,,R04,2026-09-09,,"nombre accesible: ""Afiche del Intercolegial de Danza - “UPS Dance Fest”""",sin CMP detectada
106,ecuador,UPS,https://www.ups.edu.ec/,1.1.1,qt1vmo,Image accessible name is descriptive,123,div.mx-auto > a.d-block > span.text-center > img.mx-auto,si,REVISAR,,,R04,2026-09-09,,"JUICIO HUMANO. ¿El nombre sirve un proposito equivalente al contenido no textual? nombre: ""Afiche del Intercolegial de Danza - “UPS Dance Fest”"" | src: 20de%20danza.jpg/4eafd341-1228-2671-a3c2-563ba592e1f4?imageThumbnail=1",sin CMP detectada
106,ecuador,UPS,https://www.ups.edu.ec/,1.1.1,23a2a8,Image has non-empty accessible name,124,div.mx-auto > a.d-block > span.text-center > img.mx-auto,si,cumple,,,R04,2026-09-09,,"nombre accesible: ""1er Concurso Intercolegial de Teatro""",sin CMP detectada
106,ecuador,UPS,https://www.ups.edu.ec/,1.1.1,qt1vmo,Image accessible name is descriptive,124,div.mx-auto > a.d-block > span.text-center > img.mx-auto,si,REVISAR,,,R04,2026-09-09,,"JUICIO HUMANO. ¿El nombre sirve un proposito equivalente al contenido no textual? nombre: ""1er Concurso Intercolegial de Teatro"" | src: 0de%20teatro.jpg/b4aeb5f2-4b09-dd21-deb0-4f99d3681f7f?imageThumbnail=1",sin CMP detectada
106,ecuador,UPS,https://www.ups.edu.ec/,1.1.1,e88epe,Image not in the accessibility tree is decorative,125,div.mx-auto > a.d-block > span.text-center > img.mx-auto,no,,,,R04,2026-09-09,,Fuera del arbol de accesibilidad: se trata como decorativa.,sin CMP detectada
106,ecuador,UPS,https://www.ups.edu.ec/,1.1.1,e88epe,Image not in the accessibility tree is decorative,126,div.mx-auto > a.d-block > span.text-center > img.mx-auto,no,,,,R04,2026-09-09,,Fuera del arbol de accesibilidad: se trata como decorativa.,sin CMP detectada
106,ecuador,UPS,https://www.ups.edu.ec/,1.1.1,e88epe,Image not in the accessibility tree is decorative,127,div.mx-auto > a.d-block > span.text-center > img.mx-auto,no,,,,R04,2026-09-09,,Fuera del arbol de accesibilidad: se trata como decorativa.,sin CMP detectada
106,ecuador,UPS,https://www.ups.edu.ec/,1.1.1,e88epe,Image not in the accessibility tree is decorative,128,div.mx-auto > a.d-block > span.text-center > img.mx-auto,no,,,,R04,2026-09-09,,Fuera del arbol de accesibilidad: se trata como decorativa.,sin CMP detectada
106,ecuador,UPS,https://www.ups.edu.ec/,1.1.1,e88epe,Image not in the accessibility tree is decorative,129,div.mx-auto > a.d-block > span.text-center > img.mx-auto,no,,,,R04,2026-09-09,,Fuera del arbol de accesibilidad: se trata como decorativa.,sin CMP detectada
106,ecuador,UPS,https://www.ups.edu.ec/,1.1.1,e88epe,Image not in the accessibility tree is decorative,130,div.mx-auto > a.d-block > span.text-center > img.mx-auto,no,,,,R04,2026-09-09,,Fuera del arbol de accesibilidad: se trata como decorativa.,sin CMP detectada
106,ecuador,UPS,https://www.ups.edu.ec/,1.1.1,e88epe,Image not in the accessibility tree is decorative,131,div.mx-auto > a.d-block > span.text-center > img.mx-auto,no,,,,R04,2026-09-09,,Fuera del arbol de accesibilidad: se trata como decorativa.,sin CMP detectada
106,ecuador,UPS,https://www.ups.edu.ec/,1.1.1,e88epe,Image not in the accessibility tree is decorative,132,div.mx-auto > a.d-block > span.text-center > img.mx-auto,no,,,,R04,2026-09-09,,Fuera del arbol de accesibilidad: se trata como decorativa.,sin CMP detectada
106,ecuador,UPS,https://www.ups.edu.ec/,1.1.1,e88epe,Image not in the accessibility tree is decorative,133,div.mx-auto > a.d-block > span.text-center > img.mx-auto,no,,,,R04,2026-09-09,,Fuera del arbol de accesibilidad: se trata como decorativa.,sin CMP detectada
106,ecuador,UPS,https://www.ups.edu.ec/,1.1.1,e88epe,Image not in the accessibility tree is decorative,134,div.mx-auto > a.d-block > span.text-center > img.mx-auto,no,,,,R04,2026-09-09,,Fuera del arbol de accesibilidad: se trata como decorativa.,sin CMP detectada
106,ecuador,UPS,https://www.ups.edu.ec/,1.1.1,e88epe,Image not in the accessibility tree is decorative,135,div.mx-auto > a.d-block > span.text-center > img.mx-auto,no,,,,R04,2026-09-09,,Fuera del arbol de accesibilidad: se trata como decorativa.,sin CMP detectada
106,ecuador,UPS,https://www.ups.edu.ec/,1.1.1,e88epe,Image not in the accessibility tree is decorative,136,div.mx-auto > a.d-block > span.text-center > img.mx-auto,no,,,,R04,2026-09-09,,Fuera del arbol de accesibilidad: se trata como decorativa.,sin CMP detectada
106,ecuador,UPS,https://www.ups.edu.ec/,1.1.1,e88epe,Image not in the accessibility tree is decorative,137,div.mx-auto > a.d-block > span.text-center > img.mx-auto,no,,,,R04,2026-09-09,,Fuera del arbol de accesibilidad: se trata como decorativa.,sin CMP detectada
106,ecuador,UPS,https://www.ups.edu.ec/,1.1.1,e88epe,Image not in the accessibility tree is decorative,138,div.mx-auto > a.d-block > span.text-center > img.mx-auto,no,,,,R04,2026-09-09,,Fuera del arbol de accesibilidad: se trata como decorativa.,sin CMP detectada
106,ecuador,UPS,https://www.ups.edu.ec/,1.1.1,e88epe,Image not in the accessibility tree is decorative,139,div.mx-auto > a.d-block > span.text-center > img.mx-auto,no,,,,R04,2026-09-09,,Fuera del arbol de accesibilidad: se trata como decorativa.,sin CMP detectada
106,ecuador,UPS,https://www.ups.edu.ec/,1.1.1,e88epe,Image not in the accessibility tree is decorative,140,div.mx-auto > a.d-block > span.text-center > img.mx-auto,no,,,,R04,2026-09-09,,Fuera del arbol de accesibilidad: se trata como decorativa.,sin CMP detectada
106,ecuador,UPS,https://www.ups.edu.ec/,1.1.1,e88epe,Image not in the accessibility tree is decorative,141,div.mx-auto > a.d-block > span.text-center > img.mx-auto,no,,,,R04,2026-09-09,,Fuera del arbol de accesibilidad: se trata como decorativa.,sin CMP detectada
106,ecuador,UPS,https://www.ups.edu.ec/,1.1.1,e88epe,Image not in the accessibility tree is decorative,142,div.mx-auto > a.d-block > span.text-center > img.mx-auto,no,,,,R04,2026-09-09,,Fuera del arbol de accesibilidad: se trata como decorativa.,sin CMP detectada
106,ecuador,UPS,https://www.ups.edu.ec/,1.1.1,e88epe,Image not in the accessibility tree is decorative,143,div.mx-auto > a.d-block > span.text-center > img.mx-auto,no,,,,R04,2026-09-09,,Fuera del arbol de accesibilidad: se trata como decorativa.,sin CMP detectada
106,ecuador,UPS,https://www.ups.edu.ec/,1.1.1,e88epe,Image not in the accessibility tree is decorative,144,div.mx-auto > a.d-block > span.text-center > img.mx-auto,no,,,,R04,2026-09-09,,Fuera del arbol de accesibilidad: se trata como decorativa.,sin CMP detectada
106,ecuador,UPS,https://www.ups.edu.ec/,1.1.1,e88epe,Image not in the accessibility tree is decorative,145,div.mx-auto > a.d-block > span.text-center > img.mx-auto,no,,,,R04,2026-09-09,,Fuera del arbol de accesibilidad: se trata como decorativa.,sin CMP detectada
106,ecuador,UPS,https://www.ups.edu.ec/,1.1.1,e88epe,Image not in the accessibility tree is decorative,146,div.mx-auto > a.d-block > span.text-center > img.mx-auto,no,,,,R04,2026-09-09,,Fuera del arbol de accesibilidad: se trata como decorativa.,sin CMP detectada
106,ecuador,UPS,https://www.ups.edu.ec/,1.1.1,e88epe,Image not in the accessibility tree is decorative,147,div.mx-auto > a.d-block > span.text-center > img.mx-auto,no,,,,R04,2026-09-09,,Fuera del arbol de accesibilidad: se trata como decorativa.,sin CMP detectada
106,ecuador,UPS,https://www.ups.edu.ec/,1.1.1,e88epe,Image not in the accessibility tree is decorative,148,div.mx-auto > a.d-block > span.text-center > img.mx-auto,no,,,,R04,2026-09-09,,Fuera del arbol de accesibilidad: se trata como decorativa.,sin CMP detectada
106,ecuador,UPS,https://www.ups.edu.ec/,1.1.1,e88epe,Image not in the accessibility tree is decorative,149,div.mx-auto > a.d-block > span.text-center > img.mx-auto,no,,,,R04,2026-09-09,,Fuera del arbol de accesibilidad: se trata como decorativa.,sin CMP detectada
106,ecuador,UPS,https://www.ups.edu.ec/,1.1.1,e88epe,Image not in the accessibility tree is decorative,150,div.mx-auto > a.d-block > span.text-center > img.mx-auto,no,,,,R04,2026-09-09,,Fuera del arbol de accesibilidad: se trata como decorativa.,sin CMP detectada
106,ecuador,UPS,https://www.ups.edu.ec/,1.1.1,e88epe,Image not in the accessibility tree is decorative,151,div.mx-auto > a.d-block > span.text-center > img.mx-auto,no,,,,R04,2026-09-09,,Fuera del arbol de accesibilidad: se trata como decorativa.,sin CMP detectada
106,ecuador,UPS,https://www.ups.edu.ec/,1.1.1,e88epe,Image not in the accessibility tree is decorative,152,div.mx-auto > a.d-block > span.text-center > img.mx-auto,no,,,,R04,2026-09-09,,Fuera del arbol de accesibilidad: se trata como decorativa.,sin CMP detectada
106,ecuador,UPS,https://www.ups.edu.ec/,1.1.1,23a2a8,Image has non-empty accessible name,153,a.undecoration > div.col-6 > div.ups-slider > img.w-100,si,cumple,,,R04,2026-09-09,,"nombre accesible: ""Edificio del Rectorado de la Universidad Politécnica Salesiana con el logotipo U""",sin CMP detectada
106,ecuador,UPS,https://www.ups.edu.ec/,1.1.1,qt1vmo,Image accessible name is descriptive,153,a.undecoration > div.col-6 > div.ups-slider > img.w-100,si,REVISAR,,,R04,2026-09-09,,"JUICIO HUMANO. ¿El nombre sirve un proposito equivalente al contenido no textual? nombre: ""Edificio del Rectorado de la Universidad Politécnica Salesiana con el logotipo UPS en la fachada."" | src: https://www.ups.edu.ec/documents/20121/90875/rectorado.jpg",sin CMP detectada
106,ecuador,UPS,https://www.ups.edu.ec/,1.1.1,23a2a8,Image has non-empty accessible name,154,a.undecoration > div.col-6 > div.ups-slider > img.w-100,si,cumple,,,R04,2026-09-09,,"nombre accesible: ""Edificio del Rectorado de la Universidad Politécnica Salesiana con el logotipo U""",sin CMP detectada
106,ecuador,UPS,https://www.ups.edu.ec/,1.1.1,qt1vmo,Image accessible name is descriptive,154,a.undecoration > div.col-6 > div.ups-slider > img.w-100,si,REVISAR,,,R04,2026-09-09,,"JUICIO HUMANO. ¿El nombre sirve un proposito equivalente al contenido no textual? nombre: ""Edificio del Rectorado de la Universidad Politécnica Salesiana con el logotipo UPS en la fachada."" | src: https://www.ups.edu.ec/documents/20121/191172/sede+cuenca.png",sin CMP detectada
106,ecuador,UPS,https://www.ups.edu.ec/,1.1.1,23a2a8,Image has non-empty accessible name,155,a.undecoration > div.col-6 > div.ups-slider > img.w-100,si,cumple,,,R04,2026-09-09,,"nombre accesible: ""Edificio de la sede Quito de la Universidad Politécnica Salesiana con un mural a""",sin CMP detectada
106,ecuador,UPS,https://www.ups.edu.ec/,1.1.1,qt1vmo,Image accessible name is descriptive,155,a.undecoration > div.col-6 > div.ups-slider > img.w-100,si,REVISAR,,,R04,2026-09-09,,"JUICIO HUMANO. ¿El nombre sirve un proposito equivalente al contenido no textual? nombre: ""Edificio de la sede Quito de la Universidad Politécnica Salesiana con un mural artístico en la fachada."" | src: 72/sede+quito.png/c305dd90-dae8-760b-f4f6-caa9ab6d2215?t=1618069908247",sin CMP detectada
106,ecuador,UPS,https://www.ups.edu.ec/,1.1.1,23a2a8,Image has non-empty accessible name,156,a.undecoration > div.col-6 > div.ups-slider > img.w-100,si,cumple,,,R04,2026-09-09,,"nombre accesible: ""Edificio de la sede Quito de la Universidad Politécnica Salesiana con un mural a""",sin CMP detectada
106,ecuador,UPS,https://www.ups.edu.ec/,1.1.1,qt1vmo,Image accessible name is descriptive,156,a.undecoration > div.col-6 > div.ups-slider > img.w-100,si,REVISAR,,,R04,2026-09-09,,"JUICIO HUMANO. ¿El nombre sirve un proposito equivalente al contenido no textual? nombre: ""Edificio de la sede Quito de la Universidad Politécnica Salesiana con un mural artístico en la fachada."" | src: https://www.ups.edu.ec/documents/20121/50296/gye.jpg",sin CMP detectada
106,ecuador,UPS,https://www.ups.edu.ec/,1.1.1,23a2a8,Image has non-empty accessible name,157,#ico_1,si,cumple,,,R04,2026-09-09,,"nombre accesible: ""facebook""",sin CMP detectada
106,ecuador,UPS,https://www.ups.edu.ec/,1.1.1,qt1vmo,Image accessible name is descriptive,157,#ico_1,si,REVISAR,,,R04,2026-09-09,,"JUICIO HUMANO. ¿El nombre sirve un proposito equivalente al contenido no textual? nombre: ""facebook"" | src: ",sin CMP detectada
106,ecuador,UPS,https://www.ups.edu.ec/,1.1.1,23a2a8,Image has non-empty accessible name,158,#ico_2,si,cumple,,,R04,2026-09-09,,"nombre accesible: ""instagram""",sin CMP detectada
106,ecuador,UPS,https://www.ups.edu.ec/,1.1.1,qt1vmo,Image accessible name is descriptive,158,#ico_2,si,REVISAR,,,R04,2026-09-09,,"JUICIO HUMANO. ¿El nombre sirve un proposito equivalente al contenido no textual? nombre: ""instagram"" | src: ",sin CMP detectada
106,ecuador,UPS,https://www.ups.edu.ec/,1.1.1,23a2a8,Image has non-empty accessible name,159,#ico_3,si,cumple,,,R04,2026-09-09,,"nombre accesible: "".a { fill: #fff; stroke-width: 0px; }""",sin CMP detectada
106,ecuador,UPS,https://www.ups.edu.ec/,1.1.1,qt1vmo,Image accessible name is descriptive,159,#ico_3,si,REVISAR,,,R04,2026-09-09,,"JUICIO HUMANO. ¿El nombre sirve un proposito equivalente al contenido no textual? nombre: "".a { fill: #fff; stroke-width: 0px; }"" | src: ",sin CMP detectada
106,ecuador,UPS,https://www.ups.edu.ec/,1.1.1,23a2a8,Image has non-empty accessible name,160,#ico_4,si,cumple,,,R04,2026-09-09,,"nombre accesible: ""youtube""",sin CMP detectada
106,ecuador,UPS,https://www.ups.edu.ec/,1.1.1,qt1vmo,Image accessible name is descriptive,160,#ico_4,si,REVISAR,,,R04,2026-09-09,,"JUICIO HUMANO. ¿El nombre sirve un proposito equivalente al contenido no textual? nombre: ""youtube"" | src: ",sin CMP detectada
106,ecuador,UPS,https://www.ups.edu.ec/,1.1.1,23a2a8,Image has non-empty accessible name,161,#ico_5,si,cumple,,,R04,2026-09-09,,"nombre accesible: ""linkedin""",sin CMP detectada
106,ecuador,UPS,https://www.ups.edu.ec/,1.1.1,qt1vmo,Image accessible name is descriptive,161,#ico_5,si,REVISAR,,,R04,2026-09-09,,"JUICIO HUMANO. ¿El nombre sirve un proposito equivalente al contenido no textual? nombre: ""linkedin"" | src: ",sin CMP detectada
106,ecuador,UPS,https://www.ups.edu.ec/,1.1.1,23a2a8,Image has non-empty accessible name,162,#ico_6,si,cumple,,,R04,2026-09-09,,"nombre accesible: ""pinterest copia""",sin CMP detectada
106,ecuador,UPS,https://www.ups.edu.ec/,1.1.1,qt1vmo,Image accessible name is descriptive,162,#ico_6,si,REVISAR,,,R04,2026-09-09,,"JUICIO HUMANO. ¿El nombre sirve un proposito equivalente al contenido no textual? nombre: ""pinterest copia"" | src: ",sin CMP detectada
106,ecuador,UPS,https://www.ups.edu.ec/,1.1.1,23a2a8,Image has non-empty accessible name,163,div.row > div.col-12 > a.bg-blue > svg,si,cumple,,,R04,2026-09-09,,"nombre accesible: ""ius""",sin CMP detectada
106,ecuador,UPS,https://www.ups.edu.ec/,1.1.1,qt1vmo,Image accessible name is descriptive,163,div.row > div.col-12 > a.bg-blue > svg,si,REVISAR,,,R04,2026-09-09,,"JUICIO HUMANO. ¿El nombre sirve un proposito equivalente al contenido no textual? nombre: ""ius"" | src: ",sin CMP detectada
106,ecuador,UPS,https://www.ups.edu.ec/,1.1.1,23a2a8,Image has non-empty accessible name,164,div.row > div.col-12 > a.bg-blue > svg,si,cumple,,,R04,2026-09-09,,"nombre accesible: ""universia""",sin CMP detectada
106,ecuador,UPS,https://www.ups.edu.ec/,1.1.1,qt1vmo,Image accessible name is descriptive,164,div.row > div.col-12 > a.bg-blue > svg,si,REVISAR,,,R04,2026-09-09,,"JUICIO HUMANO. ¿El nombre sirve un proposito equivalente al contenido no textual? nombre: ""universia"" | src: ",sin CMP detectada
106,ecuador,UPS,https://www.ups.edu.ec/,2.4.4,c487ae,Link has non-empty accessible name,1,nav.quick-access-nav > ul > li > a,si,cumple,,,R04,2026-09-09,,"nombre: ""Saltar al contenido""",sin CMP detectada
106,ecuador,UPS,https://www.ups.edu.ec/,2.4.4,5effbb,Link in context is descriptive,1,nav.quick-access-nav > ul > li > a,si,REVISAR,,Saltar al contenido,R04,2026-09-09,,"JUICIO HUMANO. ¿Nombre + contexto describen el proposito? nombre: ""Saltar al contenido"" | href: #main-content",sin CMP detectada
106,ecuador,UPS,https://www.ups.edu.ec/,2.4.4,c487ae,Link has non-empty accessible name,2,div.container-fluid > nav.nav-ups > div.ml-2 > a,si,falla,,,R04,2026-09-09,,href: https://www.ups.edu.ec,sin CMP detectada
106,ecuador,UPS,https://www.ups.edu.ec/,2.4.4,c487ae,Link has non-empty accessible name,3,#searchbutton,si,cumple,,,R04,2026-09-09,,"nombre: ""Search""",sin CMP detectada
106,ecuador,UPS,https://www.ups.edu.ec/,2.4.4,5effbb,Link in context is descriptive,3,#searchbutton,si,REVISAR,,SIN CONTEXTO PROGRAMATICO,R04,2026-09-09,,"JUICIO HUMANO. ¿Nombre + contexto describen el proposito? nombre: ""Search"" | href: /busqueda | AVISO: no hay parrafo, elemento de lista ni celda que lo contenga. Un div o article envolvente NO es contexto programatico.",sin CMP detectada
106,ecuador,UPS,https://www.ups.edu.ec/,2.4.4,c487ae,Link has non-empty accessible name,4,div.ups-internal-box > div.col > div.row > a.ico-container,si,cumple,,,R04,2026-09-09,,"nombre: "".a{fill:#fff;}facebook""",sin CMP detectada
106,ecuador,UPS,https://www.ups.edu.ec/,2.4.4,5effbb,Link in context is descriptive,4,div.ups-internal-box > div.col > div.row > a.ico-container,si,REVISAR,,SIN CONTEXTO PROGRAMATICO,R04,2026-09-09,,"JUICIO HUMANO. ¿Nombre + contexto describen el proposito? nombre: "".a{fill:#fff;}facebook"" | href: https://upsalesiana.ec/fbups | AVISO: no hay parrafo, elemento de lista ni celda que lo contenga. Un div o article envolvente NO es contexto programatico.",sin CMP detectada
106,ecuador,UPS,https://www.ups.edu.ec/,2.4.4,c487ae,Link has non-empty accessible name,5,div.ups-internal-box > div.col > div.row > a.ico-container,si,cumple,,,R04,2026-09-09,,"nombre: "".a{fill:#fff;}instagram""",sin CMP detectada
106,ecuador,UPS,https://www.ups.edu.ec/,2.4.4,5effbb,Link in context is descriptive,5,div.ups-internal-box > div.col > div.row > a.ico-container,si,REVISAR,,SIN CONTEXTO PROGRAMATICO,R04,2026-09-09,,"JUICIO HUMANO. ¿Nombre + contexto describen el proposito? nombre: "".a{fill:#fff;}instagram"" | href: https://upsalesiana.ec/igups | AVISO: no hay parrafo, elemento de lista ni celda que lo contenga. Un div o article envolvente NO es contexto programatico.",sin CMP detectada
106,ecuador,UPS,https://www.ups.edu.ec/,2.4.4,c487ae,Link has non-empty accessible name,6,div.ups-internal-box > div.col > div.row > a.ico-container,si,cumple,,,R04,2026-09-09,,"nombre: "".a { fill: #fff; stroke-width: 0px; }""",sin CMP detectada
106,ecuador,UPS,https://www.ups.edu.ec/,2.4.4,5effbb,Link in context is descriptive,6,div.ups-internal-box > div.col > div.row > a.ico-container,si,REVISAR,,SIN CONTEXTO PROGRAMATICO,R04,2026-09-09,,"JUICIO HUMANO. ¿Nombre + contexto describen el proposito? nombre: "".a { fill: #fff; stroke-width: 0px; }"" | href: https://upsalesiana.ec/twups | AVISO: no hay parrafo, elemento de lista ni celda que lo contenga. Un div o article envolvente NO es contexto programatico.",sin CMP detectada
106,ecuador,UPS,https://www.ups.edu.ec/,2.4.4,c487ae,Link has non-empty accessible name,7,div.ups-internal-box > div.col > div.row > a.ico-container,si,cumple,,,R04,2026-09-09,,"nombre: "".a{fill:#fff;}youtube""",sin CMP detectada
106,ecuador,UPS,https://www.ups.edu.ec/,2.4.4,5effbb,Link in context is descriptive,7,div.ups-internal-box > div.col > div.row > a.ico-container,si,REVISAR,,SIN CONTEXTO PROGRAMATICO,R04,2026-09-09,,"JUICIO HUMANO. ¿Nombre + contexto describen el proposito? nombre: "".a{fill:#fff;}youtube"" | href: https://upsalesiana.ec/ytups | AVISO: no hay parrafo, elemento de lista ni celda que lo contenga. Un div o article envolvente NO es contexto programatico.",sin CMP detectada
106,ecuador,UPS,https://www.ups.edu.ec/,2.4.4,c487ae,Link has non-empty accessible name,8,div.ups-internal-box > div.col > div.row > a.ico-container,si,cumple,,,R04,2026-09-09,,"nombre: "".a{fill:#fff;}linkedin""",sin CMP detectada
106,ecuador,UPS,https://www.ups.edu.ec/,2.4.4,5effbb,Link in context is descriptive,8,div.ups-internal-box > div.col > div.row > a.ico-container,si,REVISAR,,SIN CONTEXTO PROGRAMATICO,R04,2026-09-09,,"JUICIO HUMANO. ¿Nombre + contexto describen el proposito? nombre: "".a{fill:#fff;}linkedin"" | href: https://upsalesiana.ec/inups | AVISO: no hay parrafo, elemento de lista ni celda que lo contenga. Un div o article envolvente NO es contexto programatico.",sin CMP detectada
106,ecuador,UPS,https://www.ups.edu.ec/,2.4.4,c487ae,Link has non-empty accessible name,9,div.ups-internal-box > div.col > div.row > a.ico-container,si,cumple,,,R04,2026-09-09,,"nombre: "".a{fill:#fff;}pinterest copia""",sin CMP detectada
106,ecuador,UPS,https://www.ups.edu.ec/,2.4.4,5effbb,Link in context is descriptive,9,div.ups-internal-box > div.col > div.row > a.ico-container,si,REVISAR,,SIN CONTEXTO PROGRAMATICO,R04,2026-09-09,,"JUICIO HUMANO. ¿Nombre + contexto describen el proposito? nombre: "".a{fill:#fff;}pinterest copia"" | href: https://upsalesiana.ec/ttups | AVISO: no hay parrafo, elemento de lista ni celda que lo contenga. Un div o article envolvente NO es contexto programatico.",sin CMP detectada
106,ecuador,UPS,https://www.ups.edu.ec/,2.4.4,c487ae,Link has non-empty accessible name,10,div.carousel-inner > div.carousel-item > div.ups-slider > a.h-inherit,si,cumple,,,R04,2026-09-09,,"nombre: ""more""",sin CMP detectada
106,ecuador,UPS,https://www.ups.edu.ec/,2.4.4,5effbb,Link in context is descriptive,10,div.carousel-inner > div.carousel-item > div.ups-slider > a.h-inherit,si,REVISAR,,SIN CONTEXTO PROGRAMATICO,R04,2026-09-09,,"JUICIO HUMANO. ¿Nombre + contexto describen el proposito? nombre: ""more"" | href: https://upsalesiana.ec/instantrop26 | AVISO: no hay parrafo, elemento de lista ni celda que lo contenga. Un div o article envolvente NO es contexto programatico.",sin CMP detectada
106,ecuador,UPS,https://www.ups.edu.ec/,2.4.4,c487ae,Link has non-empty accessible name,11,div.row > div.ups-internal-box > div.d-none > a.carousel-control-prev,si,cumple,,,R04,2026-09-09,,"nombre: ""Previous""",sin CMP detectada
106,ecuador,UPS,https://www.ups.edu.ec/,2.4.4,5effbb,Link in context is descriptive,11,div.row > div.ups-internal-box > div.d-none > a.carousel-control-prev,si,REVISAR,,SIN CONTEXTO PROGRAMATICO,R04,2026-09-09,,"JUICIO HUMANO. ¿Nombre + contexto describen el proposito? nombre: ""Previous"" | href: #ppDJLLyJUr4KXDesktopcarouselJsft | AVISO: no hay parrafo, elemento de lista ni celda que lo contenga. Un div o article envolvente NO es contexto programatico.",sin CMP detectada
106,ecuador,UPS,https://www.ups.edu.ec/,2.4.4,c487ae,Link has non-empty accessible name,12,div.row > div.ups-internal-box > div.d-none > a.carousel-control-next,si,cumple,,,R04,2026-09-09,,"nombre: ""Next""",sin CMP detectada
106,ecuador,UPS,https://www.ups.edu.ec/,2.4.4,5effbb,Link in context is descriptive,12,div.row > div.ups-internal-box > div.d-none > a.carousel-control-next,si,REVISAR,,SIN CONTEXTO PROGRAMATICO,R04,2026-09-09,,"JUICIO HUMANO. ¿Nombre + contexto describen el proposito? nombre: ""Next"" | href: #ppDJLLyJUr4KXDesktopcarouselJsft | AVISO: no hay parrafo, elemento de lista ni celda que lo contenga. Un div o article envolvente NO es contexto programatico.",sin CMP detectada
106,ecuador,UPS,https://www.ups.edu.ec/,2.4.4,c487ae,Link has non-empty accessible name,13,div.carousel-item > div.col > div.card > a.undecoration,si,cumple,,,R04,2026-09-09,,"nombre: ""Ingresa a la UPS Tus metas son importantes""",sin CMP detectada
106,ecuador,UPS,https://www.ups.edu.ec/,2.4.4,5effbb,Link in context is descriptive,13,div.carousel-item > div.col > div.card > a.undecoration,si,REVISAR,,SIN CONTEXTO PROGRAMATICO,R04,2026-09-09,,"JUICIO HUMANO. ¿Nombre + contexto describen el proposito? nombre: ""Ingresa a la UPS Tus metas son importantes"" | href: /estudia-en-la-ups | AVISO: no hay parrafo, elemento de lista ni celda que lo contenga. Un div o article envolvente NO es contexto programatico.",sin CMP detectada
106,ecuador,UPS,https://www.ups.edu.ec/,2.4.4,c487ae,Link has non-empty accessible name,14,div.carousel-item > div.col > div.card > a.undecoration,si,cumple,,,R04,2026-09-09,,"nombre: ""Oferta de Grado Conoce nuestras carreras universitarias""",sin CMP detectada
106,ecuador,UPS,https://www.ups.edu.ec/,2.4.4,5effbb,Link in context is descriptive,14,div.carousel-item > div.col > div.card > a.undecoration,si,REVISAR,,SIN CONTEXTO PROGRAMATICO,R04,2026-09-09,,"JUICIO HUMANO. ¿Nombre + contexto describen el proposito? nombre: ""Oferta de Grado Conoce nuestras carreras universitarias"" | href: /oferta-academica?35610=&pg=0 | AVISO: no hay parrafo, elemento de lista ni celda que lo contenga. Un div o article envolvente NO es contexto programatico.",sin CMP detectada
106,ecuador,UPS,https://www.ups.edu.ec/,2.4.4,c487ae,Link has non-empty accessible name,15,div.row > div.ups-internal-box > div.carousel-multi-item > a.carousel-control-prev,si,cumple,,,R04,2026-09-09,,"nombre: ""Previous""",sin CMP detectada
106,ecuador,UPS,https://www.ups.edu.ec/,2.4.4,5effbb,Link in context is descriptive,15,div.row > div.ups-internal-box > div.carousel-multi-item > a.carousel-control-prev,si,REVISAR,,SIN CONTEXTO PROGRAMATICO,R04,2026-09-09,,"JUICIO HUMANO. ¿Nombre + contexto describen el proposito? nombre: ""Previous"" | href: #pnZCTrNycCC44carouselJsft | AVISO: no hay parrafo, elemento de lista ni celda que lo contenga. Un div o article envolvente NO es contexto programatico.",sin CMP detectada
106,ecuador,UPS,https://www.ups.edu.ec/,2.4.4,c487ae,Link has non-empty accessible name,16,div.row > div.ups-internal-box > div.carousel-multi-item > a.carousel-control-next,si,cumple,,,R04,2026-09-09,,"nombre: ""Next""",sin CMP detectada
106,ecuador,UPS,https://www.ups.edu.ec/,2.4.4,5effbb,Link in context is descriptive,16,div.row > div.ups-internal-box > div.carousel-multi-item > a.carousel-control-next,si,REVISAR,,SIN CONTEXTO PROGRAMATICO,R04,2026-09-09,,"JUICIO HUMANO. ¿Nombre + contexto describen el proposito? nombre: ""Next"" | href: #pnZCTrNycCC44carouselJsft | AVISO: no hay parrafo, elemento de lista ni celda que lo contenga. Un div o article envolvente NO es contexto programatico.",sin CMP detectada
106,ecuador,UPS,https://www.ups.edu.ec/,2.4.4,c487ae,Link has non-empty accessible name,17,div.portlet-body > div.row > div.col-6 > a.animated-card,si,falla,,,R04,2026-09-09,,href: /noticias?articleId=2073637&byid,sin CMP detectada
106,ecuador,UPS,https://www.ups.edu.ec/,2.4.4,c487ae,Link has non-empty accessible name,18,div.portlet-body > div.row > div.col-6 > a.animated-card,si,falla,,,R04,2026-09-09,,href: /noticias?articleId=1887507&byid,sin CMP detectada
106,ecuador,UPS,https://www.ups.edu.ec/,2.4.4,c487ae,Link has non-empty accessible name,19,div.portlet-body > div.row > div.col-6 > a.animated-card,si,falla,,,R04,2026-09-09,,href: /noticias?articleId=2298465&byid,sin CMP detectada
106,ecuador,UPS,https://www.ups.edu.ec/,2.4.4,c487ae,Link has non-empty accessible name,20,div.portlet-body > div.row > div.col-6 > a.animated-card,si,falla,,,R04,2026-09-09,,href: /noticias?articleId=2267755&byid,sin CMP detectada
106,ecuador,UPS,https://www.ups.edu.ec/,2.4.4,c487ae,Link has non-empty accessible name,21,div.w-100 > div.link > div.button-container > a.btn,si,cumple,,,R04,2026-09-09,,"nombre: ""Más información""",sin CMP detectada
106,ecuador,UPS,https://www.ups.edu.ec/,2.4.4,5effbb,Link in context is descriptive,21,div.w-100 > div.link > div.button-container > a.btn,si,REVISAR,,SIN CONTEXTO PROGRAMATICO,R04,2026-09-09,,"JUICIO HUMANO. ¿Nombre + contexto describen el proposito? nombre: ""Más información"" | href: https://youtu.be/4YH6i5xxB9Y | AVISO: no hay parrafo, elemento de lista ni celda que lo contenga. Un div o article envolvente NO es contexto programatico.",sin CMP detectada
106,ecuador,UPS,https://www.ups.edu.ec/,2.4.4,c487ae,Link has non-empty accessible name,22,div.row > div.col-6 > div.row > a.ups-slider,si,cumple,,,R04,2026-09-09,,"nombre: ""La UPS obtiene la certificación internacional UNE-ISO 30301:2019 por la solidez """,sin CMP detectada
106,ecuador,UPS,https://www.ups.edu.ec/,2.4.4,5effbb,Link in context is descriptive,22,div.row > div.col-6 > div.row > a.ups-slider,si,REVISAR,,SIN CONTEXTO PROGRAMATICO,R04,2026-09-09,,"JUICIO HUMANO. ¿Nombre + contexto describen el proposito? nombre: ""La UPS obtiene la certificación internacional UNE-ISO 30301:2019 por la solidez "" | href: https://www.ups.edu.ec/noticias?articleId=3943357&byid | AVISO: no hay parrafo, elemento de lista ni celda que lo contenga. Un div o article envolvente NO es contexto programatico.",sin CMP detectada
106,ecuador,UPS,https://www.ups.edu.ec/,2.4.4,c487ae,Link has non-empty accessible name,23,div.relacionados > div.row > div.col-3 > a.w-100,si,cumple,,,R04,2026-09-09,,"nombre: ""Abrir noticia""",sin CMP detectada
106,ecuador,UPS,https://www.ups.edu.ec/,2.4.4,5effbb,Link in context is descriptive,23,div.relacionados > div.row > div.col-3 > a.w-100,si,REVISAR,,SIN CONTEXTO PROGRAMATICO,R04,2026-09-09,,"JUICIO HUMANO. ¿Nombre + contexto describen el proposito? nombre: ""Abrir noticia"" | href: https://www.ups.edu.ec/noticias?articleId=4013447&byid | AVISO: no hay parrafo, elemento de lista ni celda que lo contenga. Un div o article envolvente NO es contexto programatico.",sin CMP detectada
106,ecuador,UPS,https://www.ups.edu.ec/,2.4.4,c487ae,Link has non-empty accessible name,24,div.col-6 > div.relacionados > div.row > a.col-9,si,cumple,,,R04,2026-09-09,,"nombre: ""La UPS Guayaquil rinde homenaje al talento escénico con la obra “La Esquina” en """,sin CMP detectada
106,ecuador,UPS,https://www.ups.edu.ec/,2.4.4,5effbb,Link in context is descriptive,24,div.col-6 > div.relacionados > div.row > a.col-9,si,REVISAR,,SIN CONTEXTO PROGRAMATICO,R04,2026-09-09,,"JUICIO HUMANO. ¿Nombre + contexto describen el proposito? nombre: ""La UPS Guayaquil rinde homenaje al talento escénico con la obra “La Esquina” en "" | href: https://www.ups.edu.ec/noticias?articleId=4013447&byid | AVISO: no hay parrafo, elemento de lista ni celda que lo contenga. Un div o article envolvente NO es contexto programatico.",sin CMP detectada
106,ecuador,UPS,https://www.ups.edu.ec/,2.4.4,c487ae,Link has non-empty accessible name,25,div.relacionados > div.row > div.col-3 > a.w-100,si,cumple,,,R04,2026-09-09,,"nombre: ""Abrir noticia""",sin CMP detectada
106,ecuador,UPS,https://www.ups.edu.ec/,2.4.4,5effbb,Link in context is descriptive,25,div.relacionados > div.row > div.col-3 > a.w-100,si,REVISAR,,SIN CONTEXTO PROGRAMATICO,R04,2026-09-09,,"JUICIO HUMANO. ¿Nombre + contexto describen el proposito? nombre: ""Abrir noticia"" | href: https://www.ups.edu.ec/noticias?articleId=4020892&byid | AVISO: no hay parrafo, elemento de lista ni celda que lo contenga. Un div o article envolvente NO es contexto programatico.",sin CMP detectada
106,ecuador,UPS,https://www.ups.edu.ec/,2.4.4,c487ae,Link has non-empty accessible name,26,div.col-6 > div.relacionados > div.row > a.col-9,si,cumple,,,R04,2026-09-09,,"nombre: ""La UPS sede Guayaquil celebra sus ceremonias de grado y posgrado y a la primera """,sin CMP detectada
106,ecuador,UPS,https://www.ups.edu.ec/,2.4.4,5effbb,Link in context is descriptive,26,div.col-6 > div.relacionados > div.row > a.col-9,si,REVISAR,,SIN CONTEXTO PROGRAMATICO,R04,2026-09-09,,"JUICIO HUMANO. ¿Nombre + contexto describen el proposito? nombre: ""La UPS sede Guayaquil celebra sus ceremonias de grado y posgrado y a la primera "" | href: https://www.ups.edu.ec/noticias?articleId=4020892&byid | AVISO: no hay parrafo, elemento de lista ni celda que lo contenga. Un div o article envolvente NO es contexto programatico.",sin CMP detectada
106,ecuador,UPS,https://www.ups.edu.ec/,2.4.4,c487ae,Link has non-empty accessible name,27,div.relacionados > div.row > div.col-3 > a.w-100,si,cumple,,,R04,2026-09-09,,"nombre: ""Abrir noticia""",sin CMP detectada
106,ecuador,UPS,https://www.ups.edu.ec/,2.4.4,5effbb,Link in context is descriptive,27,div.relacionados > div.row > div.col-3 > a.w-100,si,REVISAR,,SIN CONTEXTO PROGRAMATICO,R04,2026-09-09,,"JUICIO HUMANO. ¿Nombre + contexto describen el proposito? nombre: ""Abrir noticia"" | href: https://www.ups.edu.ec/noticias?articleId=4020773&byid | AVISO: no hay parrafo, elemento de lista ni celda que lo contenga. Un div o article envolvente NO es contexto programatico.",sin CMP detectada
106,ecuador,UPS,https://www.ups.edu.ec/,2.4.4,c487ae,Link has non-empty accessible name,28,div.col-6 > div.relacionados > div.row > a.col-9,si,cumple,,,R04,2026-09-09,,"nombre: ""Coro UPS Quito representará al Ecuador en el Festival Internacional Corearte Bar""",sin CMP detectada
106,ecuador,UPS,https://www.ups.edu.ec/,2.4.4,5effbb,Link in context is descriptive,28,div.col-6 > div.relacionados > div.row > a.col-9,si,REVISAR,,SIN CONTEXTO PROGRAMATICO,R04,2026-09-09,,"JUICIO HUMANO. ¿Nombre + contexto describen el proposito? nombre: ""Coro UPS Quito representará al Ecuador en el Festival Internacional Corearte Bar"" | href: https://www.ups.edu.ec/noticias?articleId=4020773&byid | AVISO: no hay parrafo, elemento de lista ni celda que lo contenga. Un div o article envolvente NO es contexto programatico.",sin CMP detectada
106,ecuador,UPS,https://www.ups.edu.ec/,2.4.4,c487ae,Link has non-empty accessible name,29,div.relacionados > div.row > div.col-3 > a.w-100,si,cumple,,,R04,2026-09-09,,"nombre: ""Abrir noticia""",sin CMP detectada
106,ecuador,UPS,https://www.ups.edu.ec/,2.4.4,5effbb,Link in context is descriptive,29,div.relacionados > div.row > div.col-3 > a.w-100,si,REVISAR,,SIN CONTEXTO PROGRAMATICO,R04,2026-09-09,,"JUICIO HUMANO. ¿Nombre + contexto describen el proposito? nombre: ""Abrir noticia"" | href: https://www.ups.edu.ec/noticias?articleId=3980838&byid | AVISO: no hay parrafo, elemento de lista ni celda que lo contenga. Un div o article envolvente NO es contexto programatico.",sin CMP detectada
106,ecuador,UPS,https://www.ups.edu.ec/,2.4.4,c487ae,Link has non-empty accessible name,30,div.col-6 > div.relacionados > div.row > a.col-9,si,cumple,,,R04,2026-09-09,,"nombre: ""Ingeniería Automotriz destacó su innovación y talento en el Autoshow 2026 .st0{f""",sin CMP detectada
106,ecuador,UPS,https://www.ups.edu.ec/,2.4.4,5effbb,Link in context is descriptive,30,div.col-6 > div.relacionados > div.row > a.col-9,si,REVISAR,,SIN CONTEXTO PROGRAMATICO,R04,2026-09-09,,"JUICIO HUMANO. ¿Nombre + contexto describen el proposito? nombre: ""Ingeniería Automotriz destacó su innovación y talento en el Autoshow 2026 .st0{f"" | href: https://www.ups.edu.ec/noticias?articleId=3980838&byid | AVISO: no hay parrafo, elemento de lista ni celda que lo contenga. Un div o article envolvente NO es contexto programatico.",sin CMP detectada
106,ecuador,UPS,https://www.ups.edu.ec/,2.4.4,c487ae,Link has non-empty accessible name,31,div.relacionados > div.row > div.col-3 > a.w-100,si,cumple,,,R04,2026-09-09,,"nombre: ""Abrir noticia""",sin CMP detectada
106,ecuador,UPS,https://www.ups.edu.ec/,2.4.4,5effbb,Link in context is descriptive,31,div.relacionados > div.row > div.col-3 > a.w-100,si,REVISAR,,SIN CONTEXTO PROGRAMATICO,R04,2026-09-09,,"JUICIO HUMANO. ¿Nombre + contexto describen el proposito? nombre: ""Abrir noticia"" | href: https://www.ups.edu.ec/noticias?articleId=3826349&byid | AVISO: no hay parrafo, elemento de lista ni celda que lo contenga. Un div o article envolvente NO es contexto programatico.",sin CMP detectada
106,ecuador,UPS,https://www.ups.edu.ec/,2.4.4,c487ae,Link has non-empty accessible name,32,div.col-6 > div.relacionados > div.row > a.col-9,si,cumple,,,R04,2026-09-09,,"nombre: ""INNOVACIÓN, TECNOLOGÍA Y TRABAJO EN EQUIPO MARCARON EL HACKATHON DE DESARROLLO .""",sin CMP detectada
106,ecuador,UPS,https://www.ups.edu.ec/,2.4.4,5effbb,Link in context is descriptive,32,div.col-6 > div.relacionados > div.row > a.col-9,si,REVISAR,,SIN CONTEXTO PROGRAMATICO,R04,2026-09-09,,"JUICIO HUMANO. ¿Nombre + contexto describen el proposito? nombre: ""INNOVACIÓN, TECNOLOGÍA Y TRABAJO EN EQUIPO MARCARON EL HACKATHON DE DESARROLLO ."" | href: https://www.ups.edu.ec/noticias?articleId=3826349&byid | AVISO: no hay parrafo, elemento de lista ni celda que lo contenga. Un div o article envolvente NO es contexto programatico.",sin CMP detectada
106,ecuador,UPS,https://www.ups.edu.ec/,2.4.4,c487ae,Link has non-empty accessible name,33,div.relacionados > div.row > div.col-3 > a.w-100,si,cumple,,,R04,2026-09-09,,"nombre: ""Abrir noticia""",sin CMP detectada
106,ecuador,UPS,https://www.ups.edu.ec/,2.4.4,5effbb,Link in context is descriptive,33,div.relacionados > div.row > div.col-3 > a.w-100,si,REVISAR,,SIN CONTEXTO PROGRAMATICO,R04,2026-09-09,,"JUICIO HUMANO. ¿Nombre + contexto describen el proposito? nombre: ""Abrir noticia"" | href: https://www.ups.edu.ec/noticias?articleId=3826276&byid | AVISO: no hay parrafo, elemento de lista ni celda que lo contenga. Un div o article envolvente NO es contexto programatico.",sin CMP detectada
106,ecuador,UPS,https://www.ups.edu.ec/,2.4.4,c487ae,Link has non-empty accessible name,34,div.col-6 > div.relacionados > div.row > a.col-9,si,cumple,,,R04,2026-09-09,,"nombre: ""La UPS Guayaquil reconoce la excelencia de sus estudiantes en el Programa de Dis""",sin CMP detectada
106,ecuador,UPS,https://www.ups.edu.ec/,2.4.4,5effbb,Link in context is descriptive,34,div.col-6 > div.relacionados > div.row > a.col-9,si,REVISAR,,SIN CONTEXTO PROGRAMATICO,R04,2026-09-09,,"JUICIO HUMANO. ¿Nombre + contexto describen el proposito? nombre: ""La UPS Guayaquil reconoce la excelencia de sus estudiantes en el Programa de Dis"" | href: https://www.ups.edu.ec/noticias?articleId=3826276&byid | AVISO: no hay parrafo, elemento de lista ni celda que lo contenga. Un div o article envolvente NO es contexto programatico.",sin CMP detectada
106,ecuador,UPS,https://www.ups.edu.ec/,2.4.4,c487ae,Link has non-empty accessible name,35,div.relacionados > div.row > div.col-3 > a.w-100,si,cumple,,,R04,2026-09-09,,"nombre: ""Abrir noticia""",sin CMP detectada
106,ecuador,UPS,https://www.ups.edu.ec/,2.4.4,5effbb,Link in context is descriptive,35,div.relacionados > div.row > div.col-3 > a.w-100,si,REVISAR,,SIN CONTEXTO PROGRAMATICO,R04,2026-09-09,,"JUICIO HUMANO. ¿Nombre + contexto describen el proposito? nombre: ""Abrir noticia"" | href: https://www.ups.edu.ec/noticias?articleId=3825668&byid | AVISO: no hay parrafo, elemento de lista ni celda que lo contenga. Un div o article envolvente NO es contexto programatico.",sin CMP detectada
106,ecuador,UPS,https://www.ups.edu.ec/,2.4.4,c487ae,Link has non-empty accessible name,36,div.col-6 > div.relacionados > div.row > a.col-9,si,cumple,,,R04,2026-09-09,,"nombre: ""Ecosistema de innovación de la UPS despierta interés internacional en el LATAM G""",sin CMP detectada
106,ecuador,UPS,https://www.ups.edu.ec/,2.4.4,5effbb,Link in context is descriptive,36,div.col-6 > div.relacionados > div.row > a.col-9,si,REVISAR,,SIN CONTEXTO PROGRAMATICO,R04,2026-09-09,,"JUICIO HUMANO. ¿Nombre + contexto describen el proposito? nombre: ""Ecosistema de innovación de la UPS despierta interés internacional en el LATAM G"" | href: https://www.ups.edu.ec/noticias?articleId=3825668&byid | AVISO: no hay parrafo, elemento de lista ni celda que lo contenga. Un div o article envolvente NO es contexto programatico.",sin CMP detectada
106,ecuador,UPS,https://www.ups.edu.ec/,2.4.4,c487ae,Link has non-empty accessible name,37,div.relacionados > div.row > div.col-3 > a.w-100,si,cumple,,,R04,2026-09-09,,"nombre: ""Abrir noticia""",sin CMP detectada
106,ecuador,UPS,https://www.ups.edu.ec/,2.4.4,5effbb,Link in context is descriptive,37,div.relacionados > div.row > div.col-3 > a.w-100,si,REVISAR,,SIN CONTEXTO PROGRAMATICO,R04,2026-09-09,,"JUICIO HUMANO. ¿Nombre + contexto describen el proposito? nombre: ""Abrir noticia"" | href: https://www.ups.edu.ec/noticias?articleId=3796473&byid | AVISO: no hay parrafo, elemento de lista ni celda que lo contenga. Un div o article envolvente NO es contexto programatico.",sin CMP detectada
106,ecuador,UPS,https://www.ups.edu.ec/,2.4.4,c487ae,Link has non-empty accessible name,38,div.col-6 > div.relacionados > div.row > a.col-9,si,cumple,,,R04,2026-09-09,,"nombre: ""Equipo de Tenis de Mesa de la UPS logra medalla de oro en los FISU America Games""",sin CMP detectada
106,ecuador,UPS,https://www.ups.edu.ec/,2.4.4,5effbb,Link in context is descriptive,38,div.col-6 > div.relacionados > div.row > a.col-9,si,REVISAR,,SIN CONTEXTO PROGRAMATICO,R04,2026-09-09,,"JUICIO HUMANO. ¿Nombre + contexto describen el proposito? nombre: ""Equipo de Tenis de Mesa de la UPS logra medalla de oro en los FISU America Games"" | href: https://www.ups.edu.ec/noticias?articleId=3796473&byid | AVISO: no hay parrafo, elemento de lista ni celda que lo contenga. Un div o article envolvente NO es contexto programatico.",sin CMP detectada
106,ecuador,UPS,https://www.ups.edu.ec/,2.4.4,c487ae,Link has non-empty accessible name,39,div.relacionados > div.row > div.col-3 > a.w-100,si,cumple,,,R04,2026-09-09,,"nombre: ""Abrir noticia""",sin CMP detectada
106,ecuador,UPS,https://www.ups.edu.ec/,2.4.4,5effbb,Link in context is descriptive,39,div.relacionados > div.row > div.col-3 > a.w-100,si,REVISAR,,SIN CONTEXTO PROGRAMATICO,R04,2026-09-09,,"JUICIO HUMANO. ¿Nombre + contexto describen el proposito? nombre: ""Abrir noticia"" | href: https://www.ups.edu.ec/noticias?articleId=3789105&byid | AVISO: no hay parrafo, elemento de lista ni celda que lo contenga. Un div o article envolvente NO es contexto programatico.",sin CMP detectada
106,ecuador,UPS,https://www.ups.edu.ec/,2.4.4,c487ae,Link has non-empty accessible name,40,div.col-6 > div.relacionados > div.row > a.col-9,si,cumple,,,R04,2026-09-09,,"nombre: ""La UPS lidera el medallero general de los IV Juegos Deportivos Nacionales Univer""",sin CMP detectada
106,ecuador,UPS,https://www.ups.edu.ec/,2.4.4,5effbb,Link in context is descriptive,40,div.col-6 > div.relacionados > div.row > a.col-9,si,REVISAR,,SIN CONTEXTO PROGRAMATICO,R04,2026-09-09,,"JUICIO HUMANO. ¿Nombre + contexto describen el proposito? nombre: ""La UPS lidera el medallero general de los IV Juegos Deportivos Nacionales Univer"" | href: https://www.ups.edu.ec/noticias?articleId=3789105&byid | AVISO: no hay parrafo, elemento de lista ni celda que lo contenga. Un div o article envolvente NO es contexto programatico.",sin CMP detectada
106,ecuador,UPS,https://www.ups.edu.ec/,2.4.4,c487ae,Link has non-empty accessible name,41,div.relacionados > div.row > div.col-3 > a.w-100,si,cumple,,,R04,2026-09-09,,"nombre: ""Abrir noticia""",sin CMP detectada
106,ecuador,UPS,https://www.ups.edu.ec/,2.4.4,5effbb,Link in context is descriptive,41,div.relacionados > div.row > div.col-3 > a.w-100,si,REVISAR,,SIN CONTEXTO PROGRAMATICO,R04,2026-09-09,,"JUICIO HUMANO. ¿Nombre + contexto describen el proposito? nombre: ""Abrir noticia"" | href: https://www.ups.edu.ec/noticias?articleId=3786344&byid | AVISO: no hay parrafo, elemento de lista ni celda que lo contenga. Un div o article envolvente NO es contexto programatico.",sin CMP detectada
106,ecuador,UPS,https://www.ups.edu.ec/,2.4.4,c487ae,Link has non-empty accessible name,42,div.col-6 > div.relacionados > div.row > a.col-9,si,cumple,,,R04,2026-09-09,,"nombre: ""La UPS sede Quito fue escenario de la firma de la Carta de Adhesión para fortale""",sin CMP detectada
106,ecuador,UPS,https://www.ups.edu.ec/,2.4.4,5effbb,Link in context is descriptive,42,div.col-6 > div.relacionados > div.row > a.col-9,si,REVISAR,,SIN CONTEXTO PROGRAMATICO,R04,2026-09-09,,"JUICIO HUMANO. ¿Nombre + contexto describen el proposito? nombre: ""La UPS sede Quito fue escenario de la firma de la Carta de Adhesión para fortale"" | href: https://www.ups.edu.ec/noticias?articleId=3786344&byid | AVISO: no hay parrafo, elemento de lista ni celda que lo contenga. Un div o article envolvente NO es contexto programatico.",sin CMP detectada
106,ecuador,UPS,https://www.ups.edu.ec/,2.4.4,c487ae,Link has non-empty accessible name,43,div.relacionados > div.row > div.col-3 > a.w-100,si,cumple,,,R04,2026-09-09,,"nombre: ""Abrir noticia""",sin CMP detectada
106,ecuador,UPS,https://www.ups.edu.ec/,2.4.4,5effbb,Link in context is descriptive,43,div.relacionados > div.row > div.col-3 > a.w-100,si,REVISAR,,SIN CONTEXTO PROGRAMATICO,R04,2026-09-09,,"JUICIO HUMANO. ¿Nombre + contexto describen el proposito? nombre: ""Abrir noticia"" | href: https://www.ups.edu.ec/noticias?articleId=3786145&byid | AVISO: no hay parrafo, elemento de lista ni celda que lo contenga. Un div o article envolvente NO es contexto programatico.",sin CMP detectada
106,ecuador,UPS,https://www.ups.edu.ec/,2.4.4,c487ae,Link has non-empty accessible name,44,div.col-6 > div.relacionados > div.row > a.col-9,si,cumple,,,R04,2026-09-09,,"nombre: ""La UPS sede Cuenca gradúa a la primera promoción de arquitectura y consolida su """,sin CMP detectada
106,ecuador,UPS,https://www.ups.edu.ec/,2.4.4,5effbb,Link in context is descriptive,44,div.col-6 > div.relacionados > div.row > a.col-9,si,REVISAR,,SIN CONTEXTO PROGRAMATICO,R04,2026-09-09,,"JUICIO HUMANO. ¿Nombre + contexto describen el proposito? nombre: ""La UPS sede Cuenca gradúa a la primera promoción de arquitectura y consolida su "" | href: https://www.ups.edu.ec/noticias?articleId=3786145&byid | AVISO: no hay parrafo, elemento de lista ni celda que lo contenga. Un div o article envolvente NO es contexto programatico.",sin CMP detectada
106,ecuador,UPS,https://www.ups.edu.ec/,2.4.4,c487ae,Link has non-empty accessible name,45,div.relacionados > div.row > div.col-3 > a.w-100,si,cumple,,,R04,2026-09-09,,"nombre: ""Abrir noticia""",sin CMP detectada
106,ecuador,UPS,https://www.ups.edu.ec/,2.4.4,5effbb,Link in context is descriptive,45,div.relacionados > div.row > div.col-3 > a.w-100,si,REVISAR,,SIN CONTEXTO PROGRAMATICO,R04,2026-09-09,,"JUICIO HUMANO. ¿Nombre + contexto describen el proposito? nombre: ""Abrir noticia"" | href: https://www.ups.edu.ec/noticias?articleId=3794468&byid | AVISO: no hay parrafo, elemento de lista ni celda que lo contenga. Un div o article envolvente NO es contexto programatico.",sin CMP detectada
106,ecuador,UPS,https://www.ups.edu.ec/,2.4.4,c487ae,Link has non-empty accessible name,46,div.col-6 > div.relacionados > div.row > a.col-9,si,cumple,,,R04,2026-09-09,,"nombre: ""La inteligencia artificial, bajo la mirada ética de la academia y la sociedad .s""",sin CMP detectada
106,ecuador,UPS,https://www.ups.edu.ec/,2.4.4,5effbb,Link in context is descriptive,46,div.col-6 > div.relacionados > div.row > a.col-9,si,REVISAR,,SIN CONTEXTO PROGRAMATICO,R04,2026-09-09,,"JUICIO HUMANO. ¿Nombre + contexto describen el proposito? nombre: ""La inteligencia artificial, bajo la mirada ética de la academia y la sociedad .s"" | href: https://www.ups.edu.ec/noticias?articleId=3794468&byid | AVISO: no hay parrafo, elemento de lista ni celda que lo contenga. Un div o article envolvente NO es contexto programatico.",sin CMP detectada
106,ecuador,UPS,https://www.ups.edu.ec/,2.4.4,c487ae,Link has non-empty accessible name,47,div.relacionados > div.row > div.col-3 > a.w-100,si,cumple,,,R04,2026-09-09,,"nombre: ""Abrir noticia""",sin CMP detectada
106,ecuador,UPS,https://www.ups.edu.ec/,2.4.4,5effbb,Link in context is descriptive,47,div.relacionados > div.row > div.col-3 > a.w-100,si,REVISAR,,SIN CONTEXTO PROGRAMATICO,R04,2026-09-09,,"JUICIO HUMANO. ¿Nombre + contexto describen el proposito? nombre: ""Abrir noticia"" | href: https://www.ups.edu.ec/noticias?articleId=3781863&byid | AVISO: no hay parrafo, elemento de lista ni celda que lo contenga. Un div o article envolvente NO es contexto programatico.",sin CMP detectada
106,ecuador,UPS,https://www.ups.edu.ec/,2.4.4,c487ae,Link has non-empty accessible name,48,div.col-6 > div.relacionados > div.row > a.col-9,si,cumple,,,R04,2026-09-09,,"nombre: ""Un nuevo escenario para el talento artístico y la innovación cultural nace en la""",sin CMP detectada
106,ecuador,UPS,https://www.ups.edu.ec/,2.4.4,5effbb,Link in context is descriptive,48,div.col-6 > div.relacionados > div.row > a.col-9,si,REVISAR,,SIN CONTEXTO PROGRAMATICO,R04,2026-09-09,,"JUICIO HUMANO. ¿Nombre + contexto describen el proposito? nombre: ""Un nuevo escenario para el talento artístico y la innovación cultural nace en la"" | href: https://www.ups.edu.ec/noticias?articleId=3781863&byid | AVISO: no hay parrafo, elemento de lista ni celda que lo contenga. Un div o article envolvente NO es contexto programatico.",sin CMP detectada
106,ecuador,UPS,https://www.ups.edu.ec/,2.4.4,c487ae,Link has non-empty accessible name,49,div.relacionados > div.row > div.col-3 > a.w-100,si,cumple,,,R04,2026-09-09,,"nombre: ""Abrir noticia""",sin CMP detectada
106,ecuador,UPS,https://www.ups.edu.ec/,2.4.4,5effbb,Link in context is descriptive,49,div.relacionados > div.row > div.col-3 > a.w-100,si,REVISAR,,SIN CONTEXTO PROGRAMATICO,R04,2026-09-09,,"JUICIO HUMANO. ¿Nombre + contexto describen el proposito? nombre: ""Abrir noticia"" | href: https://www.ups.edu.ec/noticias?articleId=3782087&byid | AVISO: no hay parrafo, elemento de lista ni celda que lo contenga. Un div o article envolvente NO es contexto programatico.",sin CMP detectada
106,ecuador,UPS,https://www.ups.edu.ec/,2.4.4,c487ae,Link has non-empty accessible name,50,div.col-6 > div.relacionados > div.row > a.col-9,si,cumple,,,R04,2026-09-09,,"nombre: ""La tercera edición de Reguetón Sinfónico convirtió a la UPS sede Guayaquil en un""",sin CMP detectada
106,ecuador,UPS,https://www.ups.edu.ec/,2.4.4,5effbb,Link in context is descriptive,50,div.col-6 > div.relacionados > div.row > a.col-9,si,REVISAR,,SIN CONTEXTO PROGRAMATICO,R04,2026-09-09,,"JUICIO HUMANO. ¿Nombre + contexto describen el proposito? nombre: ""La tercera edición de Reguetón Sinfónico convirtió a la UPS sede Guayaquil en un"" | href: https://www.ups.edu.ec/noticias?articleId=3782087&byid | AVISO: no hay parrafo, elemento de lista ni celda que lo contenga. Un div o article envolvente NO es contexto programatico.",sin CMP detectada
106,ecuador,UPS,https://www.ups.edu.ec/,2.4.4,c487ae,Link has non-empty accessible name,51,div.row > div.col-6 > div.col-12 > a.button_ups2,si,cumple,,,R04,2026-09-09,,"nombre: ""Ver más Noticias""",sin CMP detectada
106,ecuador,UPS,https://www.ups.edu.ec/,2.4.4,5effbb,Link in context is descriptive,51,div.row > div.col-6 > div.col-12 > a.button_ups2,si,REVISAR,,SIN CONTEXTO PROGRAMATICO,R04,2026-09-09,,"JUICIO HUMANO. ¿Nombre + contexto describen el proposito? nombre: ""Ver más Noticias"" | href: https://www.ups.edu.ec/noticias-listado?origin=p05noticiasho | AVISO: no hay parrafo, elemento de lista ni celda que lo contenga. Un div o article envolvente NO es contexto programatico.",sin CMP detectada
106,ecuador,UPS,https://www.ups.edu.ec/,2.4.4,c487ae,Link has non-empty accessible name,52,div.carousel-item > div.col-12 > div.mx-auto > a.d-block,si,cumple,,,R04,2026-09-09,,"nombre: ""Intercolegial de Teatro - ""Dos Carátulas"" GYE 11/09/2026 Cultural Presencial""",sin CMP detectada
106,ecuador,UPS,https://www.ups.edu.ec/,2.4.4,5effbb,Link in context is descriptive,52,div.carousel-item > div.col-12 > div.mx-auto > a.d-block,si,REVISAR,,SIN CONTEXTO PROGRAMATICO,R04,2026-09-09,,"JUICIO HUMANO. ¿Nombre + contexto describen el proposito? nombre: ""Intercolegial de Teatro - ""Dos Carátulas"" GYE 11/09/2026 Cultural Presencial"" | href: https://www.ups.edu.ec/evento?calendarBookingId=3821752&byid | AVISO: no hay parrafo, elemento de lista ni celda que lo contenga. Un div o article envolvente NO es contexto programatico.",sin CMP detectada
106,ecuador,UPS,https://www.ups.edu.ec/,2.4.4,c487ae,Link has non-empty accessible name,53,div.carousel-item > div.col-12 > div.mx-auto > a.d-block,si,cumple,,,R04,2026-09-09,,"nombre: ""Intercolegial de Bandas Musicales GYE 12/09/2026 Cultural Presencial""",sin CMP detectada
106,ecuador,UPS,https://www.ups.edu.ec/,2.4.4,5effbb,Link in context is descriptive,53,div.carousel-item > div.col-12 > div.mx-auto > a.d-block,si,REVISAR,,SIN CONTEXTO PROGRAMATICO,R04,2026-09-09,,"JUICIO HUMANO. ¿Nombre + contexto describen el proposito? nombre: ""Intercolegial de Bandas Musicales GYE 12/09/2026 Cultural Presencial"" | href: https://www.ups.edu.ec/evento?calendarBookingId=3821792&byid | AVISO: no hay parrafo, elemento de lista ni celda que lo contenga. Un div o article envolvente NO es contexto programatico.",sin CMP detectada
106,ecuador,UPS,https://www.ups.edu.ec/,2.4.4,c487ae,Link has non-empty accessible name,54,div.carousel-item > div.col-12 > div.mx-auto > a.d-block,si,cumple,,,R04,2026-09-09,,"nombre: ""Intercolegial de Danza - “UPS Dance Fest” GYE 16/09/2026 Cultural Presencial""",sin CMP detectada
106,ecuador,UPS,https://www.ups.edu.ec/,2.4.4,5effbb,Link in context is descriptive,54,div.carousel-item > div.col-12 > div.mx-auto > a.d-block,si,REVISAR,,SIN CONTEXTO PROGRAMATICO,R04,2026-09-09,,"JUICIO HUMANO. ¿Nombre + contexto describen el proposito? nombre: ""Intercolegial de Danza - “UPS Dance Fest” GYE 16/09/2026 Cultural Presencial"" | href: https://www.ups.edu.ec/evento?calendarBookingId=3996052&byid | AVISO: no hay parrafo, elemento de lista ni celda que lo contenga. Un div o article envolvente NO es contexto programatico.",sin CMP detectada
106,ecuador,UPS,https://www.ups.edu.ec/,2.4.4,c487ae,Link has non-empty accessible name,55,div.carousel-item > div.col-12 > div.mx-auto > a.d-block,si,cumple,,,R04,2026-09-09,,"nombre: ""1er Concurso Intercolegial de Teatro UIO 23/09/2026 Cultural Presencial""",sin CMP detectada
106,ecuador,UPS,https://www.ups.edu.ec/,2.4.4,5effbb,Link in context is descriptive,55,div.carousel-item > div.col-12 > div.mx-auto > a.d-block,si,REVISAR,,SIN CONTEXTO PROGRAMATICO,R04,2026-09-09,,"JUICIO HUMANO. ¿Nombre + contexto describen el proposito? nombre: ""1er Concurso Intercolegial de Teatro UIO 23/09/2026 Cultural Presencial"" | href: https://www.ups.edu.ec/evento?calendarBookingId=3491703&byid | AVISO: no hay parrafo, elemento de lista ni celda que lo contenga. Un div o article envolvente NO es contexto programatico.",sin CMP detectada
106,ecuador,UPS,https://www.ups.edu.ec/,2.4.4,c487ae,Link has non-empty accessible name,56,div.ups-internal-box > section.col-12 > div.carousel > a.carousel-control-prev,si,cumple,,,R04,2026-09-09,,"nombre: ""Previous""",sin CMP detectada
106,ecuador,UPS,https://www.ups.edu.ec/,2.4.4,5effbb,Link in context is descriptive,56,div.ups-internal-box > section.col-12 > div.carousel > a.carousel-control-prev,si,REVISAR,,SIN CONTEXTO PROGRAMATICO,R04,2026-09-09,,"JUICIO HUMANO. ¿Nombre + contexto describen el proposito? nombre: ""Previous"" | href: #pW8vM6o81X1kHcarousel | AVISO: no hay parrafo, elemento de lista ni celda que lo contenga. Un div o article envolvente NO es contexto programatico.",sin CMP detectada
106,ecuador,UPS,https://www.ups.edu.ec/,2.4.4,c487ae,Link has non-empty accessible name,57,div.ups-internal-box > section.col-12 > div.carousel > a.carousel-control-next,si,cumple,,,R04,2026-09-09,,"nombre: ""Next""",sin CMP detectada
106,ecuador,UPS,https://www.ups.edu.ec/,2.4.4,5effbb,Link in context is descriptive,57,div.ups-internal-box > section.col-12 > div.carousel > a.carousel-control-next,si,REVISAR,,SIN CONTEXTO PROGRAMATICO,R04,2026-09-09,,"JUICIO HUMANO. ¿Nombre + contexto describen el proposito? nombre: ""Next"" | href: #pW8vM6o81X1kHcarousel | AVISO: no hay parrafo, elemento de lista ni celda que lo contenga. Un div o article envolvente NO es contexto programatico.",sin CMP detectada
106,ecuador,UPS,https://www.ups.edu.ec/,2.4.4,c487ae,Link has non-empty accessible name,58,div.row > div.ups-internal-box > div.col-12 > a.button_ups2,si,cumple,,,R04,2026-09-09,,"nombre: ""Ver más Eventos""",sin CMP detectada
106,ecuador,UPS,https://www.ups.edu.ec/,2.4.4,5effbb,Link in context is descriptive,58,div.row > div.ups-internal-box > div.col-12 > a.button_ups2,si,REVISAR,,SIN CONTEXTO PROGRAMATICO,R04,2026-09-09,,"JUICIO HUMANO. ¿Nombre + contexto describen el proposito? nombre: ""Ver más Eventos"" | href: https://www.ups.edu.ec/evento-listado?origin=p07eventoshome | AVISO: no hay parrafo, elemento de lista ni celda que lo contenga. Un div o article envolvente NO es contexto programatico.",sin CMP detectada
106,ecuador,UPS,https://www.ups.edu.ec/,2.4.4,c487ae,Link has non-empty accessible name,59,div.row > div.ups-internal-box > div.col-12 > a.undecoration,si,cumple,,,R04,2026-09-09,,"nombre: ""RECTORADO UPS CONTACTODirección: Av. Turuhuayco 3-69 y Calle ViejaCorreo electró""",sin CMP detectada
106,ecuador,UPS,https://www.ups.edu.ec/,2.4.4,5effbb,Link in context is descriptive,59,div.row > div.ups-internal-box > div.col-12 > a.undecoration,si,REVISAR,,SIN CONTEXTO PROGRAMATICO,R04,2026-09-09,,"JUICIO HUMANO. ¿Nombre + contexto describen el proposito? nombre: ""RECTORADO UPS CONTACTODirección: Av. Turuhuayco 3-69 y Calle ViejaCorreo electró"" | href: /rectorado | AVISO: no hay parrafo, elemento de lista ni celda que lo contenga. Un div o article envolvente NO es contexto programatico.",sin CMP detectada
106,ecuador,UPS,https://www.ups.edu.ec/,2.4.4,c487ae,Link has non-empty accessible name,60,div.row > div.ups-internal-box > div.col-12 > a.undecoration,si,cumple,,,R04,2026-09-09,,"nombre: ""SEDE MATRIZ CUENCA DIRECCIÓN TÉCNICA DE ADMISIONES Priscila Vallejo Bojorque Cor""",sin CMP detectada
106,ecuador,UPS,https://www.ups.edu.ec/,2.4.4,5effbb,Link in context is descriptive,60,div.row > div.ups-internal-box > div.col-12 > a.undecoration,si,REVISAR,,SIN CONTEXTO PROGRAMATICO,R04,2026-09-09,,"JUICIO HUMANO. ¿Nombre + contexto describen el proposito? nombre: ""SEDE MATRIZ CUENCA DIRECCIÓN TÉCNICA DE ADMISIONES Priscila Vallejo Bojorque Cor"" | href: /sede-cuenca | AVISO: no hay parrafo, elemento de lista ni celda que lo contenga. Un div o article envolvente NO es contexto programatico.",sin CMP detectada
106,ecuador,UPS,https://www.ups.edu.ec/,2.4.4,c487ae,Link has non-empty accessible name,61,div.row > div.ups-internal-box > div.col-12 > a.undecoration,si,cumple,,,R04,2026-09-09,,"nombre: ""SEDE QUITO DIRECCIÓN TÉCNICA DE ADMISIONES Fanny Suárez Cobos Correo electrónico""",sin CMP detectada
106,ecuador,UPS,https://www.ups.edu.ec/,2.4.4,5effbb,Link in context is descriptive,61,div.row > div.ups-internal-box > div.col-12 > a.undecoration,si,REVISAR,,SIN CONTEXTO PROGRAMATICO,R04,2026-09-09,,"JUICIO HUMANO. ¿Nombre + contexto describen el proposito? nombre: ""SEDE QUITO DIRECCIÓN TÉCNICA DE ADMISIONES Fanny Suárez Cobos Correo electrónico"" | href: /sede-quito | AVISO: no hay parrafo, elemento de lista ni celda que lo contenga. Un div o article envolvente NO es contexto programatico.",sin CMP detectada
106,ecuador,UPS,https://www.ups.edu.ec/,2.4.4,c487ae,Link has non-empty accessible name,62,div.row > div.ups-internal-box > div.col-12 > a.undecoration,si,cumple,,,R04,2026-09-09,,"nombre: ""SEDE GUAYAQUIL DIRECCIÓN TÉCNICA DE ADMISIONES Jasmín Castro Pincay Correo elect""",sin CMP detectada
106,ecuador,UPS,https://www.ups.edu.ec/,2.4.4,5effbb,Link in context is descriptive,62,div.row > div.ups-internal-box > div.col-12 > a.undecoration,si,REVISAR,,SIN CONTEXTO PROGRAMATICO,R04,2026-09-09,,"JUICIO HUMANO. ¿Nombre + contexto describen el proposito? nombre: ""SEDE GUAYAQUIL DIRECCIÓN TÉCNICA DE ADMISIONES Jasmín Castro Pincay Correo elect"" | href: /sede-guayaquil | AVISO: no hay parrafo, elemento de lista ni celda que lo contenga. Un div o article envolvente NO es contexto programatico.",sin CMP detectada
106,ecuador,UPS,https://www.ups.edu.ec/,2.4.4,c487ae,Link has non-empty accessible name,63,div.d-none > ul.row > li.text-center > a.nav-link,si,cumple,,,R04,2026-09-09,,"nombre: ""Institución""",sin CMP detectada
106,ecuador,UPS,https://www.ups.edu.ec/,2.4.4,5effbb,Link in context is descriptive,63,div.d-none > ul.row > li.text-center > a.nav-link,si,REVISAR,,Institución Autoridades Organigrama Mapa de Procesos Planificación UPS en Cifras Ciencia de Datos y Procesos Tecnologías de la Información Gestión Documental Un,R04,2026-09-09,,"JUICIO HUMANO. ¿Nombre + contexto describen el proposito? nombre: ""Institución"" | href: #",sin CMP detectada
106,ecuador,UPS,https://www.ups.edu.ec/,2.4.4,c487ae,Link has non-empty accessible name,64,div > div.w-1004 > div.col-12 > a.seccionMenuEnlace,si,cumple,,,R04,2026-09-09,,"nombre: ""Autoridades""",sin CMP detectada
106,ecuador,UPS,https://www.ups.edu.ec/,2.4.4,5effbb,Link in context is descriptive,64,div > div.w-1004 > div.col-12 > a.seccionMenuEnlace,si,REVISAR,,Institución Autoridades Organigrama Mapa de Procesos Planificación UPS en Cifras Ciencia de Datos y Procesos Tecnologías de la Información Gestión Documental Un,R04,2026-09-09,,"JUICIO HUMANO. ¿Nombre + contexto describen el proposito? nombre: ""Autoridades"" | href: /autoridades",sin CMP detectada
106,ecuador,UPS,https://www.ups.edu.ec/,2.4.4,c487ae,Link has non-empty accessible name,65,div > div.w-1004 > div.col-12 > a.seccionMenuEnlace,si,cumple,,,R04,2026-09-09,,"nombre: ""Organigrama""",sin CMP detectada
106,ecuador,UPS,https://www.ups.edu.ec/,2.4.4,5effbb,Link in context is descriptive,65,div > div.w-1004 > div.col-12 > a.seccionMenuEnlace,si,REVISAR,,Institución Autoridades Organigrama Mapa de Procesos Planificación UPS en Cifras Ciencia de Datos y Procesos Tecnologías de la Información Gestión Documental Un,R04,2026-09-09,,"JUICIO HUMANO. ¿Nombre + contexto describen el proposito? nombre: ""Organigrama"" | href: /organigrama",sin CMP detectada
106,ecuador,UPS,https://www.ups.edu.ec/,2.4.4,c487ae,Link has non-empty accessible name,66,div > div.w-1004 > div.col-12 > a.seccionMenuEnlace,si,cumple,,,R04,2026-09-09,,"nombre: ""Mapa de Procesos""",sin CMP detectada
106,ecuador,UPS,https://www.ups.edu.ec/,2.4.4,5effbb,Link in context is descriptive,66,div > div.w-1004 > div.col-12 > a.seccionMenuEnlace,si,REVISAR,,Institución Autoridades Organigrama Mapa de Procesos Planificación UPS en Cifras Ciencia de Datos y Procesos Tecnologías de la Información Gestión Documental Un,R04,2026-09-09,,"JUICIO HUMANO. ¿Nombre + contexto describen el proposito? nombre: ""Mapa de Procesos"" | href: https://www.ups.edu.ec/mapa-procesos",sin CMP detectada
106,ecuador,UPS,https://www.ups.edu.ec/,2.4.4,c487ae,Link has non-empty accessible name,67,div > div.w-1004 > div.col-12 > a.seccionMenuEnlace,si,cumple,,,R04,2026-09-09,,"nombre: ""Planificación""",sin CMP detectada
106,ecuador,UPS,https://www.ups.edu.ec/,2.4.4,5effbb,Link in context is descriptive,67,div > div.w-1004 > div.col-12 > a.seccionMenuEnlace,si,REVISAR,,Institución Autoridades Organigrama Mapa de Procesos Planificación UPS en Cifras Ciencia de Datos y Procesos Tecnologías de la Información Gestión Documental Un,R04,2026-09-09,,"JUICIO HUMANO. ¿Nombre + contexto describen el proposito? nombre: ""Planificación"" | href: /planificacion",sin CMP detectada
106,ecuador,UPS,https://www.ups.edu.ec/,2.4.4,c487ae,Link has non-empty accessible name,68,div > div.w-1004 > div.col-12 > a.seccionMenuEnlace,si,cumple,,,R04,2026-09-09,,"nombre: ""UPS en Cifras""",sin CMP detectada
106,ecuador,UPS,https://www.ups.edu.ec/,2.4.4,5effbb,Link in context is descriptive,68,div > div.w-1004 > div.col-12 > a.seccionMenuEnlace,si,REVISAR,,Institución Autoridades Organigrama Mapa de Procesos Planificación UPS en Cifras Ciencia de Datos y Procesos Tecnologías de la Información Gestión Documental Un,R04,2026-09-09,,"JUICIO HUMANO. ¿Nombre + contexto describen el proposito? nombre: ""UPS en Cifras"" | href: https://cifras.ups.edu.ec/",sin CMP detectada
106,ecuador,UPS,https://www.ups.edu.ec/,2.4.4,c487ae,Link has non-empty accessible name,69,div > div.w-1004 > div.col-12 > a.seccionMenuEnlace,si,cumple,,,R04,2026-09-09,,"nombre: ""Ciencia de Datos y Procesos""",sin CMP detectada
106,ecuador,UPS,https://www.ups.edu.ec/,2.4.4,5effbb,Link in context is descriptive,69,div > div.w-1004 > div.col-12 > a.seccionMenuEnlace,si,REVISAR,,Institución Autoridades Organigrama Mapa de Procesos Planificación UPS en Cifras Ciencia de Datos y Procesos Tecnologías de la Información Gestión Documental Un,R04,2026-09-09,,"JUICIO HUMANO. ¿Nombre + contexto describen el proposito? nombre: ""Ciencia de Datos y Procesos"" | href: https://www.ups.edu.ec/ciencia-de-datos-y-procesos",sin CMP detectada
106,ecuador,UPS,https://www.ups.edu.ec/,2.4.4,c487ae,Link has non-empty accessible name,70,div > div.w-1004 > div.col-12 > a.seccionMenuEnlace,si,cumple,,,R04,2026-09-09,,"nombre: ""Tecnologías de la Información""",sin CMP detectada
106,ecuador,UPS,https://www.ups.edu.ec/,2.4.4,5effbb,Link in context is descriptive,70,div > div.w-1004 > div.col-12 > a.seccionMenuEnlace,si,REVISAR,,Institución Autoridades Organigrama Mapa de Procesos Planificación UPS en Cifras Ciencia de Datos y Procesos Tecnologías de la Información Gestión Documental Un,R04,2026-09-09,,"JUICIO HUMANO. ¿Nombre + contexto describen el proposito? nombre: ""Tecnologías de la Información"" | href: https://www.ups.edu.ec/tecnologias-de-la-informacion",sin CMP detectada
106,ecuador,UPS,https://www.ups.edu.ec/,2.4.4,c487ae,Link has non-empty accessible name,71,div > div.w-1004 > div.col-12 > a.seccionMenuEnlace,si,cumple,,,R04,2026-09-09,,"nombre: ""Gestión Documental""",sin CMP detectada
106,ecuador,UPS,https://www.ups.edu.ec/,2.4.4,5effbb,Link in context is descriptive,71,div > div.w-1004 > div.col-12 > a.seccionMenuEnlace,si,REVISAR,,Institución Autoridades Organigrama Mapa de Procesos Planificación UPS en Cifras Ciencia de Datos y Procesos Tecnologías de la Información Gestión Documental Un,R04,2026-09-09,,"JUICIO HUMANO. ¿Nombre + contexto describen el proposito? nombre: ""Gestión Documental"" | href: https://www.ups.edu.ec/gestion-documental",sin CMP detectada
106,ecuador,UPS,https://www.ups.edu.ec/,2.4.4,c487ae,Link has non-empty accessible name,72,div > div.w-1004 > div.col-12 > a.seccionMenuEnlace,si,cumple,,,R04,2026-09-09,,"nombre: ""Unidad de Recepción y Tramitación de Documentos""",sin CMP detectada
106,ecuador,UPS,https://www.ups.edu.ec/,2.4.4,5effbb,Link in context is descriptive,72,div > div.w-1004 > div.col-12 > a.seccionMenuEnlace,si,REVISAR,,Institución Autoridades Organigrama Mapa de Procesos Planificación UPS en Cifras Ciencia de Datos y Procesos Tecnologías de la Información Gestión Documental Un,R04,2026-09-09,,"JUICIO HUMANO. ¿Nombre + contexto describen el proposito? nombre: ""Unidad de Recepción y Tramitación de Documentos"" | href: /recepcion-documentos",sin CMP detectada
106,ecuador,UPS,https://www.ups.edu.ec/,2.4.4,c487ae,Link has non-empty accessible name,73,div > div.w-1004 > div.col-12 > a.seccionMenuEnlace,si,cumple,,,R04,2026-09-09,,"nombre: ""Normativa""",sin CMP detectada
106,ecuador,UPS,https://www.ups.edu.ec/,2.4.4,5effbb,Link in context is descriptive,73,div > div.w-1004 > div.col-12 > a.seccionMenuEnlace,si,REVISAR,,Institución Autoridades Organigrama Mapa de Procesos Planificación UPS en Cifras Ciencia de Datos y Procesos Tecnologías de la Información Gestión Documental Un,R04,2026-09-09,,"JUICIO HUMANO. ¿Nombre + contexto describen el proposito? nombre: ""Normativa"" | href: /normativa",sin CMP detectada
106,ecuador,UPS,https://www.ups.edu.ec/,2.4.4,c487ae,Link has non-empty accessible name,74,div > div.w-1004 > div.col-12 > a.seccionMenuEnlace,si,cumple,,,R04,2026-09-09,,"nombre: ""Transparencia""",sin CMP detectada
106,ecuador,UPS,https://www.ups.edu.ec/,2.4.4,5effbb,Link in context is descriptive,74,div > div.w-1004 > div.col-12 > a.seccionMenuEnlace,si,REVISAR,,Institución Autoridades Organigrama Mapa de Procesos Planificación UPS en Cifras Ciencia de Datos y Procesos Tecnologías de la Información Gestión Documental Un,R04,2026-09-09,,"JUICIO HUMANO. ¿Nombre + contexto describen el proposito? nombre: ""Transparencia"" | href: /transparencia",sin CMP detectada
106,ecuador,UPS,https://www.ups.edu.ec/,2.4.4,c487ae,Link has non-empty accessible name,75,div > div.w-1004 > div.col-12 > a.seccionMenuEnlace,si,cumple,,,R04,2026-09-09,,"nombre: ""Información Financiera""",sin CMP detectada
106,ecuador,UPS,https://www.ups.edu.ec/,2.4.4,5effbb,Link in context is descriptive,75,div > div.w-1004 > div.col-12 > a.seccionMenuEnlace,si,REVISAR,,Institución Autoridades Organigrama Mapa de Procesos Planificación UPS en Cifras Ciencia de Datos y Procesos Tecnologías de la Información Gestión Documental Un,R04,2026-09-09,,"JUICIO HUMANO. ¿Nombre + contexto describen el proposito? nombre: ""Información Financiera"" | href: /informacion-financiera",sin CMP detectada
106,ecuador,UPS,https://www.ups.edu.ec/,2.4.4,c487ae,Link has non-empty accessible name,76,div > div.w-1004 > div.col-12 > a.seccionMenuEnlace,si,cumple,,,R04,2026-09-09,,"nombre: ""Imagen Institucional""",sin CMP detectada
106,ecuador,UPS,https://www.ups.edu.ec/,2.4.4,5effbb,Link in context is descriptive,76,div > div.w-1004 > div.col-12 > a.seccionMenuEnlace,si,REVISAR,,Institución Autoridades Organigrama Mapa de Procesos Planificación UPS en Cifras Ciencia de Datos y Procesos Tecnologías de la Información Gestión Documental Un,R04,2026-09-09,,"JUICIO HUMANO. ¿Nombre + contexto describen el proposito? nombre: ""Imagen Institucional"" | href: /imagen-institucional",sin CMP detectada
106,ecuador,UPS,https://www.ups.edu.ec/,2.4.4,c487ae,Link has non-empty accessible name,77,div > div.w-1004 > div.col-12 > a.seccionMenuEnlace,si,cumple,,,R04,2026-09-09,,"nombre: ""Participación Ciudadana""",sin CMP detectada
106,ecuador,UPS,https://www.ups.edu.ec/,2.4.4,5effbb,Link in context is descriptive,77,div > div.w-1004 > div.col-12 > a.seccionMenuEnlace,si,REVISAR,,Institución Autoridades Organigrama Mapa de Procesos Planificación UPS en Cifras Ciencia de Datos y Procesos Tecnologías de la Información Gestión Documental Un,R04,2026-09-09,,"JUICIO HUMANO. ¿Nombre + contexto describen el proposito? nombre: ""Participación Ciudadana"" | href: /participacion-ciudadana-rendicion-de-cuentas",sin CMP detectada
106,ecuador,UPS,https://www.ups.edu.ec/,2.4.4,c487ae,Link has non-empty accessible name,78,div > div.w-1004 > div.col-12 > a.seccionMenuEnlace,si,cumple,,,R04,2026-09-09,,"nombre: ""Archivo Institucional""",sin CMP detectada
106,ecuador,UPS,https://www.ups.edu.ec/,2.4.4,5effbb,Link in context is descriptive,78,div > div.w-1004 > div.col-12 > a.seccionMenuEnlace,si,REVISAR,,Institución Autoridades Organigrama Mapa de Procesos Planificación UPS en Cifras Ciencia de Datos y Procesos Tecnologías de la Información Gestión Documental Un,R04,2026-09-09,,"JUICIO HUMANO. ¿Nombre + contexto describen el proposito? nombre: ""Archivo Institucional"" | href: /archivo-institucional",sin CMP detectada
106,ecuador,UPS,https://www.ups.edu.ec/,2.4.4,c487ae,Link has non-empty accessible name,79,div > div.w-1004 > div.col-12 > a.seccionMenuEnlace,si,cumple,,,R04,2026-09-09,,"nombre: ""Comprobantes electrónicos""",sin CMP detectada
106,ecuador,UPS,https://www.ups.edu.ec/,2.4.4,5effbb,Link in context is descriptive,79,div > div.w-1004 > div.col-12 > a.seccionMenuEnlace,si,REVISAR,,Institución Autoridades Organigrama Mapa de Procesos Planificación UPS en Cifras Ciencia de Datos y Procesos Tecnologías de la Información Gestión Documental Un,R04,2026-09-09,,"JUICIO HUMANO. ¿Nombre + contexto describen el proposito? nombre: ""Comprobantes electrónicos"" | href: /consultas-comprobantes",sin CMP detectada
106,ecuador,UPS,https://www.ups.edu.ec/,2.4.4,c487ae,Link has non-empty accessible name,80,div > div.w-1004 > div.col-12 > a.seccionMenuEnlace,si,cumple,,,R04,2026-09-09,,"nombre: ""Contacto""",sin CMP detectada
106,ecuador,UPS,https://www.ups.edu.ec/,2.4.4,5effbb,Link in context is descriptive,80,div > div.w-1004 > div.col-12 > a.seccionMenuEnlace,si,REVISAR,,Institución Autoridades Organigrama Mapa de Procesos Planificación UPS en Cifras Ciencia de Datos y Procesos Tecnologías de la Información Gestión Documental Un,R04,2026-09-09,,"JUICIO HUMANO. ¿Nombre + contexto describen el proposito? nombre: ""Contacto"" | href: /contactos",sin CMP detectada
106,ecuador,UPS,https://www.ups.edu.ec/,2.4.4,c487ae,Link has non-empty accessible name,81,div > div.w-1004 > div.col-12 > a.seccionMenuEnlace,si,cumple,,,R04,2026-09-09,,"nombre: ""Museo Abya Yala""",sin CMP detectada
106,ecuador,UPS,https://www.ups.edu.ec/,2.4.4,5effbb,Link in context is descriptive,81,div > div.w-1004 > div.col-12 > a.seccionMenuEnlace,si,REVISAR,,Institución Autoridades Organigrama Mapa de Procesos Planificación UPS en Cifras Ciencia de Datos y Procesos Tecnologías de la Información Gestión Documental Un,R04,2026-09-09,,"JUICIO HUMANO. ¿Nombre + contexto describen el proposito? nombre: ""Museo Abya Yala"" | href: https://www.ups.edu.ec/web/guest/museo-abyayala",sin CMP detectada
106,ecuador,UPS,https://www.ups.edu.ec/,2.4.4,c487ae,Link has non-empty accessible name,82,div.d-none > ul.row > li.text-center > a.nav-link,si,cumple,,,R04,2026-09-09,,"nombre: ""Identidad Salesiana""",sin CMP detectada
106,ecuador,UPS,https://www.ups.edu.ec/,2.4.4,5effbb,Link in context is descriptive,82,div.d-none > ul.row > li.text-center > a.nav-link,si,REVISAR,,Identidad Salesiana Razón de Ser Reseña Histórica San Juan Bosco IUS,R04,2026-09-09,,"JUICIO HUMANO. ¿Nombre + contexto describen el proposito? nombre: ""Identidad Salesiana"" | href: #",sin CMP detectada
106,ecuador,UPS,https://www.ups.edu.ec/,2.4.4,c487ae,Link has non-empty accessible name,83,div > div.w-1004 > div.col-12 > a.seccionMenuEnlace,si,cumple,,,R04,2026-09-09,,"nombre: ""Razón de Ser""",sin CMP detectada
106,ecuador,UPS,https://www.ups.edu.ec/,2.4.4,5effbb,Link in context is descriptive,83,div > div.w-1004 > div.col-12 > a.seccionMenuEnlace,si,REVISAR,,Identidad Salesiana Razón de Ser Reseña Histórica San Juan Bosco IUS,R04,2026-09-09,,"JUICIO HUMANO. ¿Nombre + contexto describen el proposito? nombre: ""Razón de Ser"" | href: /razon-de-ser",sin CMP detectada
106,ecuador,UPS,https://www.ups.edu.ec/,2.4.4,c487ae,Link has non-empty accessible name,84,div > div.w-1004 > div.col-12 > a.seccionMenuEnlace,si,cumple,,,R04,2026-09-09,,"nombre: ""Reseña Histórica""",sin CMP detectada
106,ecuador,UPS,https://www.ups.edu.ec/,2.4.4,5effbb,Link in context is descriptive,84,div > div.w-1004 > div.col-12 > a.seccionMenuEnlace,si,REVISAR,,Identidad Salesiana Razón de Ser Reseña Histórica San Juan Bosco IUS,R04,2026-09-09,,"JUICIO HUMANO. ¿Nombre + contexto describen el proposito? nombre: ""Reseña Histórica"" | href: /resena-historica",sin CMP detectada
106,ecuador,UPS,https://www.ups.edu.ec/,2.4.4,c487ae,Link has non-empty accessible name,85,div > div.w-1004 > div.col-12 > a.seccionMenuEnlace,si,cumple,,,R04,2026-09-09,,"nombre: ""San Juan Bosco""",sin CMP detectada
106,ecuador,UPS,https://www.ups.edu.ec/,2.4.4,5effbb,Link in context is descriptive,85,div > div.w-1004 > div.col-12 > a.seccionMenuEnlace,si,REVISAR,,Identidad Salesiana Razón de Ser Reseña Histórica San Juan Bosco IUS,R04,2026-09-09,,"JUICIO HUMANO. ¿Nombre + contexto describen el proposito? nombre: ""San Juan Bosco"" | href: /don-bosco",sin CMP detectada
106,ecuador,UPS,https://www.ups.edu.ec/,2.4.4,c487ae,Link has non-empty accessible name,86,div > div.w-1004 > div.col-12 > a.seccionMenuEnlace,si,cumple,,,R04,2026-09-09,,"nombre: ""IUS""",sin CMP detectada
106,ecuador,UPS,https://www.ups.edu.ec/,2.4.4,5effbb,Link in context is descriptive,86,div > div.w-1004 > div.col-12 > a.seccionMenuEnlace,si,REVISAR,,Identidad Salesiana Razón de Ser Reseña Histórica San Juan Bosco IUS,R04,2026-09-09,,"JUICIO HUMANO. ¿Nombre + contexto describen el proposito? nombre: ""IUS"" | href: /ius",sin CMP detectada
106,ecuador,UPS,https://www.ups.edu.ec/,2.4.4,c487ae,Link has non-empty accessible name,87,div.d-none > ul.row > li.text-center > a.nav-link,si,cumple,,,R04,2026-09-09,,"nombre: ""Prensa""",sin CMP detectada
106,ecuador,UPS,https://www.ups.edu.ec/,2.4.4,5effbb,Link in context is descriptive,87,div.d-none > ul.row > li.text-center > a.nav-link,si,REVISAR,,Prensa Eventos Noticias Publicaciones UPS Abya Yala - UPS Colección Documental,R04,2026-09-09,,"JUICIO HUMANO. ¿Nombre + contexto describen el proposito? nombre: ""Prensa"" | href: #",sin CMP detectada
106,ecuador,UPS,https://www.ups.edu.ec/,2.4.4,c487ae,Link has non-empty accessible name,88,div > div.w-1004 > div.col-12 > a.seccionMenuEnlace,si,cumple,,,R04,2026-09-09,,"nombre: ""Eventos""",sin CMP detectada
106,ecuador,UPS,https://www.ups.edu.ec/,2.4.4,5effbb,Link in context is descriptive,88,div > div.w-1004 > div.col-12 > a.seccionMenuEnlace,si,REVISAR,,Prensa Eventos Noticias Publicaciones UPS Abya Yala - UPS Colección Documental,R04,2026-09-09,,"JUICIO HUMANO. ¿Nombre + contexto describen el proposito? nombre: ""Eventos"" | href: /evento-listado",sin CMP detectada
106,ecuador,UPS,https://www.ups.edu.ec/,2.4.4,c487ae,Link has non-empty accessible name,89,div > div.w-1004 > div.col-12 > a.seccionMenuEnlace,si,cumple,,,R04,2026-09-09,,"nombre: ""Noticias""",sin CMP detectada
106,ecuador,UPS,https://www.ups.edu.ec/,2.4.4,5effbb,Link in context is descriptive,89,div > div.w-1004 > div.col-12 > a.seccionMenuEnlace,si,REVISAR,,Prensa Eventos Noticias Publicaciones UPS Abya Yala - UPS Colección Documental,R04,2026-09-09,,"JUICIO HUMANO. ¿Nombre + contexto describen el proposito? nombre: ""Noticias"" | href: /noticias-listado",sin CMP detectada
106,ecuador,UPS,https://www.ups.edu.ec/,2.4.4,c487ae,Link has non-empty accessible name,90,div > div.w-1004 > div.col-12 > a.seccionMenuEnlace,si,cumple,,,R04,2026-09-09,,"nombre: ""Publicaciones UPS""",sin CMP detectada
106,ecuador,UPS,https://www.ups.edu.ec/,2.4.4,5effbb,Link in context is descriptive,90,div > div.w-1004 > div.col-12 > a.seccionMenuEnlace,si,REVISAR,,Prensa Eventos Noticias Publicaciones UPS Abya Yala - UPS Colección Documental,R04,2026-09-09,,"JUICIO HUMANO. ¿Nombre + contexto describen el proposito? nombre: ""Publicaciones UPS"" | href: https://www.ups.edu.ec/publicaciones-ups",sin CMP detectada
106,ecuador,UPS,https://www.ups.edu.ec/,2.4.4,c487ae,Link has non-empty accessible name,91,div > div.w-1004 > div.col-12 > a.seccionMenuEnlace,si,cumple,,,R04,2026-09-09,,"nombre: ""Abya Yala - UPS""",sin CMP detectada
106,ecuador,UPS,https://www.ups.edu.ec/,2.4.4,5effbb,Link in context is descriptive,91,div > div.w-1004 > div.col-12 > a.seccionMenuEnlace,si,REVISAR,,Prensa Eventos Noticias Publicaciones UPS Abya Yala - UPS Colección Documental,R04,2026-09-09,,"JUICIO HUMANO. ¿Nombre + contexto describen el proposito? nombre: ""Abya Yala - UPS"" | href: /abya-yala-ups",sin CMP detectada
106,ecuador,UPS,https://www.ups.edu.ec/,2.4.4,c487ae,Link has non-empty accessible name,92,div > div.w-1004 > div.col-12 > a.seccionMenuEnlace,si,cumple,,,R04,2026-09-09,,"nombre: ""Colección Documental""",sin CMP detectada
106,ecuador,UPS,https://www.ups.edu.ec/,2.4.4,5effbb,Link in context is descriptive,92,div > div.w-1004 > div.col-12 > a.seccionMenuEnlace,si,REVISAR,,Prensa Eventos Noticias Publicaciones UPS Abya Yala - UPS Colección Documental,R04,2026-09-09,,"JUICIO HUMANO. ¿Nombre + contexto describen el proposito? nombre: ""Colección Documental"" | href: https://archivodigital.ups.edu.ec/SGAD/solicitud/indiceDocum",sin CMP detectada
106,ecuador,UPS,https://www.ups.edu.ec/,2.4.4,c487ae,Link has non-empty accessible name,93,div.ups-internal-box > div.row > div.col > a.ico-container,si,cumple,,,R04,2026-09-09,,"nombre: "".a{fill:#fff;}facebook""",sin CMP detectada
106,ecuador,UPS,https://www.ups.edu.ec/,2.4.4,5effbb,Link in context is descriptive,93,div.ups-internal-box > div.row > div.col > a.ico-container,si,REVISAR,,SIN CONTEXTO PROGRAMATICO,R04,2026-09-09,,"JUICIO HUMANO. ¿Nombre + contexto describen el proposito? nombre: "".a{fill:#fff;}facebook"" | href: https://upsalesiana.ec/fbups | AVISO: no hay parrafo, elemento de lista ni celda que lo contenga. Un div o article envolvente NO es contexto programatico.",sin CMP detectada
106,ecuador,UPS,https://www.ups.edu.ec/,2.4.4,c487ae,Link has non-empty accessible name,94,div.ups-internal-box > div.row > div.col > a.ico-container,si,cumple,,,R04,2026-09-09,,"nombre: "".a{fill:#fff;}instagram""",sin CMP detectada
106,ecuador,UPS,https://www.ups.edu.ec/,2.4.4,5effbb,Link in context is descriptive,94,div.ups-internal-box > div.row > div.col > a.ico-container,si,REVISAR,,SIN CONTEXTO PROGRAMATICO,R04,2026-09-09,,"JUICIO HUMANO. ¿Nombre + contexto describen el proposito? nombre: "".a{fill:#fff;}instagram"" | href: https://upsalesiana.ec/igups | AVISO: no hay parrafo, elemento de lista ni celda que lo contenga. Un div o article envolvente NO es contexto programatico.",sin CMP detectada
106,ecuador,UPS,https://www.ups.edu.ec/,2.4.4,c487ae,Link has non-empty accessible name,95,div.ups-internal-box > div.row > div.col > a.ico-container,si,cumple,,,R04,2026-09-09,,"nombre: "".a { fill: #fff; stroke-width: 0px; }""",sin CMP detectada
106,ecuador,UPS,https://www.ups.edu.ec/,2.4.4,5effbb,Link in context is descriptive,95,div.ups-internal-box > div.row > div.col > a.ico-container,si,REVISAR,,SIN CONTEXTO PROGRAMATICO,R04,2026-09-09,,"JUICIO HUMANO. ¿Nombre + contexto describen el proposito? nombre: "".a { fill: #fff; stroke-width: 0px; }"" | href: https://upsalesiana.ec/twups | AVISO: no hay parrafo, elemento de lista ni celda que lo contenga. Un div o article envolvente NO es contexto programatico.",sin CMP detectada
106,ecuador,UPS,https://www.ups.edu.ec/,2.4.4,c487ae,Link has non-empty accessible name,96,div.ups-internal-box > div.row > div.col > a.ico-container,si,cumple,,,R04,2026-09-09,,"nombre: "".a{fill:#fff;}youtube""",sin CMP detectada
106,ecuador,UPS,https://www.ups.edu.ec/,2.4.4,5effbb,Link in context is descriptive,96,div.ups-internal-box > div.row > div.col > a.ico-container,si,REVISAR,,SIN CONTEXTO PROGRAMATICO,R04,2026-09-09,,"JUICIO HUMANO. ¿Nombre + contexto describen el proposito? nombre: "".a{fill:#fff;}youtube"" | href: https://upsalesiana.ec/ytups | AVISO: no hay parrafo, elemento de lista ni celda que lo contenga. Un div o article envolvente NO es contexto programatico.",sin CMP detectada
106,ecuador,UPS,https://www.ups.edu.ec/,2.4.4,c487ae,Link has non-empty accessible name,97,div.ups-internal-box > div.row > div.col > a.ico-container,si,cumple,,,R04,2026-09-09,,"nombre: "".a{fill:#fff;}linkedin""",sin CMP detectada
106,ecuador,UPS,https://www.ups.edu.ec/,2.4.4,5effbb,Link in context is descriptive,97,div.ups-internal-box > div.row > div.col > a.ico-container,si,REVISAR,,SIN CONTEXTO PROGRAMATICO,R04,2026-09-09,,"JUICIO HUMANO. ¿Nombre + contexto describen el proposito? nombre: "".a{fill:#fff;}linkedin"" | href: https://upsalesiana.ec/inups | AVISO: no hay parrafo, elemento de lista ni celda que lo contenga. Un div o article envolvente NO es contexto programatico.",sin CMP detectada
106,ecuador,UPS,https://www.ups.edu.ec/,2.4.4,c487ae,Link has non-empty accessible name,98,div.ups-internal-box > div.row > div.col > a.ico-container,si,cumple,,,R04,2026-09-09,,"nombre: "".a{fill:#fff;}pinterest copia""",sin CMP detectada
106,ecuador,UPS,https://www.ups.edu.ec/,2.4.4,5effbb,Link in context is descriptive,98,div.ups-internal-box > div.row > div.col > a.ico-container,si,REVISAR,,SIN CONTEXTO PROGRAMATICO,R04,2026-09-09,,"JUICIO HUMANO. ¿Nombre + contexto describen el proposito? nombre: "".a{fill:#fff;}pinterest copia"" | href: https://upsalesiana.ec/ttups | AVISO: no hay parrafo, elemento de lista ni celda que lo contenga. Un div o article envolvente NO es contexto programatico.",sin CMP detectada
106,ecuador,UPS,https://www.ups.edu.ec/,2.4.4,c487ae,Link has non-empty accessible name,99,#enlace-0,si,cumple,,,R04,2026-09-09,,"nombre: "".a{fill:#fff;}ius""",sin CMP detectada
106,ecuador,UPS,https://www.ups.edu.ec/,2.4.4,5effbb,Link in context is descriptive,99,#enlace-0,si,REVISAR,,SIN CONTEXTO PROGRAMATICO,R04,2026-09-09,,"JUICIO HUMANO. ¿Nombre + contexto describen el proposito? nombre: "".a{fill:#fff;}ius"" | href: https://ius-sdb.com/ | AVISO: no hay parrafo, elemento de lista ni celda que lo contenga. Un div o article envolvente NO es contexto programatico.",sin CMP detectada
106,ecuador,UPS,https://www.ups.edu.ec/,2.4.4,c487ae,Link has non-empty accessible name,100,#enlace-1,si,cumple,,,R04,2026-09-09,,"nombre: "".a{fill:#fff;}universia""",sin CMP detectada
106,ecuador,UPS,https://www.ups.edu.ec/,2.4.4,5effbb,Link in context is descriptive,100,#enlace-1,si,REVISAR,,SIN CONTEXTO PROGRAMATICO,R04,2026-09-09,,"JUICIO HUMANO. ¿Nombre + contexto describen el proposito? nombre: "".a{fill:#fff;}universia"" | href: http://www.universia.com.ec/ | AVISO: no hay parrafo, elemento de lista ni celda que lo contenga. Un div o article envolvente NO es contexto programatico.",sin CMP detectada
106,ecuador,UPS,https://www.ups.edu.ec/,2.4.4,fd3a94,Links with identical accessible names and same context serve equivalent purpose,11+15+56,div.row > div.ups-internal-box > div.d-none > a.carousel-control-prev ; div.row > div.ups-internal-box > div.carousel-multi-item > a.carousel-control-prev ; div.ups-internal-box > section.col-12 > div.carousel > a.carousel-control-prev,si,REVISAR,,,R04,2026-09-09,,JUICIO HUMANO. 3 enlaces con el mismo nombre accesible y el mismo contexto apuntan a 3 destinos distintos. ¿Sirven un proposito equivalente? destinos: //www.ups.edu.ec/#ppDJLLyJUr4KXDesktopcarouselJsft | https://www.ups.edu.ec/#pnZCTrNycCC44carouselJsft | https://www.ups.edu.ec/#pW8vM6o81X1kHcarousel,sin CMP detectada
106,ecuador,UPS,https://www.ups.edu.ec/,2.4.4,fd3a94,Links with identical accessible names and same context serve equivalent purpose,12+16+57,div.row > div.ups-internal-box > div.d-none > a.carousel-control-next ; div.row > div.ups-internal-box > div.carousel-multi-item > a.carousel-control-next ; div.ups-internal-box > section.col-12 > div.carousel > a.carousel-control-next,si,REVISAR,,,R04,2026-09-09,,JUICIO HUMANO. 3 enlaces con el mismo nombre accesible y el mismo contexto apuntan a 3 destinos distintos. ¿Sirven un proposito equivalente? destinos: //www.ups.edu.ec/#ppDJLLyJUr4KXDesktopcarouselJsft | https://www.ups.edu.ec/#pnZCTrNycCC44carouselJsft | https://www.ups.edu.ec/#pW8vM6o81X1kHcarousel,sin CMP detectada
106,ecuador,UPS,https://www.ups.edu.ec/,2.4.4,fd3a94,Links with identical accessible names and same context serve equivalent purpose,23+25+27+29+31+33+35+37+39+41+43+45+47+49,div.relacionados > div.row > div.col-3 > a.w-100 ; div.relacionados > div.row > div.col-3 > a.w-100 ; div.relacionados > div.row > div.col-3 > a.w-100 ; div.relacionados > div.row > div.col-3 > a.w-100 ; div.relacionados > div.row > div.col-3 > a.w-100 ; div.relacionados > div.row > div.col-3 > a.w-100 ; div.relacionados > div.row > div.col-3 > a.w-100 ; div.relacionados > div.row > div.col-3 > a.w-100 ; div.relacionados > div.row > div.col-3 > a.w-100 ; div.relacionados > div.row > div.col-3 > a.w-100 ; div.relacionados > div.row > div.col-3 > a.w-100 ; div.relacionados > div.row > div.col-3 > a.w-100 ; div.relacionados > div.row > div.col-3 > a.w-100 ; div.relacionados > div.row > div.col-3 > a.w-100,si,REVISAR,,,R04,2026-09-09,,JUICIO HUMANO. 14 enlaces con el mismo nombre accesible y el mismo contexto apuntan a 14 destinos distintos. ¿Sirven un proposito equivalente? destinos: s://www.ups.edu.ec/noticias?articleId=4013447&byid | s://www.ups.edu.ec/noticias?articleId=4020892&byid | s://www.ups.edu.ec/noticias?articleId=4020773&byid | s://www.ups.edu.ec/noticias?articleId=3980838&byid | s://www.ups.edu.ec/noticias?articleId=3826349&byid | s://www.ups.edu.ec/noticias?articleId=3826276&byid | s://www.ups.edu.ec/noticias?articleId=3825668&byid | s://www.ups.edu.ec/noticias?articleId=3796473&byid | s://www.ups.edu.ec/noticias?articleId=3789105&byid | s://www.ups.edu.ec/noticias?articleId=3786344&byid | s://www.ups.edu.ec/noticias?articleId=3786145&byid | s://www.ups.edu.ec/noticias?articleId=3794468&byid | s://www.ups.edu.ec/noticias?articleId=3781863&byid | s://www.ups.edu.ec/noticias?articleId=3782087&byid,sin CMP detectada
