id,group,abbr,url,criterion,act_rule,rule_name,element_n,selector_or_description,applicable,outcome,measured_value,programmatic_context,evaluator_code,date,capture,notes,dialog_state
58,mundo,HKUST,https://hkust.edu.hk/,1.4.3,afw4f7,Text has minimum contrast,1,html.no-touchevents > body.path-frontpage > a.visually-hidden,si,cumple,7.32:1,,R04,2026-09-09,,"umbral 4.5:1 (texto normal, 15.0px); texto: ""Skip to main content""",sin CMP detectada
58,mundo,HKUST,https://hkust.edu.hk/,1.4.3,afw4f7,Text has minimum contrast,2,div.header__quick-menu > ul.menu > li.menu-item > a,no,,,,R04,2026-09-09,,"No es un caracter visible: la regla no aplica. Texto oculto visualmente, de tamano cero o desplazado fuera de pantalla.",sin CMP detectada
58,mundo,HKUST,https://hkust.edu.hk/,1.4.3,afw4f7,Text has minimum contrast,3,div.header__quick-menu > ul.menu > li.menu-item > span,no,,,,R04,2026-09-09,,"No es un caracter visible: la regla no aplica. Texto oculto visualmente, de tamano cero o desplazado fuera de pantalla.",sin CMP detectada
58,mundo,HKUST,https://hkust.edu.hk/,1.4.3,afw4f7,Text has minimum contrast,4,li.menu-item > ul.menu > li.menu-item > a,no,,,,R04,2026-09-09,,"No es un caracter visible: la regla no aplica. Texto oculto visualmente, de tamano cero o desplazado fuera de pantalla.",sin CMP detectada
58,mundo,HKUST,https://hkust.edu.hk/,1.4.3,afw4f7,Text has minimum contrast,5,li.menu-item > ul.menu > li.menu-item > a,no,,,,R04,2026-09-09,,"No es un caracter visible: la regla no aplica. Texto oculto visualmente, de tamano cero o desplazado fuera de pantalla.",sin CMP detectada
58,mundo,HKUST,https://hkust.edu.hk/,1.4.3,afw4f7,Text has minimum contrast,6,li.menu-item > ul.menu > li.menu-item > a,no,,,,R04,2026-09-09,,"No es un caracter visible: la regla no aplica. Texto oculto visualmente, de tamano cero o desplazado fuera de pantalla.",sin CMP detectada
58,mundo,HKUST,https://hkust.edu.hk/,1.4.3,afw4f7,Text has minimum contrast,7,li.menu-item > ul.menu > li.menu-item > a,no,,,,R04,2026-09-09,,"No es un caracter visible: la regla no aplica. Texto oculto visualmente, de tamano cero o desplazado fuera de pantalla.",sin CMP detectada
58,mundo,HKUST,https://hkust.edu.hk/,1.4.3,afw4f7,Text has minimum contrast,8,li.menu-item > ul.menu > li.menu-item > a,no,,,,R04,2026-09-09,,"No es un caracter visible: la regla no aplica. Texto oculto visualmente, de tamano cero o desplazado fuera de pantalla.",sin CMP detectada
58,mundo,HKUST,https://hkust.edu.hk/,1.4.3,afw4f7,Text has minimum contrast,9,div.header__quick-menu > ul.menu > li.menu-item > span,no,,,,R04,2026-09-09,,"No es un caracter visible: la regla no aplica. Texto oculto visualmente, de tamano cero o desplazado fuera de pantalla.",sin CMP detectada
58,mundo,HKUST,https://hkust.edu.hk/,1.4.3,afw4f7,Text has minimum contrast,10,li.menu-item > ul.menu > li.menu-item > a,no,,,,R04,2026-09-09,,"No es un caracter visible: la regla no aplica. Texto oculto visualmente, de tamano cero o desplazado fuera de pantalla.",sin CMP detectada
58,mundo,HKUST,https://hkust.edu.hk/,1.4.3,afw4f7,Text has minimum contrast,11,li.menu-item > ul.menu > li.menu-item > a.ext,no,,,,R04,2026-09-09,,"No es un caracter visible: la regla no aplica. Texto oculto visualmente, de tamano cero o desplazado fuera de pantalla.",sin CMP detectada
58,mundo,HKUST,https://hkust.edu.hk/,1.4.3,afw4f7,Text has minimum contrast,12,li.menu-item > ul.menu > li.menu-item > a.ext,no,,,,R04,2026-09-09,,"No es un caracter visible: la regla no aplica. Texto oculto visualmente, de tamano cero o desplazado fuera de pantalla.",sin CMP detectada
58,mundo,HKUST,https://hkust.edu.hk/,1.4.3,afw4f7,Text has minimum contrast,13,div.header__quick-menu > ul.menu > li.menu-item > a.ext,no,,,,R04,2026-09-09,,"No es un caracter visible: la regla no aplica. Texto oculto visualmente, de tamano cero o desplazado fuera de pantalla.",sin CMP detectada
58,mundo,HKUST,https://hkust.edu.hk/,1.4.3,afw4f7,Text has minimum contrast,14,div.header__quick-menu > ul.menu > li.menu-item > a,no,,,,R04,2026-09-09,,"No es un caracter visible: la regla no aplica. Texto oculto visualmente, de tamano cero o desplazado fuera de pantalla.",sin CMP detectada
58,mundo,HKUST,https://hkust.edu.hk/,1.4.3,afw4f7,Text has minimum contrast,15,div.header__quick-menu > ul.menu > li.menu-item > a.ext,no,,,,R04,2026-09-09,,"No es un caracter visible: la regla no aplica. Texto oculto visualmente, de tamano cero o desplazado fuera de pantalla.",sin CMP detectada
58,mundo,HKUST,https://hkust.edu.hk/,1.4.3,afw4f7,Text has minimum contrast,16,div.header__quick-menu > ul.menu > li.menu-item > a.ext,no,,,,R04,2026-09-09,,"No es un caracter visible: la regla no aplica. Texto oculto visualmente, de tamano cero o desplazado fuera de pantalla.",sin CMP detectada
58,mundo,HKUST,https://hkust.edu.hk/,1.4.3,afw4f7,Text has minimum contrast,17,div.header__quick-menu > ul.menu > li.menu-item > a,no,,,,R04,2026-09-09,,"No es un caracter visible: la regla no aplica. Texto oculto visualmente, de tamano cero o desplazado fuera de pantalla.",sin CMP detectada
58,mundo,HKUST,https://hkust.edu.hk/,1.4.3,afw4f7,Text has minimum contrast,18,div.header__quick-menu > ul.menu > li.menu-item > a,no,,,,R04,2026-09-09,,"No es un caracter visible: la regla no aplica. Texto oculto visualmente, de tamano cero o desplazado fuera de pantalla.",sin CMP detectada
58,mundo,HKUST,https://hkust.edu.hk/,1.4.3,afw4f7,Text has minimum contrast,19,div.header__quick-menu > ul.menu > li.menu-item > a,no,,,,R04,2026-09-09,,"No es un caracter visible: la regla no aplica. Texto oculto visualmente, de tamano cero o desplazado fuera de pantalla.",sin CMP detectada
58,mundo,HKUST,https://hkust.edu.hk/,1.4.3,afw4f7,Text has minimum contrast,20,div.header__quick-menu > ul.menu > li.menu-item > a,no,,,,R04,2026-09-09,,"No es un caracter visible: la regla no aplica. Texto oculto visualmente, de tamano cero o desplazado fuera de pantalla.",sin CMP detectada
58,mundo,HKUST,https://hkust.edu.hk/,1.4.3,afw4f7,Text has minimum contrast,21,div.header__quick-menu > ul.menu > li.menu-item > a,no,,,,R04,2026-09-09,,"No es un caracter visible: la regla no aplica. Texto oculto visualmente, de tamano cero o desplazado fuera de pantalla.",sin CMP detectada
58,mundo,HKUST,https://hkust.edu.hk/,1.4.3,afw4f7,Text has minimum contrast,22,div.header__quick-menu > ul.menu > li.menu-item > a,no,,,,R04,2026-09-09,,"No es un caracter visible: la regla no aplica. Texto oculto visualmente, de tamano cero o desplazado fuera de pantalla.",sin CMP detectada
58,mundo,HKUST,https://hkust.edu.hk/,1.4.3,afw4f7,Text has minimum contrast,23,div.header__quick-menu > ul.menu > li.menu-item > span,no,,,,R04,2026-09-09,,"No es un caracter visible: la regla no aplica. Texto oculto visualmente, de tamano cero o desplazado fuera de pantalla.",sin CMP detectada
58,mundo,HKUST,https://hkust.edu.hk/,1.4.3,afw4f7,Text has minimum contrast,24,li.menu-item > ul.menu > li.menu-item > a,no,,,,R04,2026-09-09,,"No es un caracter visible: la regla no aplica. Texto oculto visualmente, de tamano cero o desplazado fuera de pantalla.",sin CMP detectada
58,mundo,HKUST,https://hkust.edu.hk/,1.4.3,afw4f7,Text has minimum contrast,25,li.menu-item > ul.menu > li.menu-item > a,no,,,,R04,2026-09-09,,"No es un caracter visible: la regla no aplica. Texto oculto visualmente, de tamano cero o desplazado fuera de pantalla.",sin CMP detectada
58,mundo,HKUST,https://hkust.edu.hk/,1.4.3,afw4f7,Text has minimum contrast,26,li.menu-item > ul.menu > li.menu-item > a,no,,,,R04,2026-09-09,,"No es un caracter visible: la regla no aplica. Texto oculto visualmente, de tamano cero o desplazado fuera de pantalla.",sin CMP detectada
58,mundo,HKUST,https://hkust.edu.hk/,1.4.3,afw4f7,Text has minimum contrast,27,li.menu-item > ul.menu > li.menu-item > a,no,,,,R04,2026-09-09,,"No es un caracter visible: la regla no aplica. Texto oculto visualmente, de tamano cero o desplazado fuera de pantalla.",sin CMP detectada
58,mundo,HKUST,https://hkust.edu.hk/,1.4.3,afw4f7,Text has minimum contrast,28,div.header__quick-menu > ul.menu > li.menu-item > a,no,,,,R04,2026-09-09,,"No es un caracter visible: la regla no aplica. Texto oculto visualmente, de tamano cero o desplazado fuera de pantalla.",sin CMP detectada
58,mundo,HKUST,https://hkust.edu.hk/,1.4.3,afw4f7,Text has minimum contrast,29,div.language-switcher-language-url > ul.links > li.zh-hant > a.language-link,no,,,,R04,2026-09-09,,"No es un caracter visible: la regla no aplica. Texto oculto visualmente, de tamano cero o desplazado fuera de pantalla.",sin CMP detectada
58,mundo,HKUST,https://hkust.edu.hk/,1.4.3,afw4f7,Text has minimum contrast,30,div.language-switcher-language-url > ul.links > li.zh-hans > a.language-link,no,,,,R04,2026-09-09,,"No es un caracter visible: la regla no aplica. Texto oculto visualmente, de tamano cero o desplazado fuera de pantalla.",sin CMP detectada
58,mundo,HKUST,https://hkust.edu.hk/,1.4.3,afw4f7,Text has minimum contrast,31,div.header__menu-scroller > ul.menu > li.menu-item > a,si,cumple,12.61:1,,R04,2026-09-09,,"umbral 4.5:1 (texto normal, 22.0px); texto: ""About""",sin CMP detectada
58,mundo,HKUST,https://hkust.edu.hk/,1.4.3,afw4f7,Text has minimum contrast,32,li.menu-item > ul.menu > li.menu-item > span,si,cumple,12.61:1,,R04,2026-09-09,,"umbral 3:1 (texto grande, 24.0px); texto: ""HKUST""",sin CMP detectada
58,mundo,HKUST,https://hkust.edu.hk/,1.4.3,afw4f7,Text has minimum contrast,33,li.menu-item > ul.menu > li.menu-item > a,si,cumple,12.61:1,,R04,2026-09-09,,"umbral 4.5:1 (texto normal, 20.0px); texto: ""Mission & Vision""",sin CMP detectada
58,mundo,HKUST,https://hkust.edu.hk/,1.4.3,afw4f7,Text has minimum contrast,34,li.menu-item > ul.menu > li.menu-item > a,si,cumple,12.61:1,,R04,2026-09-09,,"umbral 4.5:1 (texto normal, 20.0px); texto: ""Strategic Plan""",sin CMP detectada
58,mundo,HKUST,https://hkust.edu.hk/,1.4.3,afw4f7,Text has minimum contrast,35,li.menu-item > ul.menu > li.menu-item > a,si,cumple,12.61:1,,R04,2026-09-09,,"umbral 4.5:1 (texto normal, 20.0px); texto: ""Governance & Leadership""",sin CMP detectada
58,mundo,HKUST,https://hkust.edu.hk/,1.4.3,afw4f7,Text has minimum contrast,36,li.menu-item > ul.menu > li.menu-item > a,si,cumple,12.61:1,,R04,2026-09-09,,"umbral 4.5:1 (texto normal, 20.0px); texto: ""Our Story""",sin CMP detectada
58,mundo,HKUST,https://hkust.edu.hk/,1.4.3,afw4f7,Text has minimum contrast,37,li.menu-item > ul.menu > li.menu-item > a,si,cumple,12.61:1,,R04,2026-09-09,,"umbral 4.5:1 (texto normal, 20.0px); texto: ""Milestones""",sin CMP detectada
58,mundo,HKUST,https://hkust.edu.hk/,1.4.3,afw4f7,Text has minimum contrast,38,li.menu-item > ul.menu > li.menu-item > a,si,cumple,12.61:1,,R04,2026-09-09,,"umbral 4.5:1 (texto normal, 20.0px); texto: ""Rankings & Figures""",sin CMP detectada
58,mundo,HKUST,https://hkust.edu.hk/,1.4.3,afw4f7,Text has minimum contrast,39,li.menu-item > ul.menu > li.menu-item > a.is-active,si,cumple,12.61:1,,R04,2026-09-09,,"umbral 4.5:1 (texto normal, 20.0px); texto: ""Awards & Recognitions""",sin CMP detectada
58,mundo,HKUST,https://hkust.edu.hk/,1.4.3,afw4f7,Text has minimum contrast,40,li.menu-item > ul.menu > li.menu-item > a,si,cumple,12.61:1,,R04,2026-09-09,,"umbral 4.5:1 (texto normal, 20.0px); texto: ""Internationalization""",sin CMP detectada
58,mundo,HKUST,https://hkust.edu.hk/,1.4.3,afw4f7,Text has minimum contrast,41,li.menu-item > ul.menu > li.menu-item > a,si,cumple,12.61:1,,R04,2026-09-09,,"umbral 4.5:1 (texto normal, 20.0px); texto: ""Mainland Engagement""",sin CMP detectada
58,mundo,HKUST,https://hkust.edu.hk/,1.4.3,afw4f7,Text has minimum contrast,42,li.menu-item > ul.menu > li.menu-item > a,si,cumple,12.61:1,,R04,2026-09-09,,"umbral 4.5:1 (texto normal, 20.0px); texto: ""Sustainability""",sin CMP detectada
58,mundo,HKUST,https://hkust.edu.hk/,1.4.3,afw4f7,Text has minimum contrast,43,li.menu-item > ul.menu > li.menu-item > a,si,cumple,12.61:1,,R04,2026-09-09,,"umbral 4.5:1 (texto normal, 20.0px); texto: ""Alumni""",sin CMP detectada
58,mundo,HKUST,https://hkust.edu.hk/,1.4.3,afw4f7,Text has minimum contrast,44,li.menu-item > ul.menu > li.menu-item > a.ext,si,cumple,12.61:1,,R04,2026-09-09,,"umbral 3:1 (texto grande, 24.0px); texto: ""HKUST (GZ)""",sin CMP detectada
58,mundo,HKUST,https://hkust.edu.hk/,1.4.3,afw4f7,Text has minimum contrast,45,ul.menu > li.menu-item > ul.menu > a.explore-section,no,,,,R04,2026-09-09,,"No es un caracter visible: la regla no aplica. Texto oculto visualmente, de tamano cero o desplazado fuera de pantalla.",sin CMP detectada
58,mundo,HKUST,https://hkust.edu.hk/,1.4.3,afw4f7,Text has minimum contrast,46,div.header__menu-scroller > ul.menu > li.menu-item > a,si,cumple,12.61:1,,R04,2026-09-09,,"umbral 4.5:1 (texto normal, 22.0px); texto: ""Academics""",sin CMP detectada
58,mundo,HKUST,https://hkust.edu.hk/,1.4.3,afw4f7,Text has minimum contrast,47,li.menu-item > ul.menu > li.menu-item > a,si,cumple,12.61:1,,R04,2026-09-09,,"umbral 4.5:1 (texto normal, 20.0px); texto: ""Teaching & Learning""",sin CMP detectada
58,mundo,HKUST,https://hkust.edu.hk/,1.4.3,afw4f7,Text has minimum contrast,48,li.menu-item > ul.menu > li.menu-item > a,si,cumple,12.61:1,,R04,2026-09-09,,"umbral 4.5:1 (texto normal, 20.0px); texto: ""Our Faculty""",sin CMP detectada
58,mundo,HKUST,https://hkust.edu.hk/,1.4.3,afw4f7,Text has minimum contrast,49,li.menu-item > ul.menu > li.menu-item > a,si,cumple,12.61:1,,R04,2026-09-09,,"umbral 4.5:1 (texto normal, 20.0px); texto: ""School of Science""",sin CMP detectada
58,mundo,HKUST,https://hkust.edu.hk/,1.4.3,afw4f7,Text has minimum contrast,50,li.menu-item > ul.menu > li.menu-item > a,si,cumple,12.61:1,,R04,2026-09-09,,"umbral 4.5:1 (texto normal, 20.0px); texto: ""School of Engineering""",sin CMP detectada
58,mundo,HKUST,https://hkust.edu.hk/,1.4.3,afw4f7,Text has minimum contrast,51,li.menu-item > ul.menu > li.menu-item > a,si,cumple,12.61:1,,R04,2026-09-09,,"umbral 4.5:1 (texto normal, 20.0px); texto: ""School of Business and Management""",sin CMP detectada
58,mundo,HKUST,https://hkust.edu.hk/,1.4.3,afw4f7,Text has minimum contrast,52,li.menu-item > ul.menu > li.menu-item > a,si,cumple,12.61:1,,R04,2026-09-09,,"umbral 4.5:1 (texto normal, 20.0px); texto: ""School of Humanities and Social Science""",sin CMP detectada
58,mundo,HKUST,https://hkust.edu.hk/,1.4.3,afw4f7,Text has minimum contrast,53,li.menu-item > ul.menu > li.menu-item > a,si,cumple,12.61:1,,R04,2026-09-09,,"umbral 4.5:1 (texto normal, 20.0px); texto: ""School of Medicine""",sin CMP detectada
58,mundo,HKUST,https://hkust.edu.hk/,1.4.3,afw4f7,Text has minimum contrast,54,li.menu-item > ul.menu > li.menu-item > a,si,cumple,12.61:1,,R04,2026-09-09,,"umbral 4.5:1 (texto normal, 20.0px); texto: ""Academy of Interdisciplinary Studies""",sin CMP detectada
58,mundo,HKUST,https://hkust.edu.hk/,1.4.3,afw4f7,Text has minimum contrast,55,li.menu-item > ul.menu > li.menu-item > a,si,cumple,12.61:1,,R04,2026-09-09,,"umbral 4.5:1 (texto normal, 20.0px); texto: ""Programs & Courses""",sin CMP detectada
58,mundo,HKUST,https://hkust.edu.hk/,1.4.3,afw4f7,Text has minimum contrast,56,ul.menu > li.menu-item > ul.menu > a.explore-section,no,,,,R04,2026-09-09,,"No es un caracter visible: la regla no aplica. Texto oculto visualmente, de tamano cero o desplazado fuera de pantalla.",sin CMP detectada
58,mundo,HKUST,https://hkust.edu.hk/,1.4.3,afw4f7,Text has minimum contrast,57,div.header__menu-scroller > ul.menu > li.menu-item > a,si,cumple,12.61:1,,R04,2026-09-09,,"umbral 4.5:1 (texto normal, 22.0px); texto: ""News & Stories""",sin CMP detectada
58,mundo,HKUST,https://hkust.edu.hk/,1.4.3,afw4f7,Text has minimum contrast,58,li.menu-item > ul.menu > li.menu-item > a,si,cumple,12.61:1,,R04,2026-09-09,,"umbral 4.5:1 (texto normal, 20.0px); texto: ""News & Stories""",sin CMP detectada
58,mundo,HKUST,https://hkust.edu.hk/,1.4.3,afw4f7,Text has minimum contrast,59,li.menu-item > ul.menu > li.menu-item > a,si,cumple,12.61:1,,R04,2026-09-09,,"umbral 4.5:1 (texto normal, 20.0px); texto: ""Boundless""",sin CMP detectada
58,mundo,HKUST,https://hkust.edu.hk/,1.4.3,afw4f7,Text has minimum contrast,60,li.menu-item > ul.menu > li.menu-item > a,si,cumple,12.61:1,,R04,2026-09-09,,"umbral 4.5:1 (texto normal, 20.0px); texto: ""HKUST in the Media""",sin CMP detectada
58,mundo,HKUST,https://hkust.edu.hk/,1.4.3,afw4f7,Text has minimum contrast,61,ul.menu > li.menu-item > ul.menu > a.explore-section,no,,,,R04,2026-09-09,,"No es un caracter visible: la regla no aplica. Texto oculto visualmente, de tamano cero o desplazado fuera de pantalla.",sin CMP detectada
58,mundo,HKUST,https://hkust.edu.hk/,1.4.3,afw4f7,Text has minimum contrast,62,div.header__menu-scroller > ul.menu > li.menu-item > a,si,cumple,12.61:1,,R04,2026-09-09,,"umbral 4.5:1 (texto normal, 22.0px); texto: ""Admissions""",sin CMP detectada
58,mundo,HKUST,https://hkust.edu.hk/,1.4.3,afw4f7,Text has minimum contrast,63,li.menu-item > ul.menu > li.menu-item > a,si,cumple,12.61:1,,R04,2026-09-09,,"umbral 4.5:1 (texto normal, 20.0px); texto: ""Undergraduate Admissions""",sin CMP detectada
58,mundo,HKUST,https://hkust.edu.hk/,1.4.3,afw4f7,Text has minimum contrast,64,li.menu-item > ul.menu > li.menu-item > a,si,cumple,12.61:1,,R04,2026-09-09,,"umbral 4.5:1 (texto normal, 20.0px); texto: ""Postgraduate Admissions""",sin CMP detectada
58,mundo,HKUST,https://hkust.edu.hk/,1.4.3,afw4f7,Text has minimum contrast,65,li.menu-item > ul.menu > li.menu-item > a,si,cumple,12.61:1,,R04,2026-09-09,,"umbral 4.5:1 (texto normal, 20.0px); texto: ""Scholarship, Financial Aid and Insurance""",sin CMP detectada
58,mundo,HKUST,https://hkust.edu.hk/,1.4.3,afw4f7,Text has minimum contrast,66,li.menu-item > ul.menu > li.menu-item > a,si,cumple,12.61:1,,R04,2026-09-09,,"umbral 4.5:1 (texto normal, 20.0px); texto: ""Student Exchange""",sin CMP detectada
58,mundo,HKUST,https://hkust.edu.hk/,1.4.3,afw4f7,Text has minimum contrast,67,li.menu-item > ul.menu > li.menu-item > a,si,cumple,12.61:1,,R04,2026-09-09,,"umbral 4.5:1 (texto normal, 20.0px); texto: ""Visiting Students & Interns""",sin CMP detectada
58,mundo,HKUST,https://hkust.edu.hk/,1.4.3,afw4f7,Text has minimum contrast,68,li.menu-item > ul.menu > li.menu-item > a,si,cumple,12.61:1,,R04,2026-09-09,,"umbral 4.5:1 (texto normal, 20.0px); texto: ""A Taste of HKUST""",sin CMP detectada
58,mundo,HKUST,https://hkust.edu.hk/,1.4.3,afw4f7,Text has minimum contrast,69,ul.menu > li.menu-item > ul.menu > a.explore-section,no,,,,R04,2026-09-09,,"No es un caracter visible: la regla no aplica. Texto oculto visualmente, de tamano cero o desplazado fuera de pantalla.",sin CMP detectada
58,mundo,HKUST,https://hkust.edu.hk/,1.4.3,afw4f7,Text has minimum contrast,70,div.header__menu-scroller > ul.menu > li.menu-item > a,si,cumple,12.61:1,,R04,2026-09-09,,"umbral 4.5:1 (texto normal, 22.0px); texto: ""Life@UST""",sin CMP detectada
58,mundo,HKUST,https://hkust.edu.hk/,1.4.3,afw4f7,Text has minimum contrast,71,li.menu-item > ul.menu > li.menu-item > a,si,cumple,12.61:1,,R04,2026-09-09,,"umbral 4.5:1 (texto normal, 20.0px); texto: ""Arts and Culture""",sin CMP detectada
58,mundo,HKUST,https://hkust.edu.hk/,1.4.3,afw4f7,Text has minimum contrast,72,li.menu-item > ul.menu > li.menu-item > a,si,cumple,12.61:1,,R04,2026-09-09,,"umbral 4.5:1 (texto normal, 20.0px); texto: ""Diversity and Inclusion""",sin CMP detectada
58,mundo,HKUST,https://hkust.edu.hk/,1.4.3,afw4f7,Text has minimum contrast,73,li.menu-item > ul.menu > li.menu-item > a,si,cumple,12.61:1,,R04,2026-09-09,,"umbral 4.5:1 (texto normal, 20.0px); texto: ""Community Outreach""",sin CMP detectada
58,mundo,HKUST,https://hkust.edu.hk/,1.4.3,afw4f7,Text has minimum contrast,74,li.menu-item > ul.menu > li.menu-item > a,si,cumple,12.61:1,,R04,2026-09-09,,"umbral 4.5:1 (texto normal, 20.0px); texto: ""Wellness & Sports""",sin CMP detectada
58,mundo,HKUST,https://hkust.edu.hk/,1.4.3,afw4f7,Text has minimum contrast,75,li.menu-item > ul.menu > li.menu-item > a,si,cumple,12.61:1,,R04,2026-09-09,,"umbral 4.5:1 (texto normal, 20.0px); texto: ""Student Enrichment""",sin CMP detectada
58,mundo,HKUST,https://hkust.edu.hk/,1.4.3,afw4f7,Text has minimum contrast,76,li.menu-item > ul.menu > li.menu-item > a,si,cumple,12.61:1,,R04,2026-09-09,,"umbral 4.5:1 (texto normal, 20.0px); texto: ""A Taste of Work Life""",sin CMP detectada
58,mundo,HKUST,https://hkust.edu.hk/,1.4.3,afw4f7,Text has minimum contrast,77,li.menu-item > ul.menu > li.menu-item > a,si,cumple,12.61:1,,R04,2026-09-09,,"umbral 4.5:1 (texto normal, 20.0px); texto: ""Living on Campus""",sin CMP detectada
58,mundo,HKUST,https://hkust.edu.hk/,1.4.3,afw4f7,Text has minimum contrast,78,li.menu-item > ul.menu > li.menu-item > a,si,cumple,12.61:1,,R04,2026-09-09,,"umbral 4.5:1 (texto normal, 20.0px); texto: ""Student Life News""",sin CMP detectada
58,mundo,HKUST,https://hkust.edu.hk/,1.4.3,afw4f7,Text has minimum contrast,79,ul.menu > li.menu-item > ul.menu > a.explore-section,no,,,,R04,2026-09-09,,"No es un caracter visible: la regla no aplica. Texto oculto visualmente, de tamano cero o desplazado fuera de pantalla.",sin CMP detectada
58,mundo,HKUST,https://hkust.edu.hk/,1.4.3,afw4f7,Text has minimum contrast,80,div.header__menu-scroller > ul.menu > li.menu-item > a,si,cumple,12.61:1,,R04,2026-09-09,,"umbral 4.5:1 (texto normal, 22.0px); texto: ""Research""",sin CMP detectada
58,mundo,HKUST,https://hkust.edu.hk/,1.4.3,afw4f7,Text has minimum contrast,81,li.menu-item > ul.menu > li.menu-item > a,si,cumple,12.61:1,,R04,2026-09-09,,"umbral 4.5:1 (texto normal, 20.0px); texto: ""Research Highlight & Achievement""",sin CMP detectada
58,mundo,HKUST,https://hkust.edu.hk/,1.4.3,afw4f7,Text has minimum contrast,82,li.menu-item > ul.menu > li.menu-item > a,si,cumple,12.61:1,,R04,2026-09-09,,"umbral 4.5:1 (texto normal, 20.0px); texto: ""Research News""",sin CMP detectada
58,mundo,HKUST,https://hkust.edu.hk/,1.4.3,afw4f7,Text has minimum contrast,83,li.menu-item > ul.menu > li.menu-item > a,si,cumple,12.61:1,,R04,2026-09-09,,"umbral 4.5:1 (texto normal, 20.0px); texto: ""Research Focus""",sin CMP detectada
58,mundo,HKUST,https://hkust.edu.hk/,1.4.3,afw4f7,Text has minimum contrast,84,li.menu-item > ul.menu > li.menu-item > a,si,cumple,12.61:1,,R04,2026-09-09,,"umbral 4.5:1 (texto normal, 20.0px); texto: ""Impact Cases""",sin CMP detectada
58,mundo,HKUST,https://hkust.edu.hk/,1.4.3,afw4f7,Text has minimum contrast,85,li.menu-item > ul.menu > li.menu-item > a,si,cumple,12.61:1,,R04,2026-09-09,,"umbral 4.5:1 (texto normal, 20.0px); texto: ""Research Enterprise""",sin CMP detectada
58,mundo,HKUST,https://hkust.edu.hk/,1.4.3,afw4f7,Text has minimum contrast,86,li.menu-item > ul.menu > li.menu-item > a,si,cumple,12.61:1,,R04,2026-09-09,,"umbral 4.5:1 (texto normal, 20.0px); texto: ""Support & Opportunities for Researchers""",sin CMP detectada
58,mundo,HKUST,https://hkust.edu.hk/,1.4.3,afw4f7,Text has minimum contrast,87,li.menu-item > ul.menu > li.menu-item > a,si,cumple,12.61:1,,R04,2026-09-09,,"umbral 4.5:1 (texto normal, 20.0px); texto: ""Research Opportunities Programs""",sin CMP detectada
58,mundo,HKUST,https://hkust.edu.hk/,1.4.3,afw4f7,Text has minimum contrast,88,li.menu-item > ul.menu > li.menu-item > a,si,cumple,12.61:1,,R04,2026-09-09,,"umbral 4.5:1 (texto normal, 20.0px); texto: ""Research Collaboration""",sin CMP detectada
58,mundo,HKUST,https://hkust.edu.hk/,1.4.3,afw4f7,Text has minimum contrast,89,ul.menu > li.menu-item > ul.menu > a.explore-section,no,,,,R04,2026-09-09,,"No es un caracter visible: la regla no aplica. Texto oculto visualmente, de tamano cero o desplazado fuera de pantalla.",sin CMP detectada
58,mundo,HKUST,https://hkust.edu.hk/,1.4.3,afw4f7,Text has minimum contrast,90,div.header__menu-scroller > ul.menu > li.menu-item > a,si,cumple,12.61:1,,R04,2026-09-09,,"umbral 4.5:1 (texto normal, 22.0px); texto: ""Innovation & Entrepreneurship""",sin CMP detectada
58,mundo,HKUST,https://hkust.edu.hk/,1.4.3,afw4f7,Text has minimum contrast,91,li.menu-item > ul.menu > li.menu-item > a,si,cumple,12.61:1,,R04,2026-09-09,,"umbral 4.5:1 (texto normal, 20.0px); texto: ""Facts & Figures""",sin CMP detectada
58,mundo,HKUST,https://hkust.edu.hk/,1.4.3,afw4f7,Text has minimum contrast,92,li.menu-item > ul.menu > li.menu-item > a,si,cumple,12.61:1,,R04,2026-09-09,,"umbral 4.5:1 (texto normal, 20.0px); texto: ""Knowledge Transfer""",sin CMP detectada
58,mundo,HKUST,https://hkust.edu.hk/,1.4.3,afw4f7,Text has minimum contrast,93,li.menu-item > ul.menu > li.menu-item > a,si,cumple,12.61:1,,R04,2026-09-09,,"umbral 4.5:1 (texto normal, 20.0px); texto: ""Events""",sin CMP detectada
58,mundo,HKUST,https://hkust.edu.hk/,1.4.3,afw4f7,Text has minimum contrast,94,li.menu-item > ul.menu > li.menu-item > a,si,cumple,12.61:1,,R04,2026-09-09,,"umbral 4.5:1 (texto normal, 20.0px); texto: ""Success Stories""",sin CMP detectada
58,mundo,HKUST,https://hkust.edu.hk/,1.4.3,afw4f7,Text has minimum contrast,95,li.menu-item > ul.menu > li.menu-item > a,si,cumple,12.61:1,,R04,2026-09-09,,"umbral 4.5:1 (texto normal, 20.0px); texto: ""Startups""",sin CMP detectada
58,mundo,HKUST,https://hkust.edu.hk/,1.4.3,afw4f7,Text has minimum contrast,96,li.menu-item > ul.menu > li.menu-item > a,si,cumple,12.61:1,,R04,2026-09-09,,"umbral 4.5:1 (texto normal, 20.0px); texto: ""Entrepreneurship News""",sin CMP detectada
58,mundo,HKUST,https://hkust.edu.hk/,1.4.3,afw4f7,Text has minimum contrast,97,li.menu-item > ul.menu > li.menu-item > a,si,cumple,12.61:1,,R04,2026-09-09,,"umbral 4.5:1 (texto normal, 20.0px); texto: ""Industry Collaboration""",sin CMP detectada
58,mundo,HKUST,https://hkust.edu.hk/,1.4.3,afw4f7,Text has minimum contrast,98,li.menu-item > ul.menu > li.menu-item > a,si,cumple,12.61:1,,R04,2026-09-09,,"umbral 4.5:1 (texto normal, 20.0px); texto: ""Mainland Incubator""",sin CMP detectada
58,mundo,HKUST,https://hkust.edu.hk/,1.4.3,afw4f7,Text has minimum contrast,99,li.menu-item > ul.menu > li.menu-item > a,si,cumple,12.61:1,,R04,2026-09-09,,"umbral 4.5:1 (texto normal, 20.0px); texto: ""Entrepreneurship Education""",sin CMP detectada
58,mundo,HKUST,https://hkust.edu.hk/,1.4.3,afw4f7,Text has minimum contrast,100,ul.menu > li.menu-item > ul.menu > a.explore-section,no,,,,R04,2026-09-09,,"No es un caracter visible: la regla no aplica. Texto oculto visualmente, de tamano cero o desplazado fuera de pantalla.",sin CMP detectada
58,mundo,HKUST,https://hkust.edu.hk/,1.4.3,afw4f7,Text has minimum contrast,101,div.header__menu--short-cut > ul.menu > li.menu-item > a,si,cumple,12.61:1,,R04,2026-09-09,,"umbral 4.5:1 (texto normal, 16.0px); texto: ""Library""",sin CMP detectada
58,mundo,HKUST,https://hkust.edu.hk/,1.4.3,afw4f7,Text has minimum contrast,102,div.header__menu--short-cut > ul.menu > li.menu-item > a,si,cumple,12.61:1,,R04,2026-09-09,,"umbral 4.5:1 (texto normal, 16.0px); texto: ""Shaw Auditorium""",sin CMP detectada
58,mundo,HKUST,https://hkust.edu.hk/,1.4.3,afw4f7,Text has minimum contrast,103,div.header__menu--short-cut > ul.menu > li.menu-item > a,si,cumple,12.61:1,,R04,2026-09-09,,"umbral 4.5:1 (texto normal, 16.0px); texto: ""Sports Facilities""",sin CMP detectada
58,mundo,HKUST,https://hkust.edu.hk/,1.4.3,afw4f7,Text has minimum contrast,104,div.header__menu--short-cut > ul.menu > li.menu-item > a,si,cumple,12.61:1,,R04,2026-09-09,,"umbral 4.5:1 (texto normal, 16.0px); texto: ""Contact Us""",sin CMP detectada
58,mundo,HKUST,https://hkust.edu.hk/,1.4.3,afw4f7,Text has minimum contrast,105,div.header__menu-scroller > div.header__menu--quick-links > div.header__menu-wrapper > div.header__menu--quick-links-title,si,cumple,21.00:1,,R04,2026-09-09,,"umbral 4.5:1 (texto normal, 16.0px); texto: ""Quick Links:""",sin CMP detectada
58,mundo,HKUST,https://hkust.edu.hk/,1.4.3,afw4f7,Text has minimum contrast,106,div.header__menu-wrapper > ul.menu > li.menu-item > a,si,cumple,21.00:1,,R04,2026-09-09,,"umbral 4.5:1 (texto normal, 16.0px); texto: ""35th Anniversary Celebrations""",sin CMP detectada
58,mundo,HKUST,https://hkust.edu.hk/,1.4.3,afw4f7,Text has minimum contrast,107,div.header__menu-wrapper > ul.menu > li.menu-item > span,si,cumple,21.00:1,,R04,2026-09-09,,"umbral 4.5:1 (texto normal, 16.0px); texto: ""Information for""",sin CMP detectada
58,mundo,HKUST,https://hkust.edu.hk/,1.4.3,afw4f7,Text has minimum contrast,108,li.menu-item > ul.menu > li.menu-item > a,si,cumple,21.00:1,,R04,2026-09-09,,"umbral 4.5:1 (texto normal, 16.0px); texto: ""Students""",sin CMP detectada
58,mundo,HKUST,https://hkust.edu.hk/,1.4.3,afw4f7,Text has minimum contrast,109,li.menu-item > ul.menu > li.menu-item > a,si,cumple,21.00:1,,R04,2026-09-09,,"umbral 4.5:1 (texto normal, 16.0px); texto: ""Staff""",sin CMP detectada
58,mundo,HKUST,https://hkust.edu.hk/,1.4.3,afw4f7,Text has minimum contrast,110,li.menu-item > ul.menu > li.menu-item > a,si,cumple,21.00:1,,R04,2026-09-09,,"umbral 4.5:1 (texto normal, 16.0px); texto: ""Alumni""",sin CMP detectada
58,mundo,HKUST,https://hkust.edu.hk/,1.4.3,afw4f7,Text has minimum contrast,111,li.menu-item > ul.menu > li.menu-item > a,si,cumple,21.00:1,,R04,2026-09-09,,"umbral 4.5:1 (texto normal, 16.0px); texto: ""Media""",sin CMP detectada
58,mundo,HKUST,https://hkust.edu.hk/,1.4.3,afw4f7,Text has minimum contrast,112,li.menu-item > ul.menu > li.menu-item > a,si,cumple,21.00:1,,R04,2026-09-09,,"umbral 4.5:1 (texto normal, 16.0px); texto: ""Public""",sin CMP detectada
58,mundo,HKUST,https://hkust.edu.hk/,1.4.3,afw4f7,Text has minimum contrast,113,div.header__menu-wrapper > ul.menu > li.menu-item > span,si,cumple,21.00:1,,R04,2026-09-09,,"umbral 4.5:1 (texto normal, 16.0px); texto: ""myPortal""",sin CMP detectada
58,mundo,HKUST,https://hkust.edu.hk/,1.4.3,afw4f7,Text has minimum contrast,114,li.menu-item > ul.menu > li.menu-item > a,si,cumple,21.00:1,,R04,2026-09-09,,"umbral 4.5:1 (texto normal, 16.0px); texto: ""Student Intranet""",sin CMP detectada
58,mundo,HKUST,https://hkust.edu.hk/,1.4.3,afw4f7,Text has minimum contrast,115,li.menu-item > ul.menu > li.menu-item > a.ext,si,cumple,21.00:1,,R04,2026-09-09,,"umbral 4.5:1 (texto normal, 16.0px); texto: ""Staff Admin Intranet""",sin CMP detectada
58,mundo,HKUST,https://hkust.edu.hk/,1.4.3,afw4f7,Text has minimum contrast,116,li.menu-item > ul.menu > li.menu-item > a.ext,si,cumple,21.00:1,,R04,2026-09-09,,"umbral 4.5:1 (texto normal, 16.0px); texto: ""Alumni Intranet""",sin CMP detectada
58,mundo,HKUST,https://hkust.edu.hk/,1.4.3,afw4f7,Text has minimum contrast,117,div.header__menu-wrapper > ul.menu > li.menu-item > a.ext,si,cumple,21.00:1,,R04,2026-09-09,,"umbral 4.5:1 (texto normal, 16.0px); texto: ""Event""",sin CMP detectada
58,mundo,HKUST,https://hkust.edu.hk/,1.4.3,afw4f7,Text has minimum contrast,118,div.header__menu-wrapper > ul.menu > li.menu-item > a,si,cumple,21.00:1,,R04,2026-09-09,,"umbral 4.5:1 (texto normal, 16.0px); texto: ""Giving""",sin CMP detectada
58,mundo,HKUST,https://hkust.edu.hk/,1.4.3,afw4f7,Text has minimum contrast,119,div.header__menu-wrapper > ul.menu > li.menu-item > a.ext,si,cumple,21.00:1,,R04,2026-09-09,,"umbral 4.5:1 (texto normal, 16.0px); texto: ""Campus Map""",sin CMP detectada
58,mundo,HKUST,https://hkust.edu.hk/,1.4.3,afw4f7,Text has minimum contrast,120,div.header__menu-wrapper > ul.menu > li.menu-item > a.ext,si,cumple,21.00:1,,R04,2026-09-09,,"umbral 4.5:1 (texto normal, 16.0px); texto: ""AED Location""",sin CMP detectada
58,mundo,HKUST,https://hkust.edu.hk/,1.4.3,afw4f7,Text has minimum contrast,121,div.header__menu-wrapper > ul.menu > li.menu-item > a,si,cumple,21.00:1,,R04,2026-09-09,,"umbral 4.5:1 (texto normal, 16.0px); texto: ""Visit""",sin CMP detectada
58,mundo,HKUST,https://hkust.edu.hk/,1.4.3,afw4f7,Text has minimum contrast,122,div.header__menu-wrapper > ul.menu > li.menu-item > a,si,cumple,21.00:1,,R04,2026-09-09,,"umbral 4.5:1 (texto normal, 16.0px); texto: ""Career""",sin CMP detectada
58,mundo,HKUST,https://hkust.edu.hk/,1.4.3,afw4f7,Text has minimum contrast,123,div.header__menu-wrapper > ul.menu > li.menu-item > a,si,cumple,21.00:1,,R04,2026-09-09,,"umbral 4.5:1 (texto normal, 16.0px); texto: ""Academic Calendar""",sin CMP detectada
58,mundo,HKUST,https://hkust.edu.hk/,1.4.3,afw4f7,Text has minimum contrast,124,div.header__menu-wrapper > ul.menu > li.menu-item > a,si,cumple,21.00:1,,R04,2026-09-09,,"umbral 4.5:1 (texto normal, 16.0px); texto: ""Faculty Profiles""",sin CMP detectada
58,mundo,HKUST,https://hkust.edu.hk/,1.4.3,afw4f7,Text has minimum contrast,125,div.header__menu-wrapper > ul.menu > li.menu-item > a,si,cumple,21.00:1,,R04,2026-09-09,,"umbral 4.5:1 (texto normal, 16.0px); texto: ""Brand Resources""",sin CMP detectada
58,mundo,HKUST,https://hkust.edu.hk/,1.4.3,afw4f7,Text has minimum contrast,126,div.header__menu-wrapper > ul.menu > li.menu-item > a,si,cumple,21.00:1,,R04,2026-09-09,,"umbral 4.5:1 (texto normal, 16.0px); texto: ""Multimedia""",sin CMP detectada
58,mundo,HKUST,https://hkust.edu.hk/,1.4.3,afw4f7,Text has minimum contrast,127,div.header__menu-wrapper > ul.menu > li.menu-item > span,si,cumple,21.00:1,,R04,2026-09-09,,"umbral 4.5:1 (texto normal, 16.0px); texto: ""Directories""",sin CMP detectada
58,mundo,HKUST,https://hkust.edu.hk/,1.4.3,afw4f7,Text has minimum contrast,128,li.menu-item > ul.menu > li.menu-item > a,si,cumple,21.00:1,,R04,2026-09-09,,"umbral 4.5:1 (texto normal, 16.0px); texto: ""Academic Departments""",sin CMP detectada
58,mundo,HKUST,https://hkust.edu.hk/,1.4.3,afw4f7,Text has minimum contrast,129,li.menu-item > ul.menu > li.menu-item > a,si,cumple,21.00:1,,R04,2026-09-09,,"umbral 4.5:1 (texto normal, 16.0px); texto: ""Academic Programs""",sin CMP detectada
58,mundo,HKUST,https://hkust.edu.hk/,1.4.3,afw4f7,Text has minimum contrast,130,li.menu-item > ul.menu > li.menu-item > a,si,cumple,21.00:1,,R04,2026-09-09,,"umbral 4.5:1 (texto normal, 16.0px); texto: ""Administrative Departments""",sin CMP detectada
58,mundo,HKUST,https://hkust.edu.hk/,1.4.3,afw4f7,Text has minimum contrast,131,li.menu-item > ul.menu > li.menu-item > a,si,cumple,21.00:1,,R04,2026-09-09,,"umbral 4.5:1 (texto normal, 16.0px); texto: ""HKUST Social & Apps""",sin CMP detectada
58,mundo,HKUST,https://hkust.edu.hk/,1.4.3,afw4f7,Text has minimum contrast,132,div.header__menu-wrapper > ul.menu > li.menu-item > a,si,cumple,21.00:1,,R04,2026-09-09,,"umbral 4.5:1 (texto normal, 16.0px); texto: ""FAQ""",sin CMP detectada
58,mundo,HKUST,https://hkust.edu.hk/,1.4.3,afw4f7,Text has minimum contrast,133,div.language-switcher-language-url > ul.links > li.zh-hant > a.language-link,si,cumple,12.61:1,,R04,2026-09-09,,"umbral 4.5:1 (texto normal, 16.0px); texto: ""繁""",sin CMP detectada
58,mundo,HKUST,https://hkust.edu.hk/,1.4.3,afw4f7,Text has minimum contrast,134,div.language-switcher-language-url > ul.links > li.zh-hans > a.language-link,si,cumple,12.61:1,,R04,2026-09-09,,"umbral 4.5:1 (texto normal, 16.0px); texto: ""简""",sin CMP detectada
58,mundo,HKUST,https://hkust.edu.hk/,1.4.3,afw4f7,Text has minimum contrast,135,div.header__menu--quick-links > div.header__menu-wrapper > div.header__menu-scroller > div.header__menu--quick-links-title,si,cumple,21.00:1,,R04,2026-09-09,,"umbral 4.5:1 (texto normal, 16.0px); texto: ""Quick Links:""",sin CMP detectada
58,mundo,HKUST,https://hkust.edu.hk/,1.4.3,afw4f7,Text has minimum contrast,136,div.header__menu-scroller > ul.menu > li.menu-item > a,si,cumple,21.00:1,,R04,2026-09-09,,"umbral 4.5:1 (texto normal, 16.0px); texto: ""35th Anniversary Celebrations""",sin CMP detectada
58,mundo,HKUST,https://hkust.edu.hk/,1.4.3,afw4f7,Text has minimum contrast,137,div.header__menu-scroller > ul.menu > li.menu-item > span,si,cumple,21.00:1,,R04,2026-09-09,,"umbral 4.5:1 (texto normal, 16.0px); texto: ""Information for""",sin CMP detectada
58,mundo,HKUST,https://hkust.edu.hk/,1.4.3,afw4f7,Text has minimum contrast,138,li.menu-item > ul.menu > li.menu-item > a,si,cumple,21.00:1,,R04,2026-09-09,,"umbral 4.5:1 (texto normal, 16.0px); texto: ""Students""",sin CMP detectada
58,mundo,HKUST,https://hkust.edu.hk/,1.4.3,afw4f7,Text has minimum contrast,139,li.menu-item > ul.menu > li.menu-item > a,si,cumple,21.00:1,,R04,2026-09-09,,"umbral 4.5:1 (texto normal, 16.0px); texto: ""Staff""",sin CMP detectada
58,mundo,HKUST,https://hkust.edu.hk/,1.4.3,afw4f7,Text has minimum contrast,140,li.menu-item > ul.menu > li.menu-item > a,si,cumple,21.00:1,,R04,2026-09-09,,"umbral 4.5:1 (texto normal, 16.0px); texto: ""Alumni""",sin CMP detectada
58,mundo,HKUST,https://hkust.edu.hk/,1.4.3,afw4f7,Text has minimum contrast,141,li.menu-item > ul.menu > li.menu-item > a,si,cumple,21.00:1,,R04,2026-09-09,,"umbral 4.5:1 (texto normal, 16.0px); texto: ""Media""",sin CMP detectada
58,mundo,HKUST,https://hkust.edu.hk/,1.4.3,afw4f7,Text has minimum contrast,142,li.menu-item > ul.menu > li.menu-item > a,si,cumple,21.00:1,,R04,2026-09-09,,"umbral 4.5:1 (texto normal, 16.0px); texto: ""Public""",sin CMP detectada
58,mundo,HKUST,https://hkust.edu.hk/,1.4.3,afw4f7,Text has minimum contrast,143,div.header__menu-scroller > ul.menu > li.menu-item > span,si,cumple,21.00:1,,R04,2026-09-09,,"umbral 4.5:1 (texto normal, 16.0px); texto: ""myPortal""",sin CMP detectada
58,mundo,HKUST,https://hkust.edu.hk/,1.4.3,afw4f7,Text has minimum contrast,144,li.menu-item > ul.menu > li.menu-item > a,si,cumple,21.00:1,,R04,2026-09-09,,"umbral 4.5:1 (texto normal, 16.0px); texto: ""Student Intranet""",sin CMP detectada
58,mundo,HKUST,https://hkust.edu.hk/,1.4.3,afw4f7,Text has minimum contrast,145,li.menu-item > ul.menu > li.menu-item > a.ext,si,cumple,21.00:1,,R04,2026-09-09,,"umbral 4.5:1 (texto normal, 16.0px); texto: ""Staff Admin Intranet""",sin CMP detectada
58,mundo,HKUST,https://hkust.edu.hk/,1.4.3,afw4f7,Text has minimum contrast,146,li.menu-item > ul.menu > li.menu-item > a.ext,si,cumple,21.00:1,,R04,2026-09-09,,"umbral 4.5:1 (texto normal, 16.0px); texto: ""Alumni Intranet""",sin CMP detectada
58,mundo,HKUST,https://hkust.edu.hk/,1.4.3,afw4f7,Text has minimum contrast,147,div.header__menu-scroller > ul.menu > li.menu-item > a.ext,si,cumple,21.00:1,,R04,2026-09-09,,"umbral 4.5:1 (texto normal, 16.0px); texto: ""Event""",sin CMP detectada
58,mundo,HKUST,https://hkust.edu.hk/,1.4.3,afw4f7,Text has minimum contrast,148,div.header__menu-scroller > ul.menu > li.menu-item > a,si,cumple,21.00:1,,R04,2026-09-09,,"umbral 4.5:1 (texto normal, 16.0px); texto: ""Giving""",sin CMP detectada
58,mundo,HKUST,https://hkust.edu.hk/,1.4.3,afw4f7,Text has minimum contrast,149,div.header__menu-scroller > ul.menu > li.menu-item > a.ext,si,cumple,21.00:1,,R04,2026-09-09,,"umbral 4.5:1 (texto normal, 16.0px); texto: ""Campus Map""",sin CMP detectada
58,mundo,HKUST,https://hkust.edu.hk/,1.4.3,afw4f7,Text has minimum contrast,150,div.header__menu-scroller > ul.menu > li.menu-item > a.ext,si,cumple,21.00:1,,R04,2026-09-09,,"umbral 4.5:1 (texto normal, 16.0px); texto: ""AED Location""",sin CMP detectada
58,mundo,HKUST,https://hkust.edu.hk/,1.4.3,afw4f7,Text has minimum contrast,151,div.header__menu-scroller > ul.menu > li.menu-item > a,si,cumple,21.00:1,,R04,2026-09-09,,"umbral 4.5:1 (texto normal, 16.0px); texto: ""Visit""",sin CMP detectada
58,mundo,HKUST,https://hkust.edu.hk/,1.4.3,afw4f7,Text has minimum contrast,152,div.header__menu-scroller > ul.menu > li.menu-item > a,si,cumple,21.00:1,,R04,2026-09-09,,"umbral 4.5:1 (texto normal, 16.0px); texto: ""Career""",sin CMP detectada
58,mundo,HKUST,https://hkust.edu.hk/,1.4.3,afw4f7,Text has minimum contrast,153,div.header__menu-scroller > ul.menu > li.menu-item > a,si,cumple,21.00:1,,R04,2026-09-09,,"umbral 4.5:1 (texto normal, 16.0px); texto: ""Academic Calendar""",sin CMP detectada
58,mundo,HKUST,https://hkust.edu.hk/,1.4.3,afw4f7,Text has minimum contrast,154,div.header__menu-scroller > ul.menu > li.menu-item > a,si,cumple,21.00:1,,R04,2026-09-09,,"umbral 4.5:1 (texto normal, 16.0px); texto: ""Faculty Profiles""",sin CMP detectada
58,mundo,HKUST,https://hkust.edu.hk/,1.4.3,afw4f7,Text has minimum contrast,155,div.header__menu-scroller > ul.menu > li.menu-item > a,si,cumple,21.00:1,,R04,2026-09-09,,"umbral 4.5:1 (texto normal, 16.0px); texto: ""Brand Resources""",sin CMP detectada
58,mundo,HKUST,https://hkust.edu.hk/,1.4.3,afw4f7,Text has minimum contrast,156,div.header__menu-scroller > ul.menu > li.menu-item > a,si,cumple,21.00:1,,R04,2026-09-09,,"umbral 4.5:1 (texto normal, 16.0px); texto: ""Multimedia""",sin CMP detectada
58,mundo,HKUST,https://hkust.edu.hk/,1.4.3,afw4f7,Text has minimum contrast,157,div.header__menu-scroller > ul.menu > li.menu-item > span,si,cumple,21.00:1,,R04,2026-09-09,,"umbral 4.5:1 (texto normal, 16.0px); texto: ""Directories""",sin CMP detectada
58,mundo,HKUST,https://hkust.edu.hk/,1.4.3,afw4f7,Text has minimum contrast,158,li.menu-item > ul.menu > li.menu-item > a,si,cumple,21.00:1,,R04,2026-09-09,,"umbral 4.5:1 (texto normal, 16.0px); texto: ""Academic Departments""",sin CMP detectada
58,mundo,HKUST,https://hkust.edu.hk/,1.4.3,afw4f7,Text has minimum contrast,159,li.menu-item > ul.menu > li.menu-item > a,si,cumple,21.00:1,,R04,2026-09-09,,"umbral 4.5:1 (texto normal, 16.0px); texto: ""Academic Programs""",sin CMP detectada
58,mundo,HKUST,https://hkust.edu.hk/,1.4.3,afw4f7,Text has minimum contrast,160,li.menu-item > ul.menu > li.menu-item > a,si,cumple,21.00:1,,R04,2026-09-09,,"umbral 4.5:1 (texto normal, 16.0px); texto: ""Administrative Departments""",sin CMP detectada
58,mundo,HKUST,https://hkust.edu.hk/,1.4.3,afw4f7,Text has minimum contrast,161,li.menu-item > ul.menu > li.menu-item > a,si,cumple,21.00:1,,R04,2026-09-09,,"umbral 4.5:1 (texto normal, 16.0px); texto: ""HKUST Social & Apps""",sin CMP detectada
58,mundo,HKUST,https://hkust.edu.hk/,1.4.3,afw4f7,Text has minimum contrast,162,div.header__menu-scroller > ul.menu > li.menu-item > a,si,cumple,21.00:1,,R04,2026-09-09,,"umbral 4.5:1 (texto normal, 16.0px); texto: ""FAQ""",sin CMP detectada
58,mundo,HKUST,https://hkust.edu.hk/,1.4.3,afw4f7,Text has minimum contrast,163,div.swiper-wrapper > div.home-slider__slide > div.home-slider__slide--background > video,si,falla,1.32:1,,R04,2026-09-09,,"umbral 4.5:1 (texto normal, 16.0px); texto: ""Your browser does not support the video tag.""",sin CMP detectada
58,mundo,HKUST,https://hkust.edu.hk/,1.4.3,afw4f7,Text has minimum contrast,164,div.swiper-wrapper > div.home-slider__slide > div.home-slider__slide--background > video,si,falla,1.32:1,,R04,2026-09-09,,"umbral 4.5:1 (texto normal, 16.0px); texto: ""Your browser does not support the video tag.""",sin CMP detectada
58,mundo,HKUST,https://hkust.edu.hk/,1.4.3,afw4f7,Text has minimum contrast,165,div.home-slider__main-menu > ul.menu > li.menu-item > a,no,,,,R04,2026-09-09,,"No es un caracter visible: la regla no aplica. Texto oculto visualmente, de tamano cero o desplazado fuera de pantalla.",sin CMP detectada
58,mundo,HKUST,https://hkust.edu.hk/,1.4.3,afw4f7,Text has minimum contrast,166,li.menu-item > ul.menu > li.menu-item > span,no,,,,R04,2026-09-09,,"No es un caracter visible: la regla no aplica. Texto oculto visualmente, de tamano cero o desplazado fuera de pantalla.",sin CMP detectada
58,mundo,HKUST,https://hkust.edu.hk/,1.4.3,afw4f7,Text has minimum contrast,167,li.menu-item > ul.menu > li.menu-item > a.ext,no,,,,R04,2026-09-09,,"No es un caracter visible: la regla no aplica. Texto oculto visualmente, de tamano cero o desplazado fuera de pantalla.",sin CMP detectada
58,mundo,HKUST,https://hkust.edu.hk/,1.4.3,afw4f7,Text has minimum contrast,168,div.home-slider__main-menu > ul.menu > li.menu-item > a,no,,,,R04,2026-09-09,,"No es un caracter visible: la regla no aplica. Texto oculto visualmente, de tamano cero o desplazado fuera de pantalla.",sin CMP detectada
58,mundo,HKUST,https://hkust.edu.hk/,1.4.3,afw4f7,Text has minimum contrast,169,li.menu-item > ul.menu > li.menu-item > a,no,,,,R04,2026-09-09,,"No es un caracter visible: la regla no aplica. Texto oculto visualmente, de tamano cero o desplazado fuera de pantalla.",sin CMP detectada
58,mundo,HKUST,https://hkust.edu.hk/,1.4.3,afw4f7,Text has minimum contrast,170,li.menu-item > ul.menu > li.menu-item > a,no,,,,R04,2026-09-09,,"No es un caracter visible: la regla no aplica. Texto oculto visualmente, de tamano cero o desplazado fuera de pantalla.",sin CMP detectada
58,mundo,HKUST,https://hkust.edu.hk/,1.4.3,afw4f7,Text has minimum contrast,171,li.menu-item > ul.menu > li.menu-item > a,no,,,,R04,2026-09-09,,"No es un caracter visible: la regla no aplica. Texto oculto visualmente, de tamano cero o desplazado fuera de pantalla.",sin CMP detectada
58,mundo,HKUST,https://hkust.edu.hk/,1.4.3,afw4f7,Text has minimum contrast,172,li.menu-item > ul.menu > li.menu-item > a,no,,,,R04,2026-09-09,,"No es un caracter visible: la regla no aplica. Texto oculto visualmente, de tamano cero o desplazado fuera de pantalla.",sin CMP detectada
58,mundo,HKUST,https://hkust.edu.hk/,1.4.3,afw4f7,Text has minimum contrast,173,li.menu-item > ul.menu > li.menu-item > a,no,,,,R04,2026-09-09,,"No es un caracter visible: la regla no aplica. Texto oculto visualmente, de tamano cero o desplazado fuera de pantalla.",sin CMP detectada
58,mundo,HKUST,https://hkust.edu.hk/,1.4.3,afw4f7,Text has minimum contrast,174,li.menu-item > ul.menu > li.menu-item > a,no,,,,R04,2026-09-09,,"No es un caracter visible: la regla no aplica. Texto oculto visualmente, de tamano cero o desplazado fuera de pantalla.",sin CMP detectada
58,mundo,HKUST,https://hkust.edu.hk/,1.4.3,afw4f7,Text has minimum contrast,175,li.menu-item > ul.menu > li.menu-item > a,no,,,,R04,2026-09-09,,"No es un caracter visible: la regla no aplica. Texto oculto visualmente, de tamano cero o desplazado fuera de pantalla.",sin CMP detectada
58,mundo,HKUST,https://hkust.edu.hk/,1.4.3,afw4f7,Text has minimum contrast,176,li.menu-item > ul.menu > li.menu-item > a,no,,,,R04,2026-09-09,,"No es un caracter visible: la regla no aplica. Texto oculto visualmente, de tamano cero o desplazado fuera de pantalla.",sin CMP detectada
58,mundo,HKUST,https://hkust.edu.hk/,1.4.3,afw4f7,Text has minimum contrast,177,li.menu-item > ul.menu > li.menu-item > a,no,,,,R04,2026-09-09,,"No es un caracter visible: la regla no aplica. Texto oculto visualmente, de tamano cero o desplazado fuera de pantalla.",sin CMP detectada
58,mundo,HKUST,https://hkust.edu.hk/,1.4.3,afw4f7,Text has minimum contrast,178,div.home-slider__main-menu > ul.menu > li.menu-item > a,no,,,,R04,2026-09-09,,"No es un caracter visible: la regla no aplica. Texto oculto visualmente, de tamano cero o desplazado fuera de pantalla.",sin CMP detectada
58,mundo,HKUST,https://hkust.edu.hk/,1.4.3,afw4f7,Text has minimum contrast,179,li.menu-item > ul.menu > li.menu-item > a,no,,,,R04,2026-09-09,,"No es un caracter visible: la regla no aplica. Texto oculto visualmente, de tamano cero o desplazado fuera de pantalla.",sin CMP detectada
58,mundo,HKUST,https://hkust.edu.hk/,1.4.3,afw4f7,Text has minimum contrast,180,li.menu-item > ul.menu > li.menu-item > a,no,,,,R04,2026-09-09,,"No es un caracter visible: la regla no aplica. Texto oculto visualmente, de tamano cero o desplazado fuera de pantalla.",sin CMP detectada
58,mundo,HKUST,https://hkust.edu.hk/,1.4.3,afw4f7,Text has minimum contrast,181,li.menu-item > ul.menu > li.menu-item > a,no,,,,R04,2026-09-09,,"No es un caracter visible: la regla no aplica. Texto oculto visualmente, de tamano cero o desplazado fuera de pantalla.",sin CMP detectada
58,mundo,HKUST,https://hkust.edu.hk/,1.4.3,afw4f7,Text has minimum contrast,182,div.home-slider__main-menu > ul.menu > li.menu-item > a,no,,,,R04,2026-09-09,,"No es un caracter visible: la regla no aplica. Texto oculto visualmente, de tamano cero o desplazado fuera de pantalla.",sin CMP detectada
58,mundo,HKUST,https://hkust.edu.hk/,1.4.3,afw4f7,Text has minimum contrast,183,li.menu-item > ul.menu > li.menu-item > a,no,,,,R04,2026-09-09,,"No es un caracter visible: la regla no aplica. Texto oculto visualmente, de tamano cero o desplazado fuera de pantalla.",sin CMP detectada
58,mundo,HKUST,https://hkust.edu.hk/,1.4.3,afw4f7,Text has minimum contrast,184,li.menu-item > ul.menu > li.menu-item > a,no,,,,R04,2026-09-09,,"No es un caracter visible: la regla no aplica. Texto oculto visualmente, de tamano cero o desplazado fuera de pantalla.",sin CMP detectada
58,mundo,HKUST,https://hkust.edu.hk/,1.4.3,afw4f7,Text has minimum contrast,185,li.menu-item > ul.menu > li.menu-item > a,no,,,,R04,2026-09-09,,"No es un caracter visible: la regla no aplica. Texto oculto visualmente, de tamano cero o desplazado fuera de pantalla.",sin CMP detectada
58,mundo,HKUST,https://hkust.edu.hk/,1.4.3,afw4f7,Text has minimum contrast,186,li.menu-item > ul.menu > li.menu-item > a,no,,,,R04,2026-09-09,,"No es un caracter visible: la regla no aplica. Texto oculto visualmente, de tamano cero o desplazado fuera de pantalla.",sin CMP detectada
58,mundo,HKUST,https://hkust.edu.hk/,1.4.3,afw4f7,Text has minimum contrast,187,li.menu-item > ul.menu > li.menu-item > a,no,,,,R04,2026-09-09,,"No es un caracter visible: la regla no aplica. Texto oculto visualmente, de tamano cero o desplazado fuera de pantalla.",sin CMP detectada
58,mundo,HKUST,https://hkust.edu.hk/,1.4.3,afw4f7,Text has minimum contrast,188,li.menu-item > ul.menu > li.menu-item > a,no,,,,R04,2026-09-09,,"No es un caracter visible: la regla no aplica. Texto oculto visualmente, de tamano cero o desplazado fuera de pantalla.",sin CMP detectada
58,mundo,HKUST,https://hkust.edu.hk/,1.4.3,afw4f7,Text has minimum contrast,189,div.home-slider__main-menu > ul.menu > li.menu-item > a,no,,,,R04,2026-09-09,,"No es un caracter visible: la regla no aplica. Texto oculto visualmente, de tamano cero o desplazado fuera de pantalla.",sin CMP detectada
58,mundo,HKUST,https://hkust.edu.hk/,1.4.3,afw4f7,Text has minimum contrast,190,li.menu-item > ul.menu > li.menu-item > a,no,,,,R04,2026-09-09,,"No es un caracter visible: la regla no aplica. Texto oculto visualmente, de tamano cero o desplazado fuera de pantalla.",sin CMP detectada
58,mundo,HKUST,https://hkust.edu.hk/,1.4.3,afw4f7,Text has minimum contrast,191,li.menu-item > ul.menu > li.menu-item > a,no,,,,R04,2026-09-09,,"No es un caracter visible: la regla no aplica. Texto oculto visualmente, de tamano cero o desplazado fuera de pantalla.",sin CMP detectada
58,mundo,HKUST,https://hkust.edu.hk/,1.4.3,afw4f7,Text has minimum contrast,192,li.menu-item > ul.menu > li.menu-item > a,no,,,,R04,2026-09-09,,"No es un caracter visible: la regla no aplica. Texto oculto visualmente, de tamano cero o desplazado fuera de pantalla.",sin CMP detectada
58,mundo,HKUST,https://hkust.edu.hk/,1.4.3,afw4f7,Text has minimum contrast,193,li.menu-item > ul.menu > li.menu-item > a,no,,,,R04,2026-09-09,,"No es un caracter visible: la regla no aplica. Texto oculto visualmente, de tamano cero o desplazado fuera de pantalla.",sin CMP detectada
58,mundo,HKUST,https://hkust.edu.hk/,1.4.3,afw4f7,Text has minimum contrast,194,li.menu-item > ul.menu > li.menu-item > a,no,,,,R04,2026-09-09,,"No es un caracter visible: la regla no aplica. Texto oculto visualmente, de tamano cero o desplazado fuera de pantalla.",sin CMP detectada
58,mundo,HKUST,https://hkust.edu.hk/,1.4.3,afw4f7,Text has minimum contrast,195,li.menu-item > ul.menu > li.menu-item > a,no,,,,R04,2026-09-09,,"No es un caracter visible: la regla no aplica. Texto oculto visualmente, de tamano cero o desplazado fuera de pantalla.",sin CMP detectada
58,mundo,HKUST,https://hkust.edu.hk/,1.4.3,afw4f7,Text has minimum contrast,196,li.menu-item > ul.menu > li.menu-item > a,no,,,,R04,2026-09-09,,"No es un caracter visible: la regla no aplica. Texto oculto visualmente, de tamano cero o desplazado fuera de pantalla.",sin CMP detectada
58,mundo,HKUST,https://hkust.edu.hk/,1.4.3,afw4f7,Text has minimum contrast,197,li.menu-item > ul.menu > li.menu-item > a,no,,,,R04,2026-09-09,,"No es un caracter visible: la regla no aplica. Texto oculto visualmente, de tamano cero o desplazado fuera de pantalla.",sin CMP detectada
58,mundo,HKUST,https://hkust.edu.hk/,1.4.3,afw4f7,Text has minimum contrast,198,div.home-slider__main-menu > ul.menu > li.menu-item > a,no,,,,R04,2026-09-09,,"No es un caracter visible: la regla no aplica. Texto oculto visualmente, de tamano cero o desplazado fuera de pantalla.",sin CMP detectada
58,mundo,HKUST,https://hkust.edu.hk/,1.4.3,afw4f7,Text has minimum contrast,199,li.menu-item > ul.menu > li.menu-item > a,no,,,,R04,2026-09-09,,"No es un caracter visible: la regla no aplica. Texto oculto visualmente, de tamano cero o desplazado fuera de pantalla.",sin CMP detectada
58,mundo,HKUST,https://hkust.edu.hk/,1.4.3,afw4f7,Text has minimum contrast,200,li.menu-item > ul.menu > li.menu-item > a,no,,,,R04,2026-09-09,,"No es un caracter visible: la regla no aplica. Texto oculto visualmente, de tamano cero o desplazado fuera de pantalla.",sin CMP detectada
58,mundo,HKUST,https://hkust.edu.hk/,1.4.3,afw4f7,Text has minimum contrast,201,li.menu-item > ul.menu > li.menu-item > a,no,,,,R04,2026-09-09,,"No es un caracter visible: la regla no aplica. Texto oculto visualmente, de tamano cero o desplazado fuera de pantalla.",sin CMP detectada
58,mundo,HKUST,https://hkust.edu.hk/,1.4.3,afw4f7,Text has minimum contrast,202,li.menu-item > ul.menu > li.menu-item > a,no,,,,R04,2026-09-09,,"No es un caracter visible: la regla no aplica. Texto oculto visualmente, de tamano cero o desplazado fuera de pantalla.",sin CMP detectada
58,mundo,HKUST,https://hkust.edu.hk/,1.4.3,afw4f7,Text has minimum contrast,203,li.menu-item > ul.menu > li.menu-item > a,no,,,,R04,2026-09-09,,"No es un caracter visible: la regla no aplica. Texto oculto visualmente, de tamano cero o desplazado fuera de pantalla.",sin CMP detectada
58,mundo,HKUST,https://hkust.edu.hk/,1.4.3,afw4f7,Text has minimum contrast,204,li.menu-item > ul.menu > li.menu-item > a,no,,,,R04,2026-09-09,,"No es un caracter visible: la regla no aplica. Texto oculto visualmente, de tamano cero o desplazado fuera de pantalla.",sin CMP detectada
58,mundo,HKUST,https://hkust.edu.hk/,1.4.3,afw4f7,Text has minimum contrast,205,li.menu-item > ul.menu > li.menu-item > a,no,,,,R04,2026-09-09,,"No es un caracter visible: la regla no aplica. Texto oculto visualmente, de tamano cero o desplazado fuera de pantalla.",sin CMP detectada
58,mundo,HKUST,https://hkust.edu.hk/,1.4.3,afw4f7,Text has minimum contrast,206,li.menu-item > ul.menu > li.menu-item > a,no,,,,R04,2026-09-09,,"No es un caracter visible: la regla no aplica. Texto oculto visualmente, de tamano cero o desplazado fuera de pantalla.",sin CMP detectada
58,mundo,HKUST,https://hkust.edu.hk/,1.4.3,afw4f7,Text has minimum contrast,207,div.home-slider__main-menu > ul.menu > li.menu-item > a,no,,,,R04,2026-09-09,,"No es un caracter visible: la regla no aplica. Texto oculto visualmente, de tamano cero o desplazado fuera de pantalla.",sin CMP detectada
58,mundo,HKUST,https://hkust.edu.hk/,1.4.3,afw4f7,Text has minimum contrast,208,li.menu-item > ul.menu > li.menu-item > a,no,,,,R04,2026-09-09,,"No es un caracter visible: la regla no aplica. Texto oculto visualmente, de tamano cero o desplazado fuera de pantalla.",sin CMP detectada
58,mundo,HKUST,https://hkust.edu.hk/,1.4.3,afw4f7,Text has minimum contrast,209,li.menu-item > ul.menu > li.menu-item > a,no,,,,R04,2026-09-09,,"No es un caracter visible: la regla no aplica. Texto oculto visualmente, de tamano cero o desplazado fuera de pantalla.",sin CMP detectada
58,mundo,HKUST,https://hkust.edu.hk/,1.4.3,afw4f7,Text has minimum contrast,210,li.menu-item > ul.menu > li.menu-item > a,no,,,,R04,2026-09-09,,"No es un caracter visible: la regla no aplica. Texto oculto visualmente, de tamano cero o desplazado fuera de pantalla.",sin CMP detectada
58,mundo,HKUST,https://hkust.edu.hk/,1.4.3,afw4f7,Text has minimum contrast,211,li.menu-item > ul.menu > li.menu-item > a,no,,,,R04,2026-09-09,,"No es un caracter visible: la regla no aplica. Texto oculto visualmente, de tamano cero o desplazado fuera de pantalla.",sin CMP detectada
58,mundo,HKUST,https://hkust.edu.hk/,1.4.3,afw4f7,Text has minimum contrast,212,li.menu-item > ul.menu > li.menu-item > a,no,,,,R04,2026-09-09,,"No es un caracter visible: la regla no aplica. Texto oculto visualmente, de tamano cero o desplazado fuera de pantalla.",sin CMP detectada
58,mundo,HKUST,https://hkust.edu.hk/,1.4.3,afw4f7,Text has minimum contrast,213,li.menu-item > ul.menu > li.menu-item > a,no,,,,R04,2026-09-09,,"No es un caracter visible: la regla no aplica. Texto oculto visualmente, de tamano cero o desplazado fuera de pantalla.",sin CMP detectada
58,mundo,HKUST,https://hkust.edu.hk/,1.4.3,afw4f7,Text has minimum contrast,214,li.menu-item > ul.menu > li.menu-item > a,no,,,,R04,2026-09-09,,"No es un caracter visible: la regla no aplica. Texto oculto visualmente, de tamano cero o desplazado fuera de pantalla.",sin CMP detectada
58,mundo,HKUST,https://hkust.edu.hk/,1.4.3,afw4f7,Text has minimum contrast,215,li.menu-item > ul.menu > li.menu-item > a,no,,,,R04,2026-09-09,,"No es un caracter visible: la regla no aplica. Texto oculto visualmente, de tamano cero o desplazado fuera de pantalla.",sin CMP detectada
58,mundo,HKUST,https://hkust.edu.hk/,1.4.3,afw4f7,Text has minimum contrast,216,li.menu-item > ul.menu > li.menu-item > a,no,,,,R04,2026-09-09,,"No es un caracter visible: la regla no aplica. Texto oculto visualmente, de tamano cero o desplazado fuera de pantalla.",sin CMP detectada
58,mundo,HKUST,https://hkust.edu.hk/,1.4.3,afw4f7,Text has minimum contrast,217,#home-slider-search,no,,,,R04,2026-09-09,,"No es un caracter visible: la regla no aplica. Texto oculto visualmente, de tamano cero o desplazado fuera de pantalla.",sin CMP detectada
58,mundo,HKUST,https://hkust.edu.hk/,1.4.3,afw4f7,Text has minimum contrast,218,div.home-slider__main-menu > div.home-slider__search > ul.home-slider_search-example > li,no,,,,R04,2026-09-09,,"No es un caracter visible: la regla no aplica. Texto oculto visualmente, de tamano cero o desplazado fuera de pantalla.",sin CMP detectada
58,mundo,HKUST,https://hkust.edu.hk/,1.4.3,afw4f7,Text has minimum contrast,219,div.home-slider__main-menu > div.home-slider__search > ul.home-slider_search-example > li,no,,,,R04,2026-09-09,,"No es un caracter visible: la regla no aplica. Texto oculto visualmente, de tamano cero o desplazado fuera de pantalla.",sin CMP detectada
58,mundo,HKUST,https://hkust.edu.hk/,1.4.3,afw4f7,Text has minimum contrast,220,div.home-slider__main-menu > div.home-slider__search > ul.home-slider_search-example > li,no,,,,R04,2026-09-09,,"No es un caracter visible: la regla no aplica. Texto oculto visualmente, de tamano cero o desplazado fuera de pantalla.",sin CMP detectada
58,mundo,HKUST,https://hkust.edu.hk/,1.4.3,afw4f7,Text has minimum contrast,221,div.home-slider__main-menu > div.home-slider__search > ul.home-slider_search-example > li,no,,,,R04,2026-09-09,,"No es un caracter visible: la regla no aplica. Texto oculto visualmente, de tamano cero o desplazado fuera de pantalla.",sin CMP detectada
58,mundo,HKUST,https://hkust.edu.hk/,1.4.3,afw4f7,Text has minimum contrast,222,div.home-slider__main-menu > div.home-slider__search > ul.home-slider_search-example > li,no,,,,R04,2026-09-09,,"No es un caracter visible: la regla no aplica. Texto oculto visualmente, de tamano cero o desplazado fuera de pantalla.",sin CMP detectada
58,mundo,HKUST,https://hkust.edu.hk/,1.4.3,afw4f7,Text has minimum contrast,223,div.paragraph > div.anchor-link-block > div.container > a.anchor-link-block__item,si,cumple,15.91:1,,R04,2026-09-09,,"umbral 4.5:1 (texto normal, 18.0px); texto: ""News & Stories""",sin CMP detectada
58,mundo,HKUST,https://hkust.edu.hk/,1.4.3,afw4f7,Text has minimum contrast,224,div.paragraph > div.anchor-link-block > div.container > a.anchor-link-block__item,si,cumple,15.91:1,,R04,2026-09-09,,"umbral 4.5:1 (texto normal, 18.0px); texto: ""HKUST Leads the Pack""",sin CMP detectada
58,mundo,HKUST,https://hkust.edu.hk/,1.4.3,afw4f7,Text has minimum contrast,225,div.paragraph > div.anchor-link-block > div.container > a.anchor-link-block__item,si,cumple,15.91:1,,R04,2026-09-09,,"umbral 4.5:1 (texto normal, 18.0px); texto: ""Our Firsts""",sin CMP detectada
58,mundo,HKUST,https://hkust.edu.hk/,1.4.3,afw4f7,Text has minimum contrast,226,div.paragraph > div.anchor-link-block > div.container > a.anchor-link-block__item,si,cumple,15.91:1,,R04,2026-09-09,,"umbral 4.5:1 (texto normal, 18.0px); texto: ""Awards""",sin CMP detectada
58,mundo,HKUST,https://hkust.edu.hk/,1.4.3,afw4f7,Text has minimum contrast,227,div.paragraph > div.anchor-link-block > div.container > a.anchor-link-block__item,si,cumple,15.91:1,,R04,2026-09-09,,"umbral 4.5:1 (texto normal, 18.0px); texto: ""Sustainable Development Goals""",sin CMP detectada
58,mundo,HKUST,https://hkust.edu.hk/,1.4.3,afw4f7,Text has minimum contrast,228,div.paragraph > div.anchor-link-block > div.container > a.anchor-link-block__item,si,cumple,15.91:1,,R04,2026-09-09,,"umbral 4.5:1 (texto normal, 18.0px); texto: ""Events""",sin CMP detectada
58,mundo,HKUST,https://hkust.edu.hk/,1.4.3,afw4f7,Text has minimum contrast,229,div.home-news__wrapper > div.home-news__title-wrapper > div.home-news__title > h2,si,cumple,12.61:1,,R04,2026-09-09,,"umbral 3:1 (texto grande, 52.0px); texto: ""News & Stories""",sin CMP detectada
58,mundo,HKUST,https://hkust.edu.hk/,1.4.3,afw4f7,Text has minimum contrast,230,div.home-news__wrapper > div.home-news__title-wrapper > div.home-news__description > p,si,cumple,15.91:1,,R04,2026-09-09,,"umbral 4.5:1 (texto normal, 16.0px); texto: ""Our latest endeavors are creating positive change in a dynam""",sin CMP detectada
58,mundo,HKUST,https://hkust.edu.hk/,1.4.3,afw4f7,Text has minimum contrast,231,div.home-news__wrapper > div.home-news__title-wrapper > div.home-news__link > a.btn-arrow,si,cumple,15.91:1,,R04,2026-09-09,,"umbral 4.5:1 (texto normal, 16.0px); texto: ""More News & Stories""",sin CMP detectada
58,mundo,HKUST,https://hkust.edu.hk/,1.4.3,afw4f7,Text has minimum contrast,232,span.field-content > div.news-item > div.news-item__content-wrapper > div.news-item__type,si,cumple,11.06:1,,R04,2026-09-09,,"umbral 4.5:1 (texto normal, 14.0px); texto: ""News""",sin CMP detectada
58,mundo,HKUST,https://hkust.edu.hk/,1.4.3,afw4f7,Text has minimum contrast,233,span.field-content > div.news-item > div.news-item__content-wrapper > div.news-item__tags,si,falla,4.35:1,,R04,2026-09-09,,"umbral 4.5:1 (texto normal, 14.0px); texto: ""Education, Innovation, Scholarship, Student Development, Tea""",sin CMP detectada
58,mundo,HKUST,https://hkust.edu.hk/,1.4.3,afw4f7,Text has minimum contrast,234,span.field-content > div.news-item > div.news-item__content-wrapper > div.news-item__title,si,cumple,15.91:1,,R04,2026-09-09,,"umbral 3:1 (texto grande, 24.0px negrita); texto: ""HKUST Launches Mandatory AI Common Core Program to Nurture F""",sin CMP detectada
58,mundo,HKUST,https://hkust.edu.hk/,1.4.3,afw4f7,Text has minimum contrast,235,div.news-item > div.news-item__content-wrapper > div.news-item__summary > p,si,cumple,15.91:1,,R04,2026-09-09,,"umbral 4.5:1 (texto normal, 16.0px); texto: ""In response to evolving talent needs, The Hong Kong Universi""",sin CMP detectada
58,mundo,HKUST,https://hkust.edu.hk/,1.4.3,afw4f7,Text has minimum contrast,236,div.news-item > div.news-item__content-wrapper > div.news-item__date > time.datetime,si,falla,3.26:1,,R04,2026-09-09,,"umbral 4.5:1 (texto normal, 12.0px); texto: ""2026-07-14""",sin CMP detectada
58,mundo,HKUST,https://hkust.edu.hk/,1.4.3,afw4f7,Text has minimum contrast,237,span.field-content > div.news-item > div.news-item__content-wrapper > div.news-item__type,si,cumple,11.06:1,,R04,2026-09-09,,"umbral 4.5:1 (texto normal, 14.0px); texto: ""News""",sin CMP detectada
58,mundo,HKUST,https://hkust.edu.hk/,1.4.3,afw4f7,Text has minimum contrast,238,span.field-content > div.news-item > div.news-item__content-wrapper > div.news-item__tags,si,falla,4.35:1,,R04,2026-09-09,,"umbral 4.5:1 (texto normal, 14.0px); texto: ""Innovation, Recognition""",sin CMP detectada
58,mundo,HKUST,https://hkust.edu.hk/,1.4.3,afw4f7,Text has minimum contrast,239,span.field-content > div.news-item > div.news-item__content-wrapper > div.news-item__title,si,cumple,15.91:1,,R04,2026-09-09,,"umbral 3:1 (texto grande, 24.0px negrita); texto: ""HKUST-Nurtured Startups Triumph at the HICOOL 2026 Global En""",sin CMP detectada
58,mundo,HKUST,https://hkust.edu.hk/,1.4.3,afw4f7,Text has minimum contrast,240,div.news-item > div.news-item__content-wrapper > div.news-item__summary > p,no,,,,R04,2026-09-09,,"No es un caracter visible: la regla no aplica. Texto oculto visualmente, de tamano cero o desplazado fuera de pantalla.",sin CMP detectada
58,mundo,HKUST,https://hkust.edu.hk/,1.4.3,afw4f7,Text has minimum contrast,241,div.news-item > div.news-item__content-wrapper > div.news-item__date > time.datetime,si,falla,3.26:1,,R04,2026-09-09,,"umbral 4.5:1 (texto normal, 12.0px); texto: ""2026-08-27""",sin CMP detectada
58,mundo,HKUST,https://hkust.edu.hk/,1.4.3,afw4f7,Text has minimum contrast,242,span.field-content > div.news-item > div.news-item__content-wrapper > div.news-item__type,si,cumple,11.06:1,,R04,2026-09-09,,"umbral 4.5:1 (texto normal, 14.0px); texto: ""News""",sin CMP detectada
58,mundo,HKUST,https://hkust.edu.hk/,1.4.3,afw4f7,Text has minimum contrast,243,span.field-content > div.news-item > div.news-item__content-wrapper > div.news-item__tags,si,falla,4.35:1,,R04,2026-09-09,,"umbral 4.5:1 (texto normal, 14.0px); texto: ""Research, Postgraduate, Teaching and Learning""",sin CMP detectada
58,mundo,HKUST,https://hkust.edu.hk/,1.4.3,afw4f7,Text has minimum contrast,244,span.field-content > div.news-item > div.news-item__content-wrapper > div.news-item__title,si,cumple,15.91:1,,R04,2026-09-09,,"umbral 3:1 (texto grande, 24.0px negrita); texto: ""HKUST Tops Hong Kong Universities with More Than 1,000 HKPFS""",sin CMP detectada
58,mundo,HKUST,https://hkust.edu.hk/,1.4.3,afw4f7,Text has minimum contrast,245,div.news-item > div.news-item__content-wrapper > div.news-item__summary > p.text-align-justify,no,,,,R04,2026-09-09,,"No es un caracter visible: la regla no aplica. Texto oculto visualmente, de tamano cero o desplazado fuera de pantalla.",sin CMP detectada
58,mundo,HKUST,https://hkust.edu.hk/,1.4.3,afw4f7,Text has minimum contrast,246,div.news-item__content-wrapper > div.news-item__summary > p.text-align-justify > a,no,,,,R04,2026-09-09,,"No es un caracter visible: la regla no aplica. Texto oculto visualmente, de tamano cero o desplazado fuera de pantalla.",sin CMP detectada
58,mundo,HKUST,https://hkust.edu.hk/,1.4.3,afw4f7,Text has minimum contrast,247,div.news-item > div.news-item__content-wrapper > div.news-item__date > time.datetime,si,falla,3.26:1,,R04,2026-09-09,,"umbral 4.5:1 (texto normal, 12.0px); texto: ""2026-09-03""",sin CMP detectada
58,mundo,HKUST,https://hkust.edu.hk/,1.4.3,afw4f7,Text has minimum contrast,248,div.home-ranking > div.home-ranking__section-title > h2 > span,si,cumple,3.03:1,,R04,2026-09-09,,"umbral 3:1 (texto grande, 66.0px); texto: ""HKUST""",sin CMP detectada
58,mundo,HKUST,https://hkust.edu.hk/,1.4.3,afw4f7,Text has minimum contrast,249,div.home-ranking > div.home-ranking__section-title > h2 > strong,si,cumple,3.25:1,,R04,2026-09-09,,"umbral 3:1 (texto grande, 66.0px negrita); texto: ""Leads""",sin CMP detectada
58,mundo,HKUST,https://hkust.edu.hk/,1.4.3,afw4f7,Text has minimum contrast,250,div.paragraph > div.home-ranking > div.home-ranking__section-title > h2,si,cumple,3.03:1,,R04,2026-09-09,,"umbral 3:1 (texto grande, 66.0px); texto: ""the Pack""",sin CMP detectada
58,mundo,HKUST,https://hkust.edu.hk/,1.4.3,afw4f7,Text has minimum contrast,251,div.container > div.home-ranking__left > div.home-ranking__left--title > h2,si,falla,1.00:1,,R04,2026-09-09,,"umbral 3:1 (texto grande, 52.0px); texto: ""Rankings""",sin CMP detectada
58,mundo,HKUST,https://hkust.edu.hk/,1.4.3,afw4f7,Text has minimum contrast,252,div.container > div.home-ranking__left > div.home-ranking__left--title > p,si,falla,1.00:1,,R04,2026-09-09,,"umbral 4.5:1 (texto normal, 16.0px); texto: ""Our international accolades""",sin CMP detectada
58,mundo,HKUST,https://hkust.edu.hk/,1.4.3,afw4f7,Text has minimum contrast,253,div.home-ranking__left--rank-items > div.home-ranking-item > div.home-ranking-item__ranking-wrapper > span.home-ranking-item__ranking-prefix,si,falla,1.00:1,,R04,2026-09-09,,"umbral 3:1 (texto grande, 60.0px); texto: ""#""",sin CMP detectada
58,mundo,HKUST,https://hkust.edu.hk/,1.4.3,afw4f7,Text has minimum contrast,254,#ranking-1,si,falla,1.00:1,,R04,2026-09-09,,"umbral 3:1 (texto grande, 60.0px); texto: ""99""",sin CMP detectada
58,mundo,HKUST,https://hkust.edu.hk/,1.4.3,afw4f7,Text has minimum contrast,255,div.home-ranking-item__content > div.home-ranking-item__title > p > strong,si,falla,1.00:1,,R04,2026-09-09,,"umbral 3:1 (texto grande, 22.0px negrita); texto: ""QS World University Rankings 2027""",sin CMP detectada
58,mundo,HKUST,https://hkust.edu.hk/,1.4.3,afw4f7,Text has minimum contrast,256,div.home-ranking__left--rank-items > div.home-ranking-item > div.home-ranking-item__ranking-wrapper > span.home-ranking-item__ranking-prefix,si,falla,1.00:1,,R04,2026-09-09,,"umbral 3:1 (texto grande, 60.0px); texto: ""#""",sin CMP detectada
58,mundo,HKUST,https://hkust.edu.hk/,1.4.3,afw4f7,Text has minimum contrast,257,#ranking-2,si,falla,1.00:1,,R04,2026-09-09,,"umbral 3:1 (texto grande, 60.0px); texto: ""99""",sin CMP detectada
58,mundo,HKUST,https://hkust.edu.hk/,1.4.3,afw4f7,Text has minimum contrast,258,div.home-ranking-item__content > div.home-ranking-item__title > p > strong,si,falla,1.00:1,,R04,2026-09-09,,"umbral 3:1 (texto grande, 22.0px negrita); texto: ""No. 20""",sin CMP detectada
58,mundo,HKUST,https://hkust.edu.hk/,1.4.3,afw4f7,Text has minimum contrast,259,div.home-ranking-item > div.home-ranking-item__content > div.home-ranking-item__title > p,si,falla,1.00:1,,R04,2026-09-09,,"umbral 4.5:1 (texto normal, 22.0px); texto: ""Globally""",sin CMP detectada
58,mundo,HKUST,https://hkust.edu.hk/,1.4.3,afw4f7,Text has minimum contrast,260,div.home-ranking-item__content > div.home-ranking-item__title > p > strong,si,falla,1.00:1,,R04,2026-09-09,,"umbral 3:1 (texto grande, 22.0px negrita); texto: "", No. 1""",sin CMP detectada
58,mundo,HKUST,https://hkust.edu.hk/,1.4.3,afw4f7,Text has minimum contrast,261,div.home-ranking-item > div.home-ranking-item__content > div.home-ranking-item__description > p,si,falla,1.00:1,,R04,2026-09-09,,"umbral 4.5:1 (texto normal, 16.0px); texto: ""in Times Higher Education Sustainability Impact Ratings 2026""",sin CMP detectada
58,mundo,HKUST,https://hkust.edu.hk/,1.4.3,afw4f7,Text has minimum contrast,262,div.home-ranking__left--rank-items > div.home-ranking-item > div.home-ranking-item__ranking-wrapper > span.home-ranking-item__ranking-prefix,si,falla,1.00:1,,R04,2026-09-09,,"umbral 3:1 (texto grande, 60.0px); texto: ""#""",sin CMP detectada
58,mundo,HKUST,https://hkust.edu.hk/,1.4.3,afw4f7,Text has minimum contrast,263,#ranking-3,si,falla,1.00:1,,R04,2026-09-09,,"umbral 3:1 (texto grande, 60.0px); texto: ""99""",sin CMP detectada
58,mundo,HKUST,https://hkust.edu.hk/,1.4.3,afw4f7,Text has minimum contrast,264,div.home-ranking-item__content > div.home-ranking-item__title > p > strong,si,falla,1.00:1,,R04,2026-09-09,,"umbral 3:1 (texto grande, 22.0px negrita); texto: ""Global Employability University Ranking 2026""",sin CMP detectada
58,mundo,HKUST,https://hkust.edu.hk/,1.4.3,afw4f7,Text has minimum contrast,265,div.home-ranking-item__content > div.home-ranking-item__title > p > strong,si,falla,1.00:1,,R04,2026-09-09,,"umbral 4.5:1 (texto normal, 16.0px negrita); texto: ""No. 1""",sin CMP detectada
58,mundo,HKUST,https://hkust.edu.hk/,1.4.3,afw4f7,Text has minimum contrast,266,div.home-ranking-item > div.home-ranking-item__content > div.home-ranking-item__title > p,si,falla,1.00:1,,R04,2026-09-09,,"umbral 4.5:1 (texto normal, 16.0px); texto: ""in Hong Kong,""",sin CMP detectada
58,mundo,HKUST,https://hkust.edu.hk/,1.4.3,afw4f7,Text has minimum contrast,267,div.home-ranking-item__content > div.home-ranking-item__title > p > strong,si,falla,1.00:1,,R04,2026-09-09,,"umbral 4.5:1 (texto normal, 16.0px negrita); texto: ""No. 3""",sin CMP detectada
58,mundo,HKUST,https://hkust.edu.hk/,1.4.3,afw4f7,Text has minimum contrast,268,div.home-ranking-item > div.home-ranking-item__content > div.home-ranking-item__description > p,si,falla,1.00:1,,R04,2026-09-09,,"umbral 4.5:1 (texto normal, 16.0px); texto: ""Designed by the HR consultancy Emerging and published by Tim""",sin CMP detectada
58,mundo,HKUST,https://hkust.edu.hk/,1.4.3,afw4f7,Text has minimum contrast,269,div.container > div.home-ranking__right > div.home-ranking__right--title > h2,si,falla,1.00:1,,R04,2026-09-09,,"umbral 3:1 (texto grande, 52.0px); texto: ""Facts and Figures""",sin CMP detectada
58,mundo,HKUST,https://hkust.edu.hk/,1.4.3,afw4f7,Text has minimum contrast,270,#fact-special-1-1,si,falla,2.58:1,,R04,2026-09-09,,"umbral 3:1 (texto grande, 60.0px); texto: ""99""",sin CMP detectada
58,mundo,HKUST,https://hkust.edu.hk/,1.4.3,afw4f7,Text has minimum contrast,271,div.home-ranking__right--rank-items > div.home-ranking-item > div.home-ranking-item__ranking-wrapper > span.home-ranking-item__ranking-suffix,si,falla,2.58:1,,R04,2026-09-09,,"umbral 3:1 (texto grande, 60.0px); texto: ""+""",sin CMP detectada
58,mundo,HKUST,https://hkust.edu.hk/,1.4.3,afw4f7,Text has minimum contrast,272,div.home-ranking-item__content > div.home-ranking-item__title > p > strong,si,falla,1.00:1,,R04,2026-09-09,,"umbral 3:1 (texto grande, 22.0px negrita); texto: ""Active HKUST Start-up Companies""",sin CMP detectada
58,mundo,HKUST,https://hkust.edu.hk/,1.4.3,afw4f7,Text has minimum contrast,273,div.home-ranking-item > div.home-ranking-item__content > div.home-ranking-item__description > p,si,falla,1.00:1,,R04,2026-09-09,,"umbral 4.5:1 (texto normal, 16.0px); texto: ""Founded/co-founded by HKUST students, alumni, staff or incub""",sin CMP detectada
58,mundo,HKUST,https://hkust.edu.hk/,1.4.3,afw4f7,Text has minimum contrast,274,#fact-special-2-2,si,falla,2.58:1,,R04,2026-09-09,,"umbral 3:1 (texto grande, 60.0px); texto: ""99""",sin CMP detectada
58,mundo,HKUST,https://hkust.edu.hk/,1.4.3,afw4f7,Text has minimum contrast,275,div.home-ranking__right--rank-items > div.home-ranking-item > div.home-ranking-item__ranking-wrapper > span.home-ranking-item__ranking-suffix,si,falla,2.58:1,,R04,2026-09-09,,"umbral 3:1 (texto grande, 60.0px); texto: ""+""",sin CMP detectada
58,mundo,HKUST,https://hkust.edu.hk/,1.4.3,afw4f7,Text has minimum contrast,276,div.home-ranking-item > div.home-ranking-item__content > div.home-ranking-item__title > p,si,falla,1.00:1,,R04,2026-09-09,,"umbral 4.5:1 (texto normal, 22.0px); texto: ""of Faculty Members""",sin CMP detectada
58,mundo,HKUST,https://hkust.edu.hk/,1.4.3,afw4f7,Text has minimum contrast,277,div.home-ranking-item__content > div.home-ranking-item__title > p > strong,si,falla,1.00:1,,R04,2026-09-09,,"umbral 3:1 (texto grande, 22.0px negrita); texto: ""World’s Top 2% Scientists""",sin CMP detectada
58,mundo,HKUST,https://hkust.edu.hk/,1.4.3,afw4f7,Text has minimum contrast,278,div.home-ranking-item > div.home-ranking-item__content > div.home-ranking-item__description > p,si,falla,1.00:1,,R04,2026-09-09,,"umbral 4.5:1 (texto normal, 16.0px); texto: ""Stanford University 2025""",sin CMP detectada
58,mundo,HKUST,https://hkust.edu.hk/,1.4.3,afw4f7,Text has minimum contrast,279,div.home-ranking-item > div.home-ranking-item__title > p > strong,si,falla,1.00:1,,R04,2026-09-09,,"umbral 3:1 (texto grande, 22.0px negrita); texto: ""Patent Influence Metric""",sin CMP detectada
58,mundo,HKUST,https://hkust.edu.hk/,1.4.3,afw4f7,Text has minimum contrast,280,div.home-ranking-item__row > div.home-ranking-item__number-wrapper > div.home-ranking-item__ranking-wrapper > span.home-ranking-item__ranking-prefix,si,falla,2.58:1,,R04,2026-09-09,,"umbral 3:1 (texto grande, 60.0px); texto: ""#""",sin CMP detectada
58,mundo,HKUST,https://hkust.edu.hk/,1.4.3,afw4f7,Text has minimum contrast,281,#fact-3-1,si,falla,2.58:1,,R04,2026-09-09,,"umbral 3:1 (texto grande, 60.0px); texto: ""99""",sin CMP detectada
58,mundo,HKUST,https://hkust.edu.hk/,1.4.3,afw4f7,Text has minimum contrast,282,div.home-ranking-item > div.home-ranking-item__row > div.home-ranking-item__number-wrapper > div.home-ranking-item__ranking-title,si,falla,1.00:1,,R04,2026-09-09,,"umbral 4.5:1 (texto normal, 16.0px); texto: ""in China""",sin CMP detectada
58,mundo,HKUST,https://hkust.edu.hk/,1.4.3,afw4f7,Text has minimum contrast,283,div.home-ranking-item__row > div.home-ranking-item__number-wrapper > div.home-ranking-item__ranking-wrapper > span.home-ranking-item__ranking-prefix,si,falla,2.58:1,,R04,2026-09-09,,"umbral 3:1 (texto grande, 60.0px); texto: ""#""",sin CMP detectada
58,mundo,HKUST,https://hkust.edu.hk/,1.4.3,afw4f7,Text has minimum contrast,284,#fact-3-2,si,falla,2.58:1,,R04,2026-09-09,,"umbral 3:1 (texto grande, 60.0px); texto: ""99""",sin CMP detectada
58,mundo,HKUST,https://hkust.edu.hk/,1.4.3,afw4f7,Text has minimum contrast,285,div.home-ranking-item > div.home-ranking-item__row > div.home-ranking-item__number-wrapper > div.home-ranking-item__ranking-title,si,falla,1.00:1,,R04,2026-09-09,,"umbral 4.5:1 (texto normal, 16.0px); texto: ""Globally""",sin CMP detectada
58,mundo,HKUST,https://hkust.edu.hk/,1.4.3,afw4f7,Text has minimum contrast,286,div.home-ranking__right--rank-items > div.home-ranking-item > div.home-ranking-item__description > p,si,falla,1.00:1,,R04,2026-09-09,,"umbral 4.5:1 (texto normal, 16.0px); texto: ""Nature’s Leading 200 academic institutions""",sin CMP detectada
58,mundo,HKUST,https://hkust.edu.hk/,1.4.3,afw4f7,Text has minimum contrast,287,#fact-special-4-4,si,falla,2.58:1,,R04,2026-09-09,,"umbral 3:1 (texto grande, 60.0px); texto: ""99""",sin CMP detectada
58,mundo,HKUST,https://hkust.edu.hk/,1.4.3,afw4f7,Text has minimum contrast,288,div.home-ranking-item__content > div.home-ranking-item__title > p > strong,si,falla,1.00:1,,R04,2026-09-09,,"umbral 3:1 (texto grande, 22.0px negrita); texto: ""Unicorn Start-Ups""",sin CMP detectada
58,mundo,HKUST,https://hkust.edu.hk/,1.4.3,afw4f7,Text has minimum contrast,289,div.home-ranking-item > div.home-ranking-item__content > div.home-ranking-item__description > p,si,falla,1.00:1,,R04,2026-09-09,,"umbral 4.5:1 (texto normal, 16.0px); texto: ""Valued at >US$1 billion""",sin CMP detectada
58,mundo,HKUST,https://hkust.edu.hk/,1.4.3,afw4f7,Text has minimum contrast,290,div.view > div.view-wrapper > div.view-header > a.btn-arrow,si,cumple,15.91:1,,R04,2026-09-09,,"umbral 4.5:1 (texto normal, 16.0px); texto: ""View All Firsts""",sin CMP detectada
58,mundo,HKUST,https://hkust.edu.hk/,1.4.3,afw4f7,Text has minimum contrast,291,div.fieldset__wrapper > div.form-radios > div.js-form-item > label.form-item__label,no,,,,R04,2026-09-09,,"No es un caracter visible: la regla no aplica. Texto oculto visualmente, de tamano cero o desplazado fuera de pantalla.",sin CMP detectada
58,mundo,HKUST,https://hkust.edu.hk/,1.4.3,afw4f7,Text has minimum contrast,292,div.fieldset__wrapper > div.form-radios > div.js-form-item > label.form-item__label,no,,,,R04,2026-09-09,,"No es un caracter visible: la regla no aplica. Texto oculto visualmente, de tamano cero o desplazado fuera de pantalla.",sin CMP detectada
58,mundo,HKUST,https://hkust.edu.hk/,1.4.3,afw4f7,Text has minimum contrast,293,div.fieldset__wrapper > div.form-radios > div.js-form-item > label.form-item__label,no,,,,R04,2026-09-09,,"No es un caracter visible: la regla no aplica. Texto oculto visualmente, de tamano cero o desplazado fuera de pantalla.",sin CMP detectada
58,mundo,HKUST,https://hkust.edu.hk/,1.4.3,afw4f7,Text has minimum contrast,294,div.fieldset__wrapper > div.form-radios > div.js-form-item > label.form-item__label,no,,,,R04,2026-09-09,,"No es un caracter visible: la regla no aplica. Texto oculto visualmente, de tamano cero o desplazado fuera de pantalla.",sin CMP detectada
58,mundo,HKUST,https://hkust.edu.hk/,1.4.3,afw4f7,Text has minimum contrast,295,div.fieldset__wrapper > div.form-radios > div.js-form-item > label.form-item__label,no,,,,R04,2026-09-09,,"No es un caracter visible: la regla no aplica. Texto oculto visualmente, de tamano cero o desplazado fuera de pantalla.",sin CMP detectada
58,mundo,HKUST,https://hkust.edu.hk/,1.4.3,afw4f7,Text has minimum contrast,296,div.fieldset__wrapper > div.home-first__select > select.first-news-mobile-select > option,no,,,,R04,2026-09-09,,"No es un caracter visible: la regla no aplica. Texto oculto visualmente, de tamano cero o desplazado fuera de pantalla.",sin CMP detectada
58,mundo,HKUST,https://hkust.edu.hk/,1.4.3,afw4f7,Text has minimum contrast,297,div.fieldset__wrapper > div.home-first__select > select.first-news-mobile-select > option,no,,,,R04,2026-09-09,,"No es un caracter visible: la regla no aplica. Texto oculto visualmente, de tamano cero o desplazado fuera de pantalla.",sin CMP detectada
58,mundo,HKUST,https://hkust.edu.hk/,1.4.3,afw4f7,Text has minimum contrast,298,div.fieldset__wrapper > div.home-first__select > select.first-news-mobile-select > option,no,,,,R04,2026-09-09,,"No es un caracter visible: la regla no aplica. Texto oculto visualmente, de tamano cero o desplazado fuera de pantalla.",sin CMP detectada
58,mundo,HKUST,https://hkust.edu.hk/,1.4.3,afw4f7,Text has minimum contrast,299,div.fieldset__wrapper > div.home-first__select > select.first-news-mobile-select > option,no,,,,R04,2026-09-09,,"No es un caracter visible: la regla no aplica. Texto oculto visualmente, de tamano cero o desplazado fuera de pantalla.",sin CMP detectada
58,mundo,HKUST,https://hkust.edu.hk/,1.4.3,afw4f7,Text has minimum contrast,300,div.fieldset__wrapper > div.home-first__select > select.first-news-mobile-select > option,no,,,,R04,2026-09-09,,"No es un caracter visible: la regla no aplica. Texto oculto visualmente, de tamano cero o desplazado fuera de pantalla.",sin CMP detectada
58,mundo,HKUST,https://hkust.edu.hk/,1.4.3,afw4f7,Text has minimum contrast,301,#select2-goyh-container,no,,,,R04,2026-09-09,,"No es un caracter visible: la regla no aplica. Texto oculto visualmente, de tamano cero o desplazado fuera de pantalla.",sin CMP detectada
58,mundo,HKUST,https://hkust.edu.hk/,1.4.3,afw4f7,Text has minimum contrast,302,div.views-field > span.field-content > div.first-news-item > div.first-news-item__title,si,cumple,15.91:1,,R04,2026-09-09,,"umbral 3:1 (texto grande, 24.0px negrita); texto: ""HKUST Develops World's First AI Slide-Free Pathology Imaging""",sin CMP detectada
58,mundo,HKUST,https://hkust.edu.hk/,1.4.3,afw4f7,Text has minimum contrast,303,div.views-field > span.field-content > div.first-news-item > div.first-news-item__title,si,cumple,15.91:1,,R04,2026-09-09,,"umbral 3:1 (texto grande, 24.0px negrita); texto: ""World’s First Lightweight High Resolution High Precision CO₂""",sin CMP detectada
58,mundo,HKUST,https://hkust.edu.hk/,1.4.3,afw4f7,Text has minimum contrast,304,div.views-field > span.field-content > div.first-news-item > div.first-news-item__title,si,cumple,15.91:1,,R04,2026-09-09,,"umbral 3:1 (texto grande, 24.0px negrita); texto: ""HKUST Researchers Flip the CRISPR Script to Develop World's """,sin CMP detectada
58,mundo,HKUST,https://hkust.edu.hk/,1.4.3,afw4f7,Text has minimum contrast,305,div.views-field > span.field-content > div.first-news-item > div.first-news-item__title,si,cumple,15.91:1,,R04,2026-09-09,,"umbral 3:1 (texto grande, 24.0px negrita); texto: ""HKUST Develops World's First Bio-Inspired Artificial Cilia S""",sin CMP detectada
58,mundo,HKUST,https://hkust.edu.hk/,1.4.3,afw4f7,Text has minimum contrast,306,div.views-field > span.field-content > div.first-news-item > div.first-news-item__title,si,cumple,15.91:1,,R04,2026-09-09,,"umbral 3:1 (texto grande, 24.0px negrita); texto: ""HKUST Develops First AI Toolkit “GrainBot” to Automate Quant""",sin CMP detectada
58,mundo,HKUST,https://hkust.edu.hk/,1.4.3,afw4f7,Text has minimum contrast,307,div.views-field > span.field-content > div.first-news-item > div.first-news-item__title,si,cumple,15.91:1,,R04,2026-09-09,,"umbral 3:1 (texto grande, 24.0px negrita); texto: ""HKUST Achieves First Certified Breakthrough in Fully Solvent""",sin CMP detectada
58,mundo,HKUST,https://hkust.edu.hk/,1.4.3,afw4f7,Text has minimum contrast,308,div.views-field > span.field-content > div.first-news-item > div.first-news-item__title,si,cumple,15.91:1,,R04,2026-09-09,,"umbral 3:1 (texto grande, 24.0px negrita); texto: ""HKUST Develops World’s First Sub-Zero Celsius Elastocaloric """,sin CMP detectada
58,mundo,HKUST,https://hkust.edu.hk/,1.4.3,afw4f7,Text has minimum contrast,309,div.views-field > span.field-content > div.first-news-item > div.first-news-item__title,si,cumple,15.91:1,,R04,2026-09-09,,"umbral 3:1 (texto grande, 24.0px negrita); texto: ""HKUST Launches World's First Deep-Sea Multi-Omics Resource P""",sin CMP detectada
58,mundo,HKUST,https://hkust.edu.hk/,1.4.3,afw4f7,Text has minimum contrast,310,div.home-awards__wrapper > div.home-awards__congrats > svg > style,no,,,,R04,2026-09-09,,"No es un caracter visible: la regla no aplica. Texto oculto visualmente, de tamano cero o desplazado fuera de pantalla.",sin CMP detectada
58,mundo,HKUST,https://hkust.edu.hk/,1.4.3,afw4f7,Text has minimum contrast,311,div.home-awards__wrapper > div.home-awards__content-wrapper > div.home-awards__section-title > h2,si,cumple,12.61:1,,R04,2026-09-09,,"umbral 3:1 (texto grande, 52.0px); texto: ""Awards & Recognitions""",sin CMP detectada
58,mundo,HKUST,https://hkust.edu.hk/,1.4.3,afw4f7,Text has minimum contrast,312,div.home-awards__wrapper > div.home-awards__content-wrapper > div.home-awards__description > p,si,cumple,15.91:1,,R04,2026-09-09,,"umbral 4.5:1 (texto normal, 16.0px); texto: ""Celebrating the excellence of the HKUST talents.""",sin CMP detectada
58,mundo,HKUST,https://hkust.edu.hk/,1.4.3,afw4f7,Text has minimum contrast,313,div.home-awards__awards-text-wrapper > div.home-awards-text-item > div.home-awards-text-item__awards-name > p,si,cumple,14.47:1,,R04,2026-09-09,,"umbral 3:1 (texto grande, 20.0px negrita); texto: ""2026 ACM SIGGRAPH Academy""",sin CMP detectada
58,mundo,HKUST,https://hkust.edu.hk/,1.4.3,afw4f7,Text has minimum contrast,314,div.home-awards__awards-text-wrapper > div.home-awards-text-item > div.home-awards-text-item__winner > p,si,falla,4.49:1,,R04,2026-09-09,,"umbral 4.5:1 (texto normal, 14.0px); texto: ""Prof. Hongbo FU""",sin CMP detectada
58,mundo,HKUST,https://hkust.edu.hk/,1.4.3,afw4f7,Text has minimum contrast,315,div.home-awards__content-wrapper > div.home-awards__awards-text-wrapper > div.home-awards-text-item > div.home-awards-text-item__department,si,cumple,5.22:1,,R04,2026-09-09,,"umbral 4.5:1 (texto normal, 12.0px); texto: ""Acting Head and Professor, Division of Arts and Machine Crea""",sin CMP detectada
58,mundo,HKUST,https://hkust.edu.hk/,1.4.3,afw4f7,Text has minimum contrast,316,div.home-awards__awards-text-wrapper > div.home-awards-text-item > div.home-awards-text-item__awards-name > p,si,cumple,14.47:1,,R04,2026-09-09,,"umbral 3:1 (texto grande, 20.0px negrita); texto: ""Honorary Mention""",sin CMP detectada
58,mundo,HKUST,https://hkust.edu.hk/,1.4.3,afw4f7,Text has minimum contrast,317,div.home-awards__awards-text-wrapper > div.home-awards-text-item > div.home-awards-text-item__winner > p,si,falla,4.49:1,,R04,2026-09-09,,"umbral 4.5:1 (texto normal, 14.0px); texto: ""Prof. Hnin Yin Yin NYEIN""",sin CMP detectada
58,mundo,HKUST,https://hkust.edu.hk/,1.4.3,afw4f7,Text has minimum contrast,318,div.home-awards__content-wrapper > div.home-awards__awards-text-wrapper > div.home-awards-text-item > div.home-awards-text-item__department,si,cumple,5.22:1,,R04,2026-09-09,,"umbral 4.5:1 (texto normal, 12.0px); texto: ""Assistant Professor, Department of Chemical and Biological E""",sin CMP detectada
58,mundo,HKUST,https://hkust.edu.hk/,1.4.3,afw4f7,Text has minimum contrast,319,div.home-awards__awards-text-wrapper > div.home-awards-text-item > div.home-awards-text-item__awards-name > p,si,cumple,14.47:1,,R04,2026-09-09,,"umbral 3:1 (texto grande, 20.0px negrita); texto: ""The 51st Geneva International Exhibition of Inventions - Gol""",sin CMP detectada
58,mundo,HKUST,https://hkust.edu.hk/,1.4.3,afw4f7,Text has minimum contrast,320,div.home-awards__awards-text-wrapper > div.home-awards-text-item > div.home-awards-text-item__winner > p,si,falla,4.49:1,,R04,2026-09-09,,"umbral 4.5:1 (texto normal, 14.0px); texto: ""Prof. CHEN Guanghao""",sin CMP detectada
58,mundo,HKUST,https://hkust.edu.hk/,1.4.3,afw4f7,Text has minimum contrast,321,div.home-awards__content-wrapper > div.home-awards__awards-text-wrapper > div.home-awards-text-item > div.home-awards-text-item__department,si,cumple,5.22:1,,R04,2026-09-09,,"umbral 4.5:1 (texto normal, 12.0px); texto: ""Chair Professor, Department of Civil and Environmental Engin""",sin CMP detectada
58,mundo,HKUST,https://hkust.edu.hk/,1.4.3,afw4f7,Text has minimum contrast,322,div.home-awards__awards-text-wrapper > div.home-awards-text-item > div.home-awards-text-item__awards-name > p,si,cumple,14.47:1,,R04,2026-09-09,,"umbral 3:1 (texto grande, 20.0px negrita); texto: ""Editor-in-Chief of IEEE Internet of Things Journal""",sin CMP detectada
58,mundo,HKUST,https://hkust.edu.hk/,1.4.3,afw4f7,Text has minimum contrast,323,div.home-awards__awards-text-wrapper > div.home-awards-text-item > div.home-awards-text-item__winner > p,si,falla,4.49:1,,R04,2026-09-09,,"umbral 4.5:1 (texto normal, 14.0px); texto: ""Prof. Bo LI""",sin CMP detectada
58,mundo,HKUST,https://hkust.edu.hk/,1.4.3,afw4f7,Text has minimum contrast,324,div.home-awards__content-wrapper > div.home-awards__awards-text-wrapper > div.home-awards-text-item > div.home-awards-text-item__department,si,cumple,5.22:1,,R04,2026-09-09,,"umbral 4.5:1 (texto normal, 12.0px); texto: ""Chair Professor, Department of Computer Science and Engineer""",sin CMP detectada
58,mundo,HKUST,https://hkust.edu.hk/,1.4.3,afw4f7,Text has minimum contrast,325,div.home-awards__wrapper > div.home-awards__content-wrapper > div.home-awards__link > a.btn-arrow,si,cumple,15.91:1,,R04,2026-09-09,,"umbral 4.5:1 (texto normal, 16.0px); texto: ""More Awards""",sin CMP detectada
58,mundo,HKUST,https://hkust.edu.hk/,1.4.3,afw4f7,Text has minimum contrast,326,div.home-awards-item > div.home-awards-item__text-wrapper > div.home-awards-item__winner > p,no,,,,R04,2026-09-09,,"No es un caracter visible: la regla no aplica. Texto oculto visualmente, de tamano cero o desplazado fuera de pantalla.",sin CMP detectada
58,mundo,HKUST,https://hkust.edu.hk/,1.4.3,afw4f7,Text has minimum contrast,327,span.field-content > div.home-awards-item > div.home-awards-item__text-wrapper > div.home-awards-item__department,no,,,,R04,2026-09-09,,"No es un caracter visible: la regla no aplica. Texto oculto visualmente, de tamano cero o desplazado fuera de pantalla.",sin CMP detectada
58,mundo,HKUST,https://hkust.edu.hk/,1.4.3,afw4f7,Text has minimum contrast,328,div.home-awards-item__details-wrapper > div.home-awards-text-item > div.home-awards-text-item__awards-name > p,no,,,,R04,2026-09-09,,"No es un caracter visible: la regla no aplica. Texto oculto visualmente, de tamano cero o desplazado fuera de pantalla.",sin CMP detectada
58,mundo,HKUST,https://hkust.edu.hk/,1.4.3,afw4f7,Text has minimum contrast,329,div.home-awards-item__details-wrapper > div.home-awards-text-item > div.home-awards-text-item__winner > p,no,,,,R04,2026-09-09,,"No es un caracter visible: la regla no aplica. Texto oculto visualmente, de tamano cero o desplazado fuera de pantalla.",sin CMP detectada
58,mundo,HKUST,https://hkust.edu.hk/,1.4.3,afw4f7,Text has minimum contrast,330,div.home-awards-item > div.home-awards-item__details-wrapper > div.home-awards-text-item > div.home-awards-text-item__department,no,,,,R04,2026-09-09,,"No es un caracter visible: la regla no aplica. Texto oculto visualmente, de tamano cero o desplazado fuera de pantalla.",sin CMP detectada
58,mundo,HKUST,https://hkust.edu.hk/,1.4.3,afw4f7,Text has minimum contrast,331,div.home-awards-item > div.home-awards-item__text-wrapper > div.home-awards-item__winner > p,no,,,,R04,2026-09-09,,"No es un caracter visible: la regla no aplica. Texto oculto visualmente, de tamano cero o desplazado fuera de pantalla.",sin CMP detectada
58,mundo,HKUST,https://hkust.edu.hk/,1.4.3,afw4f7,Text has minimum contrast,332,span.field-content > div.home-awards-item > div.home-awards-item__text-wrapper > div.home-awards-item__department,no,,,,R04,2026-09-09,,"No es un caracter visible: la regla no aplica. Texto oculto visualmente, de tamano cero o desplazado fuera de pantalla.",sin CMP detectada
58,mundo,HKUST,https://hkust.edu.hk/,1.4.3,afw4f7,Text has minimum contrast,333,div.home-awards-item__details-wrapper > div.home-awards-text-item > div.home-awards-text-item__awards-name > p,no,,,,R04,2026-09-09,,"No es un caracter visible: la regla no aplica. Texto oculto visualmente, de tamano cero o desplazado fuera de pantalla.",sin CMP detectada
58,mundo,HKUST,https://hkust.edu.hk/,1.4.3,afw4f7,Text has minimum contrast,334,div.home-awards-item__details-wrapper > div.home-awards-text-item > div.home-awards-text-item__winner > p,no,,,,R04,2026-09-09,,"No es un caracter visible: la regla no aplica. Texto oculto visualmente, de tamano cero o desplazado fuera de pantalla.",sin CMP detectada
58,mundo,HKUST,https://hkust.edu.hk/,1.4.3,afw4f7,Text has minimum contrast,335,div.home-awards-item > div.home-awards-item__details-wrapper > div.home-awards-text-item > div.home-awards-text-item__department,no,,,,R04,2026-09-09,,"No es un caracter visible: la regla no aplica. Texto oculto visualmente, de tamano cero o desplazado fuera de pantalla.",sin CMP detectada
58,mundo,HKUST,https://hkust.edu.hk/,1.4.3,afw4f7,Text has minimum contrast,336,div.home-awards-item > div.home-awards-item__text-wrapper > div.home-awards-item__winner > p,no,,,,R04,2026-09-09,,"No es un caracter visible: la regla no aplica. Texto oculto visualmente, de tamano cero o desplazado fuera de pantalla.",sin CMP detectada
58,mundo,HKUST,https://hkust.edu.hk/,1.4.3,afw4f7,Text has minimum contrast,337,span.field-content > div.home-awards-item > div.home-awards-item__text-wrapper > div.home-awards-item__department,no,,,,R04,2026-09-09,,"No es un caracter visible: la regla no aplica. Texto oculto visualmente, de tamano cero o desplazado fuera de pantalla.",sin CMP detectada
58,mundo,HKUST,https://hkust.edu.hk/,1.4.3,afw4f7,Text has minimum contrast,338,div.home-awards-item__details-wrapper > div.home-awards-text-item > div.home-awards-text-item__awards-name > p,no,,,,R04,2026-09-09,,"No es un caracter visible: la regla no aplica. Texto oculto visualmente, de tamano cero o desplazado fuera de pantalla.",sin CMP detectada
58,mundo,HKUST,https://hkust.edu.hk/,1.4.3,afw4f7,Text has minimum contrast,339,div.home-awards-item__details-wrapper > div.home-awards-text-item > div.home-awards-text-item__winner > p,no,,,,R04,2026-09-09,,"No es un caracter visible: la regla no aplica. Texto oculto visualmente, de tamano cero o desplazado fuera de pantalla.",sin CMP detectada
58,mundo,HKUST,https://hkust.edu.hk/,1.4.3,afw4f7,Text has minimum contrast,340,div.home-awards-item > div.home-awards-item__details-wrapper > div.home-awards-text-item > div.home-awards-text-item__department,no,,,,R04,2026-09-09,,"No es un caracter visible: la regla no aplica. Texto oculto visualmente, de tamano cero o desplazado fuera de pantalla.",sin CMP detectada
58,mundo,HKUST,https://hkust.edu.hk/,1.4.3,afw4f7,Text has minimum contrast,341,div.home-awards-item > div.home-awards-item__text-wrapper > div.home-awards-item__winner > p,no,,,,R04,2026-09-09,,"No es un caracter visible: la regla no aplica. Texto oculto visualmente, de tamano cero o desplazado fuera de pantalla.",sin CMP detectada
58,mundo,HKUST,https://hkust.edu.hk/,1.4.3,afw4f7,Text has minimum contrast,342,span.field-content > div.home-awards-item > div.home-awards-item__text-wrapper > div.home-awards-item__department,no,,,,R04,2026-09-09,,"No es un caracter visible: la regla no aplica. Texto oculto visualmente, de tamano cero o desplazado fuera de pantalla.",sin CMP detectada
58,mundo,HKUST,https://hkust.edu.hk/,1.4.3,afw4f7,Text has minimum contrast,343,div.home-awards-item__details-wrapper > div.home-awards-text-item > div.home-awards-text-item__awards-name > p,no,,,,R04,2026-09-09,,"No es un caracter visible: la regla no aplica. Texto oculto visualmente, de tamano cero o desplazado fuera de pantalla.",sin CMP detectada
58,mundo,HKUST,https://hkust.edu.hk/,1.4.3,afw4f7,Text has minimum contrast,344,div.home-awards-item__details-wrapper > div.home-awards-text-item > div.home-awards-text-item__winner > p,no,,,,R04,2026-09-09,,"No es un caracter visible: la regla no aplica. Texto oculto visualmente, de tamano cero o desplazado fuera de pantalla.",sin CMP detectada
58,mundo,HKUST,https://hkust.edu.hk/,1.4.3,afw4f7,Text has minimum contrast,345,div.home-awards-item > div.home-awards-item__details-wrapper > div.home-awards-text-item > div.home-awards-text-item__department,no,,,,R04,2026-09-09,,"No es un caracter visible: la regla no aplica. Texto oculto visualmente, de tamano cero o desplazado fuera de pantalla.",sin CMP detectada
58,mundo,HKUST,https://hkust.edu.hk/,1.4.3,afw4f7,Text has minimum contrast,346,div.home-awards-item > div.home-awards-item__text-wrapper > div.home-awards-item__winner > p,no,,,,R04,2026-09-09,,"No es un caracter visible: la regla no aplica. Texto oculto visualmente, de tamano cero o desplazado fuera de pantalla.",sin CMP detectada
58,mundo,HKUST,https://hkust.edu.hk/,1.4.3,afw4f7,Text has minimum contrast,347,span.field-content > div.home-awards-item > div.home-awards-item__text-wrapper > div.home-awards-item__department,no,,,,R04,2026-09-09,,"No es un caracter visible: la regla no aplica. Texto oculto visualmente, de tamano cero o desplazado fuera de pantalla.",sin CMP detectada
58,mundo,HKUST,https://hkust.edu.hk/,1.4.3,afw4f7,Text has minimum contrast,348,div.home-awards-item__details-wrapper > div.home-awards-text-item > div.home-awards-text-item__awards-name > p,no,,,,R04,2026-09-09,,"No es un caracter visible: la regla no aplica. Texto oculto visualmente, de tamano cero o desplazado fuera de pantalla.",sin CMP detectada
58,mundo,HKUST,https://hkust.edu.hk/,1.4.3,afw4f7,Text has minimum contrast,349,div.home-awards-item__details-wrapper > div.home-awards-text-item > div.home-awards-text-item__winner > p,no,,,,R04,2026-09-09,,"No es un caracter visible: la regla no aplica. Texto oculto visualmente, de tamano cero o desplazado fuera de pantalla.",sin CMP detectada
58,mundo,HKUST,https://hkust.edu.hk/,1.4.3,afw4f7,Text has minimum contrast,350,div.home-awards-item > div.home-awards-item__details-wrapper > div.home-awards-text-item > div.home-awards-text-item__department,no,,,,R04,2026-09-09,,"No es un caracter visible: la regla no aplica. Texto oculto visualmente, de tamano cero o desplazado fuera de pantalla.",sin CMP detectada
58,mundo,HKUST,https://hkust.edu.hk/,1.4.3,afw4f7,Text has minimum contrast,351,div.home-awards-item > div.home-awards-item__text-wrapper > div.home-awards-item__winner > p,no,,,,R04,2026-09-09,,"No es un caracter visible: la regla no aplica. Texto oculto visualmente, de tamano cero o desplazado fuera de pantalla.",sin CMP detectada
58,mundo,HKUST,https://hkust.edu.hk/,1.4.3,afw4f7,Text has minimum contrast,352,span.field-content > div.home-awards-item > div.home-awards-item__text-wrapper > div.home-awards-item__department,no,,,,R04,2026-09-09,,"No es un caracter visible: la regla no aplica. Texto oculto visualmente, de tamano cero o desplazado fuera de pantalla.",sin CMP detectada
58,mundo,HKUST,https://hkust.edu.hk/,1.4.3,afw4f7,Text has minimum contrast,353,div.home-awards-item__details-wrapper > div.home-awards-text-item > div.home-awards-text-item__awards-name > p,no,,,,R04,2026-09-09,,"No es un caracter visible: la regla no aplica. Texto oculto visualmente, de tamano cero o desplazado fuera de pantalla.",sin CMP detectada
58,mundo,HKUST,https://hkust.edu.hk/,1.4.3,afw4f7,Text has minimum contrast,354,div.home-awards-item__details-wrapper > div.home-awards-text-item > div.home-awards-text-item__winner > p,no,,,,R04,2026-09-09,,"No es un caracter visible: la regla no aplica. Texto oculto visualmente, de tamano cero o desplazado fuera de pantalla.",sin CMP detectada
58,mundo,HKUST,https://hkust.edu.hk/,1.4.3,afw4f7,Text has minimum contrast,355,div.home-awards-item > div.home-awards-item__details-wrapper > div.home-awards-text-item > div.home-awards-text-item__department,no,,,,R04,2026-09-09,,"No es un caracter visible: la regla no aplica. Texto oculto visualmente, de tamano cero o desplazado fuera de pantalla.",sin CMP detectada
58,mundo,HKUST,https://hkust.edu.hk/,1.4.3,afw4f7,Text has minimum contrast,356,div.home-awards-item > div.home-awards-item__text-wrapper > div.home-awards-item__winner > p,no,,,,R04,2026-09-09,,"No es un caracter visible: la regla no aplica. Texto oculto visualmente, de tamano cero o desplazado fuera de pantalla.",sin CMP detectada
58,mundo,HKUST,https://hkust.edu.hk/,1.4.3,afw4f7,Text has minimum contrast,357,span.field-content > div.home-awards-item > div.home-awards-item__text-wrapper > div.home-awards-item__department,no,,,,R04,2026-09-09,,"No es un caracter visible: la regla no aplica. Texto oculto visualmente, de tamano cero o desplazado fuera de pantalla.",sin CMP detectada
58,mundo,HKUST,https://hkust.edu.hk/,1.4.3,afw4f7,Text has minimum contrast,358,div.home-awards-item__details-wrapper > div.home-awards-text-item > div.home-awards-text-item__awards-name > p,no,,,,R04,2026-09-09,,"No es un caracter visible: la regla no aplica. Texto oculto visualmente, de tamano cero o desplazado fuera de pantalla.",sin CMP detectada
58,mundo,HKUST,https://hkust.edu.hk/,1.4.3,afw4f7,Text has minimum contrast,359,div.home-awards-item__details-wrapper > div.home-awards-text-item > div.home-awards-text-item__winner > p,no,,,,R04,2026-09-09,,"No es un caracter visible: la regla no aplica. Texto oculto visualmente, de tamano cero o desplazado fuera de pantalla.",sin CMP detectada
58,mundo,HKUST,https://hkust.edu.hk/,1.4.3,afw4f7,Text has minimum contrast,360,div.home-awards-item > div.home-awards-item__details-wrapper > div.home-awards-text-item > div.home-awards-text-item__department,no,,,,R04,2026-09-09,,"No es un caracter visible: la regla no aplica. Texto oculto visualmente, de tamano cero o desplazado fuera de pantalla.",sin CMP detectada
58,mundo,HKUST,https://hkust.edu.hk/,1.4.3,afw4f7,Text has minimum contrast,361,div.home-awards-item > div.home-awards-item__text-wrapper > div.home-awards-item__winner > p,no,,,,R04,2026-09-09,,"No es un caracter visible: la regla no aplica. Texto oculto visualmente, de tamano cero o desplazado fuera de pantalla.",sin CMP detectada
58,mundo,HKUST,https://hkust.edu.hk/,1.4.3,afw4f7,Text has minimum contrast,362,span.field-content > div.home-awards-item > div.home-awards-item__text-wrapper > div.home-awards-item__department,no,,,,R04,2026-09-09,,"No es un caracter visible: la regla no aplica. Texto oculto visualmente, de tamano cero o desplazado fuera de pantalla.",sin CMP detectada
58,mundo,HKUST,https://hkust.edu.hk/,1.4.3,afw4f7,Text has minimum contrast,363,div.home-awards-item__details-wrapper > div.home-awards-text-item > div.home-awards-text-item__awards-name > p,no,,,,R04,2026-09-09,,"No es un caracter visible: la regla no aplica. Texto oculto visualmente, de tamano cero o desplazado fuera de pantalla.",sin CMP detectada
58,mundo,HKUST,https://hkust.edu.hk/,1.4.3,afw4f7,Text has minimum contrast,364,div.home-awards-item__details-wrapper > div.home-awards-text-item > div.home-awards-text-item__winner > p,no,,,,R04,2026-09-09,,"No es un caracter visible: la regla no aplica. Texto oculto visualmente, de tamano cero o desplazado fuera de pantalla.",sin CMP detectada
58,mundo,HKUST,https://hkust.edu.hk/,1.4.3,afw4f7,Text has minimum contrast,365,div.home-awards-item > div.home-awards-item__details-wrapper > div.home-awards-text-item > div.home-awards-text-item__department,no,,,,R04,2026-09-09,,"No es un caracter visible: la regla no aplica. Texto oculto visualmente, de tamano cero o desplazado fuera de pantalla.",sin CMP detectada
58,mundo,HKUST,https://hkust.edu.hk/,1.4.3,afw4f7,Text has minimum contrast,366,div.container > div.home-sustain__description > div.home-sustain__body > p.text-align-justify,si,cumple,15.91:1,,R04,2026-09-09,,"umbral 4.5:1 (texto normal, 16.0px); texto: ""Dedicated to the United Nations' Sustainable Development Goa""",sin CMP detectada
58,mundo,HKUST,https://hkust.edu.hk/,1.4.3,afw4f7,Text has minimum contrast,367,div.container > div.home-sustain__description > div.home-sustain__link > a.btn-arrow,si,cumple,15.91:1,,R04,2026-09-09,,"umbral 4.5:1 (texto normal, 16.0px); texto: ""More about SDGs""",sin CMP detectada
58,mundo,HKUST,https://hkust.edu.hk/,1.4.3,afw4f7,Text has minimum contrast,368,div.swiper-wrapper > div.home-sustain__slider--slide > div.home-sustain__item > div.home-sustain__item--number,no,,,,R04,2026-09-09,,"No es un caracter visible: la regla no aplica. Texto oculto visualmente, de tamano cero o desplazado fuera de pantalla.",sin CMP detectada
58,mundo,HKUST,https://hkust.edu.hk/,1.4.3,afw4f7,Text has minimum contrast,369,div.home-sustain__item > div.home-sustain__item--content > div.home-sustain__item--title > p,si,falla,1.00:1,,R04,2026-09-09,,"umbral 3:1 (texto grande, 24.0px negrita); texto: ""1 No Poverty""",sin CMP detectada
58,mundo,HKUST,https://hkust.edu.hk/,1.4.3,afw4f7,Text has minimum contrast,370,div.home-sustain__slider--slide > div.home-sustain__item > div.home-sustain__item--content > a.home-sustain__item--link,si,falla,1.00:1,,R04,2026-09-09,,"umbral 4.5:1 (texto normal, 16.0px); texto: ""View Details""",sin CMP detectada
58,mundo,HKUST,https://hkust.edu.hk/,1.4.3,afw4f7,Text has minimum contrast,371,div.swiper-wrapper > div.home-sustain__slider--slide > div.home-sustain__item > div.home-sustain__item--number,si,falla,1.00:1,,R04,2026-09-09,,"umbral 3:1 (texto grande, 24.0px); texto: ""2""",sin CMP detectada
58,mundo,HKUST,https://hkust.edu.hk/,1.4.3,afw4f7,Text has minimum contrast,372,div.home-sustain__item > div.home-sustain__item--content > div.home-sustain__item--title > p,si,falla,1.00:1,,R04,2026-09-09,,"umbral 4.5:1 (texto normal, 16.0px); texto: ""2 Zero Hunger""",sin CMP detectada
58,mundo,HKUST,https://hkust.edu.hk/,1.4.3,afw4f7,Text has minimum contrast,373,div.home-sustain__slider--slide > div.home-sustain__item > div.home-sustain__item--content > a.home-sustain__item--link,si,falla,1.00:1,,R04,2026-09-09,,"umbral 4.5:1 (texto normal, 16.0px); texto: ""View Details""",sin CMP detectada
58,mundo,HKUST,https://hkust.edu.hk/,1.4.3,afw4f7,Text has minimum contrast,374,div.swiper-wrapper > div.home-sustain__slider--slide > div.home-sustain__item > div.home-sustain__item--number,si,falla,1.00:1,,R04,2026-09-09,,"umbral 3:1 (texto grande, 24.0px); texto: ""3""",sin CMP detectada
58,mundo,HKUST,https://hkust.edu.hk/,1.4.3,afw4f7,Text has minimum contrast,375,div.home-sustain__item > div.home-sustain__item--content > div.home-sustain__item--title > p,si,falla,1.00:1,,R04,2026-09-09,,"umbral 4.5:1 (texto normal, 16.0px); texto: ""3 Good Health and Well-being""",sin CMP detectada
58,mundo,HKUST,https://hkust.edu.hk/,1.4.3,afw4f7,Text has minimum contrast,376,div.home-sustain__slider--slide > div.home-sustain__item > div.home-sustain__item--content > a.home-sustain__item--link,si,falla,1.00:1,,R04,2026-09-09,,"umbral 4.5:1 (texto normal, 16.0px); texto: ""View Details""",sin CMP detectada
58,mundo,HKUST,https://hkust.edu.hk/,1.4.3,afw4f7,Text has minimum contrast,377,div.swiper-wrapper > div.home-sustain__slider--slide > div.home-sustain__item > div.home-sustain__item--number,si,falla,1.00:1,,R04,2026-09-09,,"umbral 3:1 (texto grande, 24.0px); texto: ""4""",sin CMP detectada
58,mundo,HKUST,https://hkust.edu.hk/,1.4.3,afw4f7,Text has minimum contrast,378,div.home-sustain__item > div.home-sustain__item--content > div.home-sustain__item--title > p,si,falla,1.00:1,,R04,2026-09-09,,"umbral 4.5:1 (texto normal, 16.0px); texto: ""4 Quality Education""",sin CMP detectada
58,mundo,HKUST,https://hkust.edu.hk/,1.4.3,afw4f7,Text has minimum contrast,379,div.home-sustain__slider--slide > div.home-sustain__item > div.home-sustain__item--content > a.home-sustain__item--link,si,falla,1.00:1,,R04,2026-09-09,,"umbral 4.5:1 (texto normal, 16.0px); texto: ""View Details""",sin CMP detectada
58,mundo,HKUST,https://hkust.edu.hk/,1.4.3,afw4f7,Text has minimum contrast,380,div.swiper-wrapper > div.home-sustain__slider--slide > div.home-sustain__item > div.home-sustain__item--number,si,falla,1.00:1,,R04,2026-09-09,,"umbral 3:1 (texto grande, 24.0px); texto: ""5""",sin CMP detectada
58,mundo,HKUST,https://hkust.edu.hk/,1.4.3,afw4f7,Text has minimum contrast,381,div.home-sustain__item > div.home-sustain__item--content > div.home-sustain__item--title > p,si,falla,1.00:1,,R04,2026-09-09,,"umbral 4.5:1 (texto normal, 16.0px); texto: ""5 Gender Equality""",sin CMP detectada
58,mundo,HKUST,https://hkust.edu.hk/,1.4.3,afw4f7,Text has minimum contrast,382,div.home-sustain__slider--slide > div.home-sustain__item > div.home-sustain__item--content > a.home-sustain__item--link,si,falla,1.00:1,,R04,2026-09-09,,"umbral 4.5:1 (texto normal, 16.0px); texto: ""View Details""",sin CMP detectada
58,mundo,HKUST,https://hkust.edu.hk/,1.4.3,afw4f7,Text has minimum contrast,383,div.swiper-wrapper > div.home-sustain__slider--slide > div.home-sustain__item > div.home-sustain__item--number,si,falla,1.00:1,,R04,2026-09-09,,"umbral 3:1 (texto grande, 24.0px); texto: ""6""",sin CMP detectada
58,mundo,HKUST,https://hkust.edu.hk/,1.4.3,afw4f7,Text has minimum contrast,384,div.home-sustain__item > div.home-sustain__item--content > div.home-sustain__item--title > p,si,falla,1.00:1,,R04,2026-09-09,,"umbral 4.5:1 (texto normal, 16.0px); texto: ""6 Clean Water and Sanitation""",sin CMP detectada
58,mundo,HKUST,https://hkust.edu.hk/,1.4.3,afw4f7,Text has minimum contrast,385,div.home-sustain__slider--slide > div.home-sustain__item > div.home-sustain__item--content > a.home-sustain__item--link,si,falla,1.00:1,,R04,2026-09-09,,"umbral 4.5:1 (texto normal, 16.0px); texto: ""View Details""",sin CMP detectada
58,mundo,HKUST,https://hkust.edu.hk/,1.4.3,afw4f7,Text has minimum contrast,386,div.swiper-wrapper > div.home-sustain__slider--slide > div.home-sustain__item > div.home-sustain__item--number,no,,,,R04,2026-09-09,,"No es un caracter visible: la regla no aplica. Texto oculto visualmente, de tamano cero o desplazado fuera de pantalla.",sin CMP detectada
58,mundo,HKUST,https://hkust.edu.hk/,1.4.3,afw4f7,Text has minimum contrast,387,div.home-sustain__item > div.home-sustain__item--content > div.home-sustain__item--title > p,si,falla,1.00:1,,R04,2026-09-09,,"umbral 3:1 (texto grande, 24.0px negrita); texto: ""7 Affordable and Clean Energy""",sin CMP detectada
58,mundo,HKUST,https://hkust.edu.hk/,1.4.3,afw4f7,Text has minimum contrast,388,div.home-sustain__slider--slide > div.home-sustain__item > div.home-sustain__item--content > a.home-sustain__item--link,si,falla,1.00:1,,R04,2026-09-09,,"umbral 4.5:1 (texto normal, 16.0px); texto: ""View Details""",sin CMP detectada
58,mundo,HKUST,https://hkust.edu.hk/,1.4.3,afw4f7,Text has minimum contrast,389,div.swiper-wrapper > div.home-sustain__slider--slide > div.home-sustain__item > div.home-sustain__item--number,si,falla,1.00:1,,R04,2026-09-09,,"umbral 3:1 (texto grande, 24.0px); texto: ""8""",sin CMP detectada
58,mundo,HKUST,https://hkust.edu.hk/,1.4.3,afw4f7,Text has minimum contrast,390,div.home-sustain__item > div.home-sustain__item--content > div.home-sustain__item--title > p,si,falla,1.00:1,,R04,2026-09-09,,"umbral 4.5:1 (texto normal, 16.0px); texto: ""8 Decent Work and Economic Growth""",sin CMP detectada
58,mundo,HKUST,https://hkust.edu.hk/,1.4.3,afw4f7,Text has minimum contrast,391,div.home-sustain__slider--slide > div.home-sustain__item > div.home-sustain__item--content > a.home-sustain__item--link,si,falla,1.00:1,,R04,2026-09-09,,"umbral 4.5:1 (texto normal, 16.0px); texto: ""View Details""",sin CMP detectada
58,mundo,HKUST,https://hkust.edu.hk/,1.4.3,afw4f7,Text has minimum contrast,392,div.swiper-wrapper > div.home-sustain__slider--slide > div.home-sustain__item > div.home-sustain__item--number,si,falla,1.00:1,,R04,2026-09-09,,"umbral 3:1 (texto grande, 24.0px); texto: ""9""",sin CMP detectada
58,mundo,HKUST,https://hkust.edu.hk/,1.4.3,afw4f7,Text has minimum contrast,393,div.home-sustain__item > div.home-sustain__item--content > div.home-sustain__item--title > p,si,falla,1.00:1,,R04,2026-09-09,,"umbral 4.5:1 (texto normal, 16.0px); texto: ""9 Industry, Innovation and Infrastructure""",sin CMP detectada
58,mundo,HKUST,https://hkust.edu.hk/,1.4.3,afw4f7,Text has minimum contrast,394,div.home-sustain__slider--slide > div.home-sustain__item > div.home-sustain__item--content > a.home-sustain__item--link,si,falla,1.00:1,,R04,2026-09-09,,"umbral 4.5:1 (texto normal, 16.0px); texto: ""View Details""",sin CMP detectada
58,mundo,HKUST,https://hkust.edu.hk/,1.4.3,afw4f7,Text has minimum contrast,395,div.swiper-wrapper > div.home-sustain__slider--slide > div.home-sustain__item > div.home-sustain__item--number,si,falla,1.00:1,,R04,2026-09-09,,"umbral 3:1 (texto grande, 24.0px); texto: ""10""",sin CMP detectada
58,mundo,HKUST,https://hkust.edu.hk/,1.4.3,afw4f7,Text has minimum contrast,396,div.home-sustain__item > div.home-sustain__item--content > div.home-sustain__item--title > p,si,falla,1.00:1,,R04,2026-09-09,,"umbral 4.5:1 (texto normal, 16.0px); texto: ""10 Reduced Inequalities""",sin CMP detectada
58,mundo,HKUST,https://hkust.edu.hk/,1.4.3,afw4f7,Text has minimum contrast,397,div.home-sustain__slider--slide > div.home-sustain__item > div.home-sustain__item--content > a.home-sustain__item--link,si,falla,1.00:1,,R04,2026-09-09,,"umbral 4.5:1 (texto normal, 16.0px); texto: ""View Details""",sin CMP detectada
58,mundo,HKUST,https://hkust.edu.hk/,1.4.3,afw4f7,Text has minimum contrast,398,div.swiper-wrapper > div.home-sustain__slider--slide > div.home-sustain__item > div.home-sustain__item--number,si,falla,1.00:1,,R04,2026-09-09,,"umbral 3:1 (texto grande, 24.0px); texto: ""11""",sin CMP detectada
58,mundo,HKUST,https://hkust.edu.hk/,1.4.3,afw4f7,Text has minimum contrast,399,div.home-sustain__item > div.home-sustain__item--content > div.home-sustain__item--title > p,si,falla,1.00:1,,R04,2026-09-09,,"umbral 4.5:1 (texto normal, 16.0px); texto: ""11 Sustainable Cities and Communities""",sin CMP detectada
58,mundo,HKUST,https://hkust.edu.hk/,1.4.3,afw4f7,Text has minimum contrast,400,div.home-sustain__slider--slide > div.home-sustain__item > div.home-sustain__item--content > a.home-sustain__item--link,si,falla,1.00:1,,R04,2026-09-09,,"umbral 4.5:1 (texto normal, 16.0px); texto: ""View Details""",sin CMP detectada
58,mundo,HKUST,https://hkust.edu.hk/,1.4.3,afw4f7,Text has minimum contrast,401,div.swiper-wrapper > div.home-sustain__slider--slide > div.home-sustain__item > div.home-sustain__item--number,si,falla,1.00:1,,R04,2026-09-09,,"umbral 3:1 (texto grande, 24.0px); texto: ""12""",sin CMP detectada
58,mundo,HKUST,https://hkust.edu.hk/,1.4.3,afw4f7,Text has minimum contrast,402,div.home-sustain__item > div.home-sustain__item--content > div.home-sustain__item--title > p,si,falla,1.00:1,,R04,2026-09-09,,"umbral 4.5:1 (texto normal, 16.0px); texto: ""12 Responsible Consumption and Production""",sin CMP detectada
58,mundo,HKUST,https://hkust.edu.hk/,1.4.3,afw4f7,Text has minimum contrast,403,div.home-sustain__slider--slide > div.home-sustain__item > div.home-sustain__item--content > a.home-sustain__item--link,si,falla,1.00:1,,R04,2026-09-09,,"umbral 4.5:1 (texto normal, 16.0px); texto: ""View Details""",sin CMP detectada
58,mundo,HKUST,https://hkust.edu.hk/,1.4.3,afw4f7,Text has minimum contrast,404,div.swiper-wrapper > div.home-sustain__slider--slide > div.home-sustain__item > div.home-sustain__item--number,no,,,,R04,2026-09-09,,"No es un caracter visible: la regla no aplica. Texto oculto visualmente, de tamano cero o desplazado fuera de pantalla.",sin CMP detectada
58,mundo,HKUST,https://hkust.edu.hk/,1.4.3,afw4f7,Text has minimum contrast,405,div.home-sustain__item > div.home-sustain__item--content > div.home-sustain__item--title > p,si,falla,1.00:1,,R04,2026-09-09,,"umbral 3:1 (texto grande, 24.0px negrita); texto: ""13 Climate Action""",sin CMP detectada
58,mundo,HKUST,https://hkust.edu.hk/,1.4.3,afw4f7,Text has minimum contrast,406,div.home-sustain__slider--slide > div.home-sustain__item > div.home-sustain__item--content > a.home-sustain__item--link,si,falla,1.00:1,,R04,2026-09-09,,"umbral 4.5:1 (texto normal, 16.0px); texto: ""View Details""",sin CMP detectada
58,mundo,HKUST,https://hkust.edu.hk/,1.4.3,afw4f7,Text has minimum contrast,407,div.swiper-wrapper > div.home-sustain__slider--slide > div.home-sustain__item > div.home-sustain__item--number,si,falla,1.00:1,,R04,2026-09-09,,"umbral 3:1 (texto grande, 24.0px); texto: ""14""",sin CMP detectada
58,mundo,HKUST,https://hkust.edu.hk/,1.4.3,afw4f7,Text has minimum contrast,408,div.home-sustain__item > div.home-sustain__item--content > div.home-sustain__item--title > p,si,falla,1.00:1,,R04,2026-09-09,,"umbral 4.5:1 (texto normal, 16.0px); texto: ""14 Life Below Water""",sin CMP detectada
58,mundo,HKUST,https://hkust.edu.hk/,1.4.3,afw4f7,Text has minimum contrast,409,div.home-sustain__slider--slide > div.home-sustain__item > div.home-sustain__item--content > a.home-sustain__item--link,si,falla,1.00:1,,R04,2026-09-09,,"umbral 4.5:1 (texto normal, 16.0px); texto: ""View Details""",sin CMP detectada
58,mundo,HKUST,https://hkust.edu.hk/,1.4.3,afw4f7,Text has minimum contrast,410,div.swiper-wrapper > div.home-sustain__slider--slide > div.home-sustain__item > div.home-sustain__item--number,si,falla,1.00:1,,R04,2026-09-09,,"umbral 3:1 (texto grande, 24.0px); texto: ""15""",sin CMP detectada
58,mundo,HKUST,https://hkust.edu.hk/,1.4.3,afw4f7,Text has minimum contrast,411,div.home-sustain__item > div.home-sustain__item--content > div.home-sustain__item--title > p,si,falla,1.00:1,,R04,2026-09-09,,"umbral 4.5:1 (texto normal, 16.0px); texto: ""15 Life On Land""",sin CMP detectada
58,mundo,HKUST,https://hkust.edu.hk/,1.4.3,afw4f7,Text has minimum contrast,412,div.home-sustain__slider--slide > div.home-sustain__item > div.home-sustain__item--content > a.home-sustain__item--link,si,falla,1.00:1,,R04,2026-09-09,,"umbral 4.5:1 (texto normal, 16.0px); texto: ""View Details""",sin CMP detectada
58,mundo,HKUST,https://hkust.edu.hk/,1.4.3,afw4f7,Text has minimum contrast,413,div.swiper-wrapper > div.home-sustain__slider--slide > div.home-sustain__item > div.home-sustain__item--number,si,falla,1.00:1,,R04,2026-09-09,,"umbral 3:1 (texto grande, 24.0px); texto: ""16""",sin CMP detectada
58,mundo,HKUST,https://hkust.edu.hk/,1.4.3,afw4f7,Text has minimum contrast,414,div.home-sustain__item > div.home-sustain__item--content > div.home-sustain__item--title > p,si,falla,1.00:1,,R04,2026-09-09,,"umbral 4.5:1 (texto normal, 16.0px); texto: ""16 Peace, Justice and Strong Institutions""",sin CMP detectada
58,mundo,HKUST,https://hkust.edu.hk/,1.4.3,afw4f7,Text has minimum contrast,415,div.home-sustain__slider--slide > div.home-sustain__item > div.home-sustain__item--content > a.home-sustain__item--link,si,falla,1.00:1,,R04,2026-09-09,,"umbral 4.5:1 (texto normal, 16.0px); texto: ""View Details""",sin CMP detectada
58,mundo,HKUST,https://hkust.edu.hk/,1.4.3,afw4f7,Text has minimum contrast,416,div.swiper-wrapper > div.home-sustain__slider--slide > div.home-sustain__item > div.home-sustain__item--number,si,falla,1.00:1,,R04,2026-09-09,,"umbral 3:1 (texto grande, 24.0px); texto: ""17""",sin CMP detectada
58,mundo,HKUST,https://hkust.edu.hk/,1.4.3,afw4f7,Text has minimum contrast,417,div.home-sustain__item > div.home-sustain__item--content > div.home-sustain__item--title > p,si,falla,1.00:1,,R04,2026-09-09,,"umbral 4.5:1 (texto normal, 16.0px); texto: ""17 Partnerships for the Goals""",sin CMP detectada
58,mundo,HKUST,https://hkust.edu.hk/,1.4.3,afw4f7,Text has minimum contrast,418,div.home-sustain__slider--slide > div.home-sustain__item > div.home-sustain__item--content > a.home-sustain__item--link,si,falla,1.00:1,,R04,2026-09-09,,"umbral 4.5:1 (texto normal, 16.0px); texto: ""View Details""",sin CMP detectada
58,mundo,HKUST,https://hkust.edu.hk/,1.4.3,afw4f7,Text has minimum contrast,419,div.home-events__wrapper > div.home-events__title-wrapper > div.home-events__title > h2,si,cumple,11.46:1,,R04,2026-09-09,,"umbral 3:1 (texto grande, 52.0px); texto: ""Events""",sin CMP detectada
58,mundo,HKUST,https://hkust.edu.hk/,1.4.3,afw4f7,Text has minimum contrast,420,div.home-events__wrapper > div.home-events__title-wrapper > div.home-events__description > p,si,cumple,14.47:1,,R04,2026-09-09,,"umbral 4.5:1 (texto normal, 16.0px); texto: ""From academic to recreation, HKUST has it all.""",sin CMP detectada
58,mundo,HKUST,https://hkust.edu.hk/,1.4.3,afw4f7,Text has minimum contrast,421,div.home-events__wrapper > div.home-events__title-wrapper > div.home-events__link > a.btn-arrow,si,cumple,14.47:1,,R04,2026-09-09,,"umbral 4.5:1 (texto normal, 16.0px); texto: ""More Events""",sin CMP detectada
58,mundo,HKUST,https://hkust.edu.hk/,1.4.3,afw4f7,Text has minimum contrast,422,div.block > div.home-events__views-wrapper > div.home-events__featured > div.home-events__event-title,si,falla,1.10:1,,R04,2026-09-09,,"umbral 3:1 (texto grande, 20.0px negrita); texto: ""Featured Events:""",sin CMP detectada
58,mundo,HKUST,https://hkust.edu.hk/,1.4.3,afw4f7,Text has minimum contrast,423,div.home-events__featured > div.event-item > div.event-item__date-wrapper > div.event-item__month,si,falla,3.05:1,,R04,2026-09-09,,"umbral 4.5:1 (texto normal, 18.0px negrita); texto: ""Sep""",sin CMP detectada
58,mundo,HKUST,https://hkust.edu.hk/,1.4.3,afw4f7,Text has minimum contrast,424,div.home-events__featured > div.event-item > div.event-item__date-wrapper > div.event-item__day,si,cumple,3.05:1,,R04,2026-09-09,,"umbral 3:1 (texto grande, 38.0px negrita); texto: ""10""",sin CMP detectada
58,mundo,HKUST,https://hkust.edu.hk/,1.4.3,afw4f7,Text has minimum contrast,425,div.home-events__featured > div.event-item > div.event-item__content-wrapper > div.event-item__format,si,falla,1.10:1,,R04,2026-09-09,,"umbral 4.5:1 (texto normal, 14.0px negrita); texto: ""Community Work""",sin CMP detectada
58,mundo,HKUST,https://hkust.edu.hk/,1.4.3,afw4f7,Text has minimum contrast,426,div.home-events__featured > div.event-item > div.event-item__content-wrapper > div.event-item__title,si,falla,1.10:1,,R04,2026-09-09,,"umbral 3:1 (texto grande, 24.0px negrita); texto: ""35 for Life - Blood Donation (10 Sep)""",sin CMP detectada
58,mundo,HKUST,https://hkust.edu.hk/,1.4.3,afw4f7,Text has minimum contrast,427,div.home-events__featured > div.event-item > div.event-item__content-wrapper > div.event-item__event-date,si,falla,1.10:1,,R04,2026-09-09,,"umbral 4.5:1 (texto normal, 12.0px); texto: ""September 10 10:00 am - 05:00 pm""",sin CMP detectada
58,mundo,HKUST,https://hkust.edu.hk/,1.4.3,afw4f7,Text has minimum contrast,428,div.block > div.home-events__views-wrapper > div.home-events__upcoming > div.home-events__event-title,si,cumple,5.74:1,,R04,2026-09-09,,"umbral 3:1 (texto grande, 20.0px negrita); texto: ""Upcoming Events:""",sin CMP detectada
58,mundo,HKUST,https://hkust.edu.hk/,1.4.3,afw4f7,Text has minimum contrast,429,div.home-events__upcoming > div.event-item > div.event-item__date-wrapper > div.event-item__month,si,cumple,12.61:1,,R04,2026-09-09,,"umbral 4.5:1 (texto normal, 18.0px negrita); texto: ""Sep""",sin CMP detectada
58,mundo,HKUST,https://hkust.edu.hk/,1.4.3,afw4f7,Text has minimum contrast,430,div.home-events__upcoming > div.event-item > div.event-item__date-wrapper > div.event-item__day,si,cumple,12.61:1,,R04,2026-09-09,,"umbral 3:1 (texto grande, 38.0px negrita); texto: ""10""",sin CMP detectada
58,mundo,HKUST,https://hkust.edu.hk/,1.4.3,afw4f7,Text has minimum contrast,431,div.home-events__upcoming > div.event-item > div.event-item__content-wrapper > div.event-item__format,si,falla,4.35:1,,R04,2026-09-09,,"umbral 4.5:1 (texto normal, 14.0px negrita); texto: ""Community Work""",sin CMP detectada
58,mundo,HKUST,https://hkust.edu.hk/,1.4.3,afw4f7,Text has minimum contrast,432,div.home-events__upcoming > div.event-item > div.event-item__content-wrapper > div.event-item__title,si,cumple,15.91:1,,R04,2026-09-09,,"umbral 3:1 (texto grande, 24.0px negrita); texto: ""35 for Life - Blood Donation (10 Sep)""",sin CMP detectada
58,mundo,HKUST,https://hkust.edu.hk/,1.4.3,afw4f7,Text has minimum contrast,433,div.home-events__upcoming > div.event-item > div.event-item__content-wrapper > div.event-item__event-date,si,falla,3.26:1,,R04,2026-09-09,,"umbral 4.5:1 (texto normal, 12.0px); texto: ""September 10 10:00 am - 05:00 pm""",sin CMP detectada
58,mundo,HKUST,https://hkust.edu.hk/,1.4.3,afw4f7,Text has minimum contrast,434,div.home-events__upcoming > div.event-item > div.event-item__date-wrapper > div.event-item__month,si,cumple,12.61:1,,R04,2026-09-09,,"umbral 4.5:1 (texto normal, 18.0px negrita); texto: ""Sep""",sin CMP detectada
58,mundo,HKUST,https://hkust.edu.hk/,1.4.3,afw4f7,Text has minimum contrast,435,div.home-events__upcoming > div.event-item > div.event-item__date-wrapper > div.event-item__day,si,cumple,12.61:1,,R04,2026-09-09,,"umbral 3:1 (texto grande, 38.0px negrita); texto: ""11""",sin CMP detectada
58,mundo,HKUST,https://hkust.edu.hk/,1.4.3,afw4f7,Text has minimum contrast,436,div.home-events__upcoming > div.event-item > div.event-item__content-wrapper > div.event-item__format,si,falla,4.35:1,,R04,2026-09-09,,"umbral 4.5:1 (texto normal, 14.0px negrita); texto: ""Community Work""",sin CMP detectada
58,mundo,HKUST,https://hkust.edu.hk/,1.4.3,afw4f7,Text has minimum contrast,437,div.home-events__upcoming > div.event-item > div.event-item__content-wrapper > div.event-item__title,si,cumple,15.91:1,,R04,2026-09-09,,"umbral 3:1 (texto grande, 24.0px negrita); texto: ""35 for Life - Blood Donation (11 Sep)""",sin CMP detectada
58,mundo,HKUST,https://hkust.edu.hk/,1.4.3,afw4f7,Text has minimum contrast,438,div.home-events__upcoming > div.event-item > div.event-item__content-wrapper > div.event-item__event-date,si,falla,3.26:1,,R04,2026-09-09,,"umbral 4.5:1 (texto normal, 12.0px); texto: ""September 11 10:00 am - 05:00 pm""",sin CMP detectada
58,mundo,HKUST,https://hkust.edu.hk/,1.4.3,afw4f7,Text has minimum contrast,439,div.home-events__upcoming > div.event-item > div.event-item__date-wrapper > div.event-item__month,si,cumple,12.61:1,,R04,2026-09-09,,"umbral 4.5:1 (texto normal, 18.0px negrita); texto: ""Sep""",sin CMP detectada
58,mundo,HKUST,https://hkust.edu.hk/,1.4.3,afw4f7,Text has minimum contrast,440,div.home-events__upcoming > div.event-item > div.event-item__date-wrapper > div.event-item__day,si,cumple,12.61:1,,R04,2026-09-09,,"umbral 3:1 (texto grande, 38.0px negrita); texto: ""14""",sin CMP detectada
58,mundo,HKUST,https://hkust.edu.hk/,1.4.3,afw4f7,Text has minimum contrast,441,div.home-events__upcoming > div.event-item > div.event-item__content-wrapper > div.event-item__format,si,falla,4.35:1,,R04,2026-09-09,,"umbral 4.5:1 (texto normal, 14.0px negrita); texto: ""Community Work""",sin CMP detectada
58,mundo,HKUST,https://hkust.edu.hk/,1.4.3,afw4f7,Text has minimum contrast,442,div.home-events__upcoming > div.event-item > div.event-item__content-wrapper > div.event-item__title,si,cumple,15.91:1,,R04,2026-09-09,,"umbral 3:1 (texto grande, 24.0px negrita); texto: ""Full Moon Blessings Collection 月餅捐贈計劃""",sin CMP detectada
58,mundo,HKUST,https://hkust.edu.hk/,1.4.3,afw4f7,Text has minimum contrast,443,div.home-events__upcoming > div.event-item > div.event-item__content-wrapper > div.event-item__event-date,si,falla,3.26:1,,R04,2026-09-09,,"umbral 4.5:1 (texto normal, 12.0px); texto: ""September 14 - September 18, 2026 11:45 am - 02:45 pm""",sin CMP detectada
58,mundo,HKUST,https://hkust.edu.hk/,1.4.3,afw4f7,Text has minimum contrast,444,div.footer__shortcut > ul.menu > li.menu-item > a,no,,,,R04,2026-09-09,,"No es un caracter visible: la regla no aplica. Texto oculto visualmente, de tamano cero o desplazado fuera de pantalla.",sin CMP detectada
58,mundo,HKUST,https://hkust.edu.hk/,1.4.3,afw4f7,Text has minimum contrast,445,div.footer__shortcut > ul.menu > li.menu-item > a,no,,,,R04,2026-09-09,,"No es un caracter visible: la regla no aplica. Texto oculto visualmente, de tamano cero o desplazado fuera de pantalla.",sin CMP detectada
58,mundo,HKUST,https://hkust.edu.hk/,1.4.3,afw4f7,Text has minimum contrast,446,div.footer__shortcut > ul.menu > li.menu-item > a,no,,,,R04,2026-09-09,,"No es un caracter visible: la regla no aplica. Texto oculto visualmente, de tamano cero o desplazado fuera de pantalla.",sin CMP detectada
58,mundo,HKUST,https://hkust.edu.hk/,1.4.3,afw4f7,Text has minimum contrast,447,div.footer__shortcut > ul.menu > li.menu-item > a,no,,,,R04,2026-09-09,,"No es un caracter visible: la regla no aplica. Texto oculto visualmente, de tamano cero o desplazado fuera de pantalla.",sin CMP detectada
58,mundo,HKUST,https://hkust.edu.hk/,1.4.3,afw4f7,Text has minimum contrast,448,div.footer__wrapper > div.footer__top-section > div.footer__social-media > div.footer__social-media--text,si,cumple,12.61:1,,R04,2026-09-09,,"umbral 4.5:1 (texto normal, 14.0px); texto: ""Follow HKUST""",sin CMP detectada
58,mundo,HKUST,https://hkust.edu.hk/,1.4.3,afw4f7,Text has minimum contrast,449,div.footer__social-media--menu > ul.menu > li.menu-item > a.facebook,no,,,,R04,2026-09-09,,"No es un caracter visible: la regla no aplica. Texto oculto visualmente, de tamano cero o desplazado fuera de pantalla.",sin CMP detectada
58,mundo,HKUST,https://hkust.edu.hk/,1.4.3,afw4f7,Text has minimum contrast,450,div.footer__social-media--menu > ul.menu > li.menu-item > a.instagram,no,,,,R04,2026-09-09,,"No es un caracter visible: la regla no aplica. Texto oculto visualmente, de tamano cero o desplazado fuera de pantalla.",sin CMP detectada
58,mundo,HKUST,https://hkust.edu.hk/,1.4.3,afw4f7,Text has minimum contrast,451,div.footer__social-media--menu > ul.menu > li.menu-item > a.linkin,no,,,,R04,2026-09-09,,"No es un caracter visible: la regla no aplica. Texto oculto visualmente, de tamano cero o desplazado fuera de pantalla.",sin CMP detectada
58,mundo,HKUST,https://hkust.edu.hk/,1.4.3,afw4f7,Text has minimum contrast,452,div.footer__social-media--menu > ul.menu > li.menu-item > a.youtube,no,,,,R04,2026-09-09,,"No es un caracter visible: la regla no aplica. Texto oculto visualmente, de tamano cero o desplazado fuera de pantalla.",sin CMP detectada
58,mundo,HKUST,https://hkust.edu.hk/,1.4.3,afw4f7,Text has minimum contrast,453,div.footer__social-media--menu > ul.menu > li.menu-item > a.twitter,no,,,,R04,2026-09-09,,"No es un caracter visible: la regla no aplica. Texto oculto visualmente, de tamano cero o desplazado fuera de pantalla.",sin CMP detectada
58,mundo,HKUST,https://hkust.edu.hk/,1.4.3,afw4f7,Text has minimum contrast,454,div.footer__social-media--menu > ul.menu > li.menu-item > a.wechat,no,,,,R04,2026-09-09,,"No es un caracter visible: la regla no aplica. Texto oculto visualmente, de tamano cero o desplazado fuera de pantalla.",sin CMP detectada
58,mundo,HKUST,https://hkust.edu.hk/,1.4.3,afw4f7,Text has minimum contrast,455,div.footer__social-media--menu > ul.menu > li.menu-item > a.baidu,no,,,,R04,2026-09-09,,"No es un caracter visible: la regla no aplica. Texto oculto visualmente, de tamano cero o desplazado fuera de pantalla.",sin CMP detectada
58,mundo,HKUST,https://hkust.edu.hk/,1.4.3,afw4f7,Text has minimum contrast,456,div.footer__social-media--menu > ul.menu > li.menu-item > a.redbook,no,,,,R04,2026-09-09,,"No es un caracter visible: la regla no aplica. Texto oculto visualmente, de tamano cero o desplazado fuera de pantalla.",sin CMP detectada
58,mundo,HKUST,https://hkust.edu.hk/,1.4.3,afw4f7,Text has minimum contrast,457,div.footer__social-media--menu > ul.menu > li.menu-item > a.zhifu,no,,,,R04,2026-09-09,,"No es un caracter visible: la regla no aplica. Texto oculto visualmente, de tamano cero o desplazado fuera de pantalla.",sin CMP detectada
58,mundo,HKUST,https://hkust.edu.hk/,1.4.3,afw4f7,Text has minimum contrast,458,div.footer__social-media--menu > ul.menu > li.menu-item > a.weibo,no,,,,R04,2026-09-09,,"No es un caracter visible: la regla no aplica. Texto oculto visualmente, de tamano cero o desplazado fuera de pantalla.",sin CMP detectada
58,mundo,HKUST,https://hkust.edu.hk/,1.4.3,afw4f7,Text has minimum contrast,459,div.footer__social-media--menu > ul.menu > li.menu-item > a.bilibili,no,,,,R04,2026-09-09,,"No es un caracter visible: la regla no aplica. Texto oculto visualmente, de tamano cero o desplazado fuera de pantalla.",sin CMP detectada
58,mundo,HKUST,https://hkust.edu.hk/,1.4.3,afw4f7,Text has minimum contrast,460,div.footer__privacy--menu > ul.menu > li.menu-item > a,si,cumple,12.61:1,,R04,2026-09-09,,"umbral 4.5:1 (texto normal, 12.0px); texto: ""Privacy""",sin CMP detectada
58,mundo,HKUST,https://hkust.edu.hk/,1.4.3,afw4f7,Text has minimum contrast,461,div.footer__privacy--menu > ul.menu > li.menu-item > a,si,cumple,12.61:1,,R04,2026-09-09,,"umbral 4.5:1 (texto normal, 12.0px); texto: ""Sitemap""",sin CMP detectada
58,mundo,HKUST,https://hkust.edu.hk/,1.4.3,afw4f7,Text has minimum contrast,462,div.footer__privacy--menu > ul.menu > li.menu-item > a,si,cumple,12.61:1,,R04,2026-09-09,,"umbral 4.5:1 (texto normal, 12.0px); texto: ""Accessibility""",sin CMP detectada
58,mundo,HKUST,https://hkust.edu.hk/,1.4.3,afw4f7,Text has minimum contrast,463,div.footer__privacy--menu > ul.menu > li.menu-item > a,si,cumple,12.61:1,,R04,2026-09-09,,"umbral 4.5:1 (texto normal, 12.0px); texto: ""Directory""",sin CMP detectada
58,mundo,HKUST,https://hkust.edu.hk/,1.4.3,afw4f7,Text has minimum contrast,464,div.footer__privacy > div.footer__privacy--text > div.clearfix > p,si,cumple,12.61:1,,R04,2026-09-09,,"umbral 4.5:1 (texto normal, 12.0px); texto: ""Copyright © The Hong Kong University of Science and Technolo""",sin CMP detectada
58,mundo,HKUST,https://hkust.edu.hk/,1.4.3,afw4f7,Text has minimum contrast,465,div.search-pop-up > div.search-pop-up__wrapper > div.search-pop-up__title > h2,si,cumple,12.61:1,,R04,2026-09-09,,"umbral 3:1 (texto grande, 52.0px); texto: ""What are you looking for?""",sin CMP detectada
58,mundo,HKUST,https://hkust.edu.hk/,1.4.3,afw4f7,Text has minimum contrast,466,div.search-pop-up > div.search-pop-up__wrapper > div.search-pop-up__suggestion > div.search-pop-up__pop-search,si,cumple,4.67:1,,R04,2026-09-09,,"umbral 4.5:1 (texto normal, 16.0px); texto: ""Popular Search:""",sin CMP detectada
58,mundo,HKUST,https://hkust.edu.hk/,1.4.3,afw4f7,Text has minimum contrast,467,div.search-pop-up__keywords > div.block > div.search-pop-up__item > a.search-pop-up__link,si,cumple,9.74:1,,R04,2026-09-09,,"umbral 4.5:1 (texto normal, 20.0px); texto: ""Research breakthroughs""",sin CMP detectada
58,mundo,HKUST,https://hkust.edu.hk/,1.4.3,afw4f7,Text has minimum contrast,468,div.search-pop-up__keywords > div.block > div.search-pop-up__item > a.search-pop-up__link,si,cumple,9.74:1,,R04,2026-09-09,,"umbral 4.5:1 (texto normal, 20.0px); texto: ""Startup support""",sin CMP detectada
58,mundo,HKUST,https://hkust.edu.hk/,1.4.3,afw4f7,Text has minimum contrast,469,div.search-pop-up__keywords > div.block > div.search-pop-up__item > a.search-pop-up__link,si,cumple,9.74:1,,R04,2026-09-09,,"umbral 4.5:1 (texto normal, 20.0px); texto: ""HKUST 2028 Sustainability Challenge""",sin CMP detectada
58,mundo,HKUST,https://hkust.edu.hk/,1.4.3,afw4f7,Text has minimum contrast,470,div.search-pop-up__keywords > div.block > div.search-pop-up__item > a.search-pop-up__link,si,cumple,9.74:1,,R04,2026-09-09,,"umbral 4.5:1 (texto normal, 20.0px); texto: ""Medical School""",sin CMP detectada
58,mundo,HKUST,https://hkust.edu.hk/,1.4.3,afw4f7,Text has minimum contrast,471,div.search-pop-up__keywords > div.block > div.search-pop-up__item > a.search-pop-up__link,si,cumple,9.74:1,,R04,2026-09-09,,"umbral 4.5:1 (texto normal, 20.0px); texto: ""Application Portal""",sin CMP detectada
58,mundo,HKUST,https://hkust.edu.hk/,1.1.1,23a2a8,Image has non-empty accessible name,1,div.header__wrapper > div.header__logo > div.field > img,si,cumple,,,R04,2026-09-09,,"nombre accesible: ""HKUST 35A""",sin CMP detectada
58,mundo,HKUST,https://hkust.edu.hk/,1.1.1,qt1vmo,Image accessible name is descriptive,1,div.header__wrapper > div.header__logo > div.field > img,si,REVISAR,,,R04,2026-09-09,,"JUICIO HUMANO. ¿El nombre sirve un proposito equivalente al contenido no textual? nombre: ""HKUST 35A"" | src: t/files/2026-01/Standard%2035A%20Logo%20-%20FC%20%28B%29%20English.png",sin CMP detectada
58,mundo,HKUST,https://hkust.edu.hk/,1.1.1,23a2a8,Image has non-empty accessible name,2,div.header__wrapper > div.header__logo > div.field > img,si,cumple,,,R04,2026-09-09,,"nombre accesible: ""HKUST 35A""",sin CMP detectada
58,mundo,HKUST,https://hkust.edu.hk/,1.1.1,qt1vmo,Image accessible name is descriptive,2,div.header__wrapper > div.header__logo > div.field > img,si,REVISAR,,,R04,2026-09-09,,"JUICIO HUMANO. ¿El nombre sirve un proposito equivalente al contenido no textual? nombre: ""HKUST 35A"" | src: t/files/2026-01/Standard%2035A%20Logo%20-%20FC%20%28B%29%20English.png",sin CMP detectada
58,mundo,HKUST,https://hkust.edu.hk/,1.1.1,23a2a8,Image has non-empty accessible name,3,div.header__wrapper > div.header__logo > div.field > img,si,cumple,,,R04,2026-09-09,,"nombre accesible: ""HKUST 35A""",sin CMP detectada
58,mundo,HKUST,https://hkust.edu.hk/,1.1.1,qt1vmo,Image accessible name is descriptive,3,div.header__wrapper > div.header__logo > div.field > img,si,REVISAR,,,R04,2026-09-09,,"JUICIO HUMANO. ¿El nombre sirve un proposito equivalente al contenido no textual? nombre: ""HKUST 35A"" | src: t/files/2026-01/Standard%2035A%20Logo%20-%20FC%20%28W%29%20English.png",sin CMP detectada
58,mundo,HKUST,https://hkust.edu.hk/,1.1.1,23a2a8,Image has non-empty accessible name,4,div.header__wrapper > div.header__logo > div.field > img,si,cumple,,,R04,2026-09-09,,"nombre accesible: ""HKUST 35A""",sin CMP detectada
58,mundo,HKUST,https://hkust.edu.hk/,1.1.1,qt1vmo,Image accessible name is descriptive,4,div.header__wrapper > div.header__logo > div.field > img,si,REVISAR,,,R04,2026-09-09,,"JUICIO HUMANO. ¿El nombre sirve un proposito equivalente al contenido no textual? nombre: ""HKUST 35A"" | src: t/files/2026-01/Standard%2035A%20Logo%20-%20FC%20%28W%29%20English.png",sin CMP detectada
58,mundo,HKUST,https://hkust.edu.hk/,1.1.1,e88epe,Image not in the accessibility tree is decorative,5,div.header__menu--bg > div.field > div.field__item > img,no,,,,R04,2026-09-09,,Fuera del arbol de accesibilidad: se trata como decorativa.,sin CMP detectada
58,mundo,HKUST,https://hkust.edu.hk/,1.1.1,e88epe,Image not in the accessibility tree is decorative,6,div.header__menu--bg > div.field > div.field__item > img,no,,,,R04,2026-09-09,,Fuera del arbol de accesibilidad: se trata como decorativa.,sin CMP detectada
58,mundo,HKUST,https://hkust.edu.hk/,1.1.1,e88epe,Image not in the accessibility tree is decorative,7,div.header__menu--bg > div.field > div.field__item > img,no,,,,R04,2026-09-09,,Fuera del arbol de accesibilidad: se trata como decorativa.,sin CMP detectada
58,mundo,HKUST,https://hkust.edu.hk/,1.1.1,e88epe,Image not in the accessibility tree is decorative,8,div.header__menu--bg > div.field > div.field__item > img,no,,,,R04,2026-09-09,,Fuera del arbol de accesibilidad: se trata como decorativa.,sin CMP detectada
58,mundo,HKUST,https://hkust.edu.hk/,1.1.1,e88epe,Image not in the accessibility tree is decorative,9,div.header__menu--bg > div.field > div.field__item > img,no,,,,R04,2026-09-09,,Fuera del arbol de accesibilidad: se trata como decorativa.,sin CMP detectada
58,mundo,HKUST,https://hkust.edu.hk/,1.1.1,e88epe,Image not in the accessibility tree is decorative,10,div.header__menu--bg > div.field > div.field__item > img,no,,,,R04,2026-09-09,,Fuera del arbol de accesibilidad: se trata como decorativa.,sin CMP detectada
58,mundo,HKUST,https://hkust.edu.hk/,1.1.1,e88epe,Image not in the accessibility tree is decorative,11,div.header__menu--bg > div.field > div.field__item > img,no,,,,R04,2026-09-09,,Fuera del arbol de accesibilidad: se trata como decorativa.,sin CMP detectada
58,mundo,HKUST,https://hkust.edu.hk/,1.1.1,23a2a8,Image has non-empty accessible name,12,div.home-slider__slide > div.home-slider__slide--background > picture > img,si,cumple,,,R04,2026-09-09,,"nombre accesible: ""HKUST 35A KV""",sin CMP detectada
58,mundo,HKUST,https://hkust.edu.hk/,1.1.1,qt1vmo,Image accessible name is descriptive,12,div.home-slider__slide > div.home-slider__slide--background > picture > img,si,REVISAR,,,R04,2026-09-09,,"JUICIO HUMANO. ¿El nombre sirve un proposito equivalente al contenido no textual? nombre: ""HKUST 35A KV"" | src: hkust.edu.hk/sites/default/files/2026-07/GECO_35A_KV%20banner02-01.jpg",sin CMP detectada
58,mundo,HKUST,https://hkust.edu.hk/,1.1.1,23a2a8,Image has non-empty accessible name,13,div.home-slider__slide > div.home-slider__slide--background > picture > img,si,cumple,,,R04,2026-09-09,,"nombre accesible: ""HKUST and NetDragon""",sin CMP detectada
58,mundo,HKUST,https://hkust.edu.hk/,1.1.1,qt1vmo,Image accessible name is descriptive,13,div.home-slider__slide > div.home-slider__slide--background > picture > img,si,REVISAR,,,R04,2026-09-09,,"JUICIO HUMANO. ¿El nombre sirve un proposito equivalente al contenido no textual? nombre: ""HKUST and NetDragon"" | src: https://hkust.edu.hk/sites/default/files/2026-09/MTP%20-%20EN.jpg",sin CMP detectada
58,mundo,HKUST,https://hkust.edu.hk/,1.1.1,23a2a8,Image has non-empty accessible name,14,div.home-slider__slide > div.home-slider__slide--background > picture > img,si,cumple,,,R04,2026-09-09,,"nombre accesible: ""HKUST ranks #33 worldwide in QS World University Rankings 2027""",sin CMP detectada
58,mundo,HKUST,https://hkust.edu.hk/,1.1.1,qt1vmo,Image accessible name is descriptive,14,div.home-slider__slide > div.home-slider__slide--background > picture > img,si,REVISAR,,,R04,2026-09-09,,"JUICIO HUMANO. ¿El nombre sirve un proposito equivalente al contenido no textual? nombre: ""HKUST ranks #33 worldwide in QS World University Rankings 2027"" | src: ites/default/files/2026-06/QS%20-%20Web%20Banner%20Jun%202027_EN_0.jpg",sin CMP detectada
58,mundo,HKUST,https://hkust.edu.hk/,1.1.1,23a2a8,Image has non-empty accessible name,15,div.home-slider__slide > div.home-slider__slide--background > picture > img,si,cumple,,,R04,2026-09-09,,"nombre accesible: ""Prof. Bert SHI, Antonino COSTA and Jeff KWAN""",sin CMP detectada
58,mundo,HKUST,https://hkust.edu.hk/,1.1.1,qt1vmo,Image accessible name is descriptive,15,div.home-slider__slide > div.home-slider__slide--background > picture > img,si,REVISAR,,,R04,2026-09-09,,"JUICIO HUMANO. ¿El nombre sirve un proposito equivalente al contenido no textual? nombre: ""Prof. Bert SHI, Antonino COSTA and Jeff KWAN"" | src: https://hkust.edu.hk/sites/default/files/2026-09/HKPFS%20-%20EN.jpg",sin CMP detectada
58,mundo,HKUST,https://hkust.edu.hk/,1.1.1,23a2a8,Image has non-empty accessible name,16,div.home-slider__slide > div.home-slider__slide--background > picture > img,si,cumple,,,R04,2026-09-09,,"nombre accesible: ""HKUST Impact Ratings 2026""",sin CMP detectada
58,mundo,HKUST,https://hkust.edu.hk/,1.1.1,qt1vmo,Image accessible name is descriptive,16,div.home-slider__slide > div.home-slider__slide--background > picture > img,si,REVISAR,,,R04,2026-09-09,,"JUICIO HUMANO. ¿El nombre sirve un proposito equivalente al contenido no textual? nombre: ""HKUST Impact Ratings 2026"" | src: t/files/2026-06/Social%20-%20THE%20SIR%202026%201920%20x%201080-EN.jpg",sin CMP detectada
58,mundo,HKUST,https://hkust.edu.hk/,1.1.1,23a2a8,Image has non-empty accessible name,17,div.home-slider__slide > div.home-slider__slide--background > picture > img,si,cumple,,,R04,2026-09-09,,"nombre accesible: ""HKUST Hosts ""Fire Up Your Year"" Orientation Carnival to Welcome the 2026/27 Acad""",sin CMP detectada
58,mundo,HKUST,https://hkust.edu.hk/,1.1.1,qt1vmo,Image accessible name is descriptive,17,div.home-slider__slide > div.home-slider__slide--background > picture > img,si,REVISAR,,,R04,2026-09-09,,"JUICIO HUMANO. ¿El nombre sirve un proposito equivalente al contenido no textual? nombre: ""HKUST Hosts ""Fire Up Your Year"" Orientation Carnival to Welcome the 2026/27 Academic Year"" | src: https://hkust.edu.hk/sites/default/files/2026-09/FUYY%20-%20EN.jpg",sin CMP detectada
58,mundo,HKUST,https://hkust.edu.hk/,1.1.1,23a2a8,Image has non-empty accessible name,18,div.home-slider__slide > div.home-slider__slide--background > picture > img,si,cumple,,,R04,2026-09-09,,"nombre accesible: ""HKUST Charts a Roadmap for Agentic 7G AI-Powered Wireless Networks""",sin CMP detectada
58,mundo,HKUST,https://hkust.edu.hk/,1.1.1,qt1vmo,Image accessible name is descriptive,18,div.home-slider__slide > div.home-slider__slide--background > picture > img,si,REVISAR,,,R04,2026-09-09,,"JUICIO HUMANO. ¿El nombre sirve un proposito equivalente al contenido no textual? nombre: ""HKUST Charts a Roadmap for Agentic 7G AI-Powered Wireless Networks"" | src: https://hkust.edu.hk/sites/default/files/2026-09/7G%20-%20EN.jpg",sin CMP detectada
58,mundo,HKUST,https://hkust.edu.hk/,1.1.1,23a2a8,Image has non-empty accessible name,19,div.home-slider__slide > div.home-slider__slide--background > picture > img,si,cumple,,,R04,2026-09-09,,"nombre accesible: ""https://hkust.edu.hk/news/hkust-receives-governments-approval-establishing-new-m""",sin CMP detectada
58,mundo,HKUST,https://hkust.edu.hk/,1.1.1,qt1vmo,Image accessible name is descriptive,19,div.home-slider__slide > div.home-slider__slide--background > picture > img,si,REVISAR,,,R04,2026-09-09,,"JUICIO HUMANO. ¿El nombre sirve un proposito equivalente al contenido no textual? nombre: ""https://hkust.edu.hk/news/hkust-receives-governments-approval-establishing-new-medical-school"" | src: 27s%20Approval%20for%20Establishing%20a%20New%20Medical%20School_0.jpg",sin CMP detectada
58,mundo,HKUST,https://hkust.edu.hk/,1.1.1,23a2a8,Image has non-empty accessible name,20,div.home-slider__slide > div.home-slider__slide--background > picture > img,si,cumple,,,R04,2026-09-09,,"nombre accesible: ""Times Higher Education Global Employability University Ranking 2026""",sin CMP detectada
58,mundo,HKUST,https://hkust.edu.hk/,1.1.1,qt1vmo,Image accessible name is descriptive,20,div.home-slider__slide > div.home-slider__slide--background > picture > img,si,REVISAR,,,R04,2026-09-09,,"JUICIO HUMANO. ¿El nombre sirve un proposito equivalente al contenido no textual? nombre: ""Times Higher Education Global Employability University Ranking 2026"" | src: //hkust.edu.hk/sites/default/files/2025-11/QS%20Oct%20-%204%20EN_0.jpg",sin CMP detectada
58,mundo,HKUST,https://hkust.edu.hk/,1.1.1,23a2a8,Image has non-empty accessible name,21,div.home-slider__slide > div.home-slider__slide--background > picture > img,si,cumple,,,R04,2026-09-09,,"nombre accesible: ""HKUST Commences Preparations for NEW MEDICAL SCHOOL""",sin CMP detectada
58,mundo,HKUST,https://hkust.edu.hk/,1.1.1,qt1vmo,Image accessible name is descriptive,21,div.home-slider__slide > div.home-slider__slide--background > picture > img,si,REVISAR,,,R04,2026-09-09,,"JUICIO HUMANO. ¿El nombre sirve un proposito equivalente al contenido no textual? nombre: ""HKUST Commences Preparations for NEW MEDICAL SCHOOL"" | src: https://hkust.edu.hk/sites/default/files/2025-11/NMS%203%20-%20EN.jpg",sin CMP detectada
58,mundo,HKUST,https://hkust.edu.hk/,1.1.1,23a2a8,Image has non-empty accessible name,22,span.field-content > div.news-item > div.news-item__thumbnail > img.image-style-hkust-home-news,si,cumple,,,R04,2026-09-09,,"nombre accesible: ""HKUST Launches Mandatory AI Common Core Program to Nurture Future Leaders Compre""",sin CMP detectada
58,mundo,HKUST,https://hkust.edu.hk/,1.1.1,qt1vmo,Image accessible name is descriptive,22,span.field-content > div.news-item > div.news-item__thumbnail > img.image-style-hkust-home-news,si,REVISAR,,,R04,2026-09-09,,"JUICIO HUMANO. ¿El nombre sirve un proposito equivalente al contenido no textual? nombre: ""HKUST Launches Mandatory AI Common Core Program to Nurture Future Leaders Comprehensive Scholarships to Attract Top Tale"" | src: tyles/hkust_home_news/public/news/30887/Photo%201_10.jpg?itok=c3rFM8pL",sin CMP detectada
58,mundo,HKUST,https://hkust.edu.hk/,1.1.1,23a2a8,Image has non-empty accessible name,23,span.field-content > div.news-item > div.news-item__thumbnail > img.image-style-hkust-home-news,si,cumple,,,R04,2026-09-09,,"nombre accesible: ""HKUST-Nurtured Startups Triumph at the HICOOL 2026 Global Entrepreneur Summit an""",sin CMP detectada
58,mundo,HKUST,https://hkust.edu.hk/,1.1.1,qt1vmo,Image accessible name is descriptive,23,span.field-content > div.news-item > div.news-item__thumbnail > img.image-style-hkust-home-news,si,REVISAR,,,R04,2026-09-09,,"JUICIO HUMANO. ¿El nombre sirve un proposito equivalente al contenido no textual? nombre: ""HKUST-Nurtured Startups Triumph at the HICOOL 2026 Global Entrepreneur Summit and Entrepreneurship Competition"" | src: tyles/hkust_home_news/public/news/30923/Photo%201_13.jpg?itok=kf6AK6UP",sin CMP detectada
58,mundo,HKUST,https://hkust.edu.hk/,1.1.1,23a2a8,Image has non-empty accessible name,24,span.field-content > div.news-item > div.news-item__thumbnail > img.image-style-hkust-home-news,si,cumple,,,R04,2026-09-09,,"nombre accesible: ""HKUST Tops Hong Kong Universities with More Than 1,000 HKPFS Recipients""",sin CMP detectada
58,mundo,HKUST,https://hkust.edu.hk/,1.1.1,qt1vmo,Image accessible name is descriptive,24,span.field-content > div.news-item > div.news-item__thumbnail > img.image-style-hkust-home-news,si,REVISAR,,,R04,2026-09-09,,"JUICIO HUMANO. ¿El nombre sirve un proposito equivalente al contenido no textual? nombre: ""HKUST Tops Hong Kong Universities with More Than 1,000 HKPFS Recipients"" | src: styles/hkust_home_news/public/news/30933/Photo%201_2.jpg?itok=Thp3kLKf",sin CMP detectada
58,mundo,HKUST,https://hkust.edu.hk/,1.1.1,23a2a8,Image has non-empty accessible name,25,div.home-ranking > div.home-ranking__wrapper > div.home-ranking__bg > img.home-ranking__bg--img,si,cumple,,,R04,2026-09-09,,"nombre accesible: ""facts_bg""",sin CMP detectada
58,mundo,HKUST,https://hkust.edu.hk/,1.1.1,qt1vmo,Image accessible name is descriptive,25,div.home-ranking > div.home-ranking__wrapper > div.home-ranking__bg > img.home-ranking__bg--img,si,REVISAR,,,R04,2026-09-09,,"JUICIO HUMANO. ¿El nombre sirve un proposito equivalente al contenido no textual? nombre: ""facts_bg"" | src: s/hkust_home_hero_banner/public/2025-02/Mask%20group.jpg?itok=w0l0Jo1L",sin CMP detectada
58,mundo,HKUST,https://hkust.edu.hk/,1.1.1,23a2a8,Image has non-empty accessible name,26,div.paragraph > div.home-first > div.home-first__bg-image > img,si,cumple,,,R04,2026-09-09,,"nombre accesible: ""hkust firsts background""",sin CMP detectada
58,mundo,HKUST,https://hkust.edu.hk/,1.1.1,qt1vmo,Image accessible name is descriptive,26,div.paragraph > div.home-first > div.home-first__bg-image > img,si,REVISAR,,,R04,2026-09-09,,"JUICIO HUMANO. ¿El nombre sirve un proposito equivalente al contenido no textual? nombre: ""hkust firsts background"" | src: s/hkust_home_hero_banner/public/2024-08/4V5A0496%201.png?itok=eV9ch5LF",sin CMP detectada
58,mundo,HKUST,https://hkust.edu.hk/,1.1.1,23a2a8,Image has non-empty accessible name,27,div.home-first > div.home-first__wrapper > div.home-first__text-image > img,si,cumple,,,R04,2026-09-09,,"nombre accesible: ""first""",sin CMP detectada
58,mundo,HKUST,https://hkust.edu.hk/,1.1.1,qt1vmo,Image accessible name is descriptive,27,div.home-first > div.home-first__wrapper > div.home-first__text-image > img,si,REVISAR,,,R04,2026-09-09,,"JUICIO HUMANO. ¿El nombre sirve un proposito equivalente al contenido no textual? nombre: ""first"" | src: https://hkust.edu.hk/sites/default/files/2025-02/Our%20Firsts.svg",sin CMP detectada
58,mundo,HKUST,https://hkust.edu.hk/,1.1.1,23a2a8,Image has non-empty accessible name,28,span.field-content > div.first-news-item > div.first-news-item__image > img.image-style-hkust-home-first,si,cumple,,,R04,2026-09-09,,"nombre accesible: ""HKUST Develops World's First AI Slide-Free Pathology Imaging System""",sin CMP detectada
58,mundo,HKUST,https://hkust.edu.hk/,1.1.1,qt1vmo,Image accessible name is descriptive,28,span.field-content > div.first-news-item > div.first-news-item__image > img.image-style-hkust-home-first,si,REVISAR,,,R04,2026-09-09,,"JUICIO HUMANO. ¿El nombre sirve un proposito equivalente al contenido no textual? nombre: ""HKUST Develops World's First AI Slide-Free Pathology Imaging System"" | src: yles/hkust_home_first/public/news/30845/Photo%201_13.jpg?itok=NVsJDbrj",sin CMP detectada
58,mundo,HKUST,https://hkust.edu.hk/,1.1.1,23a2a8,Image has non-empty accessible name,29,span.field-content > div.first-news-item > div.first-news-item__image > img.image-style-hkust-home-first,si,cumple,,,R04,2026-09-09,,"nombre accesible: ""World’s First Lightweight High Resolution High Precision CO₂ and CH₄ Point Sourc""",sin CMP detectada
58,mundo,HKUST,https://hkust.edu.hk/,1.1.1,qt1vmo,Image accessible name is descriptive,29,span.field-content > div.first-news-item > div.first-news-item__image > img.image-style-hkust-home-first,si,REVISAR,,,R04,2026-09-09,,"JUICIO HUMANO. ¿El nombre sirve un proposito equivalente al contenido no textual? nombre: ""World’s First Lightweight High Resolution High Precision CO₂ and CH₄ Point Source Detector “MUSICO” Arrives at Tiangong "" | src: s/hkust_home_first/public/news/30796/AGS_3923_edited.jpg?itok=NDDL_8O9",sin CMP detectada
58,mundo,HKUST,https://hkust.edu.hk/,1.1.1,23a2a8,Image has non-empty accessible name,30,span.field-content > div.first-news-item > div.first-news-item__image > img.image-style-hkust-home-first,si,cumple,,,R04,2026-09-09,,"nombre accesible: ""Photo 1""",sin CMP detectada
58,mundo,HKUST,https://hkust.edu.hk/,1.1.1,qt1vmo,Image accessible name is descriptive,30,span.field-content > div.first-news-item > div.first-news-item__image > img.image-style-hkust-home-first,si,REVISAR,,,R04,2026-09-09,,"JUICIO HUMANO. ¿El nombre sirve un proposito equivalente al contenido no textual? nombre: ""Photo 1"" | src: hkust_home_first/public/news/30783/Photo%201_final_3.jpg?itok=cZHbZ5tF",sin CMP detectada
58,mundo,HKUST,https://hkust.edu.hk/,1.1.1,23a2a8,Image has non-empty accessible name,31,span.field-content > div.first-news-item > div.first-news-item__image > img.image-style-hkust-home-first,si,cumple,,,R04,2026-09-09,,"nombre accesible: ""Prof. Hu Wenqi (right), his postgraduate student Chen Xi (left), and other resea""",sin CMP detectada
58,mundo,HKUST,https://hkust.edu.hk/,1.1.1,qt1vmo,Image accessible name is descriptive,31,span.field-content > div.first-news-item > div.first-news-item__image > img.image-style-hkust-home-first,si,REVISAR,,,R04,2026-09-09,,"JUICIO HUMANO. ¿El nombre sirve un proposito equivalente al contenido no textual? nombre: ""Prof. Hu Wenqi (right), his postgraduate student Chen Xi (left), and other research team members at HKUST develop the wo"" | src: /styles/hkust_home_first/public/news/30748/Photo%201.jpg?itok=MycdsSlJ",sin CMP detectada
58,mundo,HKUST,https://hkust.edu.hk/,1.1.1,23a2a8,Image has non-empty accessible name,32,span.field-content > div.first-news-item > div.first-news-item__image > img.image-style-hkust-home-first,si,cumple,,,R04,2026-09-09,,"nombre accesible: ""group photo""",sin CMP detectada
58,mundo,HKUST,https://hkust.edu.hk/,1.1.1,qt1vmo,Image accessible name is descriptive,32,span.field-content > div.first-news-item > div.first-news-item__image > img.image-style-hkust-home-first,si,REVISAR,,,R04,2026-09-09,,"JUICIO HUMANO. ¿El nombre sirve un proposito equivalente al contenido no textual? nombre: ""group photo"" | src: yles/hkust_home_first/public/news/30667/Photo%201_11.jpg?itok=k4Zu-e9h",sin CMP detectada
58,mundo,HKUST,https://hkust.edu.hk/,1.1.1,23a2a8,Image has non-empty accessible name,33,span.field-content > div.first-news-item > div.first-news-item__image > img.image-style-hkust-home-first,si,cumple,,,R04,2026-09-09,,"nombre accesible: ""Dr. Shen Xinyi (center) holds his certified all-vacuum-deposited perovskite sola""",sin CMP detectada
58,mundo,HKUST,https://hkust.edu.hk/,1.1.1,qt1vmo,Image accessible name is descriptive,33,span.field-content > div.first-news-item > div.first-news-item__image > img.image-style-hkust-home-first,si,REVISAR,,,R04,2026-09-09,,"JUICIO HUMANO. ¿El nombre sirve un proposito equivalente al contenido no textual? nombre: ""Dr. Shen Xinyi (center) holds his certified all-vacuum-deposited perovskite solar cell with Prof. Lin Yen-Hung (left) an"" | src: kust_home_first/public/news/30664/%E5%90%88%E7%85%A7.jpg?itok=cWiejZ-D",sin CMP detectada
58,mundo,HKUST,https://hkust.edu.hk/,1.1.1,23a2a8,Image has non-empty accessible name,34,span.field-content > div.first-news-item > div.first-news-item__image > img.image-style-hkust-home-first,si,cumple,,,R04,2026-09-09,,"nombre accesible: ""HKUST Develops World’s First Sub-Zero Celsius Elastocaloric Green Freezer, Resha""",sin CMP detectada
58,mundo,HKUST,https://hkust.edu.hk/,1.1.1,qt1vmo,Image accessible name is descriptive,34,span.field-content > div.first-news-item > div.first-news-item__image > img.image-style-hkust-home-first,si,REVISAR,,,R04,2026-09-09,,"JUICIO HUMANO. ¿El nombre sirve un proposito equivalente al contenido no textual? nombre: ""HKUST Develops World’s First Sub-Zero Celsius Elastocaloric Green Freezer, Reshaping Freezing Industry with its Zero Emi"" | src: tyles/hkust_home_first/public/news/30622/Photo%201_5.jpg?itok=cpZaW71f",sin CMP detectada
58,mundo,HKUST,https://hkust.edu.hk/,1.1.1,23a2a8,Image has non-empty accessible name,35,span.field-content > div.first-news-item > div.first-news-item__image > img.image-style-hkust-home-first,si,cumple,,,R04,2026-09-09,,"nombre accesible: ""Deep-Sea Multi-Omics Resource Platform""",sin CMP detectada
58,mundo,HKUST,https://hkust.edu.hk/,1.1.1,qt1vmo,Image accessible name is descriptive,35,span.field-content > div.first-news-item > div.first-news-item__image > img.image-style-hkust-home-first,si,REVISAR,,,R04,2026-09-09,,"JUICIO HUMANO. ¿El nombre sirve un proposito equivalente al contenido no textual? nombre: ""Deep-Sea Multi-Omics Resource Platform"" | src: /styles/hkust_home_first/public/news/30590/thumbnail.jpg?itok=lA839zDq",sin CMP detectada
58,mundo,HKUST,https://hkust.edu.hk/,1.1.1,23a2a8,Image has non-empty accessible name,36,#Layer_1,si,cumple,,,R04,2026-09-09,,"nombre accesible: "".st0{fill:none;stroke:#CC9900;stroke-width:55;stroke-linecap:round;stroke-linejo""",sin CMP detectada
58,mundo,HKUST,https://hkust.edu.hk/,1.1.1,qt1vmo,Image accessible name is descriptive,36,#Layer_1,si,REVISAR,,,R04,2026-09-09,,"JUICIO HUMANO. ¿El nombre sirve un proposito equivalente al contenido no textual? nombre: "".st0{fill:none;stroke:#CC9900;stroke-width:55;stroke-linecap:round;stroke-linejoin:round;} .st1{clip-path:url(#SVGID_000"" | src: ",sin CMP detectada
58,mundo,HKUST,https://hkust.edu.hk/,1.1.1,e88epe,Image not in the accessibility tree is decorative,37,span.field-content > div.home-awards-item > div.home-awards-item__bg > img.home-awards__desktop-image,no,,,,R04,2026-09-09,,Fuera del arbol de accesibilidad: se trata como decorativa.,sin CMP detectada
58,mundo,HKUST,https://hkust.edu.hk/,1.1.1,e88epe,Image not in the accessibility tree is decorative,38,span.field-content > div.home-awards-item > div.home-awards-item__bg > img.home-awards__mobile-image,no,,,,R04,2026-09-09,,Fuera del arbol de accesibilidad: se trata como decorativa.,sin CMP detectada
58,mundo,HKUST,https://hkust.edu.hk/,1.1.1,e88epe,Image not in the accessibility tree is decorative,39,span.field-content > div.home-awards-item > div.home-awards-item__bg > img.home-awards__desktop-image,no,,,,R04,2026-09-09,,Fuera del arbol de accesibilidad: se trata como decorativa.,sin CMP detectada
58,mundo,HKUST,https://hkust.edu.hk/,1.1.1,e88epe,Image not in the accessibility tree is decorative,40,span.field-content > div.home-awards-item > div.home-awards-item__bg > img.home-awards__mobile-image,no,,,,R04,2026-09-09,,Fuera del arbol de accesibilidad: se trata como decorativa.,sin CMP detectada
58,mundo,HKUST,https://hkust.edu.hk/,1.1.1,e88epe,Image not in the accessibility tree is decorative,41,span.field-content > div.home-awards-item > div.home-awards-item__bg > img.home-awards__desktop-image,no,,,,R04,2026-09-09,,Fuera del arbol de accesibilidad: se trata como decorativa.,sin CMP detectada
58,mundo,HKUST,https://hkust.edu.hk/,1.1.1,e88epe,Image not in the accessibility tree is decorative,42,span.field-content > div.home-awards-item > div.home-awards-item__bg > img.home-awards__mobile-image,no,,,,R04,2026-09-09,,Fuera del arbol de accesibilidad: se trata como decorativa.,sin CMP detectada
58,mundo,HKUST,https://hkust.edu.hk/,1.1.1,e88epe,Image not in the accessibility tree is decorative,43,span.field-content > div.home-awards-item > div.home-awards-item__bg > img.home-awards__desktop-image,no,,,,R04,2026-09-09,,Fuera del arbol de accesibilidad: se trata como decorativa.,sin CMP detectada
58,mundo,HKUST,https://hkust.edu.hk/,1.1.1,e88epe,Image not in the accessibility tree is decorative,44,span.field-content > div.home-awards-item > div.home-awards-item__bg > img.home-awards__mobile-image,no,,,,R04,2026-09-09,,Fuera del arbol de accesibilidad: se trata como decorativa.,sin CMP detectada
58,mundo,HKUST,https://hkust.edu.hk/,1.1.1,23a2a8,Image has non-empty accessible name,45,span.field-content > div.home-awards-item > div.home-awards-item__bg > img.home-awards__desktop-image,si,cumple,,,R04,2026-09-09,,"nombre accesible: ""Prof. CHEN Guanghao""",sin CMP detectada
58,mundo,HKUST,https://hkust.edu.hk/,1.1.1,qt1vmo,Image accessible name is descriptive,45,span.field-content > div.home-awards-item > div.home-awards-item__bg > img.home-awards__desktop-image,si,REVISAR,,,R04,2026-09-09,,"JUICIO HUMANO. ¿El nombre sirve un proposito equivalente al contenido no textual? nombre: ""Prof. CHEN Guanghao"" | src: kust_our_faculty/public/awards/Prof_Chen_Guanghao_Sq.jpg?itok=gDZ2Bn0E",sin CMP detectada
58,mundo,HKUST,https://hkust.edu.hk/,1.1.1,e88epe,Image not in the accessibility tree is decorative,46,span.field-content > div.home-awards-item > div.home-awards-item__bg > img.home-awards__mobile-image,no,,,,R04,2026-09-09,,Fuera del arbol de accesibilidad: se trata como decorativa.,sin CMP detectada
58,mundo,HKUST,https://hkust.edu.hk/,1.1.1,23a2a8,Image has non-empty accessible name,47,span.field-content > div.home-awards-item > div.home-awards-item__bg > img.home-awards__desktop-image,si,cumple,,,R04,2026-09-09,,"nombre accesible: ""Prof. Bo LI""",sin CMP detectada
58,mundo,HKUST,https://hkust.edu.hk/,1.1.1,qt1vmo,Image accessible name is descriptive,47,span.field-content > div.home-awards-item > div.home-awards-item__bg > img.home-awards__desktop-image,si,REVISAR,,,R04,2026-09-09,,"JUICIO HUMANO. ¿El nombre sirve un proposito equivalente al contenido no textual? nombre: ""Prof. Bo LI"" | src: les/styles/hkust_our_faculty/public/awards/bli_-3_-1.jpg?itok=cLGjbYyZ",sin CMP detectada
58,mundo,HKUST,https://hkust.edu.hk/,1.1.1,e88epe,Image not in the accessibility tree is decorative,48,span.field-content > div.home-awards-item > div.home-awards-item__bg > img.home-awards__mobile-image,no,,,,R04,2026-09-09,,Fuera del arbol de accesibilidad: se trata como decorativa.,sin CMP detectada
58,mundo,HKUST,https://hkust.edu.hk/,1.1.1,23a2a8,Image has non-empty accessible name,49,span.field-content > div.home-awards-item > div.home-awards-item__bg > img.home-awards__desktop-image,si,cumple,,,R04,2026-09-09,,"nombre accesible: ""Prof. Hongbo FU""",sin CMP detectada
58,mundo,HKUST,https://hkust.edu.hk/,1.1.1,qt1vmo,Image accessible name is descriptive,49,span.field-content > div.home-awards-item > div.home-awards-item__bg > img.home-awards__desktop-image,si,REVISAR,,,R04,2026-09-09,,"JUICIO HUMANO. ¿El nombre sirve un proposito equivalente al contenido no textual? nombre: ""Prof. Hongbo FU"" | src: es/hkust_our_faculty/public/awards/Prof_FU_Hongbo_Sq.jpg?itok=HFmcIQ3M",sin CMP detectada
58,mundo,HKUST,https://hkust.edu.hk/,1.1.1,e88epe,Image not in the accessibility tree is decorative,50,span.field-content > div.home-awards-item > div.home-awards-item__bg > img.home-awards__mobile-image,no,,,,R04,2026-09-09,,Fuera del arbol de accesibilidad: se trata como decorativa.,sin CMP detectada
58,mundo,HKUST,https://hkust.edu.hk/,1.1.1,23a2a8,Image has non-empty accessible name,51,span.field-content > div.home-awards-item > div.home-awards-item__bg > img.home-awards__desktop-image,si,cumple,,,R04,2026-09-09,,"nombre accesible: ""Prof. Hnin Yin Yin NYEIN""",sin CMP detectada
58,mundo,HKUST,https://hkust.edu.hk/,1.1.1,qt1vmo,Image accessible name is descriptive,51,span.field-content > div.home-awards-item > div.home-awards-item__bg > img.home-awards__desktop-image,si,REVISAR,,,R04,2026-09-09,,"JUICIO HUMANO. ¿El nombre sirve un proposito equivalente al contenido no textual? nombre: ""Prof. Hnin Yin Yin NYEIN"" | src: s/Phot_for_Prof_NYEI_Hnin_P20061_01_054_-_Copy_r_0_0.png?itok=7TY1auI8",sin CMP detectada
58,mundo,HKUST,https://hkust.edu.hk/,1.1.1,e88epe,Image not in the accessibility tree is decorative,52,span.field-content > div.home-awards-item > div.home-awards-item__bg > img.home-awards__mobile-image,no,,,,R04,2026-09-09,,Fuera del arbol de accesibilidad: se trata como decorativa.,sin CMP detectada
58,mundo,HKUST,https://hkust.edu.hk/,1.1.1,23a2a8,Image has non-empty accessible name,53,div.container > div.home-sustain__description > div.home-sustain__logo > img,si,cumple,,,R04,2026-09-09,,"nombre accesible: ""sustainable development goals""",sin CMP detectada
58,mundo,HKUST,https://hkust.edu.hk/,1.1.1,qt1vmo,Image accessible name is descriptive,53,div.container > div.home-sustain__description > div.home-sustain__logo > img,si,REVISAR,,,R04,2026-09-09,,"JUICIO HUMANO. ¿El nombre sirve un proposito equivalente al contenido no textual? nombre: ""sustainable development goals"" | src: hkust.edu.hk/sites/default/files/2024-03/sustainable%20development.png",sin CMP detectada
58,mundo,HKUST,https://hkust.edu.hk/,1.1.1,23a2a8,Image has non-empty accessible name,54,div.home-sustain__slider--slide > div.home-sustain__item > div.home-sustain__item--bg > img,si,cumple,,,R04,2026-09-09,,"nombre accesible: ""SDG 1""",sin CMP detectada
58,mundo,HKUST,https://hkust.edu.hk/,1.1.1,qt1vmo,Image accessible name is descriptive,54,div.home-sustain__slider--slide > div.home-sustain__item > div.home-sustain__item--bg > img,si,REVISAR,,,R04,2026-09-09,,"JUICIO HUMANO. ¿El nombre sirve un proposito equivalente al contenido no textual? nombre: ""SDG 1"" | src: lt/files/styles/hkust_home_sdgs/public/2025-01/SDG_1.png?itok=iYthAnh8",sin CMP detectada
58,mundo,HKUST,https://hkust.edu.hk/,1.1.1,23a2a8,Image has non-empty accessible name,55,div.home-sustain__slider--slide > div.home-sustain__item > div.home-sustain__item--bg > img,si,cumple,,,R04,2026-09-09,,"nombre accesible: ""SDG 2""",sin CMP detectada
58,mundo,HKUST,https://hkust.edu.hk/,1.1.1,qt1vmo,Image accessible name is descriptive,55,div.home-sustain__slider--slide > div.home-sustain__item > div.home-sustain__item--bg > img,si,REVISAR,,,R04,2026-09-09,,"JUICIO HUMANO. ¿El nombre sirve un proposito equivalente al contenido no textual? nombre: ""SDG 2"" | src: lt/files/styles/hkust_home_sdgs/public/2025-01/SDG_2.png?itok=SplxdFoI",sin CMP detectada
58,mundo,HKUST,https://hkust.edu.hk/,1.1.1,23a2a8,Image has non-empty accessible name,56,div.home-sustain__slider--slide > div.home-sustain__item > div.home-sustain__item--bg > img,si,cumple,,,R04,2026-09-09,,"nombre accesible: ""SDG 3""",sin CMP detectada
58,mundo,HKUST,https://hkust.edu.hk/,1.1.1,qt1vmo,Image accessible name is descriptive,56,div.home-sustain__slider--slide > div.home-sustain__item > div.home-sustain__item--bg > img,si,REVISAR,,,R04,2026-09-09,,"JUICIO HUMANO. ¿El nombre sirve un proposito equivalente al contenido no textual? nombre: ""SDG 3"" | src: lt/files/styles/hkust_home_sdgs/public/2025-01/SDG_3.png?itok=_DUXi63o",sin CMP detectada
58,mundo,HKUST,https://hkust.edu.hk/,1.1.1,23a2a8,Image has non-empty accessible name,57,div.home-sustain__slider--slide > div.home-sustain__item > div.home-sustain__item--bg > img,si,cumple,,,R04,2026-09-09,,"nombre accesible: ""SDG 4""",sin CMP detectada
58,mundo,HKUST,https://hkust.edu.hk/,1.1.1,qt1vmo,Image accessible name is descriptive,57,div.home-sustain__slider--slide > div.home-sustain__item > div.home-sustain__item--bg > img,si,REVISAR,,,R04,2026-09-09,,"JUICIO HUMANO. ¿El nombre sirve un proposito equivalente al contenido no textual? nombre: ""SDG 4"" | src: lt/files/styles/hkust_home_sdgs/public/2025-01/SDG_4.png?itok=WsN420ew",sin CMP detectada
58,mundo,HKUST,https://hkust.edu.hk/,1.1.1,23a2a8,Image has non-empty accessible name,58,div.home-sustain__slider--slide > div.home-sustain__item > div.home-sustain__item--bg > img,si,cumple,,,R04,2026-09-09,,"nombre accesible: ""SDG 5""",sin CMP detectada
58,mundo,HKUST,https://hkust.edu.hk/,1.1.1,qt1vmo,Image accessible name is descriptive,58,div.home-sustain__slider--slide > div.home-sustain__item > div.home-sustain__item--bg > img,si,REVISAR,,,R04,2026-09-09,,"JUICIO HUMANO. ¿El nombre sirve un proposito equivalente al contenido no textual? nombre: ""SDG 5"" | src: lt/files/styles/hkust_home_sdgs/public/2025-01/SDG_5.png?itok=chbqC1xW",sin CMP detectada
58,mundo,HKUST,https://hkust.edu.hk/,1.1.1,23a2a8,Image has non-empty accessible name,59,div.home-sustain__slider--slide > div.home-sustain__item > div.home-sustain__item--bg > img,si,cumple,,,R04,2026-09-09,,"nombre accesible: ""SDG 6""",sin CMP detectada
58,mundo,HKUST,https://hkust.edu.hk/,1.1.1,qt1vmo,Image accessible name is descriptive,59,div.home-sustain__slider--slide > div.home-sustain__item > div.home-sustain__item--bg > img,si,REVISAR,,,R04,2026-09-09,,"JUICIO HUMANO. ¿El nombre sirve un proposito equivalente al contenido no textual? nombre: ""SDG 6"" | src: lt/files/styles/hkust_home_sdgs/public/2025-01/SDG_6.png?itok=2Ks1dkYc",sin CMP detectada
58,mundo,HKUST,https://hkust.edu.hk/,1.1.1,23a2a8,Image has non-empty accessible name,60,div.home-sustain__slider--slide > div.home-sustain__item > div.home-sustain__item--bg > img,si,cumple,,,R04,2026-09-09,,"nombre accesible: ""SDG 7""",sin CMP detectada
58,mundo,HKUST,https://hkust.edu.hk/,1.1.1,qt1vmo,Image accessible name is descriptive,60,div.home-sustain__slider--slide > div.home-sustain__item > div.home-sustain__item--bg > img,si,REVISAR,,,R04,2026-09-09,,"JUICIO HUMANO. ¿El nombre sirve un proposito equivalente al contenido no textual? nombre: ""SDG 7"" | src: lt/files/styles/hkust_home_sdgs/public/2025-01/SDG_7.png?itok=-LuSx0at",sin CMP detectada
58,mundo,HKUST,https://hkust.edu.hk/,1.1.1,23a2a8,Image has non-empty accessible name,61,div.home-sustain__slider--slide > div.home-sustain__item > div.home-sustain__item--bg > img,si,cumple,,,R04,2026-09-09,,"nombre accesible: ""SDG 9""",sin CMP detectada
58,mundo,HKUST,https://hkust.edu.hk/,1.1.1,qt1vmo,Image accessible name is descriptive,61,div.home-sustain__slider--slide > div.home-sustain__item > div.home-sustain__item--bg > img,si,REVISAR,,,R04,2026-09-09,,"JUICIO HUMANO. ¿El nombre sirve un proposito equivalente al contenido no textual? nombre: ""SDG 9"" | src: lt/files/styles/hkust_home_sdgs/public/2025-01/SDG_9.png?itok=ov997cE7",sin CMP detectada
58,mundo,HKUST,https://hkust.edu.hk/,1.1.1,23a2a8,Image has non-empty accessible name,62,div.home-sustain__slider--slide > div.home-sustain__item > div.home-sustain__item--bg > img,si,cumple,,,R04,2026-09-09,,"nombre accesible: ""SDG 9""",sin CMP detectada
58,mundo,HKUST,https://hkust.edu.hk/,1.1.1,qt1vmo,Image accessible name is descriptive,62,div.home-sustain__slider--slide > div.home-sustain__item > div.home-sustain__item--bg > img,si,REVISAR,,,R04,2026-09-09,,"JUICIO HUMANO. ¿El nombre sirve un proposito equivalente al contenido no textual? nombre: ""SDG 9"" | src: /files/styles/hkust_home_sdgs/public/2025-01/SDG_9_0.png?itok=2Y29XZJn",sin CMP detectada
58,mundo,HKUST,https://hkust.edu.hk/,1.1.1,23a2a8,Image has non-empty accessible name,63,div.home-sustain__slider--slide > div.home-sustain__item > div.home-sustain__item--bg > img,si,cumple,,,R04,2026-09-09,,"nombre accesible: ""SDG 10""",sin CMP detectada
58,mundo,HKUST,https://hkust.edu.hk/,1.1.1,qt1vmo,Image accessible name is descriptive,63,div.home-sustain__slider--slide > div.home-sustain__item > div.home-sustain__item--bg > img,si,REVISAR,,,R04,2026-09-09,,"JUICIO HUMANO. ¿El nombre sirve un proposito equivalente al contenido no textual? nombre: ""SDG 10"" | src: t/files/styles/hkust_home_sdgs/public/2025-01/SDG_10.png?itok=hY80Xdck",sin CMP detectada
58,mundo,HKUST,https://hkust.edu.hk/,1.1.1,23a2a8,Image has non-empty accessible name,64,div.home-sustain__slider--slide > div.home-sustain__item > div.home-sustain__item--bg > img,si,cumple,,,R04,2026-09-09,,"nombre accesible: ""SDG 11""",sin CMP detectada
58,mundo,HKUST,https://hkust.edu.hk/,1.1.1,qt1vmo,Image accessible name is descriptive,64,div.home-sustain__slider--slide > div.home-sustain__item > div.home-sustain__item--bg > img,si,REVISAR,,,R04,2026-09-09,,"JUICIO HUMANO. ¿El nombre sirve un proposito equivalente al contenido no textual? nombre: ""SDG 11"" | src: t/files/styles/hkust_home_sdgs/public/2025-01/SDG_11.png?itok=zXeat7f1",sin CMP detectada
58,mundo,HKUST,https://hkust.edu.hk/,1.1.1,23a2a8,Image has non-empty accessible name,65,div.home-sustain__slider--slide > div.home-sustain__item > div.home-sustain__item--bg > img,si,cumple,,,R04,2026-09-09,,"nombre accesible: ""SDG 12""",sin CMP detectada
58,mundo,HKUST,https://hkust.edu.hk/,1.1.1,qt1vmo,Image accessible name is descriptive,65,div.home-sustain__slider--slide > div.home-sustain__item > div.home-sustain__item--bg > img,si,REVISAR,,,R04,2026-09-09,,"JUICIO HUMANO. ¿El nombre sirve un proposito equivalente al contenido no textual? nombre: ""SDG 12"" | src: t/files/styles/hkust_home_sdgs/public/2025-01/SDG_12.png?itok=fkpuIMTl",sin CMP detectada
58,mundo,HKUST,https://hkust.edu.hk/,1.1.1,23a2a8,Image has non-empty accessible name,66,div.home-sustain__slider--slide > div.home-sustain__item > div.home-sustain__item--bg > img,si,cumple,,,R04,2026-09-09,,"nombre accesible: ""SDG 13""",sin CMP detectada
58,mundo,HKUST,https://hkust.edu.hk/,1.1.1,qt1vmo,Image accessible name is descriptive,66,div.home-sustain__slider--slide > div.home-sustain__item > div.home-sustain__item--bg > img,si,REVISAR,,,R04,2026-09-09,,"JUICIO HUMANO. ¿El nombre sirve un proposito equivalente al contenido no textual? nombre: ""SDG 13"" | src: t/files/styles/hkust_home_sdgs/public/2025-01/SDG_13.png?itok=b6C6jhTg",sin CMP detectada
58,mundo,HKUST,https://hkust.edu.hk/,1.1.1,23a2a8,Image has non-empty accessible name,67,div.home-sustain__slider--slide > div.home-sustain__item > div.home-sustain__item--bg > img,si,cumple,,,R04,2026-09-09,,"nombre accesible: ""SDG 14""",sin CMP detectada
58,mundo,HKUST,https://hkust.edu.hk/,1.1.1,qt1vmo,Image accessible name is descriptive,67,div.home-sustain__slider--slide > div.home-sustain__item > div.home-sustain__item--bg > img,si,REVISAR,,,R04,2026-09-09,,"JUICIO HUMANO. ¿El nombre sirve un proposito equivalente al contenido no textual? nombre: ""SDG 14"" | src: t/files/styles/hkust_home_sdgs/public/2025-01/SDG_14.png?itok=ZLQJN4eG",sin CMP detectada
58,mundo,HKUST,https://hkust.edu.hk/,1.1.1,23a2a8,Image has non-empty accessible name,68,div.home-sustain__slider--slide > div.home-sustain__item > div.home-sustain__item--bg > img,si,cumple,,,R04,2026-09-09,,"nombre accesible: ""SDG 15""",sin CMP detectada
58,mundo,HKUST,https://hkust.edu.hk/,1.1.1,qt1vmo,Image accessible name is descriptive,68,div.home-sustain__slider--slide > div.home-sustain__item > div.home-sustain__item--bg > img,si,REVISAR,,,R04,2026-09-09,,"JUICIO HUMANO. ¿El nombre sirve un proposito equivalente al contenido no textual? nombre: ""SDG 15"" | src: t/files/styles/hkust_home_sdgs/public/2025-01/SDG_15.png?itok=h-CAKY2s",sin CMP detectada
58,mundo,HKUST,https://hkust.edu.hk/,1.1.1,23a2a8,Image has non-empty accessible name,69,div.home-sustain__slider--slide > div.home-sustain__item > div.home-sustain__item--bg > img,si,cumple,,,R04,2026-09-09,,"nombre accesible: ""SDG 16""",sin CMP detectada
58,mundo,HKUST,https://hkust.edu.hk/,1.1.1,qt1vmo,Image accessible name is descriptive,69,div.home-sustain__slider--slide > div.home-sustain__item > div.home-sustain__item--bg > img,si,REVISAR,,,R04,2026-09-09,,"JUICIO HUMANO. ¿El nombre sirve un proposito equivalente al contenido no textual? nombre: ""SDG 16"" | src: t/files/styles/hkust_home_sdgs/public/2025-01/SDG_16.png?itok=cg2GXyCm",sin CMP detectada
58,mundo,HKUST,https://hkust.edu.hk/,1.1.1,23a2a8,Image has non-empty accessible name,70,div.home-sustain__slider--slide > div.home-sustain__item > div.home-sustain__item--bg > img,si,cumple,,,R04,2026-09-09,,"nombre accesible: ""SDG 17""",sin CMP detectada
58,mundo,HKUST,https://hkust.edu.hk/,1.1.1,qt1vmo,Image accessible name is descriptive,70,div.home-sustain__slider--slide > div.home-sustain__item > div.home-sustain__item--bg > img,si,REVISAR,,,R04,2026-09-09,,"JUICIO HUMANO. ¿El nombre sirve un proposito equivalente al contenido no textual? nombre: ""SDG 17"" | src: t/files/styles/hkust_home_sdgs/public/2025-01/SDG_17.png?itok=x1cToHLM",sin CMP detectada
58,mundo,HKUST,https://hkust.edu.hk/,1.1.1,e88epe,Image not in the accessibility tree is decorative,71,div.home-events > div.home-events__listing-wrapper > div.home-events__gallery > img,no,,,,R04,2026-09-09,,Fuera del arbol de accesibilidad: se trata como decorativa.,sin CMP detectada
58,mundo,HKUST,https://hkust.edu.hk/,1.1.1,e88epe,Image not in the accessibility tree is decorative,72,div.home-events > div.home-events__listing-wrapper > div.home-events__gallery > img,no,,,,R04,2026-09-09,,Fuera del arbol de accesibilidad: se trata como decorativa.,sin CMP detectada
58,mundo,HKUST,https://hkust.edu.hk/,1.1.1,e88epe,Image not in the accessibility tree is decorative,73,div.home-events > div.home-events__listing-wrapper > div.home-events__gallery > img,no,,,,R04,2026-09-09,,Fuera del arbol de accesibilidad: se trata como decorativa.,sin CMP detectada
58,mundo,HKUST,https://hkust.edu.hk/,1.1.1,e88epe,Image not in the accessibility tree is decorative,74,div.home-events > div.home-events__listing-wrapper > div.home-events__gallery > img,no,,,,R04,2026-09-09,,Fuera del arbol de accesibilidad: se trata como decorativa.,sin CMP detectada
58,mundo,HKUST,https://hkust.edu.hk/,1.1.1,e88epe,Image not in the accessibility tree is decorative,75,div.home-events > div.home-events__listing-wrapper > div.home-events__gallery > img,no,,,,R04,2026-09-09,,Fuera del arbol de accesibilidad: se trata como decorativa.,sin CMP detectada
58,mundo,HKUST,https://hkust.edu.hk/,1.1.1,e88epe,Image not in the accessibility tree is decorative,76,div.home-events > div.home-events__listing-wrapper > div.home-events__gallery > img,no,,,,R04,2026-09-09,,Fuera del arbol de accesibilidad: se trata como decorativa.,sin CMP detectada
58,mundo,HKUST,https://hkust.edu.hk/,1.1.1,e88epe,Image not in the accessibility tree is decorative,77,div.home-events > div.home-events__listing-wrapper > div.home-events__gallery > img,no,,,,R04,2026-09-09,,Fuera del arbol de accesibilidad: se trata como decorativa.,sin CMP detectada
58,mundo,HKUST,https://hkust.edu.hk/,1.1.1,e88epe,Image not in the accessibility tree is decorative,78,div.home-events > div.home-events__listing-wrapper > div.home-events__gallery > img.active,no,,,,R04,2026-09-09,,Fuera del arbol de accesibilidad: se trata como decorativa.,sin CMP detectada
58,mundo,HKUST,https://hkust.edu.hk/,1.1.1,e88epe,Image not in the accessibility tree is decorative,79,div.footer__bottom-section > div.footer__logo > div.field > img,no,,,,R04,2026-09-09,,Fuera del arbol de accesibilidad: se trata como decorativa.,sin CMP detectada
58,mundo,HKUST,https://hkust.edu.hk/,1.1.1,23a2a8,Image has non-empty accessible name,80,div.footer__privacy > div.footer__logo > div.field > img,si,cumple,,,R04,2026-09-09,,"nombre accesible: ""HKUST""",sin CMP detectada
58,mundo,HKUST,https://hkust.edu.hk/,1.1.1,qt1vmo,Image accessible name is descriptive,80,div.footer__privacy > div.footer__logo > div.field > img,si,REVISAR,,,R04,2026-09-09,,"JUICIO HUMANO. ¿El nombre sirve un proposito equivalente al contenido no textual? nombre: ""HKUST"" | src: https://hkust.edu.hk/sites/default/files/2024-03/HKUST_logo_1.svg",sin CMP detectada
58,mundo,HKUST,https://hkust.edu.hk/,1.1.1,23a2a8,Image has non-empty accessible name,81,div.footer__awards > a.footer__awards-image-link > div.footer__awards-image > img,si,cumple,,,R04,2026-09-09,,"nombre accesible: ""usthk""",sin CMP detectada
58,mundo,HKUST,https://hkust.edu.hk/,1.1.1,qt1vmo,Image accessible name is descriptive,81,div.footer__awards > a.footer__awards-image-link > div.footer__awards-image > img,si,REVISAR,,,R04,2026-09-09,,"JUICIO HUMANO. ¿El nombre sirve un proposito equivalente al contenido no textual? nombre: ""usthk"" | src: https://hkust.edu.hk/sites/default/files/2025-01/ust.hk_Blue_EN.svg",sin CMP detectada
58,mundo,HKUST,https://hkust.edu.hk/,1.1.1,23a2a8,Image has non-empty accessible name,82,div.footer__awards > a.footer__awards-image-link > div.footer__awards-image > img,si,cumple,,,R04,2026-09-09,,"nombre accesible: ""Digital Accessibility Recognition Scheme""",sin CMP detectada
58,mundo,HKUST,https://hkust.edu.hk/,1.1.1,qt1vmo,Image accessible name is descriptive,82,div.footer__awards > a.footer__awards-image-link > div.footer__awards-image > img,si,REVISAR,,,R04,2026-09-09,,"JUICIO HUMANO. ¿El nombre sirve un proposito equivalente al contenido no textual? nombre: ""Digital Accessibility Recognition Scheme"" | src: https://hkust.edu.hk/sites/default/files/2025-06/DARS-Elderly-Logo.svg",sin CMP detectada
58,mundo,HKUST,https://hkust.edu.hk/,1.1.1,23a2a8,Image has non-empty accessible name,83,div.footer__awards > a.footer__awards-image-link > div.footer__awards-image > img,si,cumple,,,R04,2026-09-09,,"nombre accesible: ""Digital Accessibility Recognition Scheme""",sin CMP detectada
58,mundo,HKUST,https://hkust.edu.hk/,1.1.1,qt1vmo,Image accessible name is descriptive,83,div.footer__awards > a.footer__awards-image-link > div.footer__awards-image > img,si,REVISAR,,,R04,2026-09-09,,"JUICIO HUMANO. ¿El nombre sirve un proposito equivalente al contenido no textual? nombre: ""Digital Accessibility Recognition Scheme"" | src: https://hkust.edu.hk/sites/default/files/2025-06/DARS-Logo.svg",sin CMP detectada
58,mundo,HKUST,https://hkust.edu.hk/,1.1.1,23a2a8,Image has non-empty accessible name,84,div.footer__awards > a.footer__awards-image-link > div.footer__awards-image > img,si,cumple,,,R04,2026-09-09,,"nombre accesible: ""Caring Organization Award""",sin CMP detectada
58,mundo,HKUST,https://hkust.edu.hk/,1.1.1,qt1vmo,Image accessible name is descriptive,84,div.footer__awards > a.footer__awards-image-link > div.footer__awards-image > img,si,REVISAR,,,R04,2026-09-09,,"JUICIO HUMANO. ¿El nombre sirve un proposito equivalente al contenido no textual? nombre: ""Caring Organization Award"" | src: https://hkust.edu.hk/sites/default/files/2024-03/award-2_1.svg",sin CMP detectada
58,mundo,HKUST,https://hkust.edu.hk/,2.4.4,c487ae,Link has non-empty accessible name,1,html.no-touchevents > body.path-frontpage > a.visually-hidden,si,cumple,,,R04,2026-09-09,,"nombre: ""Skip to main content""",sin CMP detectada
58,mundo,HKUST,https://hkust.edu.hk/,2.4.4,5effbb,Link in context is descriptive,1,html.no-touchevents > body.path-frontpage > a.visually-hidden,si,REVISAR,,SIN CONTEXTO PROGRAMATICO,R04,2026-09-09,,"JUICIO HUMANO. ¿Nombre + contexto describen el proposito? nombre: ""Skip to main content"" | href: #main-content | AVISO: no hay parrafo, elemento de lista ni celda que lo contenga. Un div o article envolvente NO es contexto programatico.",sin CMP detectada
58,mundo,HKUST,https://hkust.edu.hk/,2.4.4,c487ae,Link has non-empty accessible name,2,header.header > div.header__wrapper > div.header__logo > a.cover-link,si,cumple,,,R04,2026-09-09,,"nombre: ""HKUST Link""",sin CMP detectada
58,mundo,HKUST,https://hkust.edu.hk/,2.4.4,5effbb,Link in context is descriptive,2,header.header > div.header__wrapper > div.header__logo > a.cover-link,si,REVISAR,,SIN CONTEXTO PROGRAMATICO,R04,2026-09-09,,"JUICIO HUMANO. ¿Nombre + contexto describen el proposito? nombre: ""HKUST Link"" | href: https://hkust.edu.hk/ | AVISO: no hay parrafo, elemento de lista ni celda que lo contenga. Un div o article envolvente NO es contexto programatico.",sin CMP detectada
58,mundo,HKUST,https://hkust.edu.hk/,2.4.4,c487ae,Link has non-empty accessible name,3,header.header > div.header__wrapper > div.header__tool > a.header__search-icon,si,falla,,,R04,2026-09-09,,href: #,sin CMP detectada
58,mundo,HKUST,https://hkust.edu.hk/,2.4.4,c487ae,Link has non-empty accessible name,4,div.header__menu-scroller > ul.menu > li.menu-item > a,si,cumple,,,R04,2026-09-09,,"nombre: ""About""",sin CMP detectada
58,mundo,HKUST,https://hkust.edu.hk/,2.4.4,5effbb,Link in context is descriptive,4,div.header__menu-scroller > ul.menu > li.menu-item > a,si,REVISAR,,About HKUST Mission & Vision Strategic Plan Governance & Leadership Our Story Milestones Rankings & Figures Awards & Recognitions Internationalization Mainland ,R04,2026-09-09,,"JUICIO HUMANO. ¿Nombre + contexto describen el proposito? nombre: ""About"" | href: /about",sin CMP detectada
58,mundo,HKUST,https://hkust.edu.hk/,2.4.4,c487ae,Link has non-empty accessible name,5,li.menu-item > ul.menu > li.menu-item > a,si,cumple,,,R04,2026-09-09,,"nombre: ""Mission & Vision""",sin CMP detectada
58,mundo,HKUST,https://hkust.edu.hk/,2.4.4,5effbb,Link in context is descriptive,5,li.menu-item > ul.menu > li.menu-item > a,si,REVISAR,,Mission & Vision,R04,2026-09-09,,"JUICIO HUMANO. ¿Nombre + contexto describen el proposito? nombre: ""Mission & Vision"" | href: /mission-vision",sin CMP detectada
58,mundo,HKUST,https://hkust.edu.hk/,2.4.4,c487ae,Link has non-empty accessible name,6,li.menu-item > ul.menu > li.menu-item > a,si,cumple,,,R04,2026-09-09,,"nombre: ""Strategic Plan""",sin CMP detectada
58,mundo,HKUST,https://hkust.edu.hk/,2.4.4,5effbb,Link in context is descriptive,6,li.menu-item > ul.menu > li.menu-item > a,si,REVISAR,,Strategic Plan,R04,2026-09-09,,"JUICIO HUMANO. ¿Nombre + contexto describen el proposito? nombre: ""Strategic Plan"" | href: https://strategicplan.hkust.edu.hk/",sin CMP detectada
58,mundo,HKUST,https://hkust.edu.hk/,2.4.4,c487ae,Link has non-empty accessible name,7,li.menu-item > ul.menu > li.menu-item > a,si,cumple,,,R04,2026-09-09,,"nombre: ""Governance & Leadership""",sin CMP detectada
58,mundo,HKUST,https://hkust.edu.hk/,2.4.4,5effbb,Link in context is descriptive,7,li.menu-item > ul.menu > li.menu-item > a,si,REVISAR,,Governance & Leadership,R04,2026-09-09,,"JUICIO HUMANO. ¿Nombre + contexto describen el proposito? nombre: ""Governance & Leadership"" | href: /about/leadership",sin CMP detectada
58,mundo,HKUST,https://hkust.edu.hk/,2.4.4,c487ae,Link has non-empty accessible name,8,li.menu-item > ul.menu > li.menu-item > a,si,cumple,,,R04,2026-09-09,,"nombre: ""Our Story""",sin CMP detectada
58,mundo,HKUST,https://hkust.edu.hk/,2.4.4,5effbb,Link in context is descriptive,8,li.menu-item > ul.menu > li.menu-item > a,si,REVISAR,,Our Story,R04,2026-09-09,,"JUICIO HUMANO. ¿Nombre + contexto describen el proposito? nombre: ""Our Story"" | href: /about#story",sin CMP detectada
58,mundo,HKUST,https://hkust.edu.hk/,2.4.4,c487ae,Link has non-empty accessible name,9,li.menu-item > ul.menu > li.menu-item > a,si,cumple,,,R04,2026-09-09,,"nombre: ""Milestones""",sin CMP detectada
58,mundo,HKUST,https://hkust.edu.hk/,2.4.4,5effbb,Link in context is descriptive,9,li.menu-item > ul.menu > li.menu-item > a,si,REVISAR,,Milestones,R04,2026-09-09,,"JUICIO HUMANO. ¿Nombre + contexto describen el proposito? nombre: ""Milestones"" | href: https://hkust.edu.hk/about/milestones",sin CMP detectada
58,mundo,HKUST,https://hkust.edu.hk/,2.4.4,c487ae,Link has non-empty accessible name,10,li.menu-item > ul.menu > li.menu-item > a,si,cumple,,,R04,2026-09-09,,"nombre: ""Rankings & Figures""",sin CMP detectada
58,mundo,HKUST,https://hkust.edu.hk/,2.4.4,5effbb,Link in context is descriptive,10,li.menu-item > ul.menu > li.menu-item > a,si,REVISAR,,Rankings & Figures,R04,2026-09-09,,"JUICIO HUMANO. ¿Nombre + contexto describen el proposito? nombre: ""Rankings & Figures"" | href: /about/ranking",sin CMP detectada
58,mundo,HKUST,https://hkust.edu.hk/,2.4.4,c487ae,Link has non-empty accessible name,11,li.menu-item > ul.menu > li.menu-item > a.is-active,si,cumple,,,R04,2026-09-09,,"nombre: ""Awards & Recognitions""",sin CMP detectada
58,mundo,HKUST,https://hkust.edu.hk/,2.4.4,5effbb,Link in context is descriptive,11,li.menu-item > ul.menu > li.menu-item > a.is-active,si,REVISAR,,Awards & Recognitions,R04,2026-09-09,,"JUICIO HUMANO. ¿Nombre + contexto describen el proposito? nombre: ""Awards & Recognitions"" | href: /#awards",sin CMP detectada
58,mundo,HKUST,https://hkust.edu.hk/,2.4.4,c487ae,Link has non-empty accessible name,12,li.menu-item > ul.menu > li.menu-item > a,si,cumple,,,R04,2026-09-09,,"nombre: ""Internationalization""",sin CMP detectada
58,mundo,HKUST,https://hkust.edu.hk/,2.4.4,5effbb,Link in context is descriptive,12,li.menu-item > ul.menu > li.menu-item > a,si,REVISAR,,Internationalization,R04,2026-09-09,,"JUICIO HUMANO. ¿Nombre + contexto describen el proposito? nombre: ""Internationalization"" | href: /internationalization",sin CMP detectada
58,mundo,HKUST,https://hkust.edu.hk/,2.4.4,c487ae,Link has non-empty accessible name,13,li.menu-item > ul.menu > li.menu-item > a,si,cumple,,,R04,2026-09-09,,"nombre: ""Mainland Engagement""",sin CMP detectada
58,mundo,HKUST,https://hkust.edu.hk/,2.4.4,5effbb,Link in context is descriptive,13,li.menu-item > ul.menu > li.menu-item > a,si,REVISAR,,Mainland Engagement,R04,2026-09-09,,"JUICIO HUMANO. ¿Nombre + contexto describen el proposito? nombre: ""Mainland Engagement"" | href: /mainland-engagement",sin CMP detectada
58,mundo,HKUST,https://hkust.edu.hk/,2.4.4,c487ae,Link has non-empty accessible name,14,li.menu-item > ul.menu > li.menu-item > a,si,cumple,,,R04,2026-09-09,,"nombre: ""Sustainability""",sin CMP detectada
58,mundo,HKUST,https://hkust.edu.hk/,2.4.4,5effbb,Link in context is descriptive,14,li.menu-item > ul.menu > li.menu-item > a,si,REVISAR,,Sustainability,R04,2026-09-09,,"JUICIO HUMANO. ¿Nombre + contexto describen el proposito? nombre: ""Sustainability"" | href: /sustainability",sin CMP detectada
58,mundo,HKUST,https://hkust.edu.hk/,2.4.4,c487ae,Link has non-empty accessible name,15,li.menu-item > ul.menu > li.menu-item > a,si,cumple,,,R04,2026-09-09,,"nombre: ""Alumni""",sin CMP detectada
58,mundo,HKUST,https://hkust.edu.hk/,2.4.4,5effbb,Link in context is descriptive,15,li.menu-item > ul.menu > li.menu-item > a,si,REVISAR,,Alumni,R04,2026-09-09,,"JUICIO HUMANO. ¿Nombre + contexto describen el proposito? nombre: ""Alumni"" | href: /alumni",sin CMP detectada
58,mundo,HKUST,https://hkust.edu.hk/,2.4.4,c487ae,Link has non-empty accessible name,16,li.menu-item > ul.menu > li.menu-item > a.ext,si,cumple,,,R04,2026-09-09,,"nombre: ""HKUST (GZ)""",sin CMP detectada
58,mundo,HKUST,https://hkust.edu.hk/,2.4.4,5effbb,Link in context is descriptive,16,li.menu-item > ul.menu > li.menu-item > a.ext,si,REVISAR,,HKUST (GZ),R04,2026-09-09,,"JUICIO HUMANO. ¿Nombre + contexto describen el proposito? nombre: ""HKUST (GZ)"" | href: https://www.hkust-gz.edu.cn/",sin CMP detectada
58,mundo,HKUST,https://hkust.edu.hk/,2.4.4,c487ae,Link has non-empty accessible name,17,ul.menu > li.menu-item > ul.menu > a.explore-section,si,cumple,,,R04,2026-09-09,,"nombre: ""Explore Section""",sin CMP detectada
58,mundo,HKUST,https://hkust.edu.hk/,2.4.4,5effbb,Link in context is descriptive,17,ul.menu > li.menu-item > ul.menu > a.explore-section,si,REVISAR,,About HKUST Mission & Vision Strategic Plan Governance & Leadership Our Story Milestones Rankings & Figures Awards & Recognitions Internationalization Mainland ,R04,2026-09-09,,"JUICIO HUMANO. ¿Nombre + contexto describen el proposito? nombre: ""Explore Section"" | href: /about",sin CMP detectada
58,mundo,HKUST,https://hkust.edu.hk/,2.4.4,c487ae,Link has non-empty accessible name,18,div.header__menu-scroller > ul.menu > li.menu-item > a,si,cumple,,,R04,2026-09-09,,"nombre: ""Academics""",sin CMP detectada
58,mundo,HKUST,https://hkust.edu.hk/,2.4.4,5effbb,Link in context is descriptive,18,div.header__menu-scroller > ul.menu > li.menu-item > a,si,REVISAR,,Academics Teaching & Learning Our Faculty School of Science School of Engineering School of Business and Management School of Humanities and Social Science Scho,R04,2026-09-09,,"JUICIO HUMANO. ¿Nombre + contexto describen el proposito? nombre: ""Academics"" | href: /academics",sin CMP detectada
58,mundo,HKUST,https://hkust.edu.hk/,2.4.4,c487ae,Link has non-empty accessible name,19,li.menu-item > ul.menu > li.menu-item > a,si,cumple,,,R04,2026-09-09,,"nombre: ""Teaching & Learning""",sin CMP detectada
58,mundo,HKUST,https://hkust.edu.hk/,2.4.4,5effbb,Link in context is descriptive,19,li.menu-item > ul.menu > li.menu-item > a,si,REVISAR,,Teaching & Learning,R04,2026-09-09,,"JUICIO HUMANO. ¿Nombre + contexto describen el proposito? nombre: ""Teaching & Learning"" | href: /academics#teaching",sin CMP detectada
58,mundo,HKUST,https://hkust.edu.hk/,2.4.4,c487ae,Link has non-empty accessible name,20,li.menu-item > ul.menu > li.menu-item > a,si,cumple,,,R04,2026-09-09,,"nombre: ""Our Faculty""",sin CMP detectada
58,mundo,HKUST,https://hkust.edu.hk/,2.4.4,5effbb,Link in context is descriptive,20,li.menu-item > ul.menu > li.menu-item > a,si,REVISAR,,Our Faculty,R04,2026-09-09,,"JUICIO HUMANO. ¿Nombre + contexto describen el proposito? nombre: ""Our Faculty"" | href: /academics#faculty",sin CMP detectada
58,mundo,HKUST,https://hkust.edu.hk/,2.4.4,c487ae,Link has non-empty accessible name,21,li.menu-item > ul.menu > li.menu-item > a,si,cumple,,,R04,2026-09-09,,"nombre: ""School of Science""",sin CMP detectada
58,mundo,HKUST,https://hkust.edu.hk/,2.4.4,5effbb,Link in context is descriptive,21,li.menu-item > ul.menu > li.menu-item > a,si,REVISAR,,School of Science,R04,2026-09-09,,"JUICIO HUMANO. ¿Nombre + contexto describen el proposito? nombre: ""School of Science"" | href: https://science.hkust.edu.hk/",sin CMP detectada
58,mundo,HKUST,https://hkust.edu.hk/,2.4.4,c487ae,Link has non-empty accessible name,22,li.menu-item > ul.menu > li.menu-item > a,si,cumple,,,R04,2026-09-09,,"nombre: ""School of Engineering""",sin CMP detectada
58,mundo,HKUST,https://hkust.edu.hk/,2.4.4,5effbb,Link in context is descriptive,22,li.menu-item > ul.menu > li.menu-item > a,si,REVISAR,,School of Engineering,R04,2026-09-09,,"JUICIO HUMANO. ¿Nombre + contexto describen el proposito? nombre: ""School of Engineering"" | href: https://seng.hkust.edu.hk/",sin CMP detectada
58,mundo,HKUST,https://hkust.edu.hk/,2.4.4,c487ae,Link has non-empty accessible name,23,li.menu-item > ul.menu > li.menu-item > a,si,cumple,,,R04,2026-09-09,,"nombre: ""School of Business and Management""",sin CMP detectada
58,mundo,HKUST,https://hkust.edu.hk/,2.4.4,5effbb,Link in context is descriptive,23,li.menu-item > ul.menu > li.menu-item > a,si,REVISAR,,School of Business and Management,R04,2026-09-09,,"JUICIO HUMANO. ¿Nombre + contexto describen el proposito? nombre: ""School of Business and Management"" | href: https://bm.hkust.edu.hk/",sin CMP detectada
58,mundo,HKUST,https://hkust.edu.hk/,2.4.4,c487ae,Link has non-empty accessible name,24,li.menu-item > ul.menu > li.menu-item > a,si,cumple,,,R04,2026-09-09,,"nombre: ""School of Humanities and Social Science""",sin CMP detectada
58,mundo,HKUST,https://hkust.edu.hk/,2.4.4,5effbb,Link in context is descriptive,24,li.menu-item > ul.menu > li.menu-item > a,si,REVISAR,,School of Humanities and Social Science,R04,2026-09-09,,"JUICIO HUMANO. ¿Nombre + contexto describen el proposito? nombre: ""School of Humanities and Social Science"" | href: https://shss.hkust.edu.hk/",sin CMP detectada
58,mundo,HKUST,https://hkust.edu.hk/,2.4.4,c487ae,Link has non-empty accessible name,25,li.menu-item > ul.menu > li.menu-item > a,si,cumple,,,R04,2026-09-09,,"nombre: ""School of Medicine""",sin CMP detectada
58,mundo,HKUST,https://hkust.edu.hk/,2.4.4,5effbb,Link in context is descriptive,25,li.menu-item > ul.menu > li.menu-item > a,si,REVISAR,,School of Medicine,R04,2026-09-09,,"JUICIO HUMANO. ¿Nombre + contexto describen el proposito? nombre: ""School of Medicine"" | href: https://medicine.hkust.edu.hk/",sin CMP detectada
58,mundo,HKUST,https://hkust.edu.hk/,2.4.4,c487ae,Link has non-empty accessible name,26,li.menu-item > ul.menu > li.menu-item > a,si,cumple,,,R04,2026-09-09,,"nombre: ""Academy of Interdisciplinary Studies""",sin CMP detectada
58,mundo,HKUST,https://hkust.edu.hk/,2.4.4,5effbb,Link in context is descriptive,26,li.menu-item > ul.menu > li.menu-item > a,si,REVISAR,,Academy of Interdisciplinary Studies,R04,2026-09-09,,"JUICIO HUMANO. ¿Nombre + contexto describen el proposito? nombre: ""Academy of Interdisciplinary Studies"" | href: https://ais.hkust.edu.hk/",sin CMP detectada
58,mundo,HKUST,https://hkust.edu.hk/,2.4.4,c487ae,Link has non-empty accessible name,27,li.menu-item > ul.menu > li.menu-item > a,si,cumple,,,R04,2026-09-09,,"nombre: ""Programs & Courses""",sin CMP detectada
58,mundo,HKUST,https://hkust.edu.hk/,2.4.4,5effbb,Link in context is descriptive,27,li.menu-item > ul.menu > li.menu-item > a,si,REVISAR,,Programs & Courses,R04,2026-09-09,,"JUICIO HUMANO. ¿Nombre + contexto describen el proposito? nombre: ""Programs & Courses"" | href: /academics#programs",sin CMP detectada
58,mundo,HKUST,https://hkust.edu.hk/,2.4.4,c487ae,Link has non-empty accessible name,28,ul.menu > li.menu-item > ul.menu > a.explore-section,si,cumple,,,R04,2026-09-09,,"nombre: ""Explore Section""",sin CMP detectada
58,mundo,HKUST,https://hkust.edu.hk/,2.4.4,5effbb,Link in context is descriptive,28,ul.menu > li.menu-item > ul.menu > a.explore-section,si,REVISAR,,Academics Teaching & Learning Our Faculty School of Science School of Engineering School of Business and Management School of Humanities and Social Science Scho,R04,2026-09-09,,"JUICIO HUMANO. ¿Nombre + contexto describen el proposito? nombre: ""Explore Section"" | href: /academics",sin CMP detectada
58,mundo,HKUST,https://hkust.edu.hk/,2.4.4,c487ae,Link has non-empty accessible name,29,div.header__menu-scroller > ul.menu > li.menu-item > a,si,cumple,,,R04,2026-09-09,,"nombre: ""News & Stories""",sin CMP detectada
58,mundo,HKUST,https://hkust.edu.hk/,2.4.4,5effbb,Link in context is descriptive,29,div.header__menu-scroller > ul.menu > li.menu-item > a,si,REVISAR,,News & Stories News & Stories Boundless HKUST in the Media Explore Section,R04,2026-09-09,,"JUICIO HUMANO. ¿Nombre + contexto describen el proposito? nombre: ""News & Stories"" | href: /news/listing",sin CMP detectada
58,mundo,HKUST,https://hkust.edu.hk/,2.4.4,c487ae,Link has non-empty accessible name,30,li.menu-item > ul.menu > li.menu-item > a,si,cumple,,,R04,2026-09-09,,"nombre: ""News & Stories""",sin CMP detectada
58,mundo,HKUST,https://hkust.edu.hk/,2.4.4,5effbb,Link in context is descriptive,30,li.menu-item > ul.menu > li.menu-item > a,si,REVISAR,,News & Stories,R04,2026-09-09,,"JUICIO HUMANO. ¿Nombre + contexto describen el proposito? nombre: ""News & Stories"" | href: /news/listing",sin CMP detectada
58,mundo,HKUST,https://hkust.edu.hk/,2.4.4,c487ae,Link has non-empty accessible name,31,li.menu-item > ul.menu > li.menu-item > a,si,cumple,,,R04,2026-09-09,,"nombre: ""Boundless""",sin CMP detectada
58,mundo,HKUST,https://hkust.edu.hk/,2.4.4,5effbb,Link in context is descriptive,31,li.menu-item > ul.menu > li.menu-item > a,si,REVISAR,,Boundless,R04,2026-09-09,,"JUICIO HUMANO. ¿Nombre + contexto describen el proposito? nombre: ""Boundless"" | href: https://hkust.edu.hk/boundless",sin CMP detectada
58,mundo,HKUST,https://hkust.edu.hk/,2.4.4,c487ae,Link has non-empty accessible name,32,li.menu-item > ul.menu > li.menu-item > a,si,cumple,,,R04,2026-09-09,,"nombre: ""HKUST in the Media""",sin CMP detectada
58,mundo,HKUST,https://hkust.edu.hk/,2.4.4,5effbb,Link in context is descriptive,32,li.menu-item > ul.menu > li.menu-item > a,si,REVISAR,,HKUST in the Media,R04,2026-09-09,,"JUICIO HUMANO. ¿Nombre + contexto describen el proposito? nombre: ""HKUST in the Media"" | href: /news/hkust-in-the-media",sin CMP detectada
58,mundo,HKUST,https://hkust.edu.hk/,2.4.4,c487ae,Link has non-empty accessible name,33,ul.menu > li.menu-item > ul.menu > a.explore-section,si,cumple,,,R04,2026-09-09,,"nombre: ""Explore Section""",sin CMP detectada
58,mundo,HKUST,https://hkust.edu.hk/,2.4.4,5effbb,Link in context is descriptive,33,ul.menu > li.menu-item > ul.menu > a.explore-section,si,REVISAR,,News & Stories News & Stories Boundless HKUST in the Media Explore Section,R04,2026-09-09,,"JUICIO HUMANO. ¿Nombre + contexto describen el proposito? nombre: ""Explore Section"" | href: /news/listing",sin CMP detectada
58,mundo,HKUST,https://hkust.edu.hk/,2.4.4,c487ae,Link has non-empty accessible name,34,div.header__menu-scroller > ul.menu > li.menu-item > a,si,cumple,,,R04,2026-09-09,,"nombre: ""Admissions""",sin CMP detectada
58,mundo,HKUST,https://hkust.edu.hk/,2.4.4,5effbb,Link in context is descriptive,34,div.header__menu-scroller > ul.menu > li.menu-item > a,si,REVISAR,,"Admissions Undergraduate Admissions Postgraduate Admissions Scholarship, Financial Aid and Insurance Student Exchange Visiting Students & Interns A Taste of HKU",R04,2026-09-09,,"JUICIO HUMANO. ¿Nombre + contexto describen el proposito? nombre: ""Admissions"" | href: /admissions",sin CMP detectada
58,mundo,HKUST,https://hkust.edu.hk/,2.4.4,c487ae,Link has non-empty accessible name,35,li.menu-item > ul.menu > li.menu-item > a,si,cumple,,,R04,2026-09-09,,"nombre: ""Undergraduate Admissions""",sin CMP detectada
58,mundo,HKUST,https://hkust.edu.hk/,2.4.4,5effbb,Link in context is descriptive,35,li.menu-item > ul.menu > li.menu-item > a,si,REVISAR,,Undergraduate Admissions,R04,2026-09-09,,"JUICIO HUMANO. ¿Nombre + contexto describen el proposito? nombre: ""Undergraduate Admissions"" | href: /admissions#undergraduate",sin CMP detectada
58,mundo,HKUST,https://hkust.edu.hk/,2.4.4,c487ae,Link has non-empty accessible name,36,li.menu-item > ul.menu > li.menu-item > a,si,cumple,,,R04,2026-09-09,,"nombre: ""Postgraduate Admissions""",sin CMP detectada
58,mundo,HKUST,https://hkust.edu.hk/,2.4.4,5effbb,Link in context is descriptive,36,li.menu-item > ul.menu > li.menu-item > a,si,REVISAR,,Postgraduate Admissions,R04,2026-09-09,,"JUICIO HUMANO. ¿Nombre + contexto describen el proposito? nombre: ""Postgraduate Admissions"" | href: /admissions#postgraduate",sin CMP detectada
58,mundo,HKUST,https://hkust.edu.hk/,2.4.4,c487ae,Link has non-empty accessible name,37,li.menu-item > ul.menu > li.menu-item > a,si,cumple,,,R04,2026-09-09,,"nombre: ""Scholarship, Financial Aid and Insurance""",sin CMP detectada
58,mundo,HKUST,https://hkust.edu.hk/,2.4.4,5effbb,Link in context is descriptive,37,li.menu-item > ul.menu > li.menu-item > a,si,REVISAR,,"Scholarship, Financial Aid and Insurance",R04,2026-09-09,,"JUICIO HUMANO. ¿Nombre + contexto describen el proposito? nombre: ""Scholarship, Financial Aid and Insurance"" | href: /admissions#scholarship",sin CMP detectada
58,mundo,HKUST,https://hkust.edu.hk/,2.4.4,c487ae,Link has non-empty accessible name,38,li.menu-item > ul.menu > li.menu-item > a,si,cumple,,,R04,2026-09-09,,"nombre: ""Student Exchange""",sin CMP detectada
58,mundo,HKUST,https://hkust.edu.hk/,2.4.4,5effbb,Link in context is descriptive,38,li.menu-item > ul.menu > li.menu-item > a,si,REVISAR,,Student Exchange,R04,2026-09-09,,"JUICIO HUMANO. ¿Nombre + contexto describen el proposito? nombre: ""Student Exchange"" | href: /admissions#exchange",sin CMP detectada
58,mundo,HKUST,https://hkust.edu.hk/,2.4.4,c487ae,Link has non-empty accessible name,39,li.menu-item > ul.menu > li.menu-item > a,si,cumple,,,R04,2026-09-09,,"nombre: ""Visiting Students & Interns""",sin CMP detectada
58,mundo,HKUST,https://hkust.edu.hk/,2.4.4,5effbb,Link in context is descriptive,39,li.menu-item > ul.menu > li.menu-item > a,si,REVISAR,,Visiting Students & Interns,R04,2026-09-09,,"JUICIO HUMANO. ¿Nombre + contexto describen el proposito? nombre: ""Visiting Students & Interns"" | href: /admissions#visiting",sin CMP detectada
58,mundo,HKUST,https://hkust.edu.hk/,2.4.4,c487ae,Link has non-empty accessible name,40,li.menu-item > ul.menu > li.menu-item > a,si,cumple,,,R04,2026-09-09,,"nombre: ""A Taste of HKUST""",sin CMP detectada
58,mundo,HKUST,https://hkust.edu.hk/,2.4.4,5effbb,Link in context is descriptive,40,li.menu-item > ul.menu > li.menu-item > a,si,REVISAR,,A Taste of HKUST,R04,2026-09-09,,"JUICIO HUMANO. ¿Nombre + contexto describen el proposito? nombre: ""A Taste of HKUST"" | href: /admissions#taste-of-hkust",sin CMP detectada
58,mundo,HKUST,https://hkust.edu.hk/,2.4.4,c487ae,Link has non-empty accessible name,41,ul.menu > li.menu-item > ul.menu > a.explore-section,si,cumple,,,R04,2026-09-09,,"nombre: ""Explore Section""",sin CMP detectada
58,mundo,HKUST,https://hkust.edu.hk/,2.4.4,5effbb,Link in context is descriptive,41,ul.menu > li.menu-item > ul.menu > a.explore-section,si,REVISAR,,"Admissions Undergraduate Admissions Postgraduate Admissions Scholarship, Financial Aid and Insurance Student Exchange Visiting Students & Interns A Taste of HKU",R04,2026-09-09,,"JUICIO HUMANO. ¿Nombre + contexto describen el proposito? nombre: ""Explore Section"" | href: /admissions",sin CMP detectada
58,mundo,HKUST,https://hkust.edu.hk/,2.4.4,c487ae,Link has non-empty accessible name,42,div.header__menu-scroller > ul.menu > li.menu-item > a,si,cumple,,,R04,2026-09-09,,"nombre: ""Life@UST""",sin CMP detectada
58,mundo,HKUST,https://hkust.edu.hk/,2.4.4,5effbb,Link in context is descriptive,42,div.header__menu-scroller > ul.menu > li.menu-item > a,si,REVISAR,,Life@UST Arts and Culture Diversity and Inclusion Community Outreach Wellness & Sports Student Enrichment A Taste of Work Life Living on Campus Student Life New,R04,2026-09-09,,"JUICIO HUMANO. ¿Nombre + contexto describen el proposito? nombre: ""Life@UST"" | href: /life-ust",sin CMP detectada
58,mundo,HKUST,https://hkust.edu.hk/,2.4.4,c487ae,Link has non-empty accessible name,43,li.menu-item > ul.menu > li.menu-item > a,si,cumple,,,R04,2026-09-09,,"nombre: ""Arts and Culture""",sin CMP detectada
58,mundo,HKUST,https://hkust.edu.hk/,2.4.4,5effbb,Link in context is descriptive,43,li.menu-item > ul.menu > li.menu-item > a,si,REVISAR,,Arts and Culture,R04,2026-09-09,,"JUICIO HUMANO. ¿Nombre + contexto describen el proposito? nombre: ""Arts and Culture"" | href: /life-ust#arts",sin CMP detectada
58,mundo,HKUST,https://hkust.edu.hk/,2.4.4,c487ae,Link has non-empty accessible name,44,li.menu-item > ul.menu > li.menu-item > a,si,cumple,,,R04,2026-09-09,,"nombre: ""Diversity and Inclusion""",sin CMP detectada
58,mundo,HKUST,https://hkust.edu.hk/,2.4.4,5effbb,Link in context is descriptive,44,li.menu-item > ul.menu > li.menu-item > a,si,REVISAR,,Diversity and Inclusion,R04,2026-09-09,,"JUICIO HUMANO. ¿Nombre + contexto describen el proposito? nombre: ""Diversity and Inclusion"" | href: /life-ust#diversity",sin CMP detectada
58,mundo,HKUST,https://hkust.edu.hk/,2.4.4,c487ae,Link has non-empty accessible name,45,li.menu-item > ul.menu > li.menu-item > a,si,cumple,,,R04,2026-09-09,,"nombre: ""Community Outreach""",sin CMP detectada
58,mundo,HKUST,https://hkust.edu.hk/,2.4.4,5effbb,Link in context is descriptive,45,li.menu-item > ul.menu > li.menu-item > a,si,REVISAR,,Community Outreach,R04,2026-09-09,,"JUICIO HUMANO. ¿Nombre + contexto describen el proposito? nombre: ""Community Outreach"" | href: /life-ust#outreach",sin CMP detectada
58,mundo,HKUST,https://hkust.edu.hk/,2.4.4,c487ae,Link has non-empty accessible name,46,li.menu-item > ul.menu > li.menu-item > a,si,cumple,,,R04,2026-09-09,,"nombre: ""Wellness & Sports""",sin CMP detectada
58,mundo,HKUST,https://hkust.edu.hk/,2.4.4,5effbb,Link in context is descriptive,46,li.menu-item > ul.menu > li.menu-item > a,si,REVISAR,,Wellness & Sports,R04,2026-09-09,,"JUICIO HUMANO. ¿Nombre + contexto describen el proposito? nombre: ""Wellness & Sports"" | href: /life-ust#wellness",sin CMP detectada
58,mundo,HKUST,https://hkust.edu.hk/,2.4.4,c487ae,Link has non-empty accessible name,47,li.menu-item > ul.menu > li.menu-item > a,si,cumple,,,R04,2026-09-09,,"nombre: ""Student Enrichment""",sin CMP detectada
58,mundo,HKUST,https://hkust.edu.hk/,2.4.4,5effbb,Link in context is descriptive,47,li.menu-item > ul.menu > li.menu-item > a,si,REVISAR,,Student Enrichment,R04,2026-09-09,,"JUICIO HUMANO. ¿Nombre + contexto describen el proposito? nombre: ""Student Enrichment"" | href: /life-ust#enrichment",sin CMP detectada
58,mundo,HKUST,https://hkust.edu.hk/,2.4.4,c487ae,Link has non-empty accessible name,48,li.menu-item > ul.menu > li.menu-item > a,si,cumple,,,R04,2026-09-09,,"nombre: ""A Taste of Work Life""",sin CMP detectada
58,mundo,HKUST,https://hkust.edu.hk/,2.4.4,5effbb,Link in context is descriptive,48,li.menu-item > ul.menu > li.menu-item > a,si,REVISAR,,A Taste of Work Life,R04,2026-09-09,,"JUICIO HUMANO. ¿Nombre + contexto describen el proposito? nombre: ""A Taste of Work Life"" | href: /life-ust#work-life",sin CMP detectada
58,mundo,HKUST,https://hkust.edu.hk/,2.4.4,c487ae,Link has non-empty accessible name,49,li.menu-item > ul.menu > li.menu-item > a,si,cumple,,,R04,2026-09-09,,"nombre: ""Living on Campus""",sin CMP detectada
58,mundo,HKUST,https://hkust.edu.hk/,2.4.4,5effbb,Link in context is descriptive,49,li.menu-item > ul.menu > li.menu-item > a,si,REVISAR,,Living on Campus,R04,2026-09-09,,"JUICIO HUMANO. ¿Nombre + contexto describen el proposito? nombre: ""Living on Campus"" | href: /life-ust#living-on-campus",sin CMP detectada
58,mundo,HKUST,https://hkust.edu.hk/,2.4.4,c487ae,Link has non-empty accessible name,50,li.menu-item > ul.menu > li.menu-item > a,si,cumple,,,R04,2026-09-09,,"nombre: ""Student Life News""",sin CMP detectada
58,mundo,HKUST,https://hkust.edu.hk/,2.4.4,5effbb,Link in context is descriptive,50,li.menu-item > ul.menu > li.menu-item > a,si,REVISAR,,Student Life News,R04,2026-09-09,,"JUICIO HUMANO. ¿Nombre + contexto describen el proposito? nombre: ""Student Life News"" | href: /life-ust#news",sin CMP detectada
58,mundo,HKUST,https://hkust.edu.hk/,2.4.4,c487ae,Link has non-empty accessible name,51,ul.menu > li.menu-item > ul.menu > a.explore-section,si,cumple,,,R04,2026-09-09,,"nombre: ""Explore Section""",sin CMP detectada
58,mundo,HKUST,https://hkust.edu.hk/,2.4.4,5effbb,Link in context is descriptive,51,ul.menu > li.menu-item > ul.menu > a.explore-section,si,REVISAR,,Life@UST Arts and Culture Diversity and Inclusion Community Outreach Wellness & Sports Student Enrichment A Taste of Work Life Living on Campus Student Life New,R04,2026-09-09,,"JUICIO HUMANO. ¿Nombre + contexto describen el proposito? nombre: ""Explore Section"" | href: /life-ust",sin CMP detectada
58,mundo,HKUST,https://hkust.edu.hk/,2.4.4,c487ae,Link has non-empty accessible name,52,div.header__menu-scroller > ul.menu > li.menu-item > a,si,cumple,,,R04,2026-09-09,,"nombre: ""Research""",sin CMP detectada
58,mundo,HKUST,https://hkust.edu.hk/,2.4.4,5effbb,Link in context is descriptive,52,div.header__menu-scroller > ul.menu > li.menu-item > a,si,REVISAR,,Research Research Highlight & Achievement Research News Research Focus Impact Cases Research Enterprise Support & Opportunities for Researchers Research Opportu,R04,2026-09-09,,"JUICIO HUMANO. ¿Nombre + contexto describen el proposito? nombre: ""Research"" | href: /research",sin CMP detectada
58,mundo,HKUST,https://hkust.edu.hk/,2.4.4,c487ae,Link has non-empty accessible name,53,li.menu-item > ul.menu > li.menu-item > a,si,cumple,,,R04,2026-09-09,,"nombre: ""Research Highlight & Achievement""",sin CMP detectada
58,mundo,HKUST,https://hkust.edu.hk/,2.4.4,5effbb,Link in context is descriptive,53,li.menu-item > ul.menu > li.menu-item > a,si,REVISAR,,Research Highlight & Achievement,R04,2026-09-09,,"JUICIO HUMANO. ¿Nombre + contexto describen el proposito? nombre: ""Research Highlight & Achievement"" | href: /research#highlight",sin CMP detectada
58,mundo,HKUST,https://hkust.edu.hk/,2.4.4,c487ae,Link has non-empty accessible name,54,li.menu-item > ul.menu > li.menu-item > a,si,cumple,,,R04,2026-09-09,,"nombre: ""Research News""",sin CMP detectada
58,mundo,HKUST,https://hkust.edu.hk/,2.4.4,5effbb,Link in context is descriptive,54,li.menu-item > ul.menu > li.menu-item > a,si,REVISAR,,Research News,R04,2026-09-09,,"JUICIO HUMANO. ¿Nombre + contexto describen el proposito? nombre: ""Research News"" | href: /research#news",sin CMP detectada
58,mundo,HKUST,https://hkust.edu.hk/,2.4.4,c487ae,Link has non-empty accessible name,55,li.menu-item > ul.menu > li.menu-item > a,si,cumple,,,R04,2026-09-09,,"nombre: ""Research Focus""",sin CMP detectada
58,mundo,HKUST,https://hkust.edu.hk/,2.4.4,5effbb,Link in context is descriptive,55,li.menu-item > ul.menu > li.menu-item > a,si,REVISAR,,Research Focus,R04,2026-09-09,,"JUICIO HUMANO. ¿Nombre + contexto describen el proposito? nombre: ""Research Focus"" | href: /research#focus",sin CMP detectada
58,mundo,HKUST,https://hkust.edu.hk/,2.4.4,c487ae,Link has non-empty accessible name,56,li.menu-item > ul.menu > li.menu-item > a,si,cumple,,,R04,2026-09-09,,"nombre: ""Impact Cases""",sin CMP detectada
58,mundo,HKUST,https://hkust.edu.hk/,2.4.4,5effbb,Link in context is descriptive,56,li.menu-item > ul.menu > li.menu-item > a,si,REVISAR,,Impact Cases,R04,2026-09-09,,"JUICIO HUMANO. ¿Nombre + contexto describen el proposito? nombre: ""Impact Cases"" | href: /research#focus",sin CMP detectada
58,mundo,HKUST,https://hkust.edu.hk/,2.4.4,c487ae,Link has non-empty accessible name,57,li.menu-item > ul.menu > li.menu-item > a,si,cumple,,,R04,2026-09-09,,"nombre: ""Research Enterprise""",sin CMP detectada
58,mundo,HKUST,https://hkust.edu.hk/,2.4.4,5effbb,Link in context is descriptive,57,li.menu-item > ul.menu > li.menu-item > a,si,REVISAR,,Research Enterprise,R04,2026-09-09,,"JUICIO HUMANO. ¿Nombre + contexto describen el proposito? nombre: ""Research Enterprise"" | href: /research#enterprise",sin CMP detectada
58,mundo,HKUST,https://hkust.edu.hk/,2.4.4,c487ae,Link has non-empty accessible name,58,li.menu-item > ul.menu > li.menu-item > a,si,cumple,,,R04,2026-09-09,,"nombre: ""Support & Opportunities for Researchers""",sin CMP detectada
58,mundo,HKUST,https://hkust.edu.hk/,2.4.4,5effbb,Link in context is descriptive,58,li.menu-item > ul.menu > li.menu-item > a,si,REVISAR,,Support & Opportunities for Researchers,R04,2026-09-09,,"JUICIO HUMANO. ¿Nombre + contexto describen el proposito? nombre: ""Support & Opportunities for Researchers"" | href: /research#support",sin CMP detectada
58,mundo,HKUST,https://hkust.edu.hk/,2.4.4,c487ae,Link has non-empty accessible name,59,li.menu-item > ul.menu > li.menu-item > a,si,cumple,,,R04,2026-09-09,,"nombre: ""Research Opportunities Programs""",sin CMP detectada
58,mundo,HKUST,https://hkust.edu.hk/,2.4.4,5effbb,Link in context is descriptive,59,li.menu-item > ul.menu > li.menu-item > a,si,REVISAR,,Research Opportunities Programs,R04,2026-09-09,,"JUICIO HUMANO. ¿Nombre + contexto describen el proposito? nombre: ""Research Opportunities Programs"" | href: /research#programs",sin CMP detectada
58,mundo,HKUST,https://hkust.edu.hk/,2.4.4,c487ae,Link has non-empty accessible name,60,li.menu-item > ul.menu > li.menu-item > a,si,cumple,,,R04,2026-09-09,,"nombre: ""Research Collaboration""",sin CMP detectada
58,mundo,HKUST,https://hkust.edu.hk/,2.4.4,5effbb,Link in context is descriptive,60,li.menu-item > ul.menu > li.menu-item > a,si,REVISAR,,Research Collaboration,R04,2026-09-09,,"JUICIO HUMANO. ¿Nombre + contexto describen el proposito? nombre: ""Research Collaboration"" | href: /research#collaboration",sin CMP detectada
58,mundo,HKUST,https://hkust.edu.hk/,2.4.4,c487ae,Link has non-empty accessible name,61,ul.menu > li.menu-item > ul.menu > a.explore-section,si,cumple,,,R04,2026-09-09,,"nombre: ""Explore Section""",sin CMP detectada
58,mundo,HKUST,https://hkust.edu.hk/,2.4.4,5effbb,Link in context is descriptive,61,ul.menu > li.menu-item > ul.menu > a.explore-section,si,REVISAR,,Research Research Highlight & Achievement Research News Research Focus Impact Cases Research Enterprise Support & Opportunities for Researchers Research Opportu,R04,2026-09-09,,"JUICIO HUMANO. ¿Nombre + contexto describen el proposito? nombre: ""Explore Section"" | href: /research",sin CMP detectada
58,mundo,HKUST,https://hkust.edu.hk/,2.4.4,c487ae,Link has non-empty accessible name,62,div.header__menu-scroller > ul.menu > li.menu-item > a,si,cumple,,,R04,2026-09-09,,"nombre: ""Innovation & Entrepreneurship""",sin CMP detectada
58,mundo,HKUST,https://hkust.edu.hk/,2.4.4,5effbb,Link in context is descriptive,62,div.header__menu-scroller > ul.menu > li.menu-item > a,si,REVISAR,,Innovation & Entrepreneurship Facts & Figures Knowledge Transfer Events Success Stories Startups Entrepreneurship News Industry Collaboration Mainland Incubator,R04,2026-09-09,,"JUICIO HUMANO. ¿Nombre + contexto describen el proposito? nombre: ""Innovation & Entrepreneurship"" | href: /innovation-and-entrepreneurship",sin CMP detectada
58,mundo,HKUST,https://hkust.edu.hk/,2.4.4,c487ae,Link has non-empty accessible name,63,li.menu-item > ul.menu > li.menu-item > a,si,cumple,,,R04,2026-09-09,,"nombre: ""Facts & Figures""",sin CMP detectada
58,mundo,HKUST,https://hkust.edu.hk/,2.4.4,5effbb,Link in context is descriptive,63,li.menu-item > ul.menu > li.menu-item > a,si,REVISAR,,Facts & Figures,R04,2026-09-09,,"JUICIO HUMANO. ¿Nombre + contexto describen el proposito? nombre: ""Facts & Figures"" | href: /innovation-and-entrepreneurship#figures",sin CMP detectada
58,mundo,HKUST,https://hkust.edu.hk/,2.4.4,c487ae,Link has non-empty accessible name,64,li.menu-item > ul.menu > li.menu-item > a,si,cumple,,,R04,2026-09-09,,"nombre: ""Knowledge Transfer""",sin CMP detectada
58,mundo,HKUST,https://hkust.edu.hk/,2.4.4,5effbb,Link in context is descriptive,64,li.menu-item > ul.menu > li.menu-item > a,si,REVISAR,,Knowledge Transfer,R04,2026-09-09,,"JUICIO HUMANO. ¿Nombre + contexto describen el proposito? nombre: ""Knowledge Transfer"" | href: /innovation-and-entrepreneurship#knowledge",sin CMP detectada
58,mundo,HKUST,https://hkust.edu.hk/,2.4.4,c487ae,Link has non-empty accessible name,65,li.menu-item > ul.menu > li.menu-item > a,si,cumple,,,R04,2026-09-09,,"nombre: ""Events""",sin CMP detectada
58,mundo,HKUST,https://hkust.edu.hk/,2.4.4,5effbb,Link in context is descriptive,65,li.menu-item > ul.menu > li.menu-item > a,si,REVISAR,,Events,R04,2026-09-09,,"JUICIO HUMANO. ¿Nombre + contexto describen el proposito? nombre: ""Events"" | href: /innovation-and-entrepreneurship#events",sin CMP detectada
58,mundo,HKUST,https://hkust.edu.hk/,2.4.4,c487ae,Link has non-empty accessible name,66,li.menu-item > ul.menu > li.menu-item > a,si,cumple,,,R04,2026-09-09,,"nombre: ""Success Stories""",sin CMP detectada
58,mundo,HKUST,https://hkust.edu.hk/,2.4.4,5effbb,Link in context is descriptive,66,li.menu-item > ul.menu > li.menu-item > a,si,REVISAR,,Success Stories,R04,2026-09-09,,"JUICIO HUMANO. ¿Nombre + contexto describen el proposito? nombre: ""Success Stories"" | href: /innovation-and-entrepreneurship#stories",sin CMP detectada
58,mundo,HKUST,https://hkust.edu.hk/,2.4.4,c487ae,Link has non-empty accessible name,67,li.menu-item > ul.menu > li.menu-item > a,si,cumple,,,R04,2026-09-09,,"nombre: ""Startups""",sin CMP detectada
58,mundo,HKUST,https://hkust.edu.hk/,2.4.4,5effbb,Link in context is descriptive,67,li.menu-item > ul.menu > li.menu-item > a,si,REVISAR,,Startups,R04,2026-09-09,,"JUICIO HUMANO. ¿Nombre + contexto describen el proposito? nombre: ""Startups"" | href: /innovation-and-entrepreneurship#startups",sin CMP detectada
58,mundo,HKUST,https://hkust.edu.hk/,2.4.4,c487ae,Link has non-empty accessible name,68,li.menu-item > ul.menu > li.menu-item > a,si,cumple,,,R04,2026-09-09,,"nombre: ""Entrepreneurship News""",sin CMP detectada
58,mundo,HKUST,https://hkust.edu.hk/,2.4.4,5effbb,Link in context is descriptive,68,li.menu-item > ul.menu > li.menu-item > a,si,REVISAR,,Entrepreneurship News,R04,2026-09-09,,"JUICIO HUMANO. ¿Nombre + contexto describen el proposito? nombre: ""Entrepreneurship News"" | href: /innovation-and-entrepreneurship#entrepreneurship-news",sin CMP detectada
58,mundo,HKUST,https://hkust.edu.hk/,2.4.4,c487ae,Link has non-empty accessible name,69,li.menu-item > ul.menu > li.menu-item > a,si,cumple,,,R04,2026-09-09,,"nombre: ""Industry Collaboration""",sin CMP detectada
58,mundo,HKUST,https://hkust.edu.hk/,2.4.4,5effbb,Link in context is descriptive,69,li.menu-item > ul.menu > li.menu-item > a,si,REVISAR,,Industry Collaboration,R04,2026-09-09,,"JUICIO HUMANO. ¿Nombre + contexto describen el proposito? nombre: ""Industry Collaboration"" | href: /innovation-and-entrepreneurship#collaboration",sin CMP detectada
58,mundo,HKUST,https://hkust.edu.hk/,2.4.4,c487ae,Link has non-empty accessible name,70,li.menu-item > ul.menu > li.menu-item > a,si,cumple,,,R04,2026-09-09,,"nombre: ""Mainland Incubator""",sin CMP detectada
58,mundo,HKUST,https://hkust.edu.hk/,2.4.4,5effbb,Link in context is descriptive,70,li.menu-item > ul.menu > li.menu-item > a,si,REVISAR,,Mainland Incubator,R04,2026-09-09,,"JUICIO HUMANO. ¿Nombre + contexto describen el proposito? nombre: ""Mainland Incubator"" | href: /innovation-and-entrepreneurship#incubator",sin CMP detectada
58,mundo,HKUST,https://hkust.edu.hk/,2.4.4,c487ae,Link has non-empty accessible name,71,li.menu-item > ul.menu > li.menu-item > a,si,cumple,,,R04,2026-09-09,,"nombre: ""Entrepreneurship Education""",sin CMP detectada
58,mundo,HKUST,https://hkust.edu.hk/,2.4.4,5effbb,Link in context is descriptive,71,li.menu-item > ul.menu > li.menu-item > a,si,REVISAR,,Entrepreneurship Education,R04,2026-09-09,,"JUICIO HUMANO. ¿Nombre + contexto describen el proposito? nombre: ""Entrepreneurship Education"" | href: /innovation-and-entrepreneurship#education",sin CMP detectada
58,mundo,HKUST,https://hkust.edu.hk/,2.4.4,c487ae,Link has non-empty accessible name,72,ul.menu > li.menu-item > ul.menu > a.explore-section,si,cumple,,,R04,2026-09-09,,"nombre: ""Explore Section""",sin CMP detectada
58,mundo,HKUST,https://hkust.edu.hk/,2.4.4,5effbb,Link in context is descriptive,72,ul.menu > li.menu-item > ul.menu > a.explore-section,si,REVISAR,,Innovation & Entrepreneurship Facts & Figures Knowledge Transfer Events Success Stories Startups Entrepreneurship News Industry Collaboration Mainland Incubator,R04,2026-09-09,,"JUICIO HUMANO. ¿Nombre + contexto describen el proposito? nombre: ""Explore Section"" | href: /innovation-and-entrepreneurship",sin CMP detectada
58,mundo,HKUST,https://hkust.edu.hk/,2.4.4,c487ae,Link has non-empty accessible name,73,div.header__menu--short-cut > ul.menu > li.menu-item > a,si,cumple,,,R04,2026-09-09,,"nombre: ""Library""",sin CMP detectada
58,mundo,HKUST,https://hkust.edu.hk/,2.4.4,5effbb,Link in context is descriptive,73,div.header__menu--short-cut > ul.menu > li.menu-item > a,si,REVISAR,,Library,R04,2026-09-09,,"JUICIO HUMANO. ¿Nombre + contexto describen el proposito? nombre: ""Library"" | href: https://library.hkust.edu.hk/",sin CMP detectada
58,mundo,HKUST,https://hkust.edu.hk/,2.4.4,c487ae,Link has non-empty accessible name,74,div.header__menu--short-cut > ul.menu > li.menu-item > a,si,cumple,,,R04,2026-09-09,,"nombre: ""Shaw Auditorium""",sin CMP detectada
58,mundo,HKUST,https://hkust.edu.hk/,2.4.4,5effbb,Link in context is descriptive,74,div.header__menu--short-cut > ul.menu > li.menu-item > a,si,REVISAR,,Shaw Auditorium,R04,2026-09-09,,"JUICIO HUMANO. ¿Nombre + contexto describen el proposito? nombre: ""Shaw Auditorium"" | href: https://shaw-auditorium.hkust.edu.hk/",sin CMP detectada
58,mundo,HKUST,https://hkust.edu.hk/,2.4.4,c487ae,Link has non-empty accessible name,75,div.header__menu--short-cut > ul.menu > li.menu-item > a,si,cumple,,,R04,2026-09-09,,"nombre: ""Sports Facilities""",sin CMP detectada
58,mundo,HKUST,https://hkust.edu.hk/,2.4.4,5effbb,Link in context is descriptive,75,div.header__menu--short-cut > ul.menu > li.menu-item > a,si,REVISAR,,Sports Facilities,R04,2026-09-09,,"JUICIO HUMANO. ¿Nombre + contexto describen el proposito? nombre: ""Sports Facilities"" | href: https://dst.hkust.edu.hk/support-%26-resources/sports-facili",sin CMP detectada
58,mundo,HKUST,https://hkust.edu.hk/,2.4.4,c487ae,Link has non-empty accessible name,76,div.header__menu--short-cut > ul.menu > li.menu-item > a,si,cumple,,,R04,2026-09-09,,"nombre: ""Contact Us""",sin CMP detectada
58,mundo,HKUST,https://hkust.edu.hk/,2.4.4,5effbb,Link in context is descriptive,76,div.header__menu--short-cut > ul.menu > li.menu-item > a,si,REVISAR,,Contact Us,R04,2026-09-09,,"JUICIO HUMANO. ¿Nombre + contexto describen el proposito? nombre: ""Contact Us"" | href: /contact-us",sin CMP detectada
58,mundo,HKUST,https://hkust.edu.hk/,2.4.4,c487ae,Link has non-empty accessible name,77,div.header__menu-wrapper > ul.menu > li.menu-item > a,si,cumple,,,R04,2026-09-09,,"nombre: ""35th Anniversary Celebrations""",sin CMP detectada
58,mundo,HKUST,https://hkust.edu.hk/,2.4.4,5effbb,Link in context is descriptive,77,div.header__menu-wrapper > ul.menu > li.menu-item > a,si,REVISAR,,35th Anniversary Celebrations,R04,2026-09-09,,"JUICIO HUMANO. ¿Nombre + contexto describen el proposito? nombre: ""35th Anniversary Celebrations"" | href: https://35a.hkust.edu.hk/",sin CMP detectada
58,mundo,HKUST,https://hkust.edu.hk/,2.4.4,c487ae,Link has non-empty accessible name,78,li.menu-item > ul.menu > li.menu-item > a,si,cumple,,,R04,2026-09-09,,"nombre: ""Students""",sin CMP detectada
58,mundo,HKUST,https://hkust.edu.hk/,2.4.4,5effbb,Link in context is descriptive,78,li.menu-item > ul.menu > li.menu-item > a,si,REVISAR,,Students,R04,2026-09-09,,"JUICIO HUMANO. ¿Nombre + contexto describen el proposito? nombre: ""Students"" | href: /students",sin CMP detectada
58,mundo,HKUST,https://hkust.edu.hk/,2.4.4,c487ae,Link has non-empty accessible name,79,li.menu-item > ul.menu > li.menu-item > a,si,cumple,,,R04,2026-09-09,,"nombre: ""Staff""",sin CMP detectada
58,mundo,HKUST,https://hkust.edu.hk/,2.4.4,5effbb,Link in context is descriptive,79,li.menu-item > ul.menu > li.menu-item > a,si,REVISAR,,Staff,R04,2026-09-09,,"JUICIO HUMANO. ¿Nombre + contexto describen el proposito? nombre: ""Staff"" | href: /faculty-and-staff",sin CMP detectada
58,mundo,HKUST,https://hkust.edu.hk/,2.4.4,c487ae,Link has non-empty accessible name,80,li.menu-item > ul.menu > li.menu-item > a,si,cumple,,,R04,2026-09-09,,"nombre: ""Alumni""",sin CMP detectada
58,mundo,HKUST,https://hkust.edu.hk/,2.4.4,5effbb,Link in context is descriptive,80,li.menu-item > ul.menu > li.menu-item > a,si,REVISAR,,Alumni,R04,2026-09-09,,"JUICIO HUMANO. ¿Nombre + contexto describen el proposito? nombre: ""Alumni"" | href: /alumni",sin CMP detectada
58,mundo,HKUST,https://hkust.edu.hk/,2.4.4,c487ae,Link has non-empty accessible name,81,li.menu-item > ul.menu > li.menu-item > a,si,cumple,,,R04,2026-09-09,,"nombre: ""Media""",sin CMP detectada
58,mundo,HKUST,https://hkust.edu.hk/,2.4.4,5effbb,Link in context is descriptive,81,li.menu-item > ul.menu > li.menu-item > a,si,REVISAR,,Media,R04,2026-09-09,,"JUICIO HUMANO. ¿Nombre + contexto describen el proposito? nombre: ""Media"" | href: /news/listing",sin CMP detectada
58,mundo,HKUST,https://hkust.edu.hk/,2.4.4,c487ae,Link has non-empty accessible name,82,li.menu-item > ul.menu > li.menu-item > a,si,cumple,,,R04,2026-09-09,,"nombre: ""Public""",sin CMP detectada
58,mundo,HKUST,https://hkust.edu.hk/,2.4.4,5effbb,Link in context is descriptive,82,li.menu-item > ul.menu > li.menu-item > a,si,REVISAR,,Public,R04,2026-09-09,,"JUICIO HUMANO. ¿Nombre + contexto describen el proposito? nombre: ""Public"" | href: /about",sin CMP detectada
58,mundo,HKUST,https://hkust.edu.hk/,2.4.4,c487ae,Link has non-empty accessible name,83,li.menu-item > ul.menu > li.menu-item > a,si,cumple,,,R04,2026-09-09,,"nombre: ""Student Intranet""",sin CMP detectada
58,mundo,HKUST,https://hkust.edu.hk/,2.4.4,5effbb,Link in context is descriptive,83,li.menu-item > ul.menu > li.menu-item > a,si,REVISAR,,Student Intranet,R04,2026-09-09,,"JUICIO HUMANO. ¿Nombre + contexto describen el proposito? nombre: ""Student Intranet"" | href: https://hkust.edu.hk/stu_intranet/",sin CMP detectada
58,mundo,HKUST,https://hkust.edu.hk/,2.4.4,c487ae,Link has non-empty accessible name,84,li.menu-item > ul.menu > li.menu-item > a.ext,si,cumple,,,R04,2026-09-09,,"nombre: ""Staff Admin Intranet""",sin CMP detectada
58,mundo,HKUST,https://hkust.edu.hk/,2.4.4,5effbb,Link in context is descriptive,84,li.menu-item > ul.menu > li.menu-item > a.ext,si,REVISAR,,Staff Admin Intranet,R04,2026-09-09,,"JUICIO HUMANO. ¿Nombre + contexto describen el proposito? nombre: ""Staff Admin Intranet"" | href: https://my-ai.ust.hk/",sin CMP detectada
58,mundo,HKUST,https://hkust.edu.hk/,2.4.4,c487ae,Link has non-empty accessible name,85,li.menu-item > ul.menu > li.menu-item > a.ext,si,cumple,,,R04,2026-09-09,,"nombre: ""Alumni Intranet""",sin CMP detectada
58,mundo,HKUST,https://hkust.edu.hk/,2.4.4,5effbb,Link in context is descriptive,85,li.menu-item > ul.menu > li.menu-item > a.ext,si,REVISAR,,Alumni Intranet,R04,2026-09-09,,"JUICIO HUMANO. ¿Nombre + contexto describen el proposito? nombre: ""Alumni Intranet"" | href: https://w5.ab.ust.hk/jsan/",sin CMP detectada
58,mundo,HKUST,https://hkust.edu.hk/,2.4.4,c487ae,Link has non-empty accessible name,86,div.header__menu-wrapper > ul.menu > li.menu-item > a.ext,si,cumple,,,R04,2026-09-09,,"nombre: ""Event""",sin CMP detectada
58,mundo,HKUST,https://hkust.edu.hk/,2.4.4,5effbb,Link in context is descriptive,86,div.header__menu-wrapper > ul.menu > li.menu-item > a.ext,si,REVISAR,,Event,R04,2026-09-09,,"JUICIO HUMANO. ¿Nombre + contexto describen el proposito? nombre: ""Event"" | href: https://calendar.ust.hk/",sin CMP detectada
58,mundo,HKUST,https://hkust.edu.hk/,2.4.4,c487ae,Link has non-empty accessible name,87,div.header__menu-wrapper > ul.menu > li.menu-item > a,si,cumple,,,R04,2026-09-09,,"nombre: ""Giving""",sin CMP detectada
58,mundo,HKUST,https://hkust.edu.hk/,2.4.4,5effbb,Link in context is descriptive,87,div.header__menu-wrapper > ul.menu > li.menu-item > a,si,REVISAR,,Giving,R04,2026-09-09,,"JUICIO HUMANO. ¿Nombre + contexto describen el proposito? nombre: ""Giving"" | href: https://giving.hkust.edu.hk/en/index.php",sin CMP detectada
58,mundo,HKUST,https://hkust.edu.hk/,2.4.4,c487ae,Link has non-empty accessible name,88,div.header__menu-wrapper > ul.menu > li.menu-item > a.ext,si,cumple,,,R04,2026-09-09,,"nombre: ""Campus Map""",sin CMP detectada
58,mundo,HKUST,https://hkust.edu.hk/,2.4.4,5effbb,Link in context is descriptive,88,div.header__menu-wrapper > ul.menu > li.menu-item > a.ext,si,REVISAR,,Campus Map,R04,2026-09-09,,"JUICIO HUMANO. ¿Nombre + contexto describen el proposito? nombre: ""Campus Map"" | href: https://publish.ust.hk/univ/maps/Campus_Map_Color.pdf",sin CMP detectada
58,mundo,HKUST,https://hkust.edu.hk/,2.4.4,c487ae,Link has non-empty accessible name,89,div.header__menu-wrapper > ul.menu > li.menu-item > a.ext,si,cumple,,,R04,2026-09-09,,"nombre: ""AED Location""",sin CMP detectada
58,mundo,HKUST,https://hkust.edu.hk/,2.4.4,5effbb,Link in context is descriptive,89,div.header__menu-wrapper > ul.menu > li.menu-item > a.ext,si,REVISAR,,AED Location,R04,2026-09-09,,"JUICIO HUMANO. ¿Nombre + contexto describen el proposito? nombre: ""AED Location"" | href: https://navigate.ust.hk/path/app/",sin CMP detectada
58,mundo,HKUST,https://hkust.edu.hk/,2.4.4,c487ae,Link has non-empty accessible name,90,div.header__menu-wrapper > ul.menu > li.menu-item > a,si,cumple,,,R04,2026-09-09,,"nombre: ""Visit""",sin CMP detectada
58,mundo,HKUST,https://hkust.edu.hk/,2.4.4,5effbb,Link in context is descriptive,90,div.header__menu-wrapper > ul.menu > li.menu-item > a,si,REVISAR,,Visit,R04,2026-09-09,,"JUICIO HUMANO. ¿Nombre + contexto describen el proposito? nombre: ""Visit"" | href: /visit",sin CMP detectada
58,mundo,HKUST,https://hkust.edu.hk/,2.4.4,c487ae,Link has non-empty accessible name,91,div.header__menu-wrapper > ul.menu > li.menu-item > a,si,cumple,,,R04,2026-09-09,,"nombre: ""Career""",sin CMP detectada
58,mundo,HKUST,https://hkust.edu.hk/,2.4.4,5effbb,Link in context is descriptive,91,div.header__menu-wrapper > ul.menu > li.menu-item > a,si,REVISAR,,Career,R04,2026-09-09,,"JUICIO HUMANO. ¿Nombre + contexto describen el proposito? nombre: ""Career"" | href: https://hkustcareers.hkust.edu.hk/",sin CMP detectada
58,mundo,HKUST,https://hkust.edu.hk/,2.4.4,c487ae,Link has non-empty accessible name,92,div.header__menu-wrapper > ul.menu > li.menu-item > a,si,cumple,,,R04,2026-09-09,,"nombre: ""Academic Calendar""",sin CMP detectada
58,mundo,HKUST,https://hkust.edu.hk/,2.4.4,5effbb,Link in context is descriptive,92,div.header__menu-wrapper > ul.menu > li.menu-item > a,si,REVISAR,,Academic Calendar,R04,2026-09-09,,"JUICIO HUMANO. ¿Nombre + contexto describen el proposito? nombre: ""Academic Calendar"" | href: https://registry.hkust.edu.hk/resource-library/academic-cale",sin CMP detectada
58,mundo,HKUST,https://hkust.edu.hk/,2.4.4,c487ae,Link has non-empty accessible name,93,div.header__menu-wrapper > ul.menu > li.menu-item > a,si,cumple,,,R04,2026-09-09,,"nombre: ""Faculty Profiles""",sin CMP detectada
58,mundo,HKUST,https://hkust.edu.hk/,2.4.4,5effbb,Link in context is descriptive,93,div.header__menu-wrapper > ul.menu > li.menu-item > a,si,REVISAR,,Faculty Profiles,R04,2026-09-09,,"JUICIO HUMANO. ¿Nombre + contexto describen el proposito? nombre: ""Faculty Profiles"" | href: https://researchportal.hkust.edu.hk/",sin CMP detectada
58,mundo,HKUST,https://hkust.edu.hk/,2.4.4,c487ae,Link has non-empty accessible name,94,div.header__menu-wrapper > ul.menu > li.menu-item > a,si,cumple,,,R04,2026-09-09,,"nombre: ""Brand Resources""",sin CMP detectada
58,mundo,HKUST,https://hkust.edu.hk/,2.4.4,5effbb,Link in context is descriptive,94,div.header__menu-wrapper > ul.menu > li.menu-item > a,si,REVISAR,,Brand Resources,R04,2026-09-09,,"JUICIO HUMANO. ¿Nombre + contexto describen el proposito? nombre: ""Brand Resources"" | href: https://brand.hkust.edu.hk/",sin CMP detectada
58,mundo,HKUST,https://hkust.edu.hk/,2.4.4,c487ae,Link has non-empty accessible name,95,div.header__menu-wrapper > ul.menu > li.menu-item > a,si,cumple,,,R04,2026-09-09,,"nombre: ""Multimedia""",sin CMP detectada
58,mundo,HKUST,https://hkust.edu.hk/,2.4.4,5effbb,Link in context is descriptive,95,div.header__menu-wrapper > ul.menu > li.menu-item > a,si,REVISAR,,Multimedia,R04,2026-09-09,,"JUICIO HUMANO. ¿Nombre + contexto describen el proposito? nombre: ""Multimedia"" | href: /multimedia/publication",sin CMP detectada
58,mundo,HKUST,https://hkust.edu.hk/,2.4.4,c487ae,Link has non-empty accessible name,96,li.menu-item > ul.menu > li.menu-item > a,si,cumple,,,R04,2026-09-09,,"nombre: ""Academic Departments""",sin CMP detectada
58,mundo,HKUST,https://hkust.edu.hk/,2.4.4,5effbb,Link in context is descriptive,96,li.menu-item > ul.menu > li.menu-item > a,si,REVISAR,,Academic Departments,R04,2026-09-09,,"JUICIO HUMANO. ¿Nombre + contexto describen el proposito? nombre: ""Academic Departments"" | href: /directory/academic-departments",sin CMP detectada
58,mundo,HKUST,https://hkust.edu.hk/,2.4.4,c487ae,Link has non-empty accessible name,97,li.menu-item > ul.menu > li.menu-item > a,si,cumple,,,R04,2026-09-09,,"nombre: ""Academic Programs""",sin CMP detectada
58,mundo,HKUST,https://hkust.edu.hk/,2.4.4,5effbb,Link in context is descriptive,97,li.menu-item > ul.menu > li.menu-item > a,si,REVISAR,,Academic Programs,R04,2026-09-09,,"JUICIO HUMANO. ¿Nombre + contexto describen el proposito? nombre: ""Academic Programs"" | href: /directory/academic-programs",sin CMP detectada
58,mundo,HKUST,https://hkust.edu.hk/,2.4.4,c487ae,Link has non-empty accessible name,98,li.menu-item > ul.menu > li.menu-item > a,si,cumple,,,R04,2026-09-09,,"nombre: ""Administrative Departments""",sin CMP detectada
58,mundo,HKUST,https://hkust.edu.hk/,2.4.4,5effbb,Link in context is descriptive,98,li.menu-item > ul.menu > li.menu-item > a,si,REVISAR,,Administrative Departments,R04,2026-09-09,,"JUICIO HUMANO. ¿Nombre + contexto describen el proposito? nombre: ""Administrative Departments"" | href: /directory/administrative-departments",sin CMP detectada
58,mundo,HKUST,https://hkust.edu.hk/,2.4.4,c487ae,Link has non-empty accessible name,99,li.menu-item > ul.menu > li.menu-item > a,si,cumple,,,R04,2026-09-09,,"nombre: ""HKUST Social & Apps""",sin CMP detectada
58,mundo,HKUST,https://hkust.edu.hk/,2.4.4,5effbb,Link in context is descriptive,99,li.menu-item > ul.menu > li.menu-item > a,si,REVISAR,,HKUST Social & Apps,R04,2026-09-09,,"JUICIO HUMANO. ¿Nombre + contexto describen el proposito? nombre: ""HKUST Social & Apps"" | href: /directory/social-media",sin CMP detectada
58,mundo,HKUST,https://hkust.edu.hk/,2.4.4,c487ae,Link has non-empty accessible name,100,div.header__menu-wrapper > ul.menu > li.menu-item > a,si,cumple,,,R04,2026-09-09,,"nombre: ""FAQ""",sin CMP detectada
58,mundo,HKUST,https://hkust.edu.hk/,2.4.4,5effbb,Link in context is descriptive,100,div.header__menu-wrapper > ul.menu > li.menu-item > a,si,REVISAR,,FAQ,R04,2026-09-09,,"JUICIO HUMANO. ¿Nombre + contexto describen el proposito? nombre: ""FAQ"" | href: /faq",sin CMP detectada
58,mundo,HKUST,https://hkust.edu.hk/,2.4.4,c487ae,Link has non-empty accessible name,101,div.language-switcher-language-url > ul.links > li.zh-hant > a.language-link,si,cumple,,,R04,2026-09-09,,"nombre: ""繁""",sin CMP detectada
58,mundo,HKUST,https://hkust.edu.hk/,2.4.4,5effbb,Link in context is descriptive,101,div.language-switcher-language-url > ul.links > li.zh-hant > a.language-link,si,REVISAR,,繁,R04,2026-09-09,,"JUICIO HUMANO. ¿Nombre + contexto describen el proposito? nombre: ""繁"" | href: /zh-hant",sin CMP detectada
58,mundo,HKUST,https://hkust.edu.hk/,2.4.4,c487ae,Link has non-empty accessible name,102,div.language-switcher-language-url > ul.links > li.zh-hans > a.language-link,si,cumple,,,R04,2026-09-09,,"nombre: ""简""",sin CMP detectada
58,mundo,HKUST,https://hkust.edu.hk/,2.4.4,5effbb,Link in context is descriptive,102,div.language-switcher-language-url > ul.links > li.zh-hans > a.language-link,si,REVISAR,,简,R04,2026-09-09,,"JUICIO HUMANO. ¿Nombre + contexto describen el proposito? nombre: ""简"" | href: /zh-hans",sin CMP detectada
58,mundo,HKUST,https://hkust.edu.hk/,2.4.4,c487ae,Link has non-empty accessible name,103,div.header__menu-scroller > ul.menu > li.menu-item > a,si,cumple,,,R04,2026-09-09,,"nombre: ""35th Anniversary Celebrations""",sin CMP detectada
58,mundo,HKUST,https://hkust.edu.hk/,2.4.4,5effbb,Link in context is descriptive,103,div.header__menu-scroller > ul.menu > li.menu-item > a,si,REVISAR,,35th Anniversary Celebrations,R04,2026-09-09,,"JUICIO HUMANO. ¿Nombre + contexto describen el proposito? nombre: ""35th Anniversary Celebrations"" | href: https://35a.hkust.edu.hk/",sin CMP detectada
58,mundo,HKUST,https://hkust.edu.hk/,2.4.4,c487ae,Link has non-empty accessible name,104,li.menu-item > ul.menu > li.menu-item > a,si,cumple,,,R04,2026-09-09,,"nombre: ""Students""",sin CMP detectada
58,mundo,HKUST,https://hkust.edu.hk/,2.4.4,5effbb,Link in context is descriptive,104,li.menu-item > ul.menu > li.menu-item > a,si,REVISAR,,Students,R04,2026-09-09,,"JUICIO HUMANO. ¿Nombre + contexto describen el proposito? nombre: ""Students"" | href: /students",sin CMP detectada
58,mundo,HKUST,https://hkust.edu.hk/,2.4.4,c487ae,Link has non-empty accessible name,105,li.menu-item > ul.menu > li.menu-item > a,si,cumple,,,R04,2026-09-09,,"nombre: ""Staff""",sin CMP detectada
58,mundo,HKUST,https://hkust.edu.hk/,2.4.4,5effbb,Link in context is descriptive,105,li.menu-item > ul.menu > li.menu-item > a,si,REVISAR,,Staff,R04,2026-09-09,,"JUICIO HUMANO. ¿Nombre + contexto describen el proposito? nombre: ""Staff"" | href: /faculty-and-staff",sin CMP detectada
58,mundo,HKUST,https://hkust.edu.hk/,2.4.4,c487ae,Link has non-empty accessible name,106,li.menu-item > ul.menu > li.menu-item > a,si,cumple,,,R04,2026-09-09,,"nombre: ""Alumni""",sin CMP detectada
58,mundo,HKUST,https://hkust.edu.hk/,2.4.4,5effbb,Link in context is descriptive,106,li.menu-item > ul.menu > li.menu-item > a,si,REVISAR,,Alumni,R04,2026-09-09,,"JUICIO HUMANO. ¿Nombre + contexto describen el proposito? nombre: ""Alumni"" | href: /alumni",sin CMP detectada
58,mundo,HKUST,https://hkust.edu.hk/,2.4.4,c487ae,Link has non-empty accessible name,107,li.menu-item > ul.menu > li.menu-item > a,si,cumple,,,R04,2026-09-09,,"nombre: ""Media""",sin CMP detectada
58,mundo,HKUST,https://hkust.edu.hk/,2.4.4,5effbb,Link in context is descriptive,107,li.menu-item > ul.menu > li.menu-item > a,si,REVISAR,,Media,R04,2026-09-09,,"JUICIO HUMANO. ¿Nombre + contexto describen el proposito? nombre: ""Media"" | href: /news/listing",sin CMP detectada
58,mundo,HKUST,https://hkust.edu.hk/,2.4.4,c487ae,Link has non-empty accessible name,108,li.menu-item > ul.menu > li.menu-item > a,si,cumple,,,R04,2026-09-09,,"nombre: ""Public""",sin CMP detectada
58,mundo,HKUST,https://hkust.edu.hk/,2.4.4,5effbb,Link in context is descriptive,108,li.menu-item > ul.menu > li.menu-item > a,si,REVISAR,,Public,R04,2026-09-09,,"JUICIO HUMANO. ¿Nombre + contexto describen el proposito? nombre: ""Public"" | href: /about",sin CMP detectada
58,mundo,HKUST,https://hkust.edu.hk/,2.4.4,c487ae,Link has non-empty accessible name,109,li.menu-item > ul.menu > li.menu-item > a,si,cumple,,,R04,2026-09-09,,"nombre: ""Student Intranet""",sin CMP detectada
58,mundo,HKUST,https://hkust.edu.hk/,2.4.4,5effbb,Link in context is descriptive,109,li.menu-item > ul.menu > li.menu-item > a,si,REVISAR,,Student Intranet,R04,2026-09-09,,"JUICIO HUMANO. ¿Nombre + contexto describen el proposito? nombre: ""Student Intranet"" | href: https://hkust.edu.hk/stu_intranet/",sin CMP detectada
58,mundo,HKUST,https://hkust.edu.hk/,2.4.4,c487ae,Link has non-empty accessible name,110,li.menu-item > ul.menu > li.menu-item > a.ext,si,cumple,,,R04,2026-09-09,,"nombre: ""Staff Admin Intranet""",sin CMP detectada
58,mundo,HKUST,https://hkust.edu.hk/,2.4.4,5effbb,Link in context is descriptive,110,li.menu-item > ul.menu > li.menu-item > a.ext,si,REVISAR,,Staff Admin Intranet,R04,2026-09-09,,"JUICIO HUMANO. ¿Nombre + contexto describen el proposito? nombre: ""Staff Admin Intranet"" | href: https://my-ai.ust.hk/",sin CMP detectada
58,mundo,HKUST,https://hkust.edu.hk/,2.4.4,c487ae,Link has non-empty accessible name,111,li.menu-item > ul.menu > li.menu-item > a.ext,si,cumple,,,R04,2026-09-09,,"nombre: ""Alumni Intranet""",sin CMP detectada
58,mundo,HKUST,https://hkust.edu.hk/,2.4.4,5effbb,Link in context is descriptive,111,li.menu-item > ul.menu > li.menu-item > a.ext,si,REVISAR,,Alumni Intranet,R04,2026-09-09,,"JUICIO HUMANO. ¿Nombre + contexto describen el proposito? nombre: ""Alumni Intranet"" | href: https://w5.ab.ust.hk/jsan/",sin CMP detectada
58,mundo,HKUST,https://hkust.edu.hk/,2.4.4,c487ae,Link has non-empty accessible name,112,div.header__menu-scroller > ul.menu > li.menu-item > a.ext,si,cumple,,,R04,2026-09-09,,"nombre: ""Event""",sin CMP detectada
58,mundo,HKUST,https://hkust.edu.hk/,2.4.4,5effbb,Link in context is descriptive,112,div.header__menu-scroller > ul.menu > li.menu-item > a.ext,si,REVISAR,,Event,R04,2026-09-09,,"JUICIO HUMANO. ¿Nombre + contexto describen el proposito? nombre: ""Event"" | href: https://calendar.ust.hk/",sin CMP detectada
58,mundo,HKUST,https://hkust.edu.hk/,2.4.4,c487ae,Link has non-empty accessible name,113,div.header__menu-scroller > ul.menu > li.menu-item > a,si,cumple,,,R04,2026-09-09,,"nombre: ""Giving""",sin CMP detectada
58,mundo,HKUST,https://hkust.edu.hk/,2.4.4,5effbb,Link in context is descriptive,113,div.header__menu-scroller > ul.menu > li.menu-item > a,si,REVISAR,,Giving,R04,2026-09-09,,"JUICIO HUMANO. ¿Nombre + contexto describen el proposito? nombre: ""Giving"" | href: https://giving.hkust.edu.hk/en/index.php",sin CMP detectada
58,mundo,HKUST,https://hkust.edu.hk/,2.4.4,c487ae,Link has non-empty accessible name,114,div.header__menu-scroller > ul.menu > li.menu-item > a.ext,si,cumple,,,R04,2026-09-09,,"nombre: ""Campus Map""",sin CMP detectada
58,mundo,HKUST,https://hkust.edu.hk/,2.4.4,5effbb,Link in context is descriptive,114,div.header__menu-scroller > ul.menu > li.menu-item > a.ext,si,REVISAR,,Campus Map,R04,2026-09-09,,"JUICIO HUMANO. ¿Nombre + contexto describen el proposito? nombre: ""Campus Map"" | href: https://publish.ust.hk/univ/maps/Campus_Map_Color.pdf",sin CMP detectada
58,mundo,HKUST,https://hkust.edu.hk/,2.4.4,c487ae,Link has non-empty accessible name,115,div.header__menu-scroller > ul.menu > li.menu-item > a.ext,si,cumple,,,R04,2026-09-09,,"nombre: ""AED Location""",sin CMP detectada
58,mundo,HKUST,https://hkust.edu.hk/,2.4.4,5effbb,Link in context is descriptive,115,div.header__menu-scroller > ul.menu > li.menu-item > a.ext,si,REVISAR,,AED Location,R04,2026-09-09,,"JUICIO HUMANO. ¿Nombre + contexto describen el proposito? nombre: ""AED Location"" | href: https://navigate.ust.hk/path/app/",sin CMP detectada
58,mundo,HKUST,https://hkust.edu.hk/,2.4.4,c487ae,Link has non-empty accessible name,116,div.header__menu-scroller > ul.menu > li.menu-item > a,si,cumple,,,R04,2026-09-09,,"nombre: ""Visit""",sin CMP detectada
58,mundo,HKUST,https://hkust.edu.hk/,2.4.4,5effbb,Link in context is descriptive,116,div.header__menu-scroller > ul.menu > li.menu-item > a,si,REVISAR,,Visit,R04,2026-09-09,,"JUICIO HUMANO. ¿Nombre + contexto describen el proposito? nombre: ""Visit"" | href: /visit",sin CMP detectada
58,mundo,HKUST,https://hkust.edu.hk/,2.4.4,c487ae,Link has non-empty accessible name,117,div.header__menu-scroller > ul.menu > li.menu-item > a,si,cumple,,,R04,2026-09-09,,"nombre: ""Career""",sin CMP detectada
58,mundo,HKUST,https://hkust.edu.hk/,2.4.4,5effbb,Link in context is descriptive,117,div.header__menu-scroller > ul.menu > li.menu-item > a,si,REVISAR,,Career,R04,2026-09-09,,"JUICIO HUMANO. ¿Nombre + contexto describen el proposito? nombre: ""Career"" | href: https://hkustcareers.hkust.edu.hk/",sin CMP detectada
58,mundo,HKUST,https://hkust.edu.hk/,2.4.4,c487ae,Link has non-empty accessible name,118,div.header__menu-scroller > ul.menu > li.menu-item > a,si,cumple,,,R04,2026-09-09,,"nombre: ""Academic Calendar""",sin CMP detectada
58,mundo,HKUST,https://hkust.edu.hk/,2.4.4,5effbb,Link in context is descriptive,118,div.header__menu-scroller > ul.menu > li.menu-item > a,si,REVISAR,,Academic Calendar,R04,2026-09-09,,"JUICIO HUMANO. ¿Nombre + contexto describen el proposito? nombre: ""Academic Calendar"" | href: https://registry.hkust.edu.hk/resource-library/academic-cale",sin CMP detectada
58,mundo,HKUST,https://hkust.edu.hk/,2.4.4,c487ae,Link has non-empty accessible name,119,div.header__menu-scroller > ul.menu > li.menu-item > a,si,cumple,,,R04,2026-09-09,,"nombre: ""Faculty Profiles""",sin CMP detectada
58,mundo,HKUST,https://hkust.edu.hk/,2.4.4,5effbb,Link in context is descriptive,119,div.header__menu-scroller > ul.menu > li.menu-item > a,si,REVISAR,,Faculty Profiles,R04,2026-09-09,,"JUICIO HUMANO. ¿Nombre + contexto describen el proposito? nombre: ""Faculty Profiles"" | href: https://researchportal.hkust.edu.hk/",sin CMP detectada
58,mundo,HKUST,https://hkust.edu.hk/,2.4.4,c487ae,Link has non-empty accessible name,120,div.header__menu-scroller > ul.menu > li.menu-item > a,si,cumple,,,R04,2026-09-09,,"nombre: ""Brand Resources""",sin CMP detectada
58,mundo,HKUST,https://hkust.edu.hk/,2.4.4,5effbb,Link in context is descriptive,120,div.header__menu-scroller > ul.menu > li.menu-item > a,si,REVISAR,,Brand Resources,R04,2026-09-09,,"JUICIO HUMANO. ¿Nombre + contexto describen el proposito? nombre: ""Brand Resources"" | href: https://brand.hkust.edu.hk/",sin CMP detectada
58,mundo,HKUST,https://hkust.edu.hk/,2.4.4,c487ae,Link has non-empty accessible name,121,div.header__menu-scroller > ul.menu > li.menu-item > a,si,cumple,,,R04,2026-09-09,,"nombre: ""Multimedia""",sin CMP detectada
58,mundo,HKUST,https://hkust.edu.hk/,2.4.4,5effbb,Link in context is descriptive,121,div.header__menu-scroller > ul.menu > li.menu-item > a,si,REVISAR,,Multimedia,R04,2026-09-09,,"JUICIO HUMANO. ¿Nombre + contexto describen el proposito? nombre: ""Multimedia"" | href: /multimedia/publication",sin CMP detectada
58,mundo,HKUST,https://hkust.edu.hk/,2.4.4,c487ae,Link has non-empty accessible name,122,li.menu-item > ul.menu > li.menu-item > a,si,cumple,,,R04,2026-09-09,,"nombre: ""Academic Departments""",sin CMP detectada
58,mundo,HKUST,https://hkust.edu.hk/,2.4.4,5effbb,Link in context is descriptive,122,li.menu-item > ul.menu > li.menu-item > a,si,REVISAR,,Academic Departments,R04,2026-09-09,,"JUICIO HUMANO. ¿Nombre + contexto describen el proposito? nombre: ""Academic Departments"" | href: /directory/academic-departments",sin CMP detectada
58,mundo,HKUST,https://hkust.edu.hk/,2.4.4,c487ae,Link has non-empty accessible name,123,li.menu-item > ul.menu > li.menu-item > a,si,cumple,,,R04,2026-09-09,,"nombre: ""Academic Programs""",sin CMP detectada
58,mundo,HKUST,https://hkust.edu.hk/,2.4.4,5effbb,Link in context is descriptive,123,li.menu-item > ul.menu > li.menu-item > a,si,REVISAR,,Academic Programs,R04,2026-09-09,,"JUICIO HUMANO. ¿Nombre + contexto describen el proposito? nombre: ""Academic Programs"" | href: /directory/academic-programs",sin CMP detectada
58,mundo,HKUST,https://hkust.edu.hk/,2.4.4,c487ae,Link has non-empty accessible name,124,li.menu-item > ul.menu > li.menu-item > a,si,cumple,,,R04,2026-09-09,,"nombre: ""Administrative Departments""",sin CMP detectada
58,mundo,HKUST,https://hkust.edu.hk/,2.4.4,5effbb,Link in context is descriptive,124,li.menu-item > ul.menu > li.menu-item > a,si,REVISAR,,Administrative Departments,R04,2026-09-09,,"JUICIO HUMANO. ¿Nombre + contexto describen el proposito? nombre: ""Administrative Departments"" | href: /directory/administrative-departments",sin CMP detectada
58,mundo,HKUST,https://hkust.edu.hk/,2.4.4,c487ae,Link has non-empty accessible name,125,li.menu-item > ul.menu > li.menu-item > a,si,cumple,,,R04,2026-09-09,,"nombre: ""HKUST Social & Apps""",sin CMP detectada
58,mundo,HKUST,https://hkust.edu.hk/,2.4.4,5effbb,Link in context is descriptive,125,li.menu-item > ul.menu > li.menu-item > a,si,REVISAR,,HKUST Social & Apps,R04,2026-09-09,,"JUICIO HUMANO. ¿Nombre + contexto describen el proposito? nombre: ""HKUST Social & Apps"" | href: /directory/social-media",sin CMP detectada
58,mundo,HKUST,https://hkust.edu.hk/,2.4.4,c487ae,Link has non-empty accessible name,126,div.header__menu-scroller > ul.menu > li.menu-item > a,si,cumple,,,R04,2026-09-09,,"nombre: ""FAQ""",sin CMP detectada
58,mundo,HKUST,https://hkust.edu.hk/,2.4.4,5effbb,Link in context is descriptive,126,div.header__menu-scroller > ul.menu > li.menu-item > a,si,REVISAR,,FAQ,R04,2026-09-09,,"JUICIO HUMANO. ¿Nombre + contexto describen el proposito? nombre: ""FAQ"" | href: /faq",sin CMP detectada
58,mundo,HKUST,https://hkust.edu.hk/,2.4.4,c487ae,Link has non-empty accessible name,127,div.swiper-wrapper > div.home-slider__slide > div.home-slider__slide--background > a.cover-link,si,cumple,,,R04,2026-09-09,,"nombre: ""HKUST 35A KV link""",sin CMP detectada
58,mundo,HKUST,https://hkust.edu.hk/,2.4.4,5effbb,Link in context is descriptive,127,div.swiper-wrapper > div.home-slider__slide > div.home-slider__slide--background > a.cover-link,si,REVISAR,,SIN CONTEXTO PROGRAMATICO,R04,2026-09-09,,"JUICIO HUMANO. ¿Nombre + contexto describen el proposito? nombre: ""HKUST 35A KV link"" | href: https://35a.hkust.edu.hk/ | AVISO: no hay parrafo, elemento de lista ni celda que lo contenga. Un div o article envolvente NO es contexto programatico.",sin CMP detectada
58,mundo,HKUST,https://hkust.edu.hk/,2.4.4,c487ae,Link has non-empty accessible name,128,div.swiper-wrapper > div.home-slider__slide > div.home-slider__slide--background > a.cover-link,si,cumple,,,R04,2026-09-09,,"nombre: ""HKUST and NetDragon link""",sin CMP detectada
58,mundo,HKUST,https://hkust.edu.hk/,2.4.4,5effbb,Link in context is descriptive,128,div.swiper-wrapper > div.home-slider__slide > div.home-slider__slide--background > a.cover-link,si,REVISAR,,SIN CONTEXTO PROGRAMATICO,R04,2026-09-09,,"JUICIO HUMANO. ¿Nombre + contexto describen el proposito? nombre: ""HKUST and NetDragon link"" | href: https://hkust.edu.hk/news/hkust-and-netdragon-partner-establ | AVISO: no hay parrafo, elemento de lista ni celda que lo contenga. Un div o article envolvente NO es contexto programatico.",sin CMP detectada
58,mundo,HKUST,https://hkust.edu.hk/,2.4.4,c487ae,Link has non-empty accessible name,129,div.swiper-wrapper > div.home-slider__slide > div.home-slider__slide--background > a.cover-link,si,cumple,,,R04,2026-09-09,,"nombre: ""Prof. Bert SHI, Antonino COSTA and Jeff KWAN link""",sin CMP detectada
58,mundo,HKUST,https://hkust.edu.hk/,2.4.4,5effbb,Link in context is descriptive,129,div.swiper-wrapper > div.home-slider__slide > div.home-slider__slide--background > a.cover-link,si,REVISAR,,SIN CONTEXTO PROGRAMATICO,R04,2026-09-09,,"JUICIO HUMANO. ¿Nombre + contexto describen el proposito? nombre: ""Prof. Bert SHI, Antonino COSTA and Jeff KWAN link"" | href: https://hkust.edu.hk/news/hkust-tops-hong-kong-universities- | AVISO: no hay parrafo, elemento de lista ni celda que lo contenga. Un div o article envolvente NO es contexto programatico.",sin CMP detectada
58,mundo,HKUST,https://hkust.edu.hk/,2.4.4,c487ae,Link has non-empty accessible name,130,div.swiper-wrapper > div.home-slider__slide > div.home-slider__slide--background > a.cover-link,si,cumple,,,R04,2026-09-09,,"nombre: ""HKUST Hosts ""Fire Up Your Year"" Orientation Carnival to Welcome the 2026/27 Acad""",sin CMP detectada
58,mundo,HKUST,https://hkust.edu.hk/,2.4.4,5effbb,Link in context is descriptive,130,div.swiper-wrapper > div.home-slider__slide > div.home-slider__slide--background > a.cover-link,si,REVISAR,,SIN CONTEXTO PROGRAMATICO,R04,2026-09-09,,"JUICIO HUMANO. ¿Nombre + contexto describen el proposito? nombre: ""HKUST Hosts ""Fire Up Your Year"" Orientation Carnival to Welcome the 2026/27 Acad"" | href: https://hkust.edu.hk/news/hkust-hosts-fire-your-year-orienta | AVISO: no hay parrafo, elemento de lista ni celda que lo contenga. Un div o article envolvente NO es contexto programatico.",sin CMP detectada
58,mundo,HKUST,https://hkust.edu.hk/,2.4.4,c487ae,Link has non-empty accessible name,131,div.swiper-wrapper > div.home-slider__slide > div.home-slider__slide--background > a.cover-link,si,cumple,,,R04,2026-09-09,,"nombre: ""HKUST Charts a Roadmap for Agentic 7G AI-Powered Wireless Networks link""",sin CMP detectada
58,mundo,HKUST,https://hkust.edu.hk/,2.4.4,5effbb,Link in context is descriptive,131,div.swiper-wrapper > div.home-slider__slide > div.home-slider__slide--background > a.cover-link,si,REVISAR,,SIN CONTEXTO PROGRAMATICO,R04,2026-09-09,,"JUICIO HUMANO. ¿Nombre + contexto describen el proposito? nombre: ""HKUST Charts a Roadmap for Agentic 7G AI-Powered Wireless Networks link"" | href: https://hkust.edu.hk/news/hkust-charts-roadmap-agentic-7g-ai | AVISO: no hay parrafo, elemento de lista ni celda que lo contenga. Un div o article envolvente NO es contexto programatico.",sin CMP detectada
58,mundo,HKUST,https://hkust.edu.hk/,2.4.4,c487ae,Link has non-empty accessible name,132,div.swiper-wrapper > div.home-slider__slide > div.home-slider__slide--background > a.cover-link,si,cumple,,,R04,2026-09-09,,"nombre: ""https://hkust.edu.hk/news/hkust-receives-governments-approval-establishing-new-m""",sin CMP detectada
58,mundo,HKUST,https://hkust.edu.hk/,2.4.4,5effbb,Link in context is descriptive,132,div.swiper-wrapper > div.home-slider__slide > div.home-slider__slide--background > a.cover-link,si,REVISAR,,SIN CONTEXTO PROGRAMATICO,R04,2026-09-09,,"JUICIO HUMANO. ¿Nombre + contexto describen el proposito? nombre: ""https://hkust.edu.hk/news/hkust-receives-governments-approval-establishing-new-m"" | href: https://hkust.edu.hk/news/hkust-receives-governments-approva | AVISO: no hay parrafo, elemento de lista ni celda que lo contenga. Un div o article envolvente NO es contexto programatico.",sin CMP detectada
58,mundo,HKUST,https://hkust.edu.hk/,2.4.4,c487ae,Link has non-empty accessible name,133,div.swiper-wrapper > div.home-slider__slide > div.home-slider__slide--background > a.cover-link,si,cumple,,,R04,2026-09-09,,"nombre: ""HKUST Commences Preparations for NEW MEDICAL SCHOOL link""",sin CMP detectada
58,mundo,HKUST,https://hkust.edu.hk/,2.4.4,5effbb,Link in context is descriptive,133,div.swiper-wrapper > div.home-slider__slide > div.home-slider__slide--background > a.cover-link,si,REVISAR,,SIN CONTEXTO PROGRAMATICO,R04,2026-09-09,,"JUICIO HUMANO. ¿Nombre + contexto describen el proposito? nombre: ""HKUST Commences Preparations for NEW MEDICAL SCHOOL link"" | href: https://medicine.hkust.edu.hk/ | AVISO: no hay parrafo, elemento de lista ni celda que lo contenga. Un div o article envolvente NO es contexto programatico.",sin CMP detectada
58,mundo,HKUST,https://hkust.edu.hk/,2.4.4,c487ae,Link has non-empty accessible name,134,div.paragraph > div.anchor-link-block > div.container > a.anchor-link-block__item,si,cumple,,,R04,2026-09-09,,"nombre: ""News & Stories""",sin CMP detectada
58,mundo,HKUST,https://hkust.edu.hk/,2.4.4,5effbb,Link in context is descriptive,134,div.paragraph > div.anchor-link-block > div.container > a.anchor-link-block__item,si,REVISAR,,SIN CONTEXTO PROGRAMATICO,R04,2026-09-09,,"JUICIO HUMANO. ¿Nombre + contexto describen el proposito? nombre: ""News & Stories"" | href: #news | AVISO: no hay parrafo, elemento de lista ni celda que lo contenga. Un div o article envolvente NO es contexto programatico.",sin CMP detectada
58,mundo,HKUST,https://hkust.edu.hk/,2.4.4,c487ae,Link has non-empty accessible name,135,div.paragraph > div.anchor-link-block > div.container > a.anchor-link-block__item,si,cumple,,,R04,2026-09-09,,"nombre: ""HKUST Leads the Pack""",sin CMP detectada
58,mundo,HKUST,https://hkust.edu.hk/,2.4.4,5effbb,Link in context is descriptive,135,div.paragraph > div.anchor-link-block > div.container > a.anchor-link-block__item,si,REVISAR,,SIN CONTEXTO PROGRAMATICO,R04,2026-09-09,,"JUICIO HUMANO. ¿Nombre + contexto describen el proposito? nombre: ""HKUST Leads the Pack"" | href: #leads | AVISO: no hay parrafo, elemento de lista ni celda que lo contenga. Un div o article envolvente NO es contexto programatico.",sin CMP detectada
58,mundo,HKUST,https://hkust.edu.hk/,2.4.4,c487ae,Link has non-empty accessible name,136,div.paragraph > div.anchor-link-block > div.container > a.anchor-link-block__item,si,cumple,,,R04,2026-09-09,,"nombre: ""Our Firsts""",sin CMP detectada
58,mundo,HKUST,https://hkust.edu.hk/,2.4.4,5effbb,Link in context is descriptive,136,div.paragraph > div.anchor-link-block > div.container > a.anchor-link-block__item,si,REVISAR,,SIN CONTEXTO PROGRAMATICO,R04,2026-09-09,,"JUICIO HUMANO. ¿Nombre + contexto describen el proposito? nombre: ""Our Firsts"" | href: #firsts | AVISO: no hay parrafo, elemento de lista ni celda que lo contenga. Un div o article envolvente NO es contexto programatico.",sin CMP detectada
58,mundo,HKUST,https://hkust.edu.hk/,2.4.4,c487ae,Link has non-empty accessible name,137,div.paragraph > div.anchor-link-block > div.container > a.anchor-link-block__item,si,cumple,,,R04,2026-09-09,,"nombre: ""Awards""",sin CMP detectada
58,mundo,HKUST,https://hkust.edu.hk/,2.4.4,5effbb,Link in context is descriptive,137,div.paragraph > div.anchor-link-block > div.container > a.anchor-link-block__item,si,REVISAR,,SIN CONTEXTO PROGRAMATICO,R04,2026-09-09,,"JUICIO HUMANO. ¿Nombre + contexto describen el proposito? nombre: ""Awards"" | href: #awards | AVISO: no hay parrafo, elemento de lista ni celda que lo contenga. Un div o article envolvente NO es contexto programatico.",sin CMP detectada
58,mundo,HKUST,https://hkust.edu.hk/,2.4.4,c487ae,Link has non-empty accessible name,138,div.paragraph > div.anchor-link-block > div.container > a.anchor-link-block__item,si,cumple,,,R04,2026-09-09,,"nombre: ""Sustainable Development Goals""",sin CMP detectada
58,mundo,HKUST,https://hkust.edu.hk/,2.4.4,5effbb,Link in context is descriptive,138,div.paragraph > div.anchor-link-block > div.container > a.anchor-link-block__item,si,REVISAR,,SIN CONTEXTO PROGRAMATICO,R04,2026-09-09,,"JUICIO HUMANO. ¿Nombre + contexto describen el proposito? nombre: ""Sustainable Development Goals"" | href: #goals | AVISO: no hay parrafo, elemento de lista ni celda que lo contenga. Un div o article envolvente NO es contexto programatico.",sin CMP detectada
58,mundo,HKUST,https://hkust.edu.hk/,2.4.4,c487ae,Link has non-empty accessible name,139,div.paragraph > div.anchor-link-block > div.container > a.anchor-link-block__item,si,cumple,,,R04,2026-09-09,,"nombre: ""Events""",sin CMP detectada
58,mundo,HKUST,https://hkust.edu.hk/,2.4.4,5effbb,Link in context is descriptive,139,div.paragraph > div.anchor-link-block > div.container > a.anchor-link-block__item,si,REVISAR,,SIN CONTEXTO PROGRAMATICO,R04,2026-09-09,,"JUICIO HUMANO. ¿Nombre + contexto describen el proposito? nombre: ""Events"" | href: #events | AVISO: no hay parrafo, elemento de lista ni celda que lo contenga. Un div o article envolvente NO es contexto programatico.",sin CMP detectada
58,mundo,HKUST,https://hkust.edu.hk/,2.4.4,c487ae,Link has non-empty accessible name,140,div.home-news__wrapper > div.home-news__title-wrapper > div.home-news__link > a.btn-arrow,si,cumple,,,R04,2026-09-09,,"nombre: ""More News & Stories""",sin CMP detectada
58,mundo,HKUST,https://hkust.edu.hk/,2.4.4,5effbb,Link in context is descriptive,140,div.home-news__wrapper > div.home-news__title-wrapper > div.home-news__link > a.btn-arrow,si,REVISAR,,SIN CONTEXTO PROGRAMATICO,R04,2026-09-09,,"JUICIO HUMANO. ¿Nombre + contexto describen el proposito? nombre: ""More News & Stories"" | href: /news/listing | AVISO: no hay parrafo, elemento de lista ni celda que lo contenga. Un div o article envolvente NO es contexto programatico.",sin CMP detectada
58,mundo,HKUST,https://hkust.edu.hk/,2.4.4,c487ae,Link has non-empty accessible name,141,div.views-field > span.field-content > div.news-item > a.cover-link,si,cumple,,,R04,2026-09-09,,"nombre: ""HKUST Launches Mandatory AI Common Core Program to Nurture Future Leaders  Compr""",sin CMP detectada
58,mundo,HKUST,https://hkust.edu.hk/,2.4.4,5effbb,Link in context is descriptive,141,div.views-field > span.field-content > div.news-item > a.cover-link,si,REVISAR,,SIN CONTEXTO PROGRAMATICO,R04,2026-09-09,,"JUICIO HUMANO. ¿Nombre + contexto describen el proposito? nombre: ""HKUST Launches Mandatory AI Common Core Program to Nurture Future Leaders  Compr"" | href: /news/hkust-launches-mandatory-ai-common-core-program-nurtur | AVISO: no hay parrafo, elemento de lista ni celda que lo contenga. Un div o article envolvente NO es contexto programatico.",sin CMP detectada
58,mundo,HKUST,https://hkust.edu.hk/,2.4.4,c487ae,Link has non-empty accessible name,142,div.views-field > span.field-content > div.news-item > a.cover-link,si,cumple,,,R04,2026-09-09,,"nombre: ""HKUST-Nurtured Startups Triumph at the HICOOL 2026 Global Entrepreneur Summit an""",sin CMP detectada
58,mundo,HKUST,https://hkust.edu.hk/,2.4.4,5effbb,Link in context is descriptive,142,div.views-field > span.field-content > div.news-item > a.cover-link,si,REVISAR,,SIN CONTEXTO PROGRAMATICO,R04,2026-09-09,,"JUICIO HUMANO. ¿Nombre + contexto describen el proposito? nombre: ""HKUST-Nurtured Startups Triumph at the HICOOL 2026 Global Entrepreneur Summit an"" | href: /news/hkust-nurtured-startups-triumph-hicool-2026-global-ent | AVISO: no hay parrafo, elemento de lista ni celda que lo contenga. Un div o article envolvente NO es contexto programatico.",sin CMP detectada
58,mundo,HKUST,https://hkust.edu.hk/,2.4.4,c487ae,Link has non-empty accessible name,143,div.views-field > span.field-content > div.news-item > a.cover-link,si,cumple,,,R04,2026-09-09,,"nombre: ""HKUST Tops Hong Kong Universities with More Than 1,000 HKPFS Recipients news lin""",sin CMP detectada
58,mundo,HKUST,https://hkust.edu.hk/,2.4.4,5effbb,Link in context is descriptive,143,div.views-field > span.field-content > div.news-item > a.cover-link,si,REVISAR,,SIN CONTEXTO PROGRAMATICO,R04,2026-09-09,,"JUICIO HUMANO. ¿Nombre + contexto describen el proposito? nombre: ""HKUST Tops Hong Kong Universities with More Than 1,000 HKPFS Recipients news lin"" | href: /news/hkust-tops-hong-kong-universities-more-1000-hkpfs-reci | AVISO: no hay parrafo, elemento de lista ni celda que lo contenga. Un div o article envolvente NO es contexto programatico.",sin CMP detectada
58,mundo,HKUST,https://hkust.edu.hk/,2.4.4,c487ae,Link has non-empty accessible name,144,div.view > div.view-wrapper > div.view-header > a.btn-arrow,si,cumple,,,R04,2026-09-09,,"nombre: ""View All Firsts""",sin CMP detectada
58,mundo,HKUST,https://hkust.edu.hk/,2.4.4,5effbb,Link in context is descriptive,144,div.view > div.view-wrapper > div.view-header > a.btn-arrow,si,REVISAR,,SIN CONTEXTO PROGRAMATICO,R04,2026-09-09,,"JUICIO HUMANO. ¿Nombre + contexto describen el proposito? nombre: ""View All Firsts"" | href: /news/listing?field_the_first_function=1 | AVISO: no hay parrafo, elemento de lista ni celda que lo contenga. Un div o article envolvente NO es contexto programatico.",sin CMP detectada
58,mundo,HKUST,https://hkust.edu.hk/,2.4.4,c487ae,Link has non-empty accessible name,145,div.views-field > span.field-content > div.first-news-item > a.first-news-item__link,si,cumple,,,R04,2026-09-09,,"nombre: ""HKUST Develops World's First AI Slide-Free Pathology Imaging System link""",sin CMP detectada
58,mundo,HKUST,https://hkust.edu.hk/,2.4.4,5effbb,Link in context is descriptive,145,div.views-field > span.field-content > div.first-news-item > a.first-news-item__link,si,REVISAR,,SIN CONTEXTO PROGRAMATICO,R04,2026-09-09,,"JUICIO HUMANO. ¿Nombre + contexto describen el proposito? nombre: ""HKUST Develops World's First AI Slide-Free Pathology Imaging System link"" | href: /news/hkust-develops-worlds-first-ai-slide-free-pathology-im | AVISO: no hay parrafo, elemento de lista ni celda que lo contenga. Un div o article envolvente NO es contexto programatico.",sin CMP detectada
58,mundo,HKUST,https://hkust.edu.hk/,2.4.4,c487ae,Link has non-empty accessible name,146,div.views-field > span.field-content > div.first-news-item > a.first-news-item__link,si,cumple,,,R04,2026-09-09,,"nombre: ""World’s First Lightweight High Resolution High Precision CO₂ and CH₄ Point Sourc""",sin CMP detectada
58,mundo,HKUST,https://hkust.edu.hk/,2.4.4,5effbb,Link in context is descriptive,146,div.views-field > span.field-content > div.first-news-item > a.first-news-item__link,si,REVISAR,,SIN CONTEXTO PROGRAMATICO,R04,2026-09-09,,"JUICIO HUMANO. ¿Nombre + contexto describen el proposito? nombre: ""World’s First Lightweight High Resolution High Precision CO₂ and CH₄ Point Sourc"" | href: /news/worlds-first-lightweight-high-resolution-high-precisio | AVISO: no hay parrafo, elemento de lista ni celda que lo contenga. Un div o article envolvente NO es contexto programatico.",sin CMP detectada
58,mundo,HKUST,https://hkust.edu.hk/,2.4.4,c487ae,Link has non-empty accessible name,147,div.views-field > span.field-content > div.first-news-item > a.first-news-item__link,si,cumple,,,R04,2026-09-09,,"nombre: ""HKUST Researchers Flip the CRISPR Script to Develop World's First DNA-Guided Gen""",sin CMP detectada
58,mundo,HKUST,https://hkust.edu.hk/,2.4.4,5effbb,Link in context is descriptive,147,div.views-field > span.field-content > div.first-news-item > a.first-news-item__link,si,REVISAR,,SIN CONTEXTO PROGRAMATICO,R04,2026-09-09,,"JUICIO HUMANO. ¿Nombre + contexto describen el proposito? nombre: ""HKUST Researchers Flip the CRISPR Script to Develop World's First DNA-Guided Gen"" | href: /news/hkust-researchers-flip-crispr-script-develop-worlds-fi | AVISO: no hay parrafo, elemento de lista ni celda que lo contenga. Un div o article envolvente NO es contexto programatico.",sin CMP detectada
58,mundo,HKUST,https://hkust.edu.hk/,2.4.4,c487ae,Link has non-empty accessible name,148,div.views-field > span.field-content > div.first-news-item > a.first-news-item__link,si,cumple,,,R04,2026-09-09,,"nombre: ""HKUST Develops World's First Bio-Inspired Artificial Cilia System link""",sin CMP detectada
58,mundo,HKUST,https://hkust.edu.hk/,2.4.4,5effbb,Link in context is descriptive,148,div.views-field > span.field-content > div.first-news-item > a.first-news-item__link,si,REVISAR,,SIN CONTEXTO PROGRAMATICO,R04,2026-09-09,,"JUICIO HUMANO. ¿Nombre + contexto describen el proposito? nombre: ""HKUST Develops World's First Bio-Inspired Artificial Cilia System link"" | href: /news/hkust-develops-worlds-first-bio-inspired-artificial-ci | AVISO: no hay parrafo, elemento de lista ni celda que lo contenga. Un div o article envolvente NO es contexto programatico.",sin CMP detectada
58,mundo,HKUST,https://hkust.edu.hk/,2.4.4,c487ae,Link has non-empty accessible name,149,div.views-field > span.field-content > div.first-news-item > a.first-news-item__link,si,cumple,,,R04,2026-09-09,,"nombre: ""HKUST Develops First AI Toolkit “GrainBot” to Automate Quantitative Microstructu""",sin CMP detectada
58,mundo,HKUST,https://hkust.edu.hk/,2.4.4,5effbb,Link in context is descriptive,149,div.views-field > span.field-content > div.first-news-item > a.first-news-item__link,si,REVISAR,,SIN CONTEXTO PROGRAMATICO,R04,2026-09-09,,"JUICIO HUMANO. ¿Nombre + contexto describen el proposito? nombre: ""HKUST Develops First AI Toolkit “GrainBot” to Automate Quantitative Microstructu"" | href: /news/hkust-develops-first-ai-toolkit-grainbot-automate-quan | AVISO: no hay parrafo, elemento de lista ni celda que lo contenga. Un div o article envolvente NO es contexto programatico.",sin CMP detectada
58,mundo,HKUST,https://hkust.edu.hk/,2.4.4,c487ae,Link has non-empty accessible name,150,div.views-field > span.field-content > div.first-news-item > a.first-news-item__link,si,cumple,,,R04,2026-09-09,,"nombre: ""HKUST Achieves First Certified Breakthrough in Fully Solvent‑Free Perovskite Sol""",sin CMP detectada
58,mundo,HKUST,https://hkust.edu.hk/,2.4.4,5effbb,Link in context is descriptive,150,div.views-field > span.field-content > div.first-news-item > a.first-news-item__link,si,REVISAR,,SIN CONTEXTO PROGRAMATICO,R04,2026-09-09,,"JUICIO HUMANO. ¿Nombre + contexto describen el proposito? nombre: ""HKUST Achieves First Certified Breakthrough in Fully Solvent‑Free Perovskite Sol"" | href: /news/hkust-achieves-first-certified-breakthrough-fully-solv | AVISO: no hay parrafo, elemento de lista ni celda que lo contenga. Un div o article envolvente NO es contexto programatico.",sin CMP detectada
58,mundo,HKUST,https://hkust.edu.hk/,2.4.4,c487ae,Link has non-empty accessible name,151,div.views-field > span.field-content > div.first-news-item > a.first-news-item__link,si,cumple,,,R04,2026-09-09,,"nombre: ""HKUST Develops World’s First Sub-Zero Celsius Elastocaloric Green Freezer, Resha""",sin CMP detectada
58,mundo,HKUST,https://hkust.edu.hk/,2.4.4,5effbb,Link in context is descriptive,151,div.views-field > span.field-content > div.first-news-item > a.first-news-item__link,si,REVISAR,,SIN CONTEXTO PROGRAMATICO,R04,2026-09-09,,"JUICIO HUMANO. ¿Nombre + contexto describen el proposito? nombre: ""HKUST Develops World’s First Sub-Zero Celsius Elastocaloric Green Freezer, Resha"" | href: /news/hkust-develops-worlds-first-sub-zero-celsius-elastocal | AVISO: no hay parrafo, elemento de lista ni celda que lo contenga. Un div o article envolvente NO es contexto programatico.",sin CMP detectada
58,mundo,HKUST,https://hkust.edu.hk/,2.4.4,c487ae,Link has non-empty accessible name,152,div.views-field > span.field-content > div.first-news-item > a.first-news-item__link,si,cumple,,,R04,2026-09-09,,"nombre: ""HKUST Launches World's First Deep-Sea Multi-Omics Resource Platform  Empowering """,sin CMP detectada
58,mundo,HKUST,https://hkust.edu.hk/,2.4.4,5effbb,Link in context is descriptive,152,div.views-field > span.field-content > div.first-news-item > a.first-news-item__link,si,REVISAR,,SIN CONTEXTO PROGRAMATICO,R04,2026-09-09,,"JUICIO HUMANO. ¿Nombre + contexto describen el proposito? nombre: ""HKUST Launches World's First Deep-Sea Multi-Omics Resource Platform  Empowering "" | href: /news/hkust-launches-worlds-first-deep-sea-multi-omics-resou | AVISO: no hay parrafo, elemento de lista ni celda que lo contenga. Un div o article envolvente NO es contexto programatico.",sin CMP detectada
58,mundo,HKUST,https://hkust.edu.hk/,2.4.4,c487ae,Link has non-empty accessible name,153,div.home-awards__wrapper > div.home-awards__content-wrapper > div.home-awards__link > a.btn-arrow,si,cumple,,,R04,2026-09-09,,"nombre: ""More Awards""",sin CMP detectada
58,mundo,HKUST,https://hkust.edu.hk/,2.4.4,5effbb,Link in context is descriptive,153,div.home-awards__wrapper > div.home-awards__content-wrapper > div.home-awards__link > a.btn-arrow,si,REVISAR,,SIN CONTEXTO PROGRAMATICO,R04,2026-09-09,,"JUICIO HUMANO. ¿Nombre + contexto describen el proposito? nombre: ""More Awards"" | href: /awards/all | AVISO: no hay parrafo, elemento de lista ni celda que lo contenga. Un div o article envolvente NO es contexto programatico.",sin CMP detectada
58,mundo,HKUST,https://hkust.edu.hk/,2.4.4,c487ae,Link has non-empty accessible name,154,div.container > div.home-sustain__description > div.home-sustain__link > a.btn-arrow,si,cumple,,,R04,2026-09-09,,"nombre: ""More about SDGs""",sin CMP detectada
58,mundo,HKUST,https://hkust.edu.hk/,2.4.4,5effbb,Link in context is descriptive,154,div.container > div.home-sustain__description > div.home-sustain__link > a.btn-arrow,si,REVISAR,,SIN CONTEXTO PROGRAMATICO,R04,2026-09-09,,"JUICIO HUMANO. ¿Nombre + contexto describen el proposito? nombre: ""More about SDGs"" | href: /responsible-university | AVISO: no hay parrafo, elemento de lista ni celda que lo contenga. Un div o article envolvente NO es contexto programatico.",sin CMP detectada
58,mundo,HKUST,https://hkust.edu.hk/,2.4.4,c487ae,Link has non-empty accessible name,155,div.home-sustain__slider--slide > div.home-sustain__item > div.home-sustain__item--content > a.home-sustain__item--link,si,cumple,,,R04,2026-09-09,,"nombre: ""View Details""",sin CMP detectada
58,mundo,HKUST,https://hkust.edu.hk/,2.4.4,5effbb,Link in context is descriptive,155,div.home-sustain__slider--slide > div.home-sustain__item > div.home-sustain__item--content > a.home-sustain__item--link,si,REVISAR,,SIN CONTEXTO PROGRAMATICO,R04,2026-09-09,,"JUICIO HUMANO. ¿Nombre + contexto describen el proposito? nombre: ""View Details"" | href: https://sust.hkust.edu.hk/progress-and-performance/SDGs/2023 | AVISO: no hay parrafo, elemento de lista ni celda que lo contenga. Un div o article envolvente NO es contexto programatico.",sin CMP detectada
58,mundo,HKUST,https://hkust.edu.hk/,2.4.4,c487ae,Link has non-empty accessible name,156,div.home-sustain__slider--slide > div.home-sustain__item > div.home-sustain__item--content > a.home-sustain__item--link,si,cumple,,,R04,2026-09-09,,"nombre: ""View Details""",sin CMP detectada
58,mundo,HKUST,https://hkust.edu.hk/,2.4.4,5effbb,Link in context is descriptive,156,div.home-sustain__slider--slide > div.home-sustain__item > div.home-sustain__item--content > a.home-sustain__item--link,si,REVISAR,,SIN CONTEXTO PROGRAMATICO,R04,2026-09-09,,"JUICIO HUMANO. ¿Nombre + contexto describen el proposito? nombre: ""View Details"" | href: https://sust.hkust.edu.hk/progress-and-performance/SDGs/2023 | AVISO: no hay parrafo, elemento de lista ni celda que lo contenga. Un div o article envolvente NO es contexto programatico.",sin CMP detectada
58,mundo,HKUST,https://hkust.edu.hk/,2.4.4,c487ae,Link has non-empty accessible name,157,div.home-sustain__slider--slide > div.home-sustain__item > div.home-sustain__item--content > a.home-sustain__item--link,si,cumple,,,R04,2026-09-09,,"nombre: ""View Details""",sin CMP detectada
58,mundo,HKUST,https://hkust.edu.hk/,2.4.4,5effbb,Link in context is descriptive,157,div.home-sustain__slider--slide > div.home-sustain__item > div.home-sustain__item--content > a.home-sustain__item--link,si,REVISAR,,SIN CONTEXTO PROGRAMATICO,R04,2026-09-09,,"JUICIO HUMANO. ¿Nombre + contexto describen el proposito? nombre: ""View Details"" | href: https://sust.hkust.edu.hk/progress-and-performance/SDGs/2023 | AVISO: no hay parrafo, elemento de lista ni celda que lo contenga. Un div o article envolvente NO es contexto programatico.",sin CMP detectada
58,mundo,HKUST,https://hkust.edu.hk/,2.4.4,c487ae,Link has non-empty accessible name,158,div.home-sustain__slider--slide > div.home-sustain__item > div.home-sustain__item--content > a.home-sustain__item--link,si,cumple,,,R04,2026-09-09,,"nombre: ""View Details""",sin CMP detectada
58,mundo,HKUST,https://hkust.edu.hk/,2.4.4,5effbb,Link in context is descriptive,158,div.home-sustain__slider--slide > div.home-sustain__item > div.home-sustain__item--content > a.home-sustain__item--link,si,REVISAR,,SIN CONTEXTO PROGRAMATICO,R04,2026-09-09,,"JUICIO HUMANO. ¿Nombre + contexto describen el proposito? nombre: ""View Details"" | href: https://sust.hkust.edu.hk/progress-and-performance/SDGs/2023 | AVISO: no hay parrafo, elemento de lista ni celda que lo contenga. Un div o article envolvente NO es contexto programatico.",sin CMP detectada
58,mundo,HKUST,https://hkust.edu.hk/,2.4.4,c487ae,Link has non-empty accessible name,159,div.home-sustain__slider--slide > div.home-sustain__item > div.home-sustain__item--content > a.home-sustain__item--link,si,cumple,,,R04,2026-09-09,,"nombre: ""View Details""",sin CMP detectada
58,mundo,HKUST,https://hkust.edu.hk/,2.4.4,5effbb,Link in context is descriptive,159,div.home-sustain__slider--slide > div.home-sustain__item > div.home-sustain__item--content > a.home-sustain__item--link,si,REVISAR,,SIN CONTEXTO PROGRAMATICO,R04,2026-09-09,,"JUICIO HUMANO. ¿Nombre + contexto describen el proposito? nombre: ""View Details"" | href: https://sust.hkust.edu.hk/progress-and-performance/SDGs/2023 | AVISO: no hay parrafo, elemento de lista ni celda que lo contenga. Un div o article envolvente NO es contexto programatico.",sin CMP detectada
58,mundo,HKUST,https://hkust.edu.hk/,2.4.4,c487ae,Link has non-empty accessible name,160,div.home-sustain__slider--slide > div.home-sustain__item > div.home-sustain__item--content > a.home-sustain__item--link,si,cumple,,,R04,2026-09-09,,"nombre: ""View Details""",sin CMP detectada
58,mundo,HKUST,https://hkust.edu.hk/,2.4.4,5effbb,Link in context is descriptive,160,div.home-sustain__slider--slide > div.home-sustain__item > div.home-sustain__item--content > a.home-sustain__item--link,si,REVISAR,,SIN CONTEXTO PROGRAMATICO,R04,2026-09-09,,"JUICIO HUMANO. ¿Nombre + contexto describen el proposito? nombre: ""View Details"" | href: https://sust.hkust.edu.hk/progress-and-performance/SDGs/2023 | AVISO: no hay parrafo, elemento de lista ni celda que lo contenga. Un div o article envolvente NO es contexto programatico.",sin CMP detectada
58,mundo,HKUST,https://hkust.edu.hk/,2.4.4,c487ae,Link has non-empty accessible name,161,div.home-sustain__slider--slide > div.home-sustain__item > div.home-sustain__item--content > a.home-sustain__item--link,si,cumple,,,R04,2026-09-09,,"nombre: ""View Details""",sin CMP detectada
58,mundo,HKUST,https://hkust.edu.hk/,2.4.4,5effbb,Link in context is descriptive,161,div.home-sustain__slider--slide > div.home-sustain__item > div.home-sustain__item--content > a.home-sustain__item--link,si,REVISAR,,SIN CONTEXTO PROGRAMATICO,R04,2026-09-09,,"JUICIO HUMANO. ¿Nombre + contexto describen el proposito? nombre: ""View Details"" | href: https://sust.hkust.edu.hk/progress-and-performance/SDGs/2023 | AVISO: no hay parrafo, elemento de lista ni celda que lo contenga. Un div o article envolvente NO es contexto programatico.",sin CMP detectada
58,mundo,HKUST,https://hkust.edu.hk/,2.4.4,c487ae,Link has non-empty accessible name,162,div.home-sustain__slider--slide > div.home-sustain__item > div.home-sustain__item--content > a.home-sustain__item--link,si,cumple,,,R04,2026-09-09,,"nombre: ""View Details""",sin CMP detectada
58,mundo,HKUST,https://hkust.edu.hk/,2.4.4,5effbb,Link in context is descriptive,162,div.home-sustain__slider--slide > div.home-sustain__item > div.home-sustain__item--content > a.home-sustain__item--link,si,REVISAR,,SIN CONTEXTO PROGRAMATICO,R04,2026-09-09,,"JUICIO HUMANO. ¿Nombre + contexto describen el proposito? nombre: ""View Details"" | href: https://sust.hkust.edu.hk/progress-and-performance/SDGs/2023 | AVISO: no hay parrafo, elemento de lista ni celda que lo contenga. Un div o article envolvente NO es contexto programatico.",sin CMP detectada
58,mundo,HKUST,https://hkust.edu.hk/,2.4.4,c487ae,Link has non-empty accessible name,163,div.home-sustain__slider--slide > div.home-sustain__item > div.home-sustain__item--content > a.home-sustain__item--link,si,cumple,,,R04,2026-09-09,,"nombre: ""View Details""",sin CMP detectada
58,mundo,HKUST,https://hkust.edu.hk/,2.4.4,5effbb,Link in context is descriptive,163,div.home-sustain__slider--slide > div.home-sustain__item > div.home-sustain__item--content > a.home-sustain__item--link,si,REVISAR,,SIN CONTEXTO PROGRAMATICO,R04,2026-09-09,,"JUICIO HUMANO. ¿Nombre + contexto describen el proposito? nombre: ""View Details"" | href: https://sust.hkust.edu.hk/progress-and-performance/SDGs/2023 | AVISO: no hay parrafo, elemento de lista ni celda que lo contenga. Un div o article envolvente NO es contexto programatico.",sin CMP detectada
58,mundo,HKUST,https://hkust.edu.hk/,2.4.4,c487ae,Link has non-empty accessible name,164,div.home-sustain__slider--slide > div.home-sustain__item > div.home-sustain__item--content > a.home-sustain__item--link,si,cumple,,,R04,2026-09-09,,"nombre: ""View Details""",sin CMP detectada
58,mundo,HKUST,https://hkust.edu.hk/,2.4.4,5effbb,Link in context is descriptive,164,div.home-sustain__slider--slide > div.home-sustain__item > div.home-sustain__item--content > a.home-sustain__item--link,si,REVISAR,,SIN CONTEXTO PROGRAMATICO,R04,2026-09-09,,"JUICIO HUMANO. ¿Nombre + contexto describen el proposito? nombre: ""View Details"" | href: https://sust.hkust.edu.hk/progress-and-performance/SDGs/2023 | AVISO: no hay parrafo, elemento de lista ni celda que lo contenga. Un div o article envolvente NO es contexto programatico.",sin CMP detectada
58,mundo,HKUST,https://hkust.edu.hk/,2.4.4,c487ae,Link has non-empty accessible name,165,div.home-sustain__slider--slide > div.home-sustain__item > div.home-sustain__item--content > a.home-sustain__item--link,si,cumple,,,R04,2026-09-09,,"nombre: ""View Details""",sin CMP detectada
58,mundo,HKUST,https://hkust.edu.hk/,2.4.4,5effbb,Link in context is descriptive,165,div.home-sustain__slider--slide > div.home-sustain__item > div.home-sustain__item--content > a.home-sustain__item--link,si,REVISAR,,SIN CONTEXTO PROGRAMATICO,R04,2026-09-09,,"JUICIO HUMANO. ¿Nombre + contexto describen el proposito? nombre: ""View Details"" | href: https://sust.hkust.edu.hk/progress-and-performance/SDGs/2023 | AVISO: no hay parrafo, elemento de lista ni celda que lo contenga. Un div o article envolvente NO es contexto programatico.",sin CMP detectada
58,mundo,HKUST,https://hkust.edu.hk/,2.4.4,c487ae,Link has non-empty accessible name,166,div.home-sustain__slider--slide > div.home-sustain__item > div.home-sustain__item--content > a.home-sustain__item--link,si,cumple,,,R04,2026-09-09,,"nombre: ""View Details""",sin CMP detectada
58,mundo,HKUST,https://hkust.edu.hk/,2.4.4,5effbb,Link in context is descriptive,166,div.home-sustain__slider--slide > div.home-sustain__item > div.home-sustain__item--content > a.home-sustain__item--link,si,REVISAR,,SIN CONTEXTO PROGRAMATICO,R04,2026-09-09,,"JUICIO HUMANO. ¿Nombre + contexto describen el proposito? nombre: ""View Details"" | href: https://sust.hkust.edu.hk/progress-and-performance/SDGs/2023 | AVISO: no hay parrafo, elemento de lista ni celda que lo contenga. Un div o article envolvente NO es contexto programatico.",sin CMP detectada
58,mundo,HKUST,https://hkust.edu.hk/,2.4.4,c487ae,Link has non-empty accessible name,167,div.home-sustain__slider--slide > div.home-sustain__item > div.home-sustain__item--content > a.home-sustain__item--link,si,cumple,,,R04,2026-09-09,,"nombre: ""View Details""",sin CMP detectada
58,mundo,HKUST,https://hkust.edu.hk/,2.4.4,5effbb,Link in context is descriptive,167,div.home-sustain__slider--slide > div.home-sustain__item > div.home-sustain__item--content > a.home-sustain__item--link,si,REVISAR,,SIN CONTEXTO PROGRAMATICO,R04,2026-09-09,,"JUICIO HUMANO. ¿Nombre + contexto describen el proposito? nombre: ""View Details"" | href: https://sust.hkust.edu.hk/progress-and-performance/SDGs/2023 | AVISO: no hay parrafo, elemento de lista ni celda que lo contenga. Un div o article envolvente NO es contexto programatico.",sin CMP detectada
58,mundo,HKUST,https://hkust.edu.hk/,2.4.4,c487ae,Link has non-empty accessible name,168,div.home-sustain__slider--slide > div.home-sustain__item > div.home-sustain__item--content > a.home-sustain__item--link,si,cumple,,,R04,2026-09-09,,"nombre: ""View Details""",sin CMP detectada
58,mundo,HKUST,https://hkust.edu.hk/,2.4.4,5effbb,Link in context is descriptive,168,div.home-sustain__slider--slide > div.home-sustain__item > div.home-sustain__item--content > a.home-sustain__item--link,si,REVISAR,,SIN CONTEXTO PROGRAMATICO,R04,2026-09-09,,"JUICIO HUMANO. ¿Nombre + contexto describen el proposito? nombre: ""View Details"" | href: https://sust.hkust.edu.hk/progress-and-performance/SDGs/2023 | AVISO: no hay parrafo, elemento de lista ni celda que lo contenga. Un div o article envolvente NO es contexto programatico.",sin CMP detectada
58,mundo,HKUST,https://hkust.edu.hk/,2.4.4,c487ae,Link has non-empty accessible name,169,div.home-sustain__slider--slide > div.home-sustain__item > div.home-sustain__item--content > a.home-sustain__item--link,si,cumple,,,R04,2026-09-09,,"nombre: ""View Details""",sin CMP detectada
58,mundo,HKUST,https://hkust.edu.hk/,2.4.4,5effbb,Link in context is descriptive,169,div.home-sustain__slider--slide > div.home-sustain__item > div.home-sustain__item--content > a.home-sustain__item--link,si,REVISAR,,SIN CONTEXTO PROGRAMATICO,R04,2026-09-09,,"JUICIO HUMANO. ¿Nombre + contexto describen el proposito? nombre: ""View Details"" | href: https://sust.hkust.edu.hk/progress-and-performance/SDGs/2023 | AVISO: no hay parrafo, elemento de lista ni celda que lo contenga. Un div o article envolvente NO es contexto programatico.",sin CMP detectada
58,mundo,HKUST,https://hkust.edu.hk/,2.4.4,c487ae,Link has non-empty accessible name,170,div.home-sustain__slider--slide > div.home-sustain__item > div.home-sustain__item--content > a.home-sustain__item--link,si,cumple,,,R04,2026-09-09,,"nombre: ""View Details""",sin CMP detectada
58,mundo,HKUST,https://hkust.edu.hk/,2.4.4,5effbb,Link in context is descriptive,170,div.home-sustain__slider--slide > div.home-sustain__item > div.home-sustain__item--content > a.home-sustain__item--link,si,REVISAR,,SIN CONTEXTO PROGRAMATICO,R04,2026-09-09,,"JUICIO HUMANO. ¿Nombre + contexto describen el proposito? nombre: ""View Details"" | href: https://sust.hkust.edu.hk/progress-and-performance/SDGs/2023 | AVISO: no hay parrafo, elemento de lista ni celda que lo contenga. Un div o article envolvente NO es contexto programatico.",sin CMP detectada
58,mundo,HKUST,https://hkust.edu.hk/,2.4.4,c487ae,Link has non-empty accessible name,171,div.home-sustain__slider--slide > div.home-sustain__item > div.home-sustain__item--content > a.home-sustain__item--link,si,cumple,,,R04,2026-09-09,,"nombre: ""View Details""",sin CMP detectada
58,mundo,HKUST,https://hkust.edu.hk/,2.4.4,5effbb,Link in context is descriptive,171,div.home-sustain__slider--slide > div.home-sustain__item > div.home-sustain__item--content > a.home-sustain__item--link,si,REVISAR,,SIN CONTEXTO PROGRAMATICO,R04,2026-09-09,,"JUICIO HUMANO. ¿Nombre + contexto describen el proposito? nombre: ""View Details"" | href: https://sust.hkust.edu.hk/progress-and-performance/SDGs/2023 | AVISO: no hay parrafo, elemento de lista ni celda que lo contenga. Un div o article envolvente NO es contexto programatico.",sin CMP detectada
58,mundo,HKUST,https://hkust.edu.hk/,2.4.4,c487ae,Link has non-empty accessible name,172,div.home-events__wrapper > div.home-events__title-wrapper > div.home-events__link > a.btn-arrow,si,cumple,,,R04,2026-09-09,,"nombre: ""More Events""",sin CMP detectada
58,mundo,HKUST,https://hkust.edu.hk/,2.4.4,5effbb,Link in context is descriptive,172,div.home-events__wrapper > div.home-events__title-wrapper > div.home-events__link > a.btn-arrow,si,REVISAR,,SIN CONTEXTO PROGRAMATICO,R04,2026-09-09,,"JUICIO HUMANO. ¿Nombre + contexto describen el proposito? nombre: ""More Events"" | href: https://calendar.hkust.edu.hk/ | AVISO: no hay parrafo, elemento de lista ni celda que lo contenga. Un div o article envolvente NO es contexto programatico.",sin CMP detectada
58,mundo,HKUST,https://hkust.edu.hk/,2.4.4,c487ae,Link has non-empty accessible name,173,div.home-events__views-wrapper > div.home-events__featured > div.event-item > a.event-item__link,si,cumple,,,R04,2026-09-09,,"nombre: ""35 for Life - Blood Donation (10 Sep) event link""",sin CMP detectada
58,mundo,HKUST,https://hkust.edu.hk/,2.4.4,5effbb,Link in context is descriptive,173,div.home-events__views-wrapper > div.home-events__featured > div.event-item > a.event-item__link,si,REVISAR,,SIN CONTEXTO PROGRAMATICO,R04,2026-09-09,,"JUICIO HUMANO. ¿Nombre + contexto describen el proposito? nombre: ""35 for Life - Blood Donation (10 Sep) event link"" | href: https://calendar.ust.hk/events/48430 | AVISO: no hay parrafo, elemento de lista ni celda que lo contenga. Un div o article envolvente NO es contexto programatico.",sin CMP detectada
58,mundo,HKUST,https://hkust.edu.hk/,2.4.4,c487ae,Link has non-empty accessible name,174,div.home-events__views-wrapper > div.home-events__upcoming > div.event-item > a.event-item__link,si,cumple,,,R04,2026-09-09,,"nombre: ""35 for Life - Blood Donation (10 Sep) event link""",sin CMP detectada
58,mundo,HKUST,https://hkust.edu.hk/,2.4.4,5effbb,Link in context is descriptive,174,div.home-events__views-wrapper > div.home-events__upcoming > div.event-item > a.event-item__link,si,REVISAR,,SIN CONTEXTO PROGRAMATICO,R04,2026-09-09,,"JUICIO HUMANO. ¿Nombre + contexto describen el proposito? nombre: ""35 for Life - Blood Donation (10 Sep) event link"" | href: https://calendar.ust.hk/events/48430 | AVISO: no hay parrafo, elemento de lista ni celda que lo contenga. Un div o article envolvente NO es contexto programatico.",sin CMP detectada
58,mundo,HKUST,https://hkust.edu.hk/,2.4.4,c487ae,Link has non-empty accessible name,175,div.home-events__views-wrapper > div.home-events__upcoming > div.event-item > a.event-item__link,si,cumple,,,R04,2026-09-09,,"nombre: ""35 for Life - Blood Donation (11 Sep) event link""",sin CMP detectada
58,mundo,HKUST,https://hkust.edu.hk/,2.4.4,5effbb,Link in context is descriptive,175,div.home-events__views-wrapper > div.home-events__upcoming > div.event-item > a.event-item__link,si,REVISAR,,SIN CONTEXTO PROGRAMATICO,R04,2026-09-09,,"JUICIO HUMANO. ¿Nombre + contexto describen el proposito? nombre: ""35 for Life - Blood Donation (11 Sep) event link"" | href: https://calendar.ust.hk/events/48431 | AVISO: no hay parrafo, elemento de lista ni celda que lo contenga. Un div o article envolvente NO es contexto programatico.",sin CMP detectada
58,mundo,HKUST,https://hkust.edu.hk/,2.4.4,c487ae,Link has non-empty accessible name,176,div.home-events__views-wrapper > div.home-events__upcoming > div.event-item > a.event-item__link,si,cumple,,,R04,2026-09-09,,"nombre: ""Full Moon Blessings Collection 月餅捐贈計劃 event link""",sin CMP detectada
58,mundo,HKUST,https://hkust.edu.hk/,2.4.4,5effbb,Link in context is descriptive,176,div.home-events__views-wrapper > div.home-events__upcoming > div.event-item > a.event-item__link,si,REVISAR,,SIN CONTEXTO PROGRAMATICO,R04,2026-09-09,,"JUICIO HUMANO. ¿Nombre + contexto describen el proposito? nombre: ""Full Moon Blessings Collection 月餅捐贈計劃 event link"" | href: https://calendar.ust.hk/events/48175 | AVISO: no hay parrafo, elemento de lista ni celda que lo contenga. Un div o article envolvente NO es contexto programatico.",sin CMP detectada
58,mundo,HKUST,https://hkust.edu.hk/,2.4.4,c487ae,Link has non-empty accessible name,177,div.footer__social-media--menu > ul.menu > li.menu-item > a.facebook,si,cumple,,,R04,2026-09-09,,"nombre: ""Facebook""",sin CMP detectada
58,mundo,HKUST,https://hkust.edu.hk/,2.4.4,5effbb,Link in context is descriptive,177,div.footer__social-media--menu > ul.menu > li.menu-item > a.facebook,si,REVISAR,,Facebook,R04,2026-09-09,,"JUICIO HUMANO. ¿Nombre + contexto describen el proposito? nombre: ""Facebook"" | href: https://www.facebook.com/hkust/",sin CMP detectada
58,mundo,HKUST,https://hkust.edu.hk/,2.4.4,c487ae,Link has non-empty accessible name,178,div.footer__social-media--menu > ul.menu > li.menu-item > a.instagram,si,cumple,,,R04,2026-09-09,,"nombre: ""Instagram""",sin CMP detectada
58,mundo,HKUST,https://hkust.edu.hk/,2.4.4,5effbb,Link in context is descriptive,178,div.footer__social-media--menu > ul.menu > li.menu-item > a.instagram,si,REVISAR,,Instagram,R04,2026-09-09,,"JUICIO HUMANO. ¿Nombre + contexto describen el proposito? nombre: ""Instagram"" | href: https://www.instagram.com/hkust",sin CMP detectada
58,mundo,HKUST,https://hkust.edu.hk/,2.4.4,c487ae,Link has non-empty accessible name,179,div.footer__social-media--menu > ul.menu > li.menu-item > a.linkin,si,cumple,,,R04,2026-09-09,,"nombre: ""LinkedIn""",sin CMP detectada
58,mundo,HKUST,https://hkust.edu.hk/,2.4.4,5effbb,Link in context is descriptive,179,div.footer__social-media--menu > ul.menu > li.menu-item > a.linkin,si,REVISAR,,LinkedIn,R04,2026-09-09,,"JUICIO HUMANO. ¿Nombre + contexto describen el proposito? nombre: ""LinkedIn"" | href: https://hk.linkedin.com/school/hkust/",sin CMP detectada
58,mundo,HKUST,https://hkust.edu.hk/,2.4.4,c487ae,Link has non-empty accessible name,180,div.footer__social-media--menu > ul.menu > li.menu-item > a.youtube,si,cumple,,,R04,2026-09-09,,"nombre: ""Youtube""",sin CMP detectada
58,mundo,HKUST,https://hkust.edu.hk/,2.4.4,5effbb,Link in context is descriptive,180,div.footer__social-media--menu > ul.menu > li.menu-item > a.youtube,si,REVISAR,,Youtube,R04,2026-09-09,,"JUICIO HUMANO. ¿Nombre + contexto describen el proposito? nombre: ""Youtube"" | href: https://www.youtube.com/HKUST",sin CMP detectada
58,mundo,HKUST,https://hkust.edu.hk/,2.4.4,c487ae,Link has non-empty accessible name,181,div.footer__social-media--menu > ul.menu > li.menu-item > a.twitter,si,cumple,,,R04,2026-09-09,,"nombre: ""Twitter""",sin CMP detectada
58,mundo,HKUST,https://hkust.edu.hk/,2.4.4,5effbb,Link in context is descriptive,181,div.footer__social-media--menu > ul.menu > li.menu-item > a.twitter,si,REVISAR,,Twitter,R04,2026-09-09,,"JUICIO HUMANO. ¿Nombre + contexto describen el proposito? nombre: ""Twitter"" | href: https://x.com/hkust",sin CMP detectada
58,mundo,HKUST,https://hkust.edu.hk/,2.4.4,c487ae,Link has non-empty accessible name,182,div.footer__social-media--menu > ul.menu > li.menu-item > a.wechat,si,cumple,,,R04,2026-09-09,,"nombre: ""Wechat""",sin CMP detectada
58,mundo,HKUST,https://hkust.edu.hk/,2.4.4,5effbb,Link in context is descriptive,182,div.footer__social-media--menu > ul.menu > li.menu-item > a.wechat,si,REVISAR,,Wechat,R04,2026-09-09,,"JUICIO HUMANO. ¿Nombre + contexto describen el proposito? nombre: ""Wechat"" | href: https://hkust.edu.hk/sites/default/files/2025-02/mainsite_We",sin CMP detectada
58,mundo,HKUST,https://hkust.edu.hk/,2.4.4,c487ae,Link has non-empty accessible name,183,div.footer__social-media--menu > ul.menu > li.menu-item > a.baidu,si,cumple,,,R04,2026-09-09,,"nombre: ""Baidu""",sin CMP detectada
58,mundo,HKUST,https://hkust.edu.hk/,2.4.4,5effbb,Link in context is descriptive,183,div.footer__social-media--menu > ul.menu > li.menu-item > a.baidu,si,REVISAR,,Baidu,R04,2026-09-09,,"JUICIO HUMANO. ¿Nombre + contexto describen el proposito? nombre: ""Baidu"" | href: https://v.qq.com/s/videoplus/2601305076",sin CMP detectada
58,mundo,HKUST,https://hkust.edu.hk/,2.4.4,c487ae,Link has non-empty accessible name,184,div.footer__social-media--menu > ul.menu > li.menu-item > a.redbook,si,cumple,,,R04,2026-09-09,,"nombre: ""Redbook""",sin CMP detectada
58,mundo,HKUST,https://hkust.edu.hk/,2.4.4,5effbb,Link in context is descriptive,184,div.footer__social-media--menu > ul.menu > li.menu-item > a.redbook,si,REVISAR,,Redbook,R04,2026-09-09,,"JUICIO HUMANO. ¿Nombre + contexto describen el proposito? nombre: ""Redbook"" | href: https://www.xiaohongshu.com/user/profile/6139beb000000000020",sin CMP detectada
58,mundo,HKUST,https://hkust.edu.hk/,2.4.4,c487ae,Link has non-empty accessible name,185,div.footer__social-media--menu > ul.menu > li.menu-item > a.zhifu,si,cumple,,,R04,2026-09-09,,"nombre: ""Zhifu""",sin CMP detectada
58,mundo,HKUST,https://hkust.edu.hk/,2.4.4,5effbb,Link in context is descriptive,185,div.footer__social-media--menu > ul.menu > li.menu-item > a.zhifu,si,REVISAR,,Zhifu,R04,2026-09-09,,"JUICIO HUMANO. ¿Nombre + contexto describen el proposito? nombre: ""Zhifu"" | href: https://www.zhihu.com/org/xiang-gang-ke-ji-da-xue-18",sin CMP detectada
58,mundo,HKUST,https://hkust.edu.hk/,2.4.4,c487ae,Link has non-empty accessible name,186,div.footer__social-media--menu > ul.menu > li.menu-item > a.weibo,si,cumple,,,R04,2026-09-09,,"nombre: ""Weibo""",sin CMP detectada
58,mundo,HKUST,https://hkust.edu.hk/,2.4.4,5effbb,Link in context is descriptive,186,div.footer__social-media--menu > ul.menu > li.menu-item > a.weibo,si,REVISAR,,Weibo,R04,2026-09-09,,"JUICIO HUMANO. ¿Nombre + contexto describen el proposito? nombre: ""Weibo"" | href: https://weibo.com/u/7727144419",sin CMP detectada
58,mundo,HKUST,https://hkust.edu.hk/,2.4.4,c487ae,Link has non-empty accessible name,187,div.footer__social-media--menu > ul.menu > li.menu-item > a.bilibili,si,cumple,,,R04,2026-09-09,,"nombre: ""Bilibili""",sin CMP detectada
58,mundo,HKUST,https://hkust.edu.hk/,2.4.4,5effbb,Link in context is descriptive,187,div.footer__social-media--menu > ul.menu > li.menu-item > a.bilibili,si,REVISAR,,Bilibili,R04,2026-09-09,,"JUICIO HUMANO. ¿Nombre + contexto describen el proposito? nombre: ""Bilibili"" | href: https://space.bilibili.com/1357113080",sin CMP detectada
58,mundo,HKUST,https://hkust.edu.hk/,2.4.4,c487ae,Link has non-empty accessible name,188,div.footer__privacy--menu > ul.menu > li.menu-item > a,si,cumple,,,R04,2026-09-09,,"nombre: ""Privacy""",sin CMP detectada
58,mundo,HKUST,https://hkust.edu.hk/,2.4.4,5effbb,Link in context is descriptive,188,div.footer__privacy--menu > ul.menu > li.menu-item > a,si,REVISAR,,Privacy,R04,2026-09-09,,"JUICIO HUMANO. ¿Nombre + contexto describen el proposito? nombre: ""Privacy"" | href: https://dataprivacy.hkust.edu.hk/university-data-privacy-pol",sin CMP detectada
58,mundo,HKUST,https://hkust.edu.hk/,2.4.4,c487ae,Link has non-empty accessible name,189,div.footer__privacy--menu > ul.menu > li.menu-item > a,si,cumple,,,R04,2026-09-09,,"nombre: ""Sitemap""",sin CMP detectada
58,mundo,HKUST,https://hkust.edu.hk/,2.4.4,5effbb,Link in context is descriptive,189,div.footer__privacy--menu > ul.menu > li.menu-item > a,si,REVISAR,,Sitemap,R04,2026-09-09,,"JUICIO HUMANO. ¿Nombre + contexto describen el proposito? nombre: ""Sitemap"" | href: /sitemap",sin CMP detectada
58,mundo,HKUST,https://hkust.edu.hk/,2.4.4,c487ae,Link has non-empty accessible name,190,div.footer__privacy--menu > ul.menu > li.menu-item > a,si,cumple,,,R04,2026-09-09,,"nombre: ""Accessibility""",sin CMP detectada
58,mundo,HKUST,https://hkust.edu.hk/,2.4.4,5effbb,Link in context is descriptive,190,div.footer__privacy--menu > ul.menu > li.menu-item > a,si,REVISAR,,Accessibility,R04,2026-09-09,,"JUICIO HUMANO. ¿Nombre + contexto describen el proposito? nombre: ""Accessibility"" | href: /accessibility",sin CMP detectada
58,mundo,HKUST,https://hkust.edu.hk/,2.4.4,c487ae,Link has non-empty accessible name,191,div.footer__privacy--menu > ul.menu > li.menu-item > a,si,cumple,,,R04,2026-09-09,,"nombre: ""Directory""",sin CMP detectada
58,mundo,HKUST,https://hkust.edu.hk/,2.4.4,5effbb,Link in context is descriptive,191,div.footer__privacy--menu > ul.menu > li.menu-item > a,si,REVISAR,,Directory,R04,2026-09-09,,"JUICIO HUMANO. ¿Nombre + contexto describen el proposito? nombre: ""Directory"" | href: /directory/academic-departments",sin CMP detectada
58,mundo,HKUST,https://hkust.edu.hk/,2.4.4,c487ae,Link has non-empty accessible name,192,div.footer__wrapper > div.footer__bottom-section > div.footer__awards > a.footer__awards-image-link,si,falla,,,R04,2026-09-09,,href: /,sin CMP detectada
58,mundo,HKUST,https://hkust.edu.hk/,2.4.4,c487ae,Link has non-empty accessible name,193,div.footer__wrapper > div.footer__bottom-section > div.footer__awards > a.footer__awards-image-link,si,cumple,,,R04,2026-09-09,,"nombre: ""(opens in a new window)""",sin CMP detectada
58,mundo,HKUST,https://hkust.edu.hk/,2.4.4,5effbb,Link in context is descriptive,193,div.footer__wrapper > div.footer__bottom-section > div.footer__awards > a.footer__awards-image-link,si,REVISAR,,SIN CONTEXTO PROGRAMATICO,R04,2026-09-09,,"JUICIO HUMANO. ¿Nombre + contexto describen el proposito? nombre: ""(opens in a new window)"" | href: https://www.digital-accessibility.hk/ | AVISO: no hay parrafo, elemento de lista ni celda que lo contenga. Un div o article envolvente NO es contexto programatico.",sin CMP detectada
58,mundo,HKUST,https://hkust.edu.hk/,2.4.4,c487ae,Link has non-empty accessible name,194,div.footer__wrapper > div.footer__bottom-section > div.footer__awards > a.footer__awards-image-link,si,falla,,,R04,2026-09-09,,href: /accessibility,sin CMP detectada
58,mundo,HKUST,https://hkust.edu.hk/,2.4.4,c487ae,Link has non-empty accessible name,195,div.footer__wrapper > div.footer__bottom-section > div.footer__awards > a.footer__awards-image-link,si,cumple,,,R04,2026-09-09,,"nombre: ""(opens in a new window)""",sin CMP detectada
58,mundo,HKUST,https://hkust.edu.hk/,2.4.4,5effbb,Link in context is descriptive,195,div.footer__wrapper > div.footer__bottom-section > div.footer__awards > a.footer__awards-image-link,si,REVISAR,,SIN CONTEXTO PROGRAMATICO,R04,2026-09-09,,"JUICIO HUMANO. ¿Nombre + contexto describen el proposito? nombre: ""(opens in a new window)"" | href: https://caringcompany.org.hk/en/ | AVISO: no hay parrafo, elemento de lista ni celda que lo contenga. Un div o article envolvente NO es contexto programatico.",sin CMP detectada
58,mundo,HKUST,https://hkust.edu.hk/,2.4.4,c487ae,Link has non-empty accessible name,196,body.path-frontpage > div.page-wrapper > div.search-pop-up > a.search-pop-up__close,si,cumple,,,R04,2026-09-09,,"nombre: ""search pop up close button""",sin CMP detectada
58,mundo,HKUST,https://hkust.edu.hk/,2.4.4,5effbb,Link in context is descriptive,196,body.path-frontpage > div.page-wrapper > div.search-pop-up > a.search-pop-up__close,si,REVISAR,,SIN CONTEXTO PROGRAMATICO,R04,2026-09-09,,"JUICIO HUMANO. ¿Nombre + contexto describen el proposito? nombre: ""search pop up close button"" | href: # | AVISO: no hay parrafo, elemento de lista ni celda que lo contenga. Un div o article envolvente NO es contexto programatico.",sin CMP detectada
58,mundo,HKUST,https://hkust.edu.hk/,2.4.4,c487ae,Link has non-empty accessible name,197,div.search-pop-up > div.search-pop-up__wrapper > div.search-pop-up__search > a.search-pop-up__icon,si,falla,,,R04,2026-09-09,,href: #,sin CMP detectada
58,mundo,HKUST,https://hkust.edu.hk/,2.4.4,c487ae,Link has non-empty accessible name,198,div.search-pop-up__keywords > div.block > div.search-pop-up__item > a.search-pop-up__link,si,cumple,,,R04,2026-09-09,,"nombre: ""Research breakthroughs""",sin CMP detectada
58,mundo,HKUST,https://hkust.edu.hk/,2.4.4,5effbb,Link in context is descriptive,198,div.search-pop-up__keywords > div.block > div.search-pop-up__item > a.search-pop-up__link,si,REVISAR,,SIN CONTEXTO PROGRAMATICO,R04,2026-09-09,,"JUICIO HUMANO. ¿Nombre + contexto describen el proposito? nombre: ""Research breakthroughs"" | href: /search?keyword=Research breakthroughs | AVISO: no hay parrafo, elemento de lista ni celda que lo contenga. Un div o article envolvente NO es contexto programatico.",sin CMP detectada
58,mundo,HKUST,https://hkust.edu.hk/,2.4.4,c487ae,Link has non-empty accessible name,199,div.search-pop-up__keywords > div.block > div.search-pop-up__item > a.search-pop-up__link,si,cumple,,,R04,2026-09-09,,"nombre: ""Startup support""",sin CMP detectada
58,mundo,HKUST,https://hkust.edu.hk/,2.4.4,5effbb,Link in context is descriptive,199,div.search-pop-up__keywords > div.block > div.search-pop-up__item > a.search-pop-up__link,si,REVISAR,,SIN CONTEXTO PROGRAMATICO,R04,2026-09-09,,"JUICIO HUMANO. ¿Nombre + contexto describen el proposito? nombre: ""Startup support"" | href: /search?keyword=Startup support | AVISO: no hay parrafo, elemento de lista ni celda que lo contenga. Un div o article envolvente NO es contexto programatico.",sin CMP detectada
58,mundo,HKUST,https://hkust.edu.hk/,2.4.4,c487ae,Link has non-empty accessible name,200,div.search-pop-up__keywords > div.block > div.search-pop-up__item > a.search-pop-up__link,si,cumple,,,R04,2026-09-09,,"nombre: ""HKUST 2028 Sustainability Challenge""",sin CMP detectada
58,mundo,HKUST,https://hkust.edu.hk/,2.4.4,5effbb,Link in context is descriptive,200,div.search-pop-up__keywords > div.block > div.search-pop-up__item > a.search-pop-up__link,si,REVISAR,,SIN CONTEXTO PROGRAMATICO,R04,2026-09-09,,"JUICIO HUMANO. ¿Nombre + contexto describen el proposito? nombre: ""HKUST 2028 Sustainability Challenge"" | href: /search?keyword=HKUST 2028 Sustainability Challenge | AVISO: no hay parrafo, elemento de lista ni celda que lo contenga. Un div o article envolvente NO es contexto programatico.",sin CMP detectada
58,mundo,HKUST,https://hkust.edu.hk/,2.4.4,c487ae,Link has non-empty accessible name,201,div.search-pop-up__keywords > div.block > div.search-pop-up__item > a.search-pop-up__link,si,cumple,,,R04,2026-09-09,,"nombre: ""Medical School""",sin CMP detectada
58,mundo,HKUST,https://hkust.edu.hk/,2.4.4,5effbb,Link in context is descriptive,201,div.search-pop-up__keywords > div.block > div.search-pop-up__item > a.search-pop-up__link,si,REVISAR,,SIN CONTEXTO PROGRAMATICO,R04,2026-09-09,,"JUICIO HUMANO. ¿Nombre + contexto describen el proposito? nombre: ""Medical School"" | href: /search?keyword=Medical School | AVISO: no hay parrafo, elemento de lista ni celda que lo contenga. Un div o article envolvente NO es contexto programatico.",sin CMP detectada
58,mundo,HKUST,https://hkust.edu.hk/,2.4.4,c487ae,Link has non-empty accessible name,202,div.search-pop-up__keywords > div.block > div.search-pop-up__item > a.search-pop-up__link,si,cumple,,,R04,2026-09-09,,"nombre: ""Application Portal""",sin CMP detectada
58,mundo,HKUST,https://hkust.edu.hk/,2.4.4,5effbb,Link in context is descriptive,202,div.search-pop-up__keywords > div.block > div.search-pop-up__item > a.search-pop-up__link,si,REVISAR,,SIN CONTEXTO PROGRAMATICO,R04,2026-09-09,,"JUICIO HUMANO. ¿Nombre + contexto describen el proposito? nombre: ""Application Portal"" | href: /search?keyword=Application Portal | AVISO: no hay parrafo, elemento de lista ni celda que lo contenga. Un div o article envolvente NO es contexto programatico.",sin CMP detectada
58,mundo,HKUST,https://hkust.edu.hk/,2.4.4,fd3a94,Links with identical accessible names and same context serve equivalent purpose,155+156+157+158+159+160+161+162+163+164+165+166+167+168+169+170+171,div.home-sustain__slider--slide > div.home-sustain__item > div.home-sustain__item--content > a.home-sustain__item--link ; div.home-sustain__slider--slide > div.home-sustain__item > div.home-sustain__item--content > a.home-sustain__item--link ; div.home-sustain__slider--slide > div.home-sustain__item > div.home-sustain__item--content > a.home-sustain__item--link ; div.home-sustain__slider--slide > div.home-sustain__item > div.home-sustain__item--content > a.home-sustain__item--link ; div.home-sustain__slider--slide > div.home-sustain__item > div.home-sustain__item--content > a.home-sustain__item--link ; div.home-sustain__slider--slide > div.home-sustain__item > div.home-sustain__item--content > a.home-sustain__item--link ; div.home-sustain__slider--slide > div.home-sustain__item > div.home-sustain__item--content > a.home-sustain__item--link ; div.home-sustain__slider--slide > div.home-sustain__item > div.home-sustain__item--content > a.home-sustain__item--link ; div.home-sustain__slider--slide > div.home-sustain__item > div.home-sustain__item--content > a.home-sustain__item--link ; div.home-sustain__slider--slide > div.home-sustain__item > div.home-sustain__item--content > a.home-sustain__item--link ; div.home-sustain__slider--slide > div.home-sustain__item > div.home-sustain__item--content > a.home-sustain__item--link ; div.home-sustain__slider--slide > div.home-sustain__item > div.home-sustain__item--content > a.home-sustain__item--link ; div.home-sustain__slider--slide > div.home-sustain__item > div.home-sustain__item--content > a.home-sustain__item--link ; div.home-sustain__slider--slide > div.home-sustain__item > div.home-sustain__item--content > a.home-sustain__item--link ; div.home-sustain__slider--slide > div.home-sustain__item > div.home-sustain__item--content > a.home-sustain__item--link ; div.home-sustain__slider--slide > div.home-sustain__item > div.home-sustain__item--content > a.home-sustain__item--link ; div.home-sustain__slider--slide > div.home-sustain__item > div.home-sustain__item--content > a.home-sustain__item--link,si,REVISAR,,,R04,2026-09-09,,JUICIO HUMANO. 17 enlaces con el mismo nombre accesible y el mismo contexto apuntan a 17 destinos distintos. ¿Sirven un proposito equivalente? destinos: st.edu.hk/progress-and-performance/SDGs/2023/SDG-1 | st.edu.hk/progress-and-performance/SDGs/2023/SDG-2 | st.edu.hk/progress-and-performance/SDGs/2023/SDG-3 | st.edu.hk/progress-and-performance/SDGs/2023/SDG-4 | st.edu.hk/progress-and-performance/SDGs/2023/SDG-5 | st.edu.hk/progress-and-performance/SDGs/2023/SDG-6 | st.edu.hk/progress-and-performance/SDGs/2023/SDG-7 | st.edu.hk/progress-and-performance/SDGs/2023/SDG-8 | st.edu.hk/progress-and-performance/SDGs/2023/SDG-9 | t.edu.hk/progress-and-performance/SDGs/2023/SDG-10 | t.edu.hk/progress-and-performance/SDGs/2023/SDG-11 | t.edu.hk/progress-and-performance/SDGs/2023/SDG-12 | t.edu.hk/progress-and-performance/SDGs/2023/SDG-13 | t.edu.hk/progress-and-performance/SDGs/2023/SDG-14 | t.edu.hk/progress-and-performance/SDGs/2023/SDG-15 | t.edu.hk/progress-and-performance/SDGs/2023/SDG-16 | t.edu.hk/progress-and-performance/SDGs/2023/SDG-17,sin CMP detectada
58,mundo,HKUST,https://hkust.edu.hk/,2.4.4,fd3a94,Links with identical accessible names and same context serve equivalent purpose,193+195,div.footer__wrapper > div.footer__bottom-section > div.footer__awards > a.footer__awards-image-link ; div.footer__wrapper > div.footer__bottom-section > div.footer__awards > a.footer__awards-image-link,si,REVISAR,,,R04,2026-09-09,,JUICIO HUMANO. 2 enlaces con el mismo nombre accesible y el mismo contexto apuntan a 2 destinos distintos. ¿Sirven un proposito equivalente? destinos: https://www.digital-accessibility.hk/ | https://caringcompany.org.hk/en/,sin CMP detectada
