id,group,abbr,url,criterion,act_rule,rule_name,element_n,selector_or_description,applicable,outcome,measured_value,programmatic_context,evaluator_code,date,capture,notes,dialog_state
29,mundo,Northwestern,https://www.northwestern.edu/,1.4.3,afw4f7,Text has minimum contrast,1,html > body.full-width-page > div.mm-page > a.skip-to-main,si,cumple,9.40:1,,R04,2026-09-09,,"umbral 4.5:1 (texto normal, 10.0px); texto: ""Skip to main content""",modal cerrado
29,mundo,Northwestern,https://www.northwestern.edu/,1.4.3,afw4f7,Text has minimum contrast,2,div > div > a > span.hide-label,no,,,,R04,2026-09-09,,"No es un caracter visible: la regla no aplica. Texto oculto visualmente, de tamano cero o desplazado fuera de pantalla.",modal cerrado
29,mundo,Northwestern,https://www.northwestern.edu/,1.4.3,afw4f7,Text has minimum contrast,3,nav > ul > li > a,no,,,,R04,2026-09-09,,"No es un caracter visible: la regla no aplica. Texto oculto visualmente, de tamano cero o desplazado fuera de pantalla.",modal cerrado
29,mundo,Northwestern,https://www.northwestern.edu/,1.4.3,afw4f7,Text has minimum contrast,4,nav > ul > li > a,no,,,,R04,2026-09-09,,"No es un caracter visible: la regla no aplica. Texto oculto visualmente, de tamano cero o desplazado fuera de pantalla.",modal cerrado
29,mundo,Northwestern,https://www.northwestern.edu/,1.4.3,afw4f7,Text has minimum contrast,5,nav > ul > li > a,no,,,,R04,2026-09-09,,"No es un caracter visible: la regla no aplica. Texto oculto visualmente, de tamano cero o desplazado fuera de pantalla.",modal cerrado
29,mundo,Northwestern,https://www.northwestern.edu/,1.4.3,afw4f7,Text has minimum contrast,6,nav > ul > li > a,no,,,,R04,2026-09-09,,"No es un caracter visible: la regla no aplica. Texto oculto visualmente, de tamano cero o desplazado fuera de pantalla.",modal cerrado
29,mundo,Northwestern,https://www.northwestern.edu/,1.4.3,afw4f7,Text has minimum contrast,7,nav > ul > li > a,no,,,,R04,2026-09-09,,"No es un caracter visible: la regla no aplica. Texto oculto visualmente, de tamano cero o desplazado fuera de pantalla.",modal cerrado
29,mundo,Northwestern,https://www.northwestern.edu/,1.4.3,afw4f7,Text has minimum contrast,8,div.contain-1120 > nav > ul > li.dropdown,no,,,,R04,2026-09-09,,"No es un caracter visible: la regla no aplica. Texto oculto visualmente, de tamano cero o desplazado fuera de pantalla.",modal cerrado
29,mundo,Northwestern,https://www.northwestern.edu/,1.4.3,afw4f7,Text has minimum contrast,9,li.dropdown > ul > li > a,no,,,,R04,2026-09-09,,"No es un caracter visible: la regla no aplica. Texto oculto visualmente, de tamano cero o desplazado fuera de pantalla.",modal cerrado
29,mundo,Northwestern,https://www.northwestern.edu/,1.4.3,afw4f7,Text has minimum contrast,10,li.dropdown > ul > li > a,no,,,,R04,2026-09-09,,"No es un caracter visible: la regla no aplica. Texto oculto visualmente, de tamano cero o desplazado fuera de pantalla.",modal cerrado
29,mundo,Northwestern,https://www.northwestern.edu/,1.4.3,afw4f7,Text has minimum contrast,11,li.dropdown > ul > li > a,no,,,,R04,2026-09-09,,"No es un caracter visible: la regla no aplica. Texto oculto visualmente, de tamano cero o desplazado fuera de pantalla.",modal cerrado
29,mundo,Northwestern,https://www.northwestern.edu/,1.4.3,afw4f7,Text has minimum contrast,12,li.dropdown > ul > li > a,no,,,,R04,2026-09-09,,"No es un caracter visible: la regla no aplica. Texto oculto visualmente, de tamano cero o desplazado fuera de pantalla.",modal cerrado
29,mundo,Northwestern,https://www.northwestern.edu/,1.4.3,afw4f7,Text has minimum contrast,13,li.dropdown > ul > li > a,no,,,,R04,2026-09-09,,"No es un caracter visible: la regla no aplica. Texto oculto visualmente, de tamano cero o desplazado fuera de pantalla.",modal cerrado
29,mundo,Northwestern,https://www.northwestern.edu/,1.4.3,afw4f7,Text has minimum contrast,14,div.hide-mobile > div.search-form > form > label.hide-label,no,,,,R04,2026-09-09,,"No es un caracter visible: la regla no aplica. Texto oculto visualmente, de tamano cero o desplazado fuera de pantalla.",modal cerrado
29,mundo,Northwestern,https://www.northwestern.edu/,1.4.3,afw4f7,Text has minimum contrast,15,div.search-form > form > button > span.hide-label,no,,,,R04,2026-09-09,,"No es un caracter visible: la regla no aplica. Texto oculto visualmente, de tamano cero o desplazado fuera de pantalla.",modal cerrado
29,mundo,Northwestern,https://www.northwestern.edu/,1.4.3,afw4f7,Text has minimum contrast,16,nav > ul > li > a,no,,,,R04,2026-09-09,,"No es un caracter visible: la regla no aplica. Texto oculto visualmente, de tamano cero o desplazado fuera de pantalla.",modal cerrado
29,mundo,Northwestern,https://www.northwestern.edu/,1.4.3,afw4f7,Text has minimum contrast,17,li.nav-links > ul > li.home > a,no,,,,R04,2026-09-09,,"No es un caracter visible: la regla no aplica. Texto oculto visualmente, de tamano cero o desplazado fuera de pantalla.",modal cerrado
29,mundo,Northwestern,https://www.northwestern.edu/,1.4.3,afw4f7,Text has minimum contrast,18,div.nav-wrap > div.col > ul > li.heading,no,,,,R04,2026-09-09,,"No es un caracter visible: la regla no aplica. Texto oculto visualmente, de tamano cero o desplazado fuera de pantalla.",modal cerrado
29,mundo,Northwestern,https://www.northwestern.edu/,1.4.3,afw4f7,Text has minimum contrast,19,div.col > ul > li > a,no,,,,R04,2026-09-09,,"No es un caracter visible: la regla no aplica. Texto oculto visualmente, de tamano cero o desplazado fuera de pantalla.",modal cerrado
29,mundo,Northwestern,https://www.northwestern.edu/,1.4.3,afw4f7,Text has minimum contrast,20,div.col > ul > li > a,no,,,,R04,2026-09-09,,"No es un caracter visible: la regla no aplica. Texto oculto visualmente, de tamano cero o desplazado fuera de pantalla.",modal cerrado
29,mundo,Northwestern,https://www.northwestern.edu/,1.4.3,afw4f7,Text has minimum contrast,21,div.col > ul > li > a,no,,,,R04,2026-09-09,,"No es un caracter visible: la regla no aplica. Texto oculto visualmente, de tamano cero o desplazado fuera de pantalla.",modal cerrado
29,mundo,Northwestern,https://www.northwestern.edu/,1.4.3,afw4f7,Text has minimum contrast,22,div.nav-wrap > div.col > ul > li.heading,no,,,,R04,2026-09-09,,"No es un caracter visible: la regla no aplica. Texto oculto visualmente, de tamano cero o desplazado fuera de pantalla.",modal cerrado
29,mundo,Northwestern,https://www.northwestern.edu/,1.4.3,afw4f7,Text has minimum contrast,23,div.col > ul > li > a,no,,,,R04,2026-09-09,,"No es un caracter visible: la regla no aplica. Texto oculto visualmente, de tamano cero o desplazado fuera de pantalla.",modal cerrado
29,mundo,Northwestern,https://www.northwestern.edu/,1.4.3,afw4f7,Text has minimum contrast,24,div.col > ul > li > a,no,,,,R04,2026-09-09,,"No es un caracter visible: la regla no aplica. Texto oculto visualmente, de tamano cero o desplazado fuera de pantalla.",modal cerrado
29,mundo,Northwestern,https://www.northwestern.edu/,1.4.3,afw4f7,Text has minimum contrast,25,div.col > ul > li > a,no,,,,R04,2026-09-09,,"No es un caracter visible: la regla no aplica. Texto oculto visualmente, de tamano cero o desplazado fuera de pantalla.",modal cerrado
29,mundo,Northwestern,https://www.northwestern.edu/,1.4.3,afw4f7,Text has minimum contrast,26,div.col > ul > li > a,no,,,,R04,2026-09-09,,"No es un caracter visible: la regla no aplica. Texto oculto visualmente, de tamano cero o desplazado fuera de pantalla.",modal cerrado
29,mundo,Northwestern,https://www.northwestern.edu/,1.4.3,afw4f7,Text has minimum contrast,27,ul.dropdown-headings > li.nav-quick-links > ul > li.heading,no,,,,R04,2026-09-09,,"No es un caracter visible: la regla no aplica. Texto oculto visualmente, de tamano cero o desplazado fuera de pantalla.",modal cerrado
29,mundo,Northwestern,https://www.northwestern.edu/,1.4.3,afw4f7,Text has minimum contrast,28,li.nav-quick-links > ul > li > a,no,,,,R04,2026-09-09,,"No es un caracter visible: la regla no aplica. Texto oculto visualmente, de tamano cero o desplazado fuera de pantalla.",modal cerrado
29,mundo,Northwestern,https://www.northwestern.edu/,1.4.3,afw4f7,Text has minimum contrast,29,li.nav-quick-links > ul > li > a,no,,,,R04,2026-09-09,,"No es un caracter visible: la regla no aplica. Texto oculto visualmente, de tamano cero o desplazado fuera de pantalla.",modal cerrado
29,mundo,Northwestern,https://www.northwestern.edu/,1.4.3,afw4f7,Text has minimum contrast,30,li.nav-quick-links > ul > li > a,no,,,,R04,2026-09-09,,"No es un caracter visible: la regla no aplica. Texto oculto visualmente, de tamano cero o desplazado fuera de pantalla.",modal cerrado
29,mundo,Northwestern,https://www.northwestern.edu/,1.4.3,afw4f7,Text has minimum contrast,31,nav > ul > li > a,no,,,,R04,2026-09-09,,"No es un caracter visible: la regla no aplica. Texto oculto visualmente, de tamano cero o desplazado fuera de pantalla.",modal cerrado
29,mundo,Northwestern,https://www.northwestern.edu/,1.4.3,afw4f7,Text has minimum contrast,32,li.nav-links > ul > li.home > a,no,,,,R04,2026-09-09,,"No es un caracter visible: la regla no aplica. Texto oculto visualmente, de tamano cero o desplazado fuera de pantalla.",modal cerrado
29,mundo,Northwestern,https://www.northwestern.edu/,1.4.3,afw4f7,Text has minimum contrast,33,div.nav-wrap > div.col > ul > li.heading,no,,,,R04,2026-09-09,,"No es un caracter visible: la regla no aplica. Texto oculto visualmente, de tamano cero o desplazado fuera de pantalla.",modal cerrado
29,mundo,Northwestern,https://www.northwestern.edu/,1.4.3,afw4f7,Text has minimum contrast,34,div.col > ul > li > a,no,,,,R04,2026-09-09,,"No es un caracter visible: la regla no aplica. Texto oculto visualmente, de tamano cero o desplazado fuera de pantalla.",modal cerrado
29,mundo,Northwestern,https://www.northwestern.edu/,1.4.3,afw4f7,Text has minimum contrast,35,div.col > ul > li > a,no,,,,R04,2026-09-09,,"No es un caracter visible: la regla no aplica. Texto oculto visualmente, de tamano cero o desplazado fuera de pantalla.",modal cerrado
29,mundo,Northwestern,https://www.northwestern.edu/,1.4.3,afw4f7,Text has minimum contrast,36,div.col > ul > li > a,no,,,,R04,2026-09-09,,"No es un caracter visible: la regla no aplica. Texto oculto visualmente, de tamano cero o desplazado fuera de pantalla.",modal cerrado
29,mundo,Northwestern,https://www.northwestern.edu/,1.4.3,afw4f7,Text has minimum contrast,37,div.col > ul > li > a,no,,,,R04,2026-09-09,,"No es un caracter visible: la regla no aplica. Texto oculto visualmente, de tamano cero o desplazado fuera de pantalla.",modal cerrado
29,mundo,Northwestern,https://www.northwestern.edu/,1.4.3,afw4f7,Text has minimum contrast,38,div.nav-wrap > div.col > ul > li.heading,no,,,,R04,2026-09-09,,"No es un caracter visible: la regla no aplica. Texto oculto visualmente, de tamano cero o desplazado fuera de pantalla.",modal cerrado
29,mundo,Northwestern,https://www.northwestern.edu/,1.4.3,afw4f7,Text has minimum contrast,39,div.col > ul > li > a,no,,,,R04,2026-09-09,,"No es un caracter visible: la regla no aplica. Texto oculto visualmente, de tamano cero o desplazado fuera de pantalla.",modal cerrado
29,mundo,Northwestern,https://www.northwestern.edu/,1.4.3,afw4f7,Text has minimum contrast,40,nav > ul > li > a,no,,,,R04,2026-09-09,,"No es un caracter visible: la regla no aplica. Texto oculto visualmente, de tamano cero o desplazado fuera de pantalla.",modal cerrado
29,mundo,Northwestern,https://www.northwestern.edu/,1.4.3,afw4f7,Text has minimum contrast,41,li.nav-links > ul > li.home > a,no,,,,R04,2026-09-09,,"No es un caracter visible: la regla no aplica. Texto oculto visualmente, de tamano cero o desplazado fuera de pantalla.",modal cerrado
29,mundo,Northwestern,https://www.northwestern.edu/,1.4.3,afw4f7,Text has minimum contrast,42,div.nav-wrap > div.col > ul > li.heading,no,,,,R04,2026-09-09,,"No es un caracter visible: la regla no aplica. Texto oculto visualmente, de tamano cero o desplazado fuera de pantalla.",modal cerrado
29,mundo,Northwestern,https://www.northwestern.edu/,1.4.3,afw4f7,Text has minimum contrast,43,div.col > ul > li > a,no,,,,R04,2026-09-09,,"No es un caracter visible: la regla no aplica. Texto oculto visualmente, de tamano cero o desplazado fuera de pantalla.",modal cerrado
29,mundo,Northwestern,https://www.northwestern.edu/,1.4.3,afw4f7,Text has minimum contrast,44,div.col > ul > li > a,no,,,,R04,2026-09-09,,"No es un caracter visible: la regla no aplica. Texto oculto visualmente, de tamano cero o desplazado fuera de pantalla.",modal cerrado
29,mundo,Northwestern,https://www.northwestern.edu/,1.4.3,afw4f7,Text has minimum contrast,45,div.nav-wrap > div.col > ul > li.heading,no,,,,R04,2026-09-09,,"No es un caracter visible: la regla no aplica. Texto oculto visualmente, de tamano cero o desplazado fuera de pantalla.",modal cerrado
29,mundo,Northwestern,https://www.northwestern.edu/,1.4.3,afw4f7,Text has minimum contrast,46,div.col > ul > li > a,no,,,,R04,2026-09-09,,"No es un caracter visible: la regla no aplica. Texto oculto visualmente, de tamano cero o desplazado fuera de pantalla.",modal cerrado
29,mundo,Northwestern,https://www.northwestern.edu/,1.4.3,afw4f7,Text has minimum contrast,47,div.col > ul > li > a,no,,,,R04,2026-09-09,,"No es un caracter visible: la regla no aplica. Texto oculto visualmente, de tamano cero o desplazado fuera de pantalla.",modal cerrado
29,mundo,Northwestern,https://www.northwestern.edu/,1.4.3,afw4f7,Text has minimum contrast,48,div.nav-wrap > div.col > ul > li.heading,no,,,,R04,2026-09-09,,"No es un caracter visible: la regla no aplica. Texto oculto visualmente, de tamano cero o desplazado fuera de pantalla.",modal cerrado
29,mundo,Northwestern,https://www.northwestern.edu/,1.4.3,afw4f7,Text has minimum contrast,49,div.col > ul > li > a,no,,,,R04,2026-09-09,,"No es un caracter visible: la regla no aplica. Texto oculto visualmente, de tamano cero o desplazado fuera de pantalla.",modal cerrado
29,mundo,Northwestern,https://www.northwestern.edu/,1.4.3,afw4f7,Text has minimum contrast,50,nav > ul > li > a,no,,,,R04,2026-09-09,,"No es un caracter visible: la regla no aplica. Texto oculto visualmente, de tamano cero o desplazado fuera de pantalla.",modal cerrado
29,mundo,Northwestern,https://www.northwestern.edu/,1.4.3,afw4f7,Text has minimum contrast,51,li.nav-links > ul > li.home > a,no,,,,R04,2026-09-09,,"No es un caracter visible: la regla no aplica. Texto oculto visualmente, de tamano cero o desplazado fuera de pantalla.",modal cerrado
29,mundo,Northwestern,https://www.northwestern.edu/,1.4.3,afw4f7,Text has minimum contrast,52,div.nav-wrap > div.col > ul > li.heading,no,,,,R04,2026-09-09,,"No es un caracter visible: la regla no aplica. Texto oculto visualmente, de tamano cero o desplazado fuera de pantalla.",modal cerrado
29,mundo,Northwestern,https://www.northwestern.edu/,1.4.3,afw4f7,Text has minimum contrast,53,div.col > ul > li > a,no,,,,R04,2026-09-09,,"No es un caracter visible: la regla no aplica. Texto oculto visualmente, de tamano cero o desplazado fuera de pantalla.",modal cerrado
29,mundo,Northwestern,https://www.northwestern.edu/,1.4.3,afw4f7,Text has minimum contrast,54,div.col > ul > li > a,no,,,,R04,2026-09-09,,"No es un caracter visible: la regla no aplica. Texto oculto visualmente, de tamano cero o desplazado fuera de pantalla.",modal cerrado
29,mundo,Northwestern,https://www.northwestern.edu/,1.4.3,afw4f7,Text has minimum contrast,55,div.nav-wrap > div.col > ul > li.heading,no,,,,R04,2026-09-09,,"No es un caracter visible: la regla no aplica. Texto oculto visualmente, de tamano cero o desplazado fuera de pantalla.",modal cerrado
29,mundo,Northwestern,https://www.northwestern.edu/,1.4.3,afw4f7,Text has minimum contrast,56,div.col > ul > li > a,no,,,,R04,2026-09-09,,"No es un caracter visible: la regla no aplica. Texto oculto visualmente, de tamano cero o desplazado fuera de pantalla.",modal cerrado
29,mundo,Northwestern,https://www.northwestern.edu/,1.4.3,afw4f7,Text has minimum contrast,57,div.col > ul > li > a,no,,,,R04,2026-09-09,,"No es un caracter visible: la regla no aplica. Texto oculto visualmente, de tamano cero o desplazado fuera de pantalla.",modal cerrado
29,mundo,Northwestern,https://www.northwestern.edu/,1.4.3,afw4f7,Text has minimum contrast,58,div.col > ul > li > a,no,,,,R04,2026-09-09,,"No es un caracter visible: la regla no aplica. Texto oculto visualmente, de tamano cero o desplazado fuera de pantalla.",modal cerrado
29,mundo,Northwestern,https://www.northwestern.edu/,1.4.3,afw4f7,Text has minimum contrast,59,div.col > ul > li > a,no,,,,R04,2026-09-09,,"No es un caracter visible: la regla no aplica. Texto oculto visualmente, de tamano cero o desplazado fuera de pantalla.",modal cerrado
29,mundo,Northwestern,https://www.northwestern.edu/,1.4.3,afw4f7,Text has minimum contrast,60,ul.dropdown-headings > li.nav-quick-links > ul > li.heading,no,,,,R04,2026-09-09,,"No es un caracter visible: la regla no aplica. Texto oculto visualmente, de tamano cero o desplazado fuera de pantalla.",modal cerrado
29,mundo,Northwestern,https://www.northwestern.edu/,1.4.3,afw4f7,Text has minimum contrast,61,li.nav-quick-links > ul > li > a,no,,,,R04,2026-09-09,,"No es un caracter visible: la regla no aplica. Texto oculto visualmente, de tamano cero o desplazado fuera de pantalla.",modal cerrado
29,mundo,Northwestern,https://www.northwestern.edu/,1.4.3,afw4f7,Text has minimum contrast,62,li.nav-quick-links > ul > li > a,no,,,,R04,2026-09-09,,"No es un caracter visible: la regla no aplica. Texto oculto visualmente, de tamano cero o desplazado fuera de pantalla.",modal cerrado
29,mundo,Northwestern,https://www.northwestern.edu/,1.4.3,afw4f7,Text has minimum contrast,63,li.nav-quick-links > ul > li > a,no,,,,R04,2026-09-09,,"No es un caracter visible: la regla no aplica. Texto oculto visualmente, de tamano cero o desplazado fuera de pantalla.",modal cerrado
29,mundo,Northwestern,https://www.northwestern.edu/,1.4.3,afw4f7,Text has minimum contrast,64,nav > ul > li > a,no,,,,R04,2026-09-09,,"No es un caracter visible: la regla no aplica. Texto oculto visualmente, de tamano cero o desplazado fuera de pantalla.",modal cerrado
29,mundo,Northwestern,https://www.northwestern.edu/,1.4.3,afw4f7,Text has minimum contrast,65,li.nav-links > ul > li.home > a,no,,,,R04,2026-09-09,,"No es un caracter visible: la regla no aplica. Texto oculto visualmente, de tamano cero o desplazado fuera de pantalla.",modal cerrado
29,mundo,Northwestern,https://www.northwestern.edu/,1.4.3,afw4f7,Text has minimum contrast,66,div.nav-wrap > div.col > ul > li.heading,no,,,,R04,2026-09-09,,"No es un caracter visible: la regla no aplica. Texto oculto visualmente, de tamano cero o desplazado fuera de pantalla.",modal cerrado
29,mundo,Northwestern,https://www.northwestern.edu/,1.4.3,afw4f7,Text has minimum contrast,67,div.col > ul > li > a,no,,,,R04,2026-09-09,,"No es un caracter visible: la regla no aplica. Texto oculto visualmente, de tamano cero o desplazado fuera de pantalla.",modal cerrado
29,mundo,Northwestern,https://www.northwestern.edu/,1.4.3,afw4f7,Text has minimum contrast,68,div.col > ul > li > a,no,,,,R04,2026-09-09,,"No es un caracter visible: la regla no aplica. Texto oculto visualmente, de tamano cero o desplazado fuera de pantalla.",modal cerrado
29,mundo,Northwestern,https://www.northwestern.edu/,1.4.3,afw4f7,Text has minimum contrast,69,div.col > ul > li > a,no,,,,R04,2026-09-09,,"No es un caracter visible: la regla no aplica. Texto oculto visualmente, de tamano cero o desplazado fuera de pantalla.",modal cerrado
29,mundo,Northwestern,https://www.northwestern.edu/,1.4.3,afw4f7,Text has minimum contrast,70,div.col > ul > li > a,no,,,,R04,2026-09-09,,"No es un caracter visible: la regla no aplica. Texto oculto visualmente, de tamano cero o desplazado fuera de pantalla.",modal cerrado
29,mundo,Northwestern,https://www.northwestern.edu/,1.4.3,afw4f7,Text has minimum contrast,71,div.nav-wrap > div.col > ul > li.heading,no,,,,R04,2026-09-09,,"No es un caracter visible: la regla no aplica. Texto oculto visualmente, de tamano cero o desplazado fuera de pantalla.",modal cerrado
29,mundo,Northwestern,https://www.northwestern.edu/,1.4.3,afw4f7,Text has minimum contrast,72,div.col > ul > li > a,no,,,,R04,2026-09-09,,"No es un caracter visible: la regla no aplica. Texto oculto visualmente, de tamano cero o desplazado fuera de pantalla.",modal cerrado
29,mundo,Northwestern,https://www.northwestern.edu/,1.4.3,afw4f7,Text has minimum contrast,73,div.col > ul > li > a,no,,,,R04,2026-09-09,,"No es un caracter visible: la regla no aplica. Texto oculto visualmente, de tamano cero o desplazado fuera de pantalla.",modal cerrado
29,mundo,Northwestern,https://www.northwestern.edu/,1.4.3,afw4f7,Text has minimum contrast,74,div.col > ul > li > a,no,,,,R04,2026-09-09,,"No es un caracter visible: la regla no aplica. Texto oculto visualmente, de tamano cero o desplazado fuera de pantalla.",modal cerrado
29,mundo,Northwestern,https://www.northwestern.edu/,1.4.3,afw4f7,Text has minimum contrast,75,nav > ul > li > a,no,,,,R04,2026-09-09,,"No es un caracter visible: la regla no aplica. Texto oculto visualmente, de tamano cero o desplazado fuera de pantalla.",modal cerrado
29,mundo,Northwestern,https://www.northwestern.edu/,1.4.3,afw4f7,Text has minimum contrast,76,li.nav-links > ul > li.home > a,no,,,,R04,2026-09-09,,"No es un caracter visible: la regla no aplica. Texto oculto visualmente, de tamano cero o desplazado fuera de pantalla.",modal cerrado
29,mundo,Northwestern,https://www.northwestern.edu/,1.4.3,afw4f7,Text has minimum contrast,77,div.nav-wrap > div.col > ul > li.heading,no,,,,R04,2026-09-09,,"No es un caracter visible: la regla no aplica. Texto oculto visualmente, de tamano cero o desplazado fuera de pantalla.",modal cerrado
29,mundo,Northwestern,https://www.northwestern.edu/,1.4.3,afw4f7,Text has minimum contrast,78,div.col > ul > li > a,no,,,,R04,2026-09-09,,"No es un caracter visible: la regla no aplica. Texto oculto visualmente, de tamano cero o desplazado fuera de pantalla.",modal cerrado
29,mundo,Northwestern,https://www.northwestern.edu/,1.4.3,afw4f7,Text has minimum contrast,79,div.col > ul > li > a,no,,,,R04,2026-09-09,,"No es un caracter visible: la regla no aplica. Texto oculto visualmente, de tamano cero o desplazado fuera de pantalla.",modal cerrado
29,mundo,Northwestern,https://www.northwestern.edu/,1.4.3,afw4f7,Text has minimum contrast,80,div.nav-wrap > div.col > ul > li.heading,no,,,,R04,2026-09-09,,"No es un caracter visible: la regla no aplica. Texto oculto visualmente, de tamano cero o desplazado fuera de pantalla.",modal cerrado
29,mundo,Northwestern,https://www.northwestern.edu/,1.4.3,afw4f7,Text has minimum contrast,81,div.col > ul > li > a,no,,,,R04,2026-09-09,,"No es un caracter visible: la regla no aplica. Texto oculto visualmente, de tamano cero o desplazado fuera de pantalla.",modal cerrado
29,mundo,Northwestern,https://www.northwestern.edu/,1.4.3,afw4f7,Text has minimum contrast,82,div.col > ul > li > a,no,,,,R04,2026-09-09,,"No es un caracter visible: la regla no aplica. Texto oculto visualmente, de tamano cero o desplazado fuera de pantalla.",modal cerrado
29,mundo,Northwestern,https://www.northwestern.edu/,1.4.3,afw4f7,Text has minimum contrast,83,div.col > ul > li > a,no,,,,R04,2026-09-09,,"No es un caracter visible: la regla no aplica. Texto oculto visualmente, de tamano cero o desplazado fuera de pantalla.",modal cerrado
29,mundo,Northwestern,https://www.northwestern.edu/,1.4.3,afw4f7,Text has minimum contrast,84,nav > ul > li > a,no,,,,R04,2026-09-09,,"No es un caracter visible: la regla no aplica. Texto oculto visualmente, de tamano cero o desplazado fuera de pantalla.",modal cerrado
29,mundo,Northwestern,https://www.northwestern.edu/,1.4.3,afw4f7,Text has minimum contrast,85,div.video-hero > div.video > button.video-toggle > span,no,,,,R04,2026-09-09,,"No es un caracter visible: la regla no aplica. Texto oculto visualmente, de tamano cero o desplazado fuera de pantalla.",modal cerrado
29,mundo,Northwestern,https://www.northwestern.edu/,1.4.3,afw4f7,Text has minimum contrast,86,main > div.video-hero > div.video > video,si,cumple,13.19:1,,R04,2026-09-09,,"umbral 4.5:1 (texto normal, 10.0px); texto: ""Your browser does not support HTML5 video""",modal cerrado
29,mundo,Northwestern,https://www.northwestern.edu/,1.4.3,afw4f7,Text has minimum contrast,87,div.video > div.video-overlay > div.text > h1,no,,,,R04,2026-09-09,,"No es un caracter visible: la regla no aplica. Texto oculto visualmente, de tamano cero o desplazado fuera de pantalla.",modal cerrado
29,mundo,Northwestern,https://www.northwestern.edu/,1.4.3,afw4f7,Text has minimum contrast,88,div.video > div.video-overlay > div.text > p.subhead,si,cumple,13.01:1,,R04,2026-09-09,,"umbral 3:1 (texto grande, 24.0px); texto: ""Welcome to our innovative, collaborative and multidimensiona""",modal cerrado
29,mundo,Northwestern,https://www.northwestern.edu/,1.4.3,afw4f7,Text has minimum contrast,89,section > div.section-top > h2 > span,si,cumple,21.00:1,,R04,2026-09-09,,"umbral 3:1 (texto grande, 38.0px); texto: ""News from Northwestern""",modal cerrado
29,mundo,Northwestern,https://www.northwestern.edu/,1.4.3,afw4f7,Text has minimum contrast,90,div.content > section > div.section-top > p.subhead,si,cumple,13.19:1,,R04,2026-09-09,,"umbral 3:1 (texto grande, 25.0px); texto: ""Explore our latest""",modal cerrado
29,mundo,Northwestern,https://www.northwestern.edu/,1.4.3,afw4f7,Text has minimum contrast,91,section > div.section-top > p.subhead > span.fade-text,si,cumple,10.56:1,,R04,2026-09-09,,"umbral 3:1 (texto grande, 25.0px); texto: ""campus + university news.""",modal cerrado
29,mundo,Northwestern,https://www.northwestern.edu/,1.4.3,afw4f7,Text has minimum contrast,92,div.wrap > div.text > h3 > a,si,cumple,10.56:1,,R04,2026-09-09,,"umbral 3:1 (texto grande, 28.0px negrita); texto: ""The Garage named best university incubator by Time magazine""",modal cerrado
29,mundo,Northwestern,https://www.northwestern.edu/,1.4.3,afw4f7,Text has minimum contrast,93,div.news-callout > div.wrap > div.text > p.intro-text,si,cumple,13.19:1,,R04,2026-09-09,,"umbral 4.5:1 (texto normal, 20.0px); texto: ""In 11 years, it has developed more than 1,500 startups that """,modal cerrado
29,mundo,Northwestern,https://www.northwestern.edu/,1.4.3,afw4f7,Text has minimum contrast,94,div.swiper > div.swiper-wrapper > div.swiper-slide > div.tag,si,cumple,5.17:1,,R04,2026-09-09,,"umbral 4.5:1 (texto normal, 18.0px); texto: ""Environment""",modal cerrado
29,mundo,Northwestern,https://www.northwestern.edu/,1.4.3,afw4f7,Text has minimum contrast,95,div.swiper-wrapper > div.swiper-slide > h3 > a,si,cumple,10.56:1,,R04,2026-09-09,,"umbral 3:1 (texto grande, 25.0px); texto: ""Tiny fossils crack a Cretaceous cold case""",modal cerrado
29,mundo,Northwestern,https://www.northwestern.edu/,1.4.3,afw4f7,Text has minimum contrast,96,div.swiper > div.swiper-wrapper > div.swiper-slide > div.source,si,cumple,5.17:1,,R04,2026-09-09,,"umbral 4.5:1 (texto normal, 15.0px); texto: ""from""",modal cerrado
29,mundo,Northwestern,https://www.northwestern.edu/,1.4.3,afw4f7,Text has minimum contrast,97,div.swiper-wrapper > div.swiper-slide > div.source > span,si,cumple,5.17:1,,R04,2026-09-09,,"umbral 4.5:1 (texto normal, 15.0px); texto: ""Northwestern Now""",modal cerrado
29,mundo,Northwestern,https://www.northwestern.edu/,1.4.3,afw4f7,Text has minimum contrast,98,div.swiper > div.swiper-wrapper > div.swiper-slide > div.tag,si,cumple,5.17:1,,R04,2026-09-09,,"umbral 4.5:1 (texto normal, 18.0px); texto: ""Innovation""",modal cerrado
29,mundo,Northwestern,https://www.northwestern.edu/,1.4.3,afw4f7,Text has minimum contrast,99,div.swiper-wrapper > div.swiper-slide > h3 > a,si,cumple,10.56:1,,R04,2026-09-09,,"umbral 3:1 (texto grande, 25.0px); texto: ""Querrey InQbation Lab now home to 25 resident Illinois compa""",modal cerrado
29,mundo,Northwestern,https://www.northwestern.edu/,1.4.3,afw4f7,Text has minimum contrast,100,div.swiper > div.swiper-wrapper > div.swiper-slide > div.source,si,cumple,5.17:1,,R04,2026-09-09,,"umbral 4.5:1 (texto normal, 15.0px); texto: ""from""",modal cerrado
29,mundo,Northwestern,https://www.northwestern.edu/,1.4.3,afw4f7,Text has minimum contrast,101,div.swiper-wrapper > div.swiper-slide > div.source > span,si,cumple,5.17:1,,R04,2026-09-09,,"umbral 4.5:1 (texto normal, 15.0px); texto: ""Northwestern Now""",modal cerrado
29,mundo,Northwestern,https://www.northwestern.edu/,1.4.3,afw4f7,Text has minimum contrast,102,div.swiper > div.swiper-wrapper > div.swiper-slide > div.tag,si,cumple,5.17:1,,R04,2026-09-09,,"umbral 4.5:1 (texto normal, 18.0px); texto: ""Community Engagement""",modal cerrado
29,mundo,Northwestern,https://www.northwestern.edu/,1.4.3,afw4f7,Text has minimum contrast,103,div.swiper-wrapper > div.swiper-slide > h3 > a,si,cumple,10.56:1,,R04,2026-09-09,,"umbral 3:1 (texto grande, 25.0px); texto: ""Northwestern to launch All Evanston Hiring Hub to connect wo""",modal cerrado
29,mundo,Northwestern,https://www.northwestern.edu/,1.4.3,afw4f7,Text has minimum contrast,104,div.swiper > div.swiper-wrapper > div.swiper-slide > div.source,si,cumple,5.17:1,,R04,2026-09-09,,"umbral 4.5:1 (texto normal, 15.0px); texto: ""from""",modal cerrado
29,mundo,Northwestern,https://www.northwestern.edu/,1.4.3,afw4f7,Text has minimum contrast,105,div.swiper-wrapper > div.swiper-slide > div.source > span,si,cumple,5.17:1,,R04,2026-09-09,,"umbral 4.5:1 (texto normal, 15.0px); texto: ""Northwestern Now""",modal cerrado
29,mundo,Northwestern,https://www.northwestern.edu/,1.4.3,afw4f7,Text has minimum contrast,106,div.swiper > div.swiper-wrapper > div.swiper-slide > div.tag,si,cumple,5.17:1,,R04,2026-09-09,,"umbral 4.5:1 (texto normal, 18.0px); texto: ""Children’s Health""",modal cerrado
29,mundo,Northwestern,https://www.northwestern.edu/,1.4.3,afw4f7,Text has minimum contrast,107,div.swiper-wrapper > div.swiper-slide > h3 > a,si,cumple,10.56:1,,R04,2026-09-09,,"umbral 3:1 (texto grande, 25.0px); texto: ""How a Northwestern study changed who can diagnose autism in """,modal cerrado
29,mundo,Northwestern,https://www.northwestern.edu/,1.4.3,afw4f7,Text has minimum contrast,108,div.swiper > div.swiper-wrapper > div.swiper-slide > div.source,si,cumple,5.17:1,,R04,2026-09-09,,"umbral 4.5:1 (texto normal, 15.0px); texto: ""from""",modal cerrado
29,mundo,Northwestern,https://www.northwestern.edu/,1.4.3,afw4f7,Text has minimum contrast,109,div.swiper-wrapper > div.swiper-slide > div.source > span,si,cumple,5.17:1,,R04,2026-09-09,,"umbral 4.5:1 (texto normal, 15.0px); texto: ""Northwestern Now""",modal cerrado
29,mundo,Northwestern,https://www.northwestern.edu/,1.4.3,afw4f7,Text has minimum contrast,110,div.swiper > div.swiper-wrapper > div.swiper-slide > div.tag,si,cumple,5.17:1,,R04,2026-09-09,,"umbral 4.5:1 (texto normal, 18.0px); texto: ""Campus Life""",modal cerrado
29,mundo,Northwestern,https://www.northwestern.edu/,1.4.3,afw4f7,Text has minimum contrast,111,div.swiper-wrapper > div.swiper-slide > h3 > a,si,cumple,10.56:1,,R04,2026-09-09,,"umbral 3:1 (texto grande, 25.0px); texto: ""‘Vigil’ by acclaimed author George Saunders kicks off the ne""",modal cerrado
29,mundo,Northwestern,https://www.northwestern.edu/,1.4.3,afw4f7,Text has minimum contrast,112,div.swiper > div.swiper-wrapper > div.swiper-slide > div.source,si,cumple,5.17:1,,R04,2026-09-09,,"umbral 4.5:1 (texto normal, 15.0px); texto: ""from""",modal cerrado
29,mundo,Northwestern,https://www.northwestern.edu/,1.4.3,afw4f7,Text has minimum contrast,113,div.swiper-wrapper > div.swiper-slide > div.source > span,si,cumple,5.17:1,,R04,2026-09-09,,"umbral 4.5:1 (texto normal, 15.0px); texto: ""Northwestern Now""",modal cerrado
29,mundo,Northwestern,https://www.northwestern.edu/,1.4.3,afw4f7,Text has minimum contrast,114,div.swiper > div.swiper-wrapper > div.swiper-slide > div.tag,si,cumple,5.17:1,,R04,2026-09-09,,"umbral 4.5:1 (texto normal, 18.0px); texto: ""Sustainability""",modal cerrado
29,mundo,Northwestern,https://www.northwestern.edu/,1.4.3,afw4f7,Text has minimum contrast,115,div.swiper-wrapper > div.swiper-slide > h3 > a,si,cumple,10.56:1,,R04,2026-09-09,,"umbral 3:1 (texto grande, 25.0px); texto: ""Northwestern launches the Thriving Planet Institute""",modal cerrado
29,mundo,Northwestern,https://www.northwestern.edu/,1.4.3,afw4f7,Text has minimum contrast,116,div.swiper > div.swiper-wrapper > div.swiper-slide > div.source,si,cumple,5.17:1,,R04,2026-09-09,,"umbral 4.5:1 (texto normal, 15.0px); texto: ""from""",modal cerrado
29,mundo,Northwestern,https://www.northwestern.edu/,1.4.3,afw4f7,Text has minimum contrast,117,div.swiper-wrapper > div.swiper-slide > div.source > span,si,cumple,5.17:1,,R04,2026-09-09,,"umbral 4.5:1 (texto normal, 15.0px); texto: ""Northwestern Now""",modal cerrado
29,mundo,Northwestern,https://www.northwestern.edu/,1.4.3,afw4f7,Text has minimum contrast,118,section > ul.center-list > li > a.button,si,cumple,13.01:1,,R04,2026-09-09,,"umbral 4.5:1 (texto normal, 16.0px); texto: ""More News""",modal cerrado
29,mundo,Northwestern,https://www.northwestern.edu/,1.4.3,afw4f7,Text has minimum contrast,119,section > div.section-top > h2 > span,si,cumple,21.00:1,,R04,2026-09-09,,"umbral 3:1 (texto grande, 38.0px); texto: ""Take a Northwestern Direction""",modal cerrado
29,mundo,Northwestern,https://www.northwestern.edu/,1.4.3,afw4f7,Text has minimum contrast,120,div.content > section > div.section-top > p.subhead,si,cumple,13.19:1,,R04,2026-09-09,,"umbral 3:1 (texto grande, 25.0px); texto: ""#7 national university, with strength across all disciplines""",modal cerrado
29,mundo,Northwestern,https://www.northwestern.edu/,1.4.3,afw4f7,Text has minimum contrast,121,div.content > section > div.section-top > p,si,cumple,13.19:1,,R04,2026-09-09,,"umbral 4.5:1 (texto normal, 19.0px); texto: ""Northwestern is home to world class schools of medicine, jou""",modal cerrado
29,mundo,Northwestern,https://www.northwestern.edu/,1.4.3,afw4f7,Text has minimum contrast,122,a > div.inner > div.front > div.stat,si,cumple,13.01:1,,R04,2026-09-09,,"umbral 3:1 (texto grande, 60.0px); texto: ""#2""",modal cerrado
29,mundo,Northwestern,https://www.northwestern.edu/,1.4.3,afw4f7,Text has minimum contrast,123,a > div.inner > div.front > div.text,si,cumple,13.01:1,,R04,2026-09-09,,"umbral 4.5:1 (texto normal, 20.0px); texto: ""Education School""",modal cerrado
29,mundo,Northwestern,https://www.northwestern.edu/,1.4.3,afw4f7,Text has minimum contrast,124,a > div.inner > div.back > p,si,cumple,10.56:1,,R04,2026-09-09,,"umbral 4.5:1 (texto normal, 20.0px); texto: ""School of Education and Social Policy""",modal cerrado
29,mundo,Northwestern,https://www.northwestern.edu/,1.4.3,afw4f7,Text has minimum contrast,125,a > div.inner > div.front > div.stat,si,cumple,13.01:1,,R04,2026-09-09,,"umbral 3:1 (texto grande, 60.0px); texto: ""#4""",modal cerrado
29,mundo,Northwestern,https://www.northwestern.edu/,1.4.3,afw4f7,Text has minimum contrast,126,a > div.inner > div.front > div.text,si,cumple,13.01:1,,R04,2026-09-09,,"umbral 4.5:1 (texto normal, 20.0px); texto: ""Business School""",modal cerrado
29,mundo,Northwestern,https://www.northwestern.edu/,1.4.3,afw4f7,Text has minimum contrast,127,a > div.inner > div.back > p,si,cumple,10.56:1,,R04,2026-09-09,,"umbral 4.5:1 (texto normal, 20.0px); texto: ""Kellogg School of Management""",modal cerrado
29,mundo,Northwestern,https://www.northwestern.edu/,1.4.3,afw4f7,Text has minimum contrast,128,a > div.inner > div.front > div.stat,si,cumple,13.01:1,,R04,2026-09-09,,"umbral 3:1 (texto grande, 60.0px); texto: ""#9""",modal cerrado
29,mundo,Northwestern,https://www.northwestern.edu/,1.4.3,afw4f7,Text has minimum contrast,129,a > div.inner > div.front > div.text,si,cumple,13.01:1,,R04,2026-09-09,,"umbral 4.5:1 (texto normal, 20.0px); texto: ""Law School""",modal cerrado
29,mundo,Northwestern,https://www.northwestern.edu/,1.4.3,afw4f7,Text has minimum contrast,130,a > div.inner > div.back > p,si,cumple,10.56:1,,R04,2026-09-09,,"umbral 4.5:1 (texto normal, 20.0px); texto: ""Pritzker School of Law""",modal cerrado
29,mundo,Northwestern,https://www.northwestern.edu/,1.4.3,afw4f7,Text has minimum contrast,131,a > div.inner > div.front > div.stat,si,cumple,13.01:1,,R04,2026-09-09,,"umbral 3:1 (texto grande, 60.0px); texto: ""#16""",modal cerrado
29,mundo,Northwestern,https://www.northwestern.edu/,1.4.3,afw4f7,Text has minimum contrast,132,a > div.inner > div.front > div.text,si,cumple,13.01:1,,R04,2026-09-09,,"umbral 4.5:1 (texto normal, 20.0px); texto: ""Engineering School""",modal cerrado
29,mundo,Northwestern,https://www.northwestern.edu/,1.4.3,afw4f7,Text has minimum contrast,133,a > div.inner > div.back > p,si,cumple,10.56:1,,R04,2026-09-09,,"umbral 4.5:1 (texto normal, 20.0px); texto: ""McCormick School of Engineering""",modal cerrado
29,mundo,Northwestern,https://www.northwestern.edu/,1.4.3,afw4f7,Text has minimum contrast,134,section > ul.center-list > li > a.button,si,cumple,13.01:1,,R04,2026-09-09,,"umbral 4.5:1 (texto normal, 16.0px); texto: ""Explore Our Schools and More Facts""",modal cerrado
29,mundo,Northwestern,https://www.northwestern.edu/,1.4.3,afw4f7,Text has minimum contrast,135,section > div.section-top > h2 > span,si,cumple,21.00:1,,R04,2026-09-09,,"umbral 3:1 (texto grande, 38.0px); texto: ""Only Here""",modal cerrado
29,mundo,Northwestern,https://www.northwestern.edu/,1.4.3,afw4f7,Text has minimum contrast,136,div.content > section > div.section-top > p.subhead,si,cumple,13.19:1,,R04,2026-09-09,,"umbral 3:1 (texto grande, 25.0px); texto: ""What makes us Northwestern.""",modal cerrado
29,mundo,Northwestern,https://www.northwestern.edu/,1.4.3,afw4f7,Text has minimum contrast,137,a > div.inner > div.front > video,si,cumple,10.56:1,,R04,2026-09-09,,"umbral 4.5:1 (texto normal, 16.0px); texto: ""Your browser does not support HTML5 video""",modal cerrado
29,mundo,Northwestern,https://www.northwestern.edu/,1.4.3,afw4f7,Text has minimum contrast,138,a > div.inner > div.front > div.heading,si,cumple,13.01:1,,R04,2026-09-09,,"umbral 4.5:1 (texto normal, 20.0px); texto: ""Research""",modal cerrado
29,mundo,Northwestern,https://www.northwestern.edu/,1.4.3,afw4f7,Text has minimum contrast,139,a > div.inner > div.front > video,si,cumple,10.56:1,,R04,2026-09-09,,"umbral 4.5:1 (texto normal, 16.0px); texto: ""Your browser does not support HTML5 video""",modal cerrado
29,mundo,Northwestern,https://www.northwestern.edu/,1.4.3,afw4f7,Text has minimum contrast,140,a > div.inner > div.front > div.heading,si,cumple,13.01:1,,R04,2026-09-09,,"umbral 4.5:1 (texto normal, 20.0px); texto: ""Arts""",modal cerrado
29,mundo,Northwestern,https://www.northwestern.edu/,1.4.3,afw4f7,Text has minimum contrast,141,a > div.inner > div.front > video,si,cumple,10.56:1,,R04,2026-09-09,,"umbral 4.5:1 (texto normal, 16.0px); texto: ""Your browser does not support HTML5 video""",modal cerrado
29,mundo,Northwestern,https://www.northwestern.edu/,1.4.3,afw4f7,Text has minimum contrast,142,a > div.inner > div.front > div.heading,si,cumple,13.01:1,,R04,2026-09-09,,"umbral 4.5:1 (texto normal, 20.0px); texto: ""Evanston + Chicago""",modal cerrado
29,mundo,Northwestern,https://www.northwestern.edu/,1.4.3,afw4f7,Text has minimum contrast,143,a > div.inner > div.front > video,si,cumple,10.56:1,,R04,2026-09-09,,"umbral 4.5:1 (texto normal, 16.0px); texto: ""Your browser does not support HTML5 video""",modal cerrado
29,mundo,Northwestern,https://www.northwestern.edu/,1.4.3,afw4f7,Text has minimum contrast,144,a > div.inner > div.front > div.heading,si,cumple,13.01:1,,R04,2026-09-09,,"umbral 4.5:1 (texto normal, 20.0px); texto: ""Athletics""",modal cerrado
29,mundo,Northwestern,https://www.northwestern.edu/,1.4.3,afw4f7,Text has minimum contrast,145,section > div.section-top > h2 > span,si,cumple,21.00:1,,R04,2026-09-09,,"umbral 3:1 (texto grande, 38.0px); texto: ""University Priorities""",modal cerrado
29,mundo,Northwestern,https://www.northwestern.edu/,1.4.3,afw4f7,Text has minimum contrast,146,div.content > section > div.section-top > p.subhead,si,cumple,13.19:1,,R04,2026-09-09,,"umbral 3:1 (texto grande, 25.0px); texto: ""See our 11 current areas of focus as an institution.""",modal cerrado
29,mundo,Northwestern,https://www.northwestern.edu/,1.4.3,afw4f7,Text has minimum contrast,147,div.swiper-wrapper > div.swiper-slide > h3 > a,si,cumple,10.56:1,,R04,2026-09-09,,"umbral 4.5:1 (texto normal, 20.0px); texto: ""Advance the biosciences""",modal cerrado
29,mundo,Northwestern,https://www.northwestern.edu/,1.4.3,afw4f7,Text has minimum contrast,148,div.swiper-wrapper > div.swiper-slide > h3 > a,si,cumple,10.56:1,,R04,2026-09-09,,"umbral 4.5:1 (texto normal, 20.0px); texto: ""Harness the power of data analytics and artificial intellige""",modal cerrado
29,mundo,Northwestern,https://www.northwestern.edu/,1.4.3,afw4f7,Text has minimum contrast,149,div.swiper-wrapper > div.swiper-slide > h3 > a,si,cumple,10.56:1,,R04,2026-09-09,,"umbral 4.5:1 (texto normal, 20.0px); texto: ""Foster interdisciplinary innovation among social sciences an""",modal cerrado
29,mundo,Northwestern,https://www.northwestern.edu/,1.4.3,afw4f7,Text has minimum contrast,150,div.swiper-wrapper > div.swiper-slide > h3 > a,si,cumple,10.56:1,,R04,2026-09-09,,"umbral 4.5:1 (texto normal, 20.0px); texto: ""Lead in decarbonization, renewable energy and sustainability""",modal cerrado
29,mundo,Northwestern,https://www.northwestern.edu/,1.4.3,afw4f7,Text has minimum contrast,151,div.swiper-wrapper > div.swiper-slide > h3 > a,si,cumple,10.56:1,,R04,2026-09-09,,"umbral 4.5:1 (texto normal, 20.0px); texto: ""Enhance the creative and performing arts""",modal cerrado
29,mundo,Northwestern,https://www.northwestern.edu/,1.4.3,afw4f7,Text has minimum contrast,152,div.swiper-wrapper > div.swiper-slide > h3 > a,si,cumple,10.56:1,,R04,2026-09-09,,"umbral 4.5:1 (texto normal, 20.0px); texto: ""Deliver an outstanding educational experience for students""",modal cerrado
29,mundo,Northwestern,https://www.northwestern.edu/,1.4.3,afw4f7,Text has minimum contrast,153,div.swiper-wrapper > div.swiper-slide > h3 > a,si,cumple,10.56:1,,R04,2026-09-09,,"umbral 4.5:1 (texto normal, 20.0px); texto: ""Invest in our employees""",modal cerrado
29,mundo,Northwestern,https://www.northwestern.edu/,1.4.3,afw4f7,Text has minimum contrast,154,div.swiper-wrapper > div.swiper-slide > h3 > a,si,cumple,10.56:1,,R04,2026-09-09,,"umbral 4.5:1 (texto normal, 20.0px); texto: ""Build resilient students and a sense of belonging""",modal cerrado
29,mundo,Northwestern,https://www.northwestern.edu/,1.4.3,afw4f7,Text has minimum contrast,155,div.swiper-wrapper > div.swiper-slide > h3 > a,si,cumple,10.56:1,,R04,2026-09-09,,"umbral 4.5:1 (texto normal, 20.0px); texto: ""Promote access, opportunity and diversity""",modal cerrado
29,mundo,Northwestern,https://www.northwestern.edu/,1.4.3,afw4f7,Text has minimum contrast,156,div.swiper-wrapper > div.swiper-slide > h3 > a,si,cumple,10.56:1,,R04,2026-09-09,,"umbral 4.5:1 (texto normal, 20.0px); texto: ""Defend free expression and promote engagement across differe""",modal cerrado
29,mundo,Northwestern,https://www.northwestern.edu/,1.4.3,afw4f7,Text has minimum contrast,157,div.swiper-wrapper > div.swiper-slide > h3 > a,si,cumple,10.56:1,,R04,2026-09-09,,"umbral 4.5:1 (texto normal, 20.0px); texto: ""Enhance the student-athlete experience""",modal cerrado
29,mundo,Northwestern,https://www.northwestern.edu/,1.4.3,afw4f7,Text has minimum contrast,158,section > div.section-top > h2 > span,si,cumple,21.00:1,,R04,2026-09-09,,"umbral 3:1 (texto grande, 38.0px); texto: ""Explore our People, Places and Events""",modal cerrado
29,mundo,Northwestern,https://www.northwestern.edu/,1.4.3,afw4f7,Text has minimum contrast,159,div.wrap > div.text > h2 > a,si,cumple,10.56:1,,R04,2026-09-09,,"umbral 4.5:1 (texto normal, 20.0px); texto: ""Student-Athletes Nigel Prince and Reese Mayer""",modal cerrado
29,mundo,Northwestern,https://www.northwestern.edu/,1.4.3,afw4f7,Text has minimum contrast,160,div.swiper-slide > div.wrap > div.text > p,si,cumple,13.19:1,,R04,2026-09-09,,"umbral 4.5:1 (texto normal, 18.0px); texto: ""The athletes shore up the Wildcats’ back-line defense on the""",modal cerrado
29,mundo,Northwestern,https://www.northwestern.edu/,1.4.3,afw4f7,Text has minimum contrast,161,div.wrap > div.text > h2 > a,si,cumple,10.56:1,,R04,2026-09-09,,"umbral 4.5:1 (texto normal, 20.0px); texto: ""Norris University Center""",modal cerrado
29,mundo,Northwestern,https://www.northwestern.edu/,1.4.3,afw4f7,Text has minimum contrast,162,div.swiper-slide > div.wrap > div.text > p,si,cumple,13.19:1,,R04,2026-09-09,,"umbral 4.5:1 (texto normal, 18.0px); texto: ""Our student center is home to events, dining and recreation """,modal cerrado
29,mundo,Northwestern,https://www.northwestern.edu/,1.4.3,afw4f7,Text has minimum contrast,163,div.wrap > div.text > h2 > a,si,cumple,10.56:1,,R04,2026-09-09,,"umbral 4.5:1 (texto normal, 20.0px); texto: ""Northwestern Sailing Center""",modal cerrado
29,mundo,Northwestern,https://www.northwestern.edu/,1.4.3,afw4f7,Text has minimum contrast,164,div.swiper-slide > div.wrap > div.text > p,si,cumple,13.19:1,,R04,2026-09-09,,"umbral 4.5:1 (texto normal, 18.0px); texto: ""The on-campus center offers sailing classes, windsurfing and""",modal cerrado
29,mundo,Northwestern,https://www.northwestern.edu/,1.4.3,afw4f7,Text has minimum contrast,165,div.wrap > div.text > h2 > a,si,cumple,10.56:1,,R04,2026-09-09,,"umbral 4.5:1 (texto normal, 20.0px); texto: ""Alumna Greta Lee""",modal cerrado
29,mundo,Northwestern,https://www.northwestern.edu/,1.4.3,afw4f7,Text has minimum contrast,166,div.swiper-slide > div.wrap > div.text > p,si,cumple,13.19:1,,R04,2026-09-09,,"umbral 4.5:1 (texto normal, 18.0px); texto: ""The actor’s Northwestern years prepared her for the reality """,modal cerrado
29,mundo,Northwestern,https://www.northwestern.edu/,1.4.3,afw4f7,Text has minimum contrast,167,div.wrap > div.text > h2 > a,si,cumple,10.56:1,,R04,2026-09-09,,"umbral 4.5:1 (texto normal, 20.0px); texto: ""Dance Marathon""",modal cerrado
29,mundo,Northwestern,https://www.northwestern.edu/,1.4.3,afw4f7,Text has minimum contrast,168,div.swiper-slide > div.wrap > div.text > p,si,cumple,13.19:1,,R04,2026-09-09,,"umbral 4.5:1 (texto normal, 18.0px); texto: ""Since 1975, students have raised money for charity and dance""",modal cerrado
29,mundo,Northwestern,https://www.northwestern.edu/,1.4.3,afw4f7,Text has minimum contrast,169,div.wrap > div.text > h2 > a,si,cumple,10.56:1,,R04,2026-09-09,,"umbral 4.5:1 (texto normal, 20.0px); texto: ""Block Museum of Art""",modal cerrado
29,mundo,Northwestern,https://www.northwestern.edu/,1.4.3,afw4f7,Text has minimum contrast,170,div.swiper-slide > div.wrap > div.text > p,si,cumple,13.19:1,,R04,2026-09-09,,"umbral 4.5:1 (texto normal, 18.0px); texto: ""Northwestern University's art museum is home to extensive co""",modal cerrado
29,mundo,Northwestern,https://www.northwestern.edu/,1.4.3,afw4f7,Text has minimum contrast,171,div.wrap > div.text > h2 > a,si,cumple,10.56:1,,R04,2026-09-09,,"umbral 4.5:1 (texto normal, 20.0px); texto: ""Professor Andrew Papachristos""",modal cerrado
29,mundo,Northwestern,https://www.northwestern.edu/,1.4.3,afw4f7,Text has minimum contrast,172,div.swiper-slide > div.wrap > div.text > p,si,cumple,13.19:1,,R04,2026-09-09,,"umbral 4.5:1 (texto normal, 18.0px); texto: ""Sociology professor Andrew Papachristos uses network science""",modal cerrado
29,mundo,Northwestern,https://www.northwestern.edu/,1.4.3,afw4f7,Text has minimum contrast,173,div.wrap > div.text > h2 > a,si,cumple,10.56:1,,R04,2026-09-09,,"umbral 4.5:1 (texto normal, 20.0px); texto: ""March Through the Arch""",modal cerrado
29,mundo,Northwestern,https://www.northwestern.edu/,1.4.3,afw4f7,Text has minimum contrast,174,div.swiper-slide > div.wrap > div.text > p,si,cumple,13.19:1,,R04,2026-09-09,,"umbral 4.5:1 (texto normal, 18.0px); texto: ""In this tradition, incoming Northwestern students march thro""",modal cerrado
29,mundo,Northwestern,https://www.northwestern.edu/,1.4.3,afw4f7,Text has minimum contrast,175,div.wrap > div.text > h2 > a,si,cumple,10.56:1,,R04,2026-09-09,,"umbral 4.5:1 (texto normal, 20.0px); texto: ""The Garage""",modal cerrado
29,mundo,Northwestern,https://www.northwestern.edu/,1.4.3,afw4f7,Text has minimum contrast,176,div.swiper-slide > div.wrap > div.text > p,si,cumple,13.19:1,,R04,2026-09-09,,"umbral 4.5:1 (texto normal, 18.0px); texto: ""The Garage is an entrepreneurial community where Northwester""",modal cerrado
29,mundo,Northwestern,https://www.northwestern.edu/,1.4.3,afw4f7,Text has minimum contrast,177,section > div.section-top > h2 > span,si,cumple,21.00:1,,R04,2026-09-09,,"umbral 3:1 (texto grande, 38.0px); texto: ""Follow Us""",modal cerrado
29,mundo,Northwestern,https://www.northwestern.edu/,1.4.3,afw4f7,Text has minimum contrast,178,section > div.social-media-cards > a.card > div.hide-text,no,,,,R04,2026-09-09,,"No es un caracter visible: la regla no aplica. Texto oculto visualmente, de tamano cero o desplazado fuera de pantalla.",modal cerrado
29,mundo,Northwestern,https://www.northwestern.edu/,1.4.3,afw4f7,Text has minimum contrast,179,section > div.social-media-cards > a.card > div.hide-text,no,,,,R04,2026-09-09,,"No es un caracter visible: la regla no aplica. Texto oculto visualmente, de tamano cero o desplazado fuera de pantalla.",modal cerrado
29,mundo,Northwestern,https://www.northwestern.edu/,1.4.3,afw4f7,Text has minimum contrast,180,section > div.social-media-cards > a.card > div.hide-text,no,,,,R04,2026-09-09,,"No es un caracter visible: la regla no aplica. Texto oculto visualmente, de tamano cero o desplazado fuera de pantalla.",modal cerrado
29,mundo,Northwestern,https://www.northwestern.edu/,1.4.3,afw4f7,Text has minimum contrast,181,div.social-media-cards > ul.center-list > li.tiktok > a,no,,,,R04,2026-09-09,,"No es un caracter visible: la regla no aplica. Texto oculto visualmente, de tamano cero o desplazado fuera de pantalla.",modal cerrado
29,mundo,Northwestern,https://www.northwestern.edu/,1.4.3,afw4f7,Text has minimum contrast,182,div.social-media-cards > ul.center-list > li.youtube > a,no,,,,R04,2026-09-09,,"No es un caracter visible: la regla no aplica. Texto oculto visualmente, de tamano cero o desplazado fuera de pantalla.",modal cerrado
29,mundo,Northwestern,https://www.northwestern.edu/,1.4.3,afw4f7,Text has minimum contrast,183,div.social-media-cards > ul.center-list > li.x > a,no,,,,R04,2026-09-09,,"No es un caracter visible: la regla no aplica. Texto oculto visualmente, de tamano cero o desplazado fuera de pantalla.",modal cerrado
29,mundo,Northwestern,https://www.northwestern.edu/,1.4.3,afw4f7,Text has minimum contrast,184,section > div.section-top > h2 > span,si,cumple,21.00:1,,R04,2026-09-09,,"umbral 3:1 (texto grande, 38.0px); texto: ""Northwestern in the Media""",modal cerrado
29,mundo,Northwestern,https://www.northwestern.edu/,1.4.3,afw4f7,Text has minimum contrast,185,section > div.media-mentions > article > div.source,si,cumple,13.19:1,,R04,2026-09-09,,"umbral 3:1 (texto grande, 20.0px negrita); texto: ""Chicago Tribune""",modal cerrado
29,mundo,Northwestern,https://www.northwestern.edu/,1.4.3,afw4f7,Text has minimum contrast,186,div.media-mentions > article > h3 > a,si,cumple,10.56:1,,R04,2026-09-09,,"umbral 4.5:1 (texto normal, 20.0px); texto: ""Till Institute Summer Academy brings teens together to talk """,modal cerrado
29,mundo,Northwestern,https://www.northwestern.edu/,1.4.3,afw4f7,Text has minimum contrast,187,section > div.media-mentions > article > div.date,si,cumple,5.17:1,,R04,2026-09-09,,"umbral 4.5:1 (texto normal, 16.0px); texto: ""August 19, 2026""",modal cerrado
29,mundo,Northwestern,https://www.northwestern.edu/,1.4.3,afw4f7,Text has minimum contrast,188,section > div.media-mentions > article > div.source,si,cumple,13.19:1,,R04,2026-09-09,,"umbral 3:1 (texto grande, 20.0px negrita); texto: ""The New York Times""",modal cerrado
29,mundo,Northwestern,https://www.northwestern.edu/,1.4.3,afw4f7,Text has minimum contrast,189,div.media-mentions > article > h3 > a,si,cumple,10.56:1,,R04,2026-09-09,,"umbral 4.5:1 (texto normal, 20.0px); texto: ""Saving old trees might save lives""",modal cerrado
29,mundo,Northwestern,https://www.northwestern.edu/,1.4.3,afw4f7,Text has minimum contrast,190,section > div.media-mentions > article > div.date,si,cumple,5.17:1,,R04,2026-09-09,,"umbral 4.5:1 (texto normal, 16.0px); texto: ""August 20, 2026""",modal cerrado
29,mundo,Northwestern,https://www.northwestern.edu/,1.4.3,afw4f7,Text has minimum contrast,191,section > div.media-mentions > article > div.source,si,cumple,13.19:1,,R04,2026-09-09,,"umbral 3:1 (texto grande, 20.0px negrita); texto: ""TIME""",modal cerrado
29,mundo,Northwestern,https://www.northwestern.edu/,1.4.3,afw4f7,Text has minimum contrast,192,div.media-mentions > article > h3 > a,si,cumple,10.56:1,,R04,2026-09-09,,"umbral 4.5:1 (texto normal, 20.0px); texto: ""What ovaries reveal about the secret ways women age""",modal cerrado
29,mundo,Northwestern,https://www.northwestern.edu/,1.4.3,afw4f7,Text has minimum contrast,193,section > div.media-mentions > article > div.date,si,cumple,5.17:1,,R04,2026-09-09,,"umbral 4.5:1 (texto normal, 16.0px); texto: ""August 20, 2026""",modal cerrado
29,mundo,Northwestern,https://www.northwestern.edu/,1.4.3,afw4f7,Text has minimum contrast,194,div.pill-wrap > button.pill-row > span.pill-left > span.header,si,cumple,10.56:1,,R04,2026-09-09,,"umbral 3:1 (texto grande, 19.0px negrita); texto: ""Ask Northwestern""",modal cerrado
29,mundo,Northwestern,https://www.northwestern.edu/,1.4.3,afw4f7,Text has minimum contrast,195,div.expandable > div.expandable-inner > p > strong,si,cumple,13.19:1,,R04,2026-09-09,,"umbral 4.5:1 (texto normal, 15.0px negrita); texto: ""Questions?""",modal cerrado
29,mundo,Northwestern,https://www.northwestern.edu/,1.4.3,afw4f7,Text has minimum contrast,196,div.inner > div.expandable > div.expandable-inner > p,si,cumple,13.19:1,,R04,2026-09-09,,"umbral 4.5:1 (texto normal, 15.0px); texto: ""Use our AI-guided search.""",modal cerrado
29,mundo,Northwestern,https://www.northwestern.edu/,1.4.3,afw4f7,Text has minimum contrast,197,div.expandable-inner > div.search-row > form > label.hide-label,no,,,,R04,2026-09-09,,"No es un caracter visible: la regla no aplica. Texto oculto visualmente, de tamano cero o desplazado fuera de pantalla.",modal cerrado
29,mundo,Northwestern,https://www.northwestern.edu/,1.4.3,afw4f7,Text has minimum contrast,198,div.contain-1120 > a > div.footer-logo > span.hide-text,no,,,,R04,2026-09-09,,"No es un caracter visible: la regla no aplica. Texto oculto visualmente, de tamano cero o desplazado fuera de pantalla.",modal cerrado
29,mundo,Northwestern,https://www.northwestern.edu/,1.4.3,afw4f7,Text has minimum contrast,199,div.footer-content > div.address > div.icon > span,no,,,,R04,2026-09-09,,"No es un caracter visible: la regla no aplica. Texto oculto visualmente, de tamano cero o desplazado fuera de pantalla.",modal cerrado
29,mundo,Northwestern,https://www.northwestern.edu/,1.4.3,afw4f7,Text has minimum contrast,200,div.footer-content > div.address > div.text > p,si,cumple,13.01:1,,R04,2026-09-09,,"umbral 4.5:1 (texto normal, 14.0px); texto: ""633 Clark Street""",modal cerrado
29,mundo,Northwestern,https://www.northwestern.edu/,1.4.3,afw4f7,Text has minimum contrast,201,div.footer-content > div.phone > div.icon > span,no,,,,R04,2026-09-09,,"No es un caracter visible: la regla no aplica. Texto oculto visualmente, de tamano cero o desplazado fuera de pantalla.",modal cerrado
29,mundo,Northwestern,https://www.northwestern.edu/,1.4.3,afw4f7,Text has minimum contrast,202,div.phone > div.text > p > strong,si,cumple,13.01:1,,R04,2026-09-09,,"umbral 4.5:1 (texto normal, 14.0px); texto: ""Evanston""",modal cerrado
29,mundo,Northwestern,https://www.northwestern.edu/,1.4.3,afw4f7,Text has minimum contrast,203,div.footer-content > div.phone > div.text > p,si,cumple,13.01:1,,R04,2026-09-09,,"umbral 4.5:1 (texto normal, 14.0px); texto: ""(847) 491-3741""",modal cerrado
29,mundo,Northwestern,https://www.northwestern.edu/,1.4.3,afw4f7,Text has minimum contrast,204,div.phone > div.text > p > strong,si,cumple,13.01:1,,R04,2026-09-09,,"umbral 4.5:1 (texto normal, 14.0px); texto: ""Chicago""",modal cerrado
29,mundo,Northwestern,https://www.northwestern.edu/,1.4.3,afw4f7,Text has minimum contrast,205,div.footer-content > div.phone > div.text > p,si,cumple,13.01:1,,R04,2026-09-09,,"umbral 4.5:1 (texto normal, 14.0px); texto: ""(312) 503-8649""",modal cerrado
29,mundo,Northwestern,https://www.northwestern.edu/,1.4.3,afw4f7,Text has minimum contrast,206,div.footer-outer > div.footer-wrap > div.footer-content > h2,si,cumple,13.01:1,,R04,2026-09-09,,"umbral 4.5:1 (texto normal, 16.0px negrita); texto: ""Connect""",modal cerrado
29,mundo,Northwestern,https://www.northwestern.edu/,1.4.3,afw4f7,Text has minimum contrast,207,div.footer-content > ul > li.facebook > a,no,,,,R04,2026-09-09,,"No es un caracter visible: la regla no aplica. Texto oculto visualmente, de tamano cero o desplazado fuera de pantalla.",modal cerrado
29,mundo,Northwestern,https://www.northwestern.edu/,1.4.3,afw4f7,Text has minimum contrast,208,div.footer-content > ul > li.x > a,no,,,,R04,2026-09-09,,"No es un caracter visible: la regla no aplica. Texto oculto visualmente, de tamano cero o desplazado fuera de pantalla.",modal cerrado
29,mundo,Northwestern,https://www.northwestern.edu/,1.4.3,afw4f7,Text has minimum contrast,209,div.footer-content > ul > li.instagram > a,no,,,,R04,2026-09-09,,"No es un caracter visible: la regla no aplica. Texto oculto visualmente, de tamano cero o desplazado fuera de pantalla.",modal cerrado
29,mundo,Northwestern,https://www.northwestern.edu/,1.4.3,afw4f7,Text has minimum contrast,210,div.footer-content > ul > li.youtube > a,no,,,,R04,2026-09-09,,"No es un caracter visible: la regla no aplica. Texto oculto visualmente, de tamano cero o desplazado fuera de pantalla.",modal cerrado
29,mundo,Northwestern,https://www.northwestern.edu/,1.4.3,afw4f7,Text has minimum contrast,211,div.footer-content > ul > li.tiktok > a,no,,,,R04,2026-09-09,,"No es un caracter visible: la regla no aplica. Texto oculto visualmente, de tamano cero o desplazado fuera de pantalla.",modal cerrado
29,mundo,Northwestern,https://www.northwestern.edu/,1.4.3,afw4f7,Text has minimum contrast,212,div.footer-content > ul > li.linkedin > a,no,,,,R04,2026-09-09,,"No es un caracter visible: la regla no aplica. Texto oculto visualmente, de tamano cero o desplazado fuera de pantalla.",modal cerrado
29,mundo,Northwestern,https://www.northwestern.edu/,1.4.3,afw4f7,Text has minimum contrast,213,div.footer-outer > div.footer-wrap > div.footer-content > h2,si,cumple,13.01:1,,R04,2026-09-09,,"umbral 4.5:1 (texto normal, 16.0px negrita); texto: ""Quick Links""",modal cerrado
29,mundo,Northwestern,https://www.northwestern.edu/,1.4.3,afw4f7,Text has minimum contrast,214,div.footer-content > ul > li > a,si,cumple,13.01:1,,R04,2026-09-09,,"umbral 4.5:1 (texto normal, 14.0px); texto: ""Bookstore""",modal cerrado
29,mundo,Northwestern,https://www.northwestern.edu/,1.4.3,afw4f7,Text has minimum contrast,215,div.footer-content > ul > li > a,si,cumple,13.01:1,,R04,2026-09-09,,"umbral 4.5:1 (texto normal, 14.0px); texto: ""Office Directory""",modal cerrado
29,mundo,Northwestern,https://www.northwestern.edu/,1.4.3,afw4f7,Text has minimum contrast,216,div.footer-content > ul > li > a,si,cumple,13.01:1,,R04,2026-09-09,,"umbral 4.5:1 (texto normal, 14.0px); texto: ""Libraries""",modal cerrado
29,mundo,Northwestern,https://www.northwestern.edu/,1.4.3,afw4f7,Text has minimum contrast,217,div.footer-content > ul > li > a,si,cumple,13.01:1,,R04,2026-09-09,,"umbral 4.5:1 (texto normal, 14.0px); texto: ""Campus Maps""",modal cerrado
29,mundo,Northwestern,https://www.northwestern.edu/,1.4.3,afw4f7,Text has minimum contrast,218,div.footer-content > ul > li > a,si,cumple,13.01:1,,R04,2026-09-09,,"umbral 4.5:1 (texto normal, 14.0px); texto: ""Media Relations""",modal cerrado
29,mundo,Northwestern,https://www.northwestern.edu/,1.4.3,afw4f7,Text has minimum contrast,219,div.footer-content > ul > li > a,si,cumple,13.01:1,,R04,2026-09-09,,"umbral 4.5:1 (texto normal, 14.0px); texto: ""Parking""",modal cerrado
29,mundo,Northwestern,https://www.northwestern.edu/,1.4.3,afw4f7,Text has minimum contrast,220,div.footer-content > ul > li > a,si,cumple,13.01:1,,R04,2026-09-09,,"umbral 4.5:1 (texto normal, 14.0px); texto: ""Shuttles""",modal cerrado
29,mundo,Northwestern,https://www.northwestern.edu/,1.4.3,afw4f7,Text has minimum contrast,221,div.footer-content > ul > li > a,si,cumple,13.01:1,,R04,2026-09-09,,"umbral 4.5:1 (texto normal, 14.0px); texto: ""Student Complaint Procedure""",modal cerrado
29,mundo,Northwestern,https://www.northwestern.edu/,1.4.3,afw4f7,Text has minimum contrast,222,div.footer-outer > div.footer-wrap > div.footer-content > h2,si,cumple,13.01:1,,R04,2026-09-09,,"umbral 4.5:1 (texto normal, 16.0px negrita); texto: ""Northwestern Resources""",modal cerrado
29,mundo,Northwestern,https://www.northwestern.edu/,1.4.3,afw4f7,Text has minimum contrast,223,div.footer-content > ul > li > a,si,cumple,13.01:1,,R04,2026-09-09,,"umbral 4.5:1 (texto normal, 14.0px); texto: ""Building Access""",modal cerrado
29,mundo,Northwestern,https://www.northwestern.edu/,1.4.3,afw4f7,Text has minimum contrast,224,div.footer-content > ul > li > a,si,cumple,13.01:1,,R04,2026-09-09,,"umbral 4.5:1 (texto normal, 14.0px); texto: ""Campus Emergency Information""",modal cerrado
29,mundo,Northwestern,https://www.northwestern.edu/,1.4.3,afw4f7,Text has minimum contrast,225,div.footer-content > ul > li > a,si,cumple,13.01:1,,R04,2026-09-09,,"umbral 4.5:1 (texto normal, 14.0px); texto: ""Careers""",modal cerrado
29,mundo,Northwestern,https://www.northwestern.edu/,1.4.3,afw4f7,Text has minimum contrast,226,div.footer-content > ul > li > a,si,cumple,13.01:1,,R04,2026-09-09,,"umbral 4.5:1 (texto normal, 14.0px); texto: ""Contact Northwestern University""",modal cerrado
29,mundo,Northwestern,https://www.northwestern.edu/,1.4.3,afw4f7,Text has minimum contrast,227,div.footer-content > ul > li > a,si,cumple,13.01:1,,R04,2026-09-09,,"umbral 4.5:1 (texto normal, 14.0px); texto: ""University Policies""",modal cerrado
29,mundo,Northwestern,https://www.northwestern.edu/,1.4.3,afw4f7,Text has minimum contrast,228,div > div.contain-1120 > ul > li,si,cumple,10.56:1,,R04,2026-09-09,,"umbral 4.5:1 (texto normal, 14.0px); texto: ""© 2026 Northwestern University""",modal cerrado
29,mundo,Northwestern,https://www.northwestern.edu/,1.4.3,afw4f7,Text has minimum contrast,229,div.contain-1120 > ul > li > a,si,cumple,10.56:1,,R04,2026-09-09,,"umbral 4.5:1 (texto normal, 14.0px); texto: ""Accessibility""",modal cerrado
29,mundo,Northwestern,https://www.northwestern.edu/,1.4.3,afw4f7,Text has minimum contrast,230,div.contain-1120 > ul > li > a,si,cumple,10.56:1,,R04,2026-09-09,,"umbral 4.5:1 (texto normal, 14.0px); texto: ""Disclaimer""",modal cerrado
29,mundo,Northwestern,https://www.northwestern.edu/,1.4.3,afw4f7,Text has minimum contrast,231,div.contain-1120 > ul > li > a,si,cumple,10.56:1,,R04,2026-09-09,,"umbral 4.5:1 (texto normal, 14.0px); texto: ""Disclosures""",modal cerrado
29,mundo,Northwestern,https://www.northwestern.edu/,1.4.3,afw4f7,Text has minimum contrast,232,div.contain-1120 > ul > li > a,si,cumple,10.56:1,,R04,2026-09-09,,"umbral 4.5:1 (texto normal, 14.0px); texto: ""Notice of Non-Discrimination""",modal cerrado
29,mundo,Northwestern,https://www.northwestern.edu/,1.4.3,afw4f7,Text has minimum contrast,233,div.contain-1120 > ul > li > a,si,cumple,10.56:1,,R04,2026-09-09,,"umbral 4.5:1 (texto normal, 14.0px); texto: ""Privacy Statement""",modal cerrado
29,mundo,Northwestern,https://www.northwestern.edu/,1.4.3,afw4f7,Text has minimum contrast,234,div.contain-1120 > ul > li > a,si,cumple,10.56:1,,R04,2026-09-09,,"umbral 4.5:1 (texto normal, 14.0px); texto: ""Report a Concern""",modal cerrado
29,mundo,Northwestern,https://www.northwestern.edu/,1.4.3,afw4f7,Text has minimum contrast,235,#scrollup,no,,,,R04,2026-09-09,,"No es un caracter visible: la regla no aplica. Texto oculto visualmente, de tamano cero o desplazado fuera de pantalla.",modal cerrado
29,mundo,Northwestern,https://www.northwestern.edu/,1.4.3,afw4f7,Text has minimum contrast,236,div.mm-iconbar__top > a.mmenu-home > span > span.hide-text,no,,,,R04,2026-09-09,,"No es un caracter visible: la regla no aplica. Texto oculto visualmente, de tamano cero o desplazado fuera de pantalla.",modal cerrado
29,mundo,Northwestern,https://www.northwestern.edu/,1.4.3,afw4f7,Text has minimum contrast,237,div.mm-navbar > div.ask-nu > form > label.hide-label,no,,,,R04,2026-09-09,,"No es un caracter visible: la regla no aplica. Texto oculto visualmente, de tamano cero o desplazado fuera de pantalla.",modal cerrado
29,mundo,Northwestern,https://www.northwestern.edu/,1.4.3,afw4f7,Text has minimum contrast,238,div.ask-nu > form > button > span.hide-label,no,,,,R04,2026-09-09,,"No es un caracter visible: la regla no aplica. Texto oculto visualmente, de tamano cero o desplazado fuera de pantalla.",modal cerrado
29,mundo,Northwestern,https://www.northwestern.edu/,1.4.3,afw4f7,Text has minimum contrast,239,div.mm-panel > div.mm-navbar > a.mm-navbar__title > span,si,cumple,13.19:1,,R04,2026-09-09,,"umbral 4.5:1 (texto normal, 15.0px negrita); texto: ""Menu""",modal cerrado
29,mundo,Northwestern,https://www.northwestern.edu/,1.4.3,afw4f7,Text has minimum contrast,240,div.mm-panel > ul.mm-listview > li.mm-listitem > a.mm-btn,si,cumple,21.00:1,,R04,2026-09-09,,"umbral 4.5:1 (texto normal, 15.0px); texto: ""About""",modal cerrado
29,mundo,Northwestern,https://www.northwestern.edu/,1.4.3,afw4f7,Text has minimum contrast,241,div.mm-panel > ul.mm-listview > li.mm-listitem > a.mm-btn,si,cumple,21.00:1,,R04,2026-09-09,,"umbral 4.5:1 (texto normal, 15.0px); texto: ""Academics""",modal cerrado
29,mundo,Northwestern,https://www.northwestern.edu/,1.4.3,afw4f7,Text has minimum contrast,242,div.mm-panel > ul.mm-listview > li.mm-listitem > a.mm-btn,si,cumple,21.00:1,,R04,2026-09-09,,"umbral 4.5:1 (texto normal, 15.0px); texto: ""Admissions""",modal cerrado
29,mundo,Northwestern,https://www.northwestern.edu/,1.4.3,afw4f7,Text has minimum contrast,243,div.mm-panel > ul.mm-listview > li.mm-listitem > a.mm-btn,si,cumple,21.00:1,,R04,2026-09-09,,"umbral 4.5:1 (texto normal, 15.0px); texto: ""Campus Experience""",modal cerrado
29,mundo,Northwestern,https://www.northwestern.edu/,1.4.3,afw4f7,Text has minimum contrast,244,div.mm-panel > ul.mm-listview > li.mm-listitem > a.mm-btn,si,cumple,21.00:1,,R04,2026-09-09,,"umbral 4.5:1 (texto normal, 15.0px); texto: ""Research""",modal cerrado
29,mundo,Northwestern,https://www.northwestern.edu/,1.4.3,afw4f7,Text has minimum contrast,245,div.mm-panel > ul.mm-listview > li.mm-listitem > a.mm-btn,si,cumple,21.00:1,,R04,2026-09-09,,"umbral 4.5:1 (texto normal, 15.0px); texto: ""Arts""",modal cerrado
29,mundo,Northwestern,https://www.northwestern.edu/,1.4.3,afw4f7,Text has minimum contrast,246,div.mm-panel > ul.mm-listview > li.mm-listitem > a.mm-listitem__text,si,cumple,21.00:1,,R04,2026-09-09,,"umbral 4.5:1 (texto normal, 15.0px); texto: ""Giving""",modal cerrado
29,mundo,Northwestern,https://www.northwestern.edu/,1.4.3,afw4f7,Text has minimum contrast,247,div.mm-panels > div.mm-panel > ul.mm-listview > li.divider,si,cumple,18.43:1,,R04,2026-09-09,,"umbral 4.5:1 (texto normal, 13.0px); texto: ""Quick Links""",modal cerrado
29,mundo,Northwestern,https://www.northwestern.edu/,1.4.3,afw4f7,Text has minimum contrast,248,div.mm-panel > ul.mm-listview > li.mm-listitem > a.mm-listitem__text,si,cumple,10.56:1,,R04,2026-09-09,,"umbral 4.5:1 (texto normal, 12.0px); texto: ""Students""",modal cerrado
29,mundo,Northwestern,https://www.northwestern.edu/,1.4.3,afw4f7,Text has minimum contrast,249,div.mm-panel > ul.mm-listview > li.mm-listitem > a.mm-listitem__text,si,cumple,10.56:1,,R04,2026-09-09,,"umbral 4.5:1 (texto normal, 12.0px); texto: ""Faculty & Staff""",modal cerrado
29,mundo,Northwestern,https://www.northwestern.edu/,1.4.3,afw4f7,Text has minimum contrast,250,div.mm-panel > ul.mm-listview > li.mm-listitem > a.mm-listitem__text,si,cumple,10.56:1,,R04,2026-09-09,,"umbral 4.5:1 (texto normal, 12.0px); texto: ""Parents & Families""",modal cerrado
29,mundo,Northwestern,https://www.northwestern.edu/,1.4.3,afw4f7,Text has minimum contrast,251,div.mm-panel > ul.mm-listview > li.mm-listitem > a.mm-listitem__text,si,cumple,10.56:1,,R04,2026-09-09,,"umbral 4.5:1 (texto normal, 12.0px); texto: ""Alumni""",modal cerrado
29,mundo,Northwestern,https://www.northwestern.edu/,1.4.3,afw4f7,Text has minimum contrast,252,div.mm-panel > ul.mm-listview > li.mm-listitem > a.mm-listitem__text,si,cumple,10.56:1,,R04,2026-09-09,,"umbral 4.5:1 (texto normal, 12.0px); texto: ""Media""",modal cerrado
29,mundo,Northwestern,https://www.northwestern.edu/,1.4.3,afw4f7,Text has minimum contrast,253,div.mm-panel > ul.mm-listview > li.mm-listitem > a.mm-listitem__text,si,cumple,10.56:1,,R04,2026-09-09,,"umbral 4.5:1 (texto normal, 12.0px); texto: ""Academic Calendar""",modal cerrado
29,mundo,Northwestern,https://www.northwestern.edu/,1.4.3,afw4f7,Text has minimum contrast,254,div.mm-panel > ul.mm-listview > li.mm-listitem > a.mm-listitem__text,si,cumple,10.56:1,,R04,2026-09-09,,"umbral 4.5:1 (texto normal, 12.0px); texto: ""CAESAR""",modal cerrado
29,mundo,Northwestern,https://www.northwestern.edu/,1.4.3,afw4f7,Text has minimum contrast,255,div.mm-panel > ul.mm-listview > li.mm-listitem > a.mm-listitem__text,si,cumple,10.56:1,,R04,2026-09-09,,"umbral 4.5:1 (texto normal, 12.0px); texto: ""Canvas""",modal cerrado
29,mundo,Northwestern,https://www.northwestern.edu/,1.4.3,afw4f7,Text has minimum contrast,256,div.mm-panel > ul.mm-listview > li.mm-listitem > a.mm-listitem__text,si,cumple,10.56:1,,R04,2026-09-09,,"umbral 4.5:1 (texto normal, 12.0px); texto: ""Office Directory""",modal cerrado
29,mundo,Northwestern,https://www.northwestern.edu/,1.4.3,afw4f7,Text has minimum contrast,257,div.mm-panel > ul.mm-listview > li.mm-listitem > a.mm-listitem__text,si,cumple,10.56:1,,R04,2026-09-09,,"umbral 4.5:1 (texto normal, 12.0px); texto: ""Webmail""",modal cerrado
29,mundo,Northwestern,https://www.northwestern.edu/,1.4.3,afw4f7,Text has minimum contrast,258,div.mm-panel > div.mm-navbar > a.mm-navbar__title > span,si,cumple,13.19:1,,R04,2026-09-09,,"umbral 4.5:1 (texto normal, 15.0px negrita); texto: ""About""",modal cerrado
29,mundo,Northwestern,https://www.northwestern.edu/,1.4.3,afw4f7,Text has minimum contrast,259,div.mm-panel > ul.mm-listview > li.mm-listitem > a.mm-listitem__text,si,cumple,21.00:1,,R04,2026-09-09,,"umbral 4.5:1 (texto normal, 15.0px); texto: ""About Overview""",modal cerrado
29,mundo,Northwestern,https://www.northwestern.edu/,1.4.3,afw4f7,Text has minimum contrast,260,div.mm-panels > div.mm-panel > ul.mm-listview > li.divider,si,cumple,18.43:1,,R04,2026-09-09,,"umbral 4.5:1 (texto normal, 13.0px); texto: ""General Information""",modal cerrado
29,mundo,Northwestern,https://www.northwestern.edu/,1.4.3,afw4f7,Text has minimum contrast,261,div.mm-panel > ul.mm-listview > li.mm-listitem > a.mm-listitem__text,si,cumple,21.00:1,,R04,2026-09-09,,"umbral 4.5:1 (texto normal, 15.0px); texto: ""Northwestern Facts""",modal cerrado
29,mundo,Northwestern,https://www.northwestern.edu/,1.4.3,afw4f7,Text has minimum contrast,262,div.mm-panel > ul.mm-listview > li.mm-listitem > a.mm-btn,si,cumple,21.00:1,,R04,2026-09-09,,"umbral 4.5:1 (texto normal, 15.0px); texto: ""History & Traditions""",modal cerrado
29,mundo,Northwestern,https://www.northwestern.edu/,1.4.3,afw4f7,Text has minimum contrast,263,div.mm-panel > ul.mm-listview > li.mm-listitem > a.mm-btn,si,cumple,21.00:1,,R04,2026-09-09,,"umbral 4.5:1 (texto normal, 15.0px); texto: ""Vision & Priorities""",modal cerrado
29,mundo,Northwestern,https://www.northwestern.edu/,1.4.3,afw4f7,Text has minimum contrast,264,div.mm-panels > div.mm-panel > ul.mm-listview > li.divider,si,cumple,18.43:1,,R04,2026-09-09,,"umbral 4.5:1 (texto normal, 13.0px); texto: ""Our People""",modal cerrado
29,mundo,Northwestern,https://www.northwestern.edu/,1.4.3,afw4f7,Text has minimum contrast,265,div.mm-panel > ul.mm-listview > li.mm-listitem > a.mm-listitem__text,si,cumple,21.00:1,,R04,2026-09-09,,"umbral 4.5:1 (texto normal, 15.0px); texto: ""University Leadership""",modal cerrado
29,mundo,Northwestern,https://www.northwestern.edu/,1.4.3,afw4f7,Text has minimum contrast,266,div.mm-panel > ul.mm-listview > li.mm-listitem > a.mm-btn,si,cumple,21.00:1,,R04,2026-09-09,,"umbral 4.5:1 (texto normal, 15.0px); texto: ""Board of Trustees""",modal cerrado
29,mundo,Northwestern,https://www.northwestern.edu/,1.4.3,afw4f7,Text has minimum contrast,267,div.mm-panel > ul.mm-listview > li.mm-listitem > a.mm-listitem__text,si,cumple,21.00:1,,R04,2026-09-09,,"umbral 4.5:1 (texto normal, 15.0px); texto: ""Faculty Accolades""",modal cerrado
29,mundo,Northwestern,https://www.northwestern.edu/,1.4.3,afw4f7,Text has minimum contrast,268,div.mm-panel > ul.mm-listview > li.mm-listitem > a.mm-listitem__text,si,cumple,21.00:1,,R04,2026-09-09,,"umbral 4.5:1 (texto normal, 15.0px); texto: ""Northwestern’s Nobel Laureate""",modal cerrado
29,mundo,Northwestern,https://www.northwestern.edu/,1.4.3,afw4f7,Text has minimum contrast,269,div.mm-panel > div.mm-navbar > a.mm-navbar__title > span,si,cumple,13.19:1,,R04,2026-09-09,,"umbral 4.5:1 (texto normal, 15.0px negrita); texto: ""History & Traditions""",modal cerrado
29,mundo,Northwestern,https://www.northwestern.edu/,1.4.3,afw4f7,Text has minimum contrast,270,div.mm-panel > ul.mm-listview > li.mm-listitem > a.mm-listitem__text,si,cumple,21.00:1,,R04,2026-09-09,,"umbral 4.5:1 (texto normal, 15.0px); texto: ""History & Traditions Overview""",modal cerrado
29,mundo,Northwestern,https://www.northwestern.edu/,1.4.3,afw4f7,Text has minimum contrast,271,div.mm-panel > ul.mm-listview > li.mm-listitem > a.mm-listitem__text,si,cumple,21.00:1,,R04,2026-09-09,,"umbral 4.5:1 (texto normal, 15.0px); texto: ""Painting the Rock""",modal cerrado
29,mundo,Northwestern,https://www.northwestern.edu/,1.4.3,afw4f7,Text has minimum contrast,272,div.mm-panel > ul.mm-listview > li.mm-listitem > a.mm-listitem__text,si,cumple,21.00:1,,R04,2026-09-09,,"umbral 4.5:1 (texto normal, 15.0px); texto: ""March Through the Arch""",modal cerrado
29,mundo,Northwestern,https://www.northwestern.edu/,1.4.3,afw4f7,Text has minimum contrast,273,div.mm-panel > div.mm-navbar > a.mm-navbar__title > span,si,cumple,13.19:1,,R04,2026-09-09,,"umbral 4.5:1 (texto normal, 15.0px negrita); texto: ""Vision & Priorities""",modal cerrado
29,mundo,Northwestern,https://www.northwestern.edu/,1.4.3,afw4f7,Text has minimum contrast,274,div.mm-panel > ul.mm-listview > li.mm-listitem > a.mm-listitem__text,si,cumple,21.00:1,,R04,2026-09-09,,"umbral 4.5:1 (texto normal, 15.0px); texto: ""Vision & Priorities Overview""",modal cerrado
29,mundo,Northwestern,https://www.northwestern.edu/,1.4.3,afw4f7,Text has minimum contrast,275,div.mm-panel > ul.mm-listview > li.mm-listitem > a.mm-listitem__text,si,cumple,21.00:1,,R04,2026-09-09,,"umbral 4.5:1 (texto normal, 15.0px); texto: ""Advance the biosciences""",modal cerrado
29,mundo,Northwestern,https://www.northwestern.edu/,1.4.3,afw4f7,Text has minimum contrast,276,div.mm-panel > ul.mm-listview > li.mm-listitem > a.mm-listitem__text,si,cumple,21.00:1,,R04,2026-09-09,,"umbral 4.5:1 (texto normal, 15.0px); texto: ""Lead in sustainability""",modal cerrado
29,mundo,Northwestern,https://www.northwestern.edu/,1.4.3,afw4f7,Text has minimum contrast,277,div.mm-panel > ul.mm-listview > li.mm-listitem > a.mm-listitem__text,si,cumple,21.00:1,,R04,2026-09-09,,"umbral 4.5:1 (texto normal, 15.0px); texto: ""Data analytics and artificial intelligence""",modal cerrado
29,mundo,Northwestern,https://www.northwestern.edu/,1.4.3,afw4f7,Text has minimum contrast,278,div.mm-panel > ul.mm-listview > li.mm-listitem > a.mm-listitem__text,si,cumple,21.00:1,,R04,2026-09-09,,"umbral 4.5:1 (texto normal, 15.0px); texto: ""Innovation among social sciences and global studies""",modal cerrado
29,mundo,Northwestern,https://www.northwestern.edu/,1.4.3,afw4f7,Text has minimum contrast,279,div.mm-panel > ul.mm-listview > li.mm-listitem > a.mm-listitem__text,si,cumple,21.00:1,,R04,2026-09-09,,"umbral 4.5:1 (texto normal, 15.0px); texto: ""Enhance the creative and performing arts""",modal cerrado
29,mundo,Northwestern,https://www.northwestern.edu/,1.4.3,afw4f7,Text has minimum contrast,280,div.mm-panel > ul.mm-listview > li.mm-listitem > a.mm-listitem__text,si,cumple,21.00:1,,R04,2026-09-09,,"umbral 4.5:1 (texto normal, 15.0px); texto: ""Outstanding educational experience""",modal cerrado
29,mundo,Northwestern,https://www.northwestern.edu/,1.4.3,afw4f7,Text has minimum contrast,281,div.mm-panel > ul.mm-listview > li.mm-listitem > a.mm-listitem__text,si,cumple,21.00:1,,R04,2026-09-09,,"umbral 4.5:1 (texto normal, 15.0px); texto: ""Invest in our employees""",modal cerrado
29,mundo,Northwestern,https://www.northwestern.edu/,1.4.3,afw4f7,Text has minimum contrast,282,div.mm-panel > ul.mm-listview > li.mm-listitem > a.mm-listitem__text,si,cumple,21.00:1,,R04,2026-09-09,,"umbral 4.5:1 (texto normal, 15.0px); texto: ""Build resilient students""",modal cerrado
29,mundo,Northwestern,https://www.northwestern.edu/,1.4.3,afw4f7,Text has minimum contrast,283,div.mm-panel > ul.mm-listview > li.mm-listitem > a.mm-listitem__text,si,cumple,21.00:1,,R04,2026-09-09,,"umbral 4.5:1 (texto normal, 15.0px); texto: ""Free Expression""",modal cerrado
29,mundo,Northwestern,https://www.northwestern.edu/,1.4.3,afw4f7,Text has minimum contrast,284,div.mm-panel > ul.mm-listview > li.mm-listitem > a.mm-listitem__text,si,cumple,21.00:1,,R04,2026-09-09,,"umbral 4.5:1 (texto normal, 15.0px); texto: ""Promote access, opportunity and diversity""",modal cerrado
29,mundo,Northwestern,https://www.northwestern.edu/,1.4.3,afw4f7,Text has minimum contrast,285,div.mm-panel > ul.mm-listview > li.mm-listitem > a.mm-listitem__text,si,cumple,21.00:1,,R04,2026-09-09,,"umbral 4.5:1 (texto normal, 15.0px); texto: ""Enhance the student-athlete experience""",modal cerrado
29,mundo,Northwestern,https://www.northwestern.edu/,1.4.3,afw4f7,Text has minimum contrast,286,div.mm-panel > div.mm-navbar > a.mm-navbar__title > span,si,cumple,13.19:1,,R04,2026-09-09,,"umbral 4.5:1 (texto normal, 15.0px negrita); texto: ""Board of Trustees""",modal cerrado
29,mundo,Northwestern,https://www.northwestern.edu/,1.4.3,afw4f7,Text has minimum contrast,287,div.mm-panel > ul.mm-listview > li.mm-listitem > a.mm-listitem__text,si,cumple,21.00:1,,R04,2026-09-09,,"umbral 4.5:1 (texto normal, 15.0px); texto: ""Board of Trustees Overview""",modal cerrado
29,mundo,Northwestern,https://www.northwestern.edu/,1.4.3,afw4f7,Text has minimum contrast,288,div.mm-panel > ul.mm-listview > li.mm-listitem > a.mm-listitem__text,si,cumple,21.00:1,,R04,2026-09-09,,"umbral 4.5:1 (texto normal, 15.0px); texto: ""Trustees""",modal cerrado
29,mundo,Northwestern,https://www.northwestern.edu/,1.4.3,afw4f7,Text has minimum contrast,289,div.mm-panel > ul.mm-listview > li.mm-listitem > a.mm-listitem__text,si,cumple,21.00:1,,R04,2026-09-09,,"umbral 4.5:1 (texto normal, 15.0px); texto: ""Life Trustees""",modal cerrado
29,mundo,Northwestern,https://www.northwestern.edu/,1.4.3,afw4f7,Text has minimum contrast,290,div.mm-panel > ul.mm-listview > li.mm-listitem > a.mm-listitem__text,si,cumple,21.00:1,,R04,2026-09-09,,"umbral 4.5:1 (texto normal, 15.0px); texto: ""Officers""",modal cerrado
29,mundo,Northwestern,https://www.northwestern.edu/,1.4.3,afw4f7,Text has minimum contrast,291,div.mm-panel > ul.mm-listview > li.mm-listitem > a.mm-listitem__text,si,cumple,21.00:1,,R04,2026-09-09,,"umbral 4.5:1 (texto normal, 15.0px); texto: ""Staff""",modal cerrado
29,mundo,Northwestern,https://www.northwestern.edu/,1.4.3,afw4f7,Text has minimum contrast,292,div.mm-panel > div.mm-navbar > a.mm-navbar__title > span,si,cumple,13.19:1,,R04,2026-09-09,,"umbral 4.5:1 (texto normal, 15.0px negrita); texto: ""Academics""",modal cerrado
29,mundo,Northwestern,https://www.northwestern.edu/,1.4.3,afw4f7,Text has minimum contrast,293,div.mm-panel > ul.mm-listview > li.mm-listitem > a.mm-listitem__text,si,cumple,21.00:1,,R04,2026-09-09,,"umbral 4.5:1 (texto normal, 15.0px); texto: ""Academics Overview""",modal cerrado
29,mundo,Northwestern,https://www.northwestern.edu/,1.4.3,afw4f7,Text has minimum contrast,294,div.mm-panels > div.mm-panel > ul.mm-listview > li.divider,si,cumple,18.43:1,,R04,2026-09-09,,"umbral 4.5:1 (texto normal, 13.0px); texto: ""Explore by Type""",modal cerrado
29,mundo,Northwestern,https://www.northwestern.edu/,1.4.3,afw4f7,Text has minimum contrast,295,div.mm-panel > ul.mm-listview > li.mm-listitem > a.mm-listitem__text,si,cumple,21.00:1,,R04,2026-09-09,,"umbral 4.5:1 (texto normal, 15.0px); texto: ""Undergraduate Programs""",modal cerrado
29,mundo,Northwestern,https://www.northwestern.edu/,1.4.3,afw4f7,Text has minimum contrast,296,div.mm-panel > ul.mm-listview > li.mm-listitem > a.mm-listitem__text,si,cumple,21.00:1,,R04,2026-09-09,,"umbral 4.5:1 (texto normal, 15.0px); texto: ""Graduate Degree Programs""",modal cerrado
29,mundo,Northwestern,https://www.northwestern.edu/,1.4.3,afw4f7,Text has minimum contrast,297,div.mm-panel > ul.mm-listview > li.mm-listitem > a.mm-listitem__text,si,cumple,21.00:1,,R04,2026-09-09,,"umbral 4.5:1 (texto normal, 15.0px); texto: ""Continuing & Professional Programs""",modal cerrado
29,mundo,Northwestern,https://www.northwestern.edu/,1.4.3,afw4f7,Text has minimum contrast,298,div.mm-panel > ul.mm-listview > li.mm-listitem > a.mm-listitem__text,si,cumple,21.00:1,,R04,2026-09-09,,"umbral 4.5:1 (texto normal, 15.0px); texto: ""Pre-Collegiate Programs""",modal cerrado
29,mundo,Northwestern,https://www.northwestern.edu/,1.4.3,afw4f7,Text has minimum contrast,299,div.mm-panels > div.mm-panel > ul.mm-listview > li.divider,si,cumple,18.43:1,,R04,2026-09-09,,"umbral 4.5:1 (texto normal, 13.0px); texto: ""Our Schools""",modal cerrado
29,mundo,Northwestern,https://www.northwestern.edu/,1.4.3,afw4f7,Text has minimum contrast,300,div.mm-panel > ul.mm-listview > li.mm-listitem > a.mm-listitem__text,si,cumple,21.00:1,,R04,2026-09-09,,"umbral 4.5:1 (texto normal, 15.0px); texto: ""Northwestern's Colleges & Schools""",modal cerrado
29,mundo,Northwestern,https://www.northwestern.edu/,1.4.3,afw4f7,Text has minimum contrast,301,div.mm-panel > ul.mm-listview > li.mm-listitem > a.mm-listitem__text,si,cumple,21.00:1,,R04,2026-09-09,,"umbral 4.5:1 (texto normal, 15.0px); texto: ""Program Type Definitions""",modal cerrado
29,mundo,Northwestern,https://www.northwestern.edu/,1.4.3,afw4f7,Text has minimum contrast,302,div.mm-panel > div.mm-navbar > a.mm-navbar__title > span,si,cumple,13.19:1,,R04,2026-09-09,,"umbral 4.5:1 (texto normal, 15.0px negrita); texto: ""Admissions""",modal cerrado
29,mundo,Northwestern,https://www.northwestern.edu/,1.4.3,afw4f7,Text has minimum contrast,303,div.mm-panel > ul.mm-listview > li.mm-listitem > a.mm-listitem__text,si,cumple,21.00:1,,R04,2026-09-09,,"umbral 4.5:1 (texto normal, 15.0px); texto: ""Admissions Overview""",modal cerrado
29,mundo,Northwestern,https://www.northwestern.edu/,1.4.3,afw4f7,Text has minimum contrast,304,div.mm-panels > div.mm-panel > ul.mm-listview > li.divider,si,cumple,18.43:1,,R04,2026-09-09,,"umbral 4.5:1 (texto normal, 13.0px); texto: ""For Undergraduates""",modal cerrado
29,mundo,Northwestern,https://www.northwestern.edu/,1.4.3,afw4f7,Text has minimum contrast,305,div.mm-panel > ul.mm-listview > li.mm-listitem > a.mm-listitem__text,si,cumple,21.00:1,,R04,2026-09-09,,"umbral 4.5:1 (texto normal, 15.0px); texto: ""Undergraduate Admission""",modal cerrado
29,mundo,Northwestern,https://www.northwestern.edu/,1.4.3,afw4f7,Text has minimum contrast,306,div.mm-panel > ul.mm-listview > li.mm-listitem > a.mm-listitem__text,si,cumple,21.00:1,,R04,2026-09-09,,"umbral 4.5:1 (texto normal, 15.0px); texto: ""Undergraduate Financial Aid""",modal cerrado
29,mundo,Northwestern,https://www.northwestern.edu/,1.4.3,afw4f7,Text has minimum contrast,307,div.mm-panels > div.mm-panel > ul.mm-listview > li.divider,si,cumple,18.43:1,,R04,2026-09-09,,"umbral 4.5:1 (texto normal, 13.0px); texto: ""For Graduate Students""",modal cerrado
29,mundo,Northwestern,https://www.northwestern.edu/,1.4.3,afw4f7,Text has minimum contrast,308,div.mm-panel > ul.mm-listview > li.mm-listitem > a.mm-listitem__text,si,cumple,21.00:1,,R04,2026-09-09,,"umbral 4.5:1 (texto normal, 15.0px); texto: ""Graduate Admissions""",modal cerrado
29,mundo,Northwestern,https://www.northwestern.edu/,1.4.3,afw4f7,Text has minimum contrast,309,div.mm-panel > ul.mm-listview > li.mm-listitem > a.mm-listitem__text,si,cumple,21.00:1,,R04,2026-09-09,,"umbral 4.5:1 (texto normal, 15.0px); texto: ""Graduate Financial Aid""",modal cerrado
29,mundo,Northwestern,https://www.northwestern.edu/,1.4.3,afw4f7,Text has minimum contrast,310,div.mm-panels > div.mm-panel > ul.mm-listview > li.divider,si,cumple,18.43:1,,R04,2026-09-09,,"umbral 4.5:1 (texto normal, 13.0px); texto: ""Next Steps""",modal cerrado
29,mundo,Northwestern,https://www.northwestern.edu/,1.4.3,afw4f7,Text has minimum contrast,311,div.mm-panel > ul.mm-listview > li.mm-listitem > a.mm-btn,si,cumple,21.00:1,,R04,2026-09-09,,"umbral 4.5:1 (texto normal, 15.0px); texto: ""Visiting Campus""",modal cerrado
29,mundo,Northwestern,https://www.northwestern.edu/,1.4.3,afw4f7,Text has minimum contrast,312,div.mm-panel > div.mm-navbar > a.mm-navbar__title > span,si,cumple,13.19:1,,R04,2026-09-09,,"umbral 4.5:1 (texto normal, 15.0px negrita); texto: ""Visiting Campus""",modal cerrado
29,mundo,Northwestern,https://www.northwestern.edu/,1.4.3,afw4f7,Text has minimum contrast,313,div.mm-panel > ul.mm-listview > li.mm-listitem > a.mm-listitem__text,si,cumple,21.00:1,,R04,2026-09-09,,"umbral 4.5:1 (texto normal, 15.0px); texto: ""Visiting Campus Overview""",modal cerrado
29,mundo,Northwestern,https://www.northwestern.edu/,1.4.3,afw4f7,Text has minimum contrast,314,div.mm-panel > ul.mm-listview > li.mm-listitem > a.mm-listitem__text,si,cumple,21.00:1,,R04,2026-09-09,,"umbral 4.5:1 (texto normal, 15.0px); texto: ""Maps and Parking""",modal cerrado
29,mundo,Northwestern,https://www.northwestern.edu/,1.4.3,afw4f7,Text has minimum contrast,315,div.mm-panel > ul.mm-listview > li.mm-listitem > a.mm-listitem__text,si,cumple,21.00:1,,R04,2026-09-09,,"umbral 4.5:1 (texto normal, 15.0px); texto: ""Segal Visitors Center""",modal cerrado
29,mundo,Northwestern,https://www.northwestern.edu/,1.4.3,afw4f7,Text has minimum contrast,316,div.mm-panel > div.mm-navbar > a.mm-navbar__title > span,si,cumple,13.19:1,,R04,2026-09-09,,"umbral 4.5:1 (texto normal, 15.0px negrita); texto: ""Campus Experience""",modal cerrado
29,mundo,Northwestern,https://www.northwestern.edu/,1.4.3,afw4f7,Text has minimum contrast,317,div.mm-panel > ul.mm-listview > li.mm-listitem > a.mm-listitem__text,si,cumple,21.00:1,,R04,2026-09-09,,"umbral 4.5:1 (texto normal, 15.0px); texto: ""Campus Experience Overview""",modal cerrado
29,mundo,Northwestern,https://www.northwestern.edu/,1.4.3,afw4f7,Text has minimum contrast,318,div.mm-panels > div.mm-panel > ul.mm-listview > li.divider,si,cumple,18.43:1,,R04,2026-09-09,,"umbral 4.5:1 (texto normal, 13.0px); texto: ""Highlights""",modal cerrado
29,mundo,Northwestern,https://www.northwestern.edu/,1.4.3,afw4f7,Text has minimum contrast,319,div.mm-panel > ul.mm-listview > li.mm-listitem > a.mm-listitem__text,si,cumple,21.00:1,,R04,2026-09-09,,"umbral 4.5:1 (texto normal, 15.0px); texto: ""Athletics & Recreation""",modal cerrado
29,mundo,Northwestern,https://www.northwestern.edu/,1.4.3,afw4f7,Text has minimum contrast,320,div.mm-panel > ul.mm-listview > li.mm-listitem > a.mm-listitem__text,si,cumple,21.00:1,,R04,2026-09-09,,"umbral 4.5:1 (texto normal, 15.0px); texto: ""Libraries & Collections""",modal cerrado
29,mundo,Northwestern,https://www.northwestern.edu/,1.4.3,afw4f7,Text has minimum contrast,321,div.mm-panels > div.mm-panel > ul.mm-listview > li.divider,si,cumple,18.43:1,,R04,2026-09-09,,"umbral 4.5:1 (texto normal, 13.0px); texto: ""Life on Campus""",modal cerrado
29,mundo,Northwestern,https://www.northwestern.edu/,1.4.3,afw4f7,Text has minimum contrast,322,div.mm-panel > ul.mm-listview > li.mm-listitem > a.mm-listitem__text,si,cumple,21.00:1,,R04,2026-09-09,,"umbral 4.5:1 (texto normal, 15.0px); texto: ""Campus Events""",modal cerrado
29,mundo,Northwestern,https://www.northwestern.edu/,1.4.3,afw4f7,Text has minimum contrast,323,div.mm-panel > ul.mm-listview > li.mm-listitem > a.mm-listitem__text,si,cumple,21.00:1,,R04,2026-09-09,,"umbral 4.5:1 (texto normal, 15.0px); texto: ""Evanston & Chicago""",modal cerrado
29,mundo,Northwestern,https://www.northwestern.edu/,1.4.3,afw4f7,Text has minimum contrast,324,div.mm-panel > ul.mm-listview > li.mm-listitem > a.mm-listitem__text,si,cumple,21.00:1,,R04,2026-09-09,,"umbral 4.5:1 (texto normal, 15.0px); texto: ""Health & Wellness""",modal cerrado
29,mundo,Northwestern,https://www.northwestern.edu/,1.4.3,afw4f7,Text has minimum contrast,325,div.mm-panel > ul.mm-listview > li.mm-listitem > a.mm-listitem__text,si,cumple,21.00:1,,R04,2026-09-09,,"umbral 4.5:1 (texto normal, 15.0px); texto: ""Campus Safety""",modal cerrado
29,mundo,Northwestern,https://www.northwestern.edu/,1.4.3,afw4f7,Text has minimum contrast,326,div.mm-panel > div.mm-navbar > a.mm-navbar__title > span,si,cumple,13.19:1,,R04,2026-09-09,,"umbral 4.5:1 (texto normal, 15.0px negrita); texto: ""Research""",modal cerrado
29,mundo,Northwestern,https://www.northwestern.edu/,1.4.3,afw4f7,Text has minimum contrast,327,div.mm-panel > ul.mm-listview > li.mm-listitem > a.mm-listitem__text,si,cumple,21.00:1,,R04,2026-09-09,,"umbral 4.5:1 (texto normal, 15.0px); texto: ""Research Overview""",modal cerrado
29,mundo,Northwestern,https://www.northwestern.edu/,1.4.3,afw4f7,Text has minimum contrast,328,div.mm-panels > div.mm-panel > ul.mm-listview > li.divider,si,cumple,18.43:1,,R04,2026-09-09,,"umbral 4.5:1 (texto normal, 13.0px); texto: ""Research Ecosystem""",modal cerrado
29,mundo,Northwestern,https://www.northwestern.edu/,1.4.3,afw4f7,Text has minimum contrast,329,div.mm-panel > ul.mm-listview > li.mm-listitem > a.mm-listitem__text,si,cumple,21.00:1,,R04,2026-09-09,,"umbral 4.5:1 (texto normal, 15.0px); texto: ""University Research Institutes & Centers""",modal cerrado
29,mundo,Northwestern,https://www.northwestern.edu/,1.4.3,afw4f7,Text has minimum contrast,330,div.mm-panel > ul.mm-listview > li.mm-listitem > a.mm-listitem__text,si,cumple,21.00:1,,R04,2026-09-09,,"umbral 4.5:1 (texto normal, 15.0px); texto: ""Office for Research""",modal cerrado
29,mundo,Northwestern,https://www.northwestern.edu/,1.4.3,afw4f7,Text has minimum contrast,331,div.mm-panel > ul.mm-listview > li.mm-listitem > a.mm-listitem__text,si,cumple,21.00:1,,R04,2026-09-09,,"umbral 4.5:1 (texto normal, 15.0px); texto: ""Innovation & Entrepreneurship""",modal cerrado
29,mundo,Northwestern,https://www.northwestern.edu/,1.4.3,afw4f7,Text has minimum contrast,332,div.mm-panel > ul.mm-listview > li.mm-listitem > a.mm-listitem__text,si,cumple,21.00:1,,R04,2026-09-09,,"umbral 4.5:1 (texto normal, 15.0px); texto: ""Northwestern Libraries""",modal cerrado
29,mundo,Northwestern,https://www.northwestern.edu/,1.4.3,afw4f7,Text has minimum contrast,333,div.mm-panels > div.mm-panel > ul.mm-listview > li.divider,si,cumple,18.43:1,,R04,2026-09-09,,"umbral 4.5:1 (texto normal, 13.0px); texto: ""World-Changing Work""",modal cerrado
29,mundo,Northwestern,https://www.northwestern.edu/,1.4.3,afw4f7,Text has minimum contrast,334,div.mm-panel > ul.mm-listview > li.mm-listitem > a.mm-listitem__text,si,cumple,21.00:1,,R04,2026-09-09,,"umbral 4.5:1 (texto normal, 15.0px); texto: ""Research Impact""",modal cerrado
29,mundo,Northwestern,https://www.northwestern.edu/,1.4.3,afw4f7,Text has minimum contrast,335,div.mm-panel > ul.mm-listview > li.mm-listitem > a.mm-listitem__text,si,cumple,21.00:1,,R04,2026-09-09,,"umbral 4.5:1 (texto normal, 15.0px); texto: ""Global Engagement""",modal cerrado
29,mundo,Northwestern,https://www.northwestern.edu/,1.4.3,afw4f7,Text has minimum contrast,336,div.mm-panel > ul.mm-listview > li.mm-listitem > a.mm-listitem__text,si,cumple,21.00:1,,R04,2026-09-09,,"umbral 4.5:1 (texto normal, 15.0px); texto: ""Research News""",modal cerrado
29,mundo,Northwestern,https://www.northwestern.edu/,1.4.3,afw4f7,Text has minimum contrast,337,div.mm-panel > div.mm-navbar > a.mm-navbar__title > span,si,cumple,13.19:1,,R04,2026-09-09,,"umbral 4.5:1 (texto normal, 15.0px negrita); texto: ""Arts""",modal cerrado
29,mundo,Northwestern,https://www.northwestern.edu/,1.4.3,afw4f7,Text has minimum contrast,338,div.mm-panel > ul.mm-listview > li.mm-listitem > a.mm-listitem__text,si,cumple,21.00:1,,R04,2026-09-09,,"umbral 4.5:1 (texto normal, 15.0px); texto: ""Arts Overview""",modal cerrado
29,mundo,Northwestern,https://www.northwestern.edu/,1.4.3,afw4f7,Text has minimum contrast,339,div.mm-panels > div.mm-panel > ul.mm-listview > li.divider,si,cumple,18.43:1,,R04,2026-09-09,,"umbral 4.5:1 (texto normal, 13.0px); texto: ""Academics""",modal cerrado
29,mundo,Northwestern,https://www.northwestern.edu/,1.4.3,afw4f7,Text has minimum contrast,340,div.mm-panel > ul.mm-listview > li.mm-listitem > a.mm-listitem__text,si,cumple,21.00:1,,R04,2026-09-09,,"umbral 4.5:1 (texto normal, 15.0px); texto: ""Artistic Disciplines""",modal cerrado
29,mundo,Northwestern,https://www.northwestern.edu/,1.4.3,afw4f7,Text has minimum contrast,341,div.mm-panel > ul.mm-listview > li.mm-listitem > a.mm-listitem__text,si,cumple,21.00:1,,R04,2026-09-09,,"umbral 4.5:1 (texto normal, 15.0px); texto: ""Arts-Affiliated Institutes, Centers & Labs""",modal cerrado
29,mundo,Northwestern,https://www.northwestern.edu/,1.4.3,afw4f7,Text has minimum contrast,342,div.mm-panels > div.mm-panel > ul.mm-listview > li.divider,si,cumple,18.43:1,,R04,2026-09-09,,"umbral 4.5:1 (texto normal, 13.0px); texto: ""Campus Resources""",modal cerrado
29,mundo,Northwestern,https://www.northwestern.edu/,1.4.3,afw4f7,Text has minimum contrast,343,div.mm-panel > ul.mm-listview > li.mm-listitem > a.mm-listitem__text,si,cumple,21.00:1,,R04,2026-09-09,,"umbral 4.5:1 (texto normal, 15.0px); texto: ""Arts Circle Events Calendar""",modal cerrado
29,mundo,Northwestern,https://www.northwestern.edu/,1.4.3,afw4f7,Text has minimum contrast,344,div.mm-panel > ul.mm-listview > li.mm-listitem > a.mm-listitem__text,si,cumple,21.00:1,,R04,2026-09-09,,"umbral 4.5:1 (texto normal, 15.0px); texto: ""Arts News""",modal cerrado
29,mundo,Northwestern,https://www.northwestern.edu/,1.4.3,afw4f7,Text has minimum contrast,345,div.mm-panel > ul.mm-listview > li.mm-listitem > a.mm-listitem__text,si,cumple,21.00:1,,R04,2026-09-09,,"umbral 4.5:1 (texto normal, 15.0px); texto: ""Block Museum of Art""",modal cerrado
29,mundo,Northwestern,https://www.northwestern.edu/,1.1.1,e88epe,Image not in the accessibility tree is decorative,1,div.wrapper > div > a > img,no,,,,R04,2026-09-09,,Fuera del arbol de accesibilidad: se trata como decorativa.,modal cerrado
29,mundo,Northwestern,https://www.northwestern.edu/,1.1.1,23a2a8,Image has non-empty accessible name,2,div.news-callout > div.wrap > div.image > img,si,cumple,,,R04,2026-09-09,,"nombre accesible: ""The Garage""",modal cerrado
29,mundo,Northwestern,https://www.northwestern.edu/,1.1.1,qt1vmo,Image accessible name is descriptive,2,div.news-callout > div.wrap > div.image > img,si,REVISAR,,,R04,2026-09-09,,"JUICIO HUMANO. ¿El nombre sirve un proposito equivalente al contenido no textual? nombre: ""The Garage"" | src: https://www.northwestern.edu/images/news/2026/garage670.webp",modal cerrado
29,mundo,Northwestern,https://www.northwestern.edu/,1.1.1,23a2a8,Image has non-empty accessible name,3,div.swiper-wrapper > div.swiper-slide > a > img,si,cumple,,,R04,2026-09-09,,"nombre accesible: ""Lab work""",modal cerrado
29,mundo,Northwestern,https://www.northwestern.edu/,1.1.1,qt1vmo,Image accessible name is descriptive,3,div.swiper-wrapper > div.swiper-slide > a > img,si,REVISAR,,,R04,2026-09-09,,"JUICIO HUMANO. ¿El nombre sirve un proposito equivalente al contenido no textual? nombre: ""Lab work"" | src: https://www.northwestern.edu/images/news/2026/fossils550.webp",modal cerrado
29,mundo,Northwestern,https://www.northwestern.edu/,1.1.1,23a2a8,Image has non-empty accessible name,4,div.swiper-wrapper > div.swiper-slide > a > img,si,cumple,,,R04,2026-09-09,,"nombre accesible: ""The Q""",modal cerrado
29,mundo,Northwestern,https://www.northwestern.edu/,1.1.1,qt1vmo,Image accessible name is descriptive,4,div.swiper-wrapper > div.swiper-slide > a > img,si,REVISAR,,,R04,2026-09-09,,"JUICIO HUMANO. ¿El nombre sirve un proposito equivalente al contenido no textual? nombre: ""The Q"" | src: https://www.northwestern.edu/images/news/2026/nylanova550.webp",modal cerrado
29,mundo,Northwestern,https://www.northwestern.edu/,1.1.1,23a2a8,Image has non-empty accessible name,5,div.swiper-wrapper > div.swiper-slide > a > img,si,cumple,,,R04,2026-09-09,,"nombre accesible: ""Laptop""",modal cerrado
29,mundo,Northwestern,https://www.northwestern.edu/,1.1.1,qt1vmo,Image accessible name is descriptive,5,div.swiper-wrapper > div.swiper-slide > a > img,si,REVISAR,,,R04,2026-09-09,,"JUICIO HUMANO. ¿El nombre sirve un proposito equivalente al contenido no textual? nombre: ""Laptop"" | src: https://www.northwestern.edu/images/news/2026/hiring550.webp",modal cerrado
29,mundo,Northwestern,https://www.northwestern.edu/,1.1.1,23a2a8,Image has non-empty accessible name,6,div.swiper-wrapper > div.swiper-slide > a > img,si,cumple,,,R04,2026-09-09,,"nombre accesible: ""Child""",modal cerrado
29,mundo,Northwestern,https://www.northwestern.edu/,1.1.1,qt1vmo,Image accessible name is descriptive,6,div.swiper-wrapper > div.swiper-slide > a > img,si,REVISAR,,,R04,2026-09-09,,"JUICIO HUMANO. ¿El nombre sirve un proposito equivalente al contenido no textual? nombre: ""Child"" | src: https://www.northwestern.edu/images/news/2026/autism550.webp",modal cerrado
29,mundo,Northwestern,https://www.northwestern.edu/,1.1.1,23a2a8,Image has non-empty accessible name,7,div.swiper-wrapper > div.swiper-slide > a > img,si,cumple,,,R04,2026-09-09,,"nombre accesible: ""Campus Reading Program""",modal cerrado
29,mundo,Northwestern,https://www.northwestern.edu/,1.1.1,qt1vmo,Image accessible name is descriptive,7,div.swiper-wrapper > div.swiper-slide > a > img,si,REVISAR,,,R04,2026-09-09,,"JUICIO HUMANO. ¿El nombre sirve un proposito equivalente al contenido no textual? nombre: ""Campus Reading Program"" | src: https://www.northwestern.edu/images/news/2026/vigil550.webp",modal cerrado
29,mundo,Northwestern,https://www.northwestern.edu/,1.1.1,23a2a8,Image has non-empty accessible name,8,div.swiper-wrapper > div.swiper-slide > a > img,si,cumple,,,R04,2026-09-09,,"nombre accesible: ""Thriving Planet""",modal cerrado
29,mundo,Northwestern,https://www.northwestern.edu/,1.1.1,qt1vmo,Image accessible name is descriptive,8,div.swiper-wrapper > div.swiper-slide > a > img,si,REVISAR,,,R04,2026-09-09,,"JUICIO HUMANO. ¿El nombre sirve un proposito equivalente al contenido no textual? nombre: ""Thriving Planet"" | src: https://www.northwestern.edu/images/news/2026/tpi550.webp",modal cerrado
29,mundo,Northwestern,https://www.northwestern.edu/,1.1.1,e88epe,Image not in the accessibility tree is decorative,9,a > div.inner > div.front > img,no,,,,R04,2026-09-09,,Fuera del arbol de accesibilidad: se trata como decorativa.,modal cerrado
29,mundo,Northwestern,https://www.northwestern.edu/,1.1.1,e88epe,Image not in the accessibility tree is decorative,10,a > div.inner > div.front > img,no,,,,R04,2026-09-09,,Fuera del arbol de accesibilidad: se trata como decorativa.,modal cerrado
29,mundo,Northwestern,https://www.northwestern.edu/,1.1.1,e88epe,Image not in the accessibility tree is decorative,11,a > div.inner > div.front > img,no,,,,R04,2026-09-09,,Fuera del arbol de accesibilidad: se trata como decorativa.,modal cerrado
29,mundo,Northwestern,https://www.northwestern.edu/,1.1.1,e88epe,Image not in the accessibility tree is decorative,12,a > div.inner > div.front > img,no,,,,R04,2026-09-09,,Fuera del arbol de accesibilidad: se trata como decorativa.,modal cerrado
29,mundo,Northwestern,https://www.northwestern.edu/,1.1.1,23a2a8,Image has non-empty accessible name,13,div.swiper-wrapper > div.swiper-slide > a > img,si,cumple,,,R04,2026-09-09,,"nombre accesible: ""purple gloved hands pouring a solution into a glass bottle""",modal cerrado
29,mundo,Northwestern,https://www.northwestern.edu/,1.1.1,qt1vmo,Image accessible name is descriptive,13,div.swiper-wrapper > div.swiper-slide > a > img,si,REVISAR,,,R04,2026-09-09,,"JUICIO HUMANO. ¿El nombre sirve un proposito equivalente al contenido no textual? nombre: ""purple gloved hands pouring a solution into a glass bottle"" | src: western.edu/images/homepage/priorities/advance_the_biosciences_1x.webp",modal cerrado
29,mundo,Northwestern,https://www.northwestern.edu/,1.1.1,23a2a8,Image has non-empty accessible name,14,div.swiper-wrapper > div.swiper-slide > a > img,si,cumple,,,R04,2026-09-09,,"nombre accesible: ""two students studying looking at a laptop screen""",modal cerrado
29,mundo,Northwestern,https://www.northwestern.edu/,1.1.1,qt1vmo,Image accessible name is descriptive,14,div.swiper-wrapper > div.swiper-slide > a > img,si,REVISAR,,,R04,2026-09-09,,"JUICIO HUMANO. ¿El nombre sirve un proposito equivalente al contenido no textual? nombre: ""two students studying looking at a laptop screen"" | src: www.northwestern.edu/images/homepage/priorities/data_analytics_1x.webp",modal cerrado
29,mundo,Northwestern,https://www.northwestern.edu/,1.1.1,23a2a8,Image has non-empty accessible name,15,div.swiper-wrapper > div.swiper-slide > a > img,si,cumple,,,R04,2026-09-09,,"nombre accesible: ""four students in a classroom working together""",modal cerrado
29,mundo,Northwestern,https://www.northwestern.edu/,1.1.1,qt1vmo,Image accessible name is descriptive,15,div.swiper-wrapper > div.swiper-slide > a > img,si,REVISAR,,,R04,2026-09-09,,"JUICIO HUMANO. ¿El nombre sirve un proposito equivalente al contenido no textual? nombre: ""four students in a classroom working together"" | src: .edu/images/homepage/priorities/social_sciences_global_studies_1x.webp",modal cerrado
29,mundo,Northwestern,https://www.northwestern.edu/,1.1.1,23a2a8,Image has non-empty accessible name,16,div.swiper-wrapper > div.swiper-slide > a > img,si,cumple,,,R04,2026-09-09,,"nombre accesible: ""solar farm with solar panels""",modal cerrado
29,mundo,Northwestern,https://www.northwestern.edu/,1.1.1,qt1vmo,Image accessible name is descriptive,16,div.swiper-wrapper > div.swiper-slide > a > img,si,REVISAR,,,R04,2026-09-09,,"JUICIO HUMANO. ¿El nombre sirve un proposito equivalente al contenido no textual? nombre: ""solar farm with solar panels"" | src: www.northwestern.edu/images/homepage/priorities/sustainability_1x.webp",modal cerrado
29,mundo,Northwestern,https://www.northwestern.edu/,1.1.1,23a2a8,Image has non-empty accessible name,17,div.swiper-wrapper > div.swiper-slide > a > img,si,cumple,,,R04,2026-09-09,,"nombre accesible: ""orchestra performing with conductor, string instruments""",modal cerrado
29,mundo,Northwestern,https://www.northwestern.edu/,1.1.1,qt1vmo,Image accessible name is descriptive,17,div.swiper-wrapper > div.swiper-slide > a > img,si,REVISAR,,,R04,2026-09-09,,"JUICIO HUMANO. ¿El nombre sirve un proposito equivalente al contenido no textual? nombre: ""orchestra performing with conductor, string instruments"" | src: estern.edu/images/homepage/priorities/creative_performing_arts_1x.webp",modal cerrado
29,mundo,Northwestern,https://www.northwestern.edu/,1.1.1,23a2a8,Image has non-empty accessible name,18,div.swiper-wrapper > div.swiper-slide > a > img,si,cumple,,,R04,2026-09-09,,"nombre accesible: ""professor teaching a class""",modal cerrado
29,mundo,Northwestern,https://www.northwestern.edu/,1.1.1,qt1vmo,Image accessible name is descriptive,18,div.swiper-wrapper > div.swiper-slide > a > img,si,REVISAR,,,R04,2026-09-09,,"JUICIO HUMANO. ¿El nombre sirve un proposito equivalente al contenido no textual? nombre: ""professor teaching a class"" | src: /images/homepage/priorities/outstanding_educational_experience_1x.webp",modal cerrado
29,mundo,Northwestern,https://www.northwestern.edu/,1.1.1,23a2a8,Image has non-empty accessible name,19,div.swiper-wrapper > div.swiper-slide > a > img,si,cumple,,,R04,2026-09-09,,"nombre accesible: ""two women talking""",modal cerrado
29,mundo,Northwestern,https://www.northwestern.edu/,1.1.1,qt1vmo,Image accessible name is descriptive,19,div.swiper-wrapper > div.swiper-slide > a > img,si,REVISAR,,,R04,2026-09-09,,"JUICIO HUMANO. ¿El nombre sirve un proposito equivalente al contenido no textual? nombre: ""two women talking"" | src: rthwestern.edu/images/homepage/priorities/investment_employees_1x.webp",modal cerrado
29,mundo,Northwestern,https://www.northwestern.edu/,1.1.1,23a2a8,Image has non-empty accessible name,20,div.swiper-wrapper > div.swiper-slide > a > img,si,cumple,,,R04,2026-09-09,,"nombre accesible: ""students sitting outside on lawn chairs""",modal cerrado
29,mundo,Northwestern,https://www.northwestern.edu/,1.1.1,qt1vmo,Image accessible name is descriptive,20,div.swiper-wrapper > div.swiper-slide > a > img,si,REVISAR,,,R04,2026-09-09,,"JUICIO HUMANO. ¿El nombre sirve un proposito equivalente al contenido no textual? nombre: ""students sitting outside on lawn chairs"" | src: northwestern.edu/images/homepage/priorities/resilient_students_1x.webp",modal cerrado
29,mundo,Northwestern,https://www.northwestern.edu/,1.1.1,23a2a8,Image has non-empty accessible name,21,div.swiper-wrapper > div.swiper-slide > a > img,si,cumple,,,R04,2026-09-09,,"nombre accesible: ""students talking in a party""",modal cerrado
29,mundo,Northwestern,https://www.northwestern.edu/,1.1.1,qt1vmo,Image accessible name is descriptive,21,div.swiper-wrapper > div.swiper-slide > a > img,si,REVISAR,,,R04,2026-09-09,,"JUICIO HUMANO. ¿El nombre sirve un proposito equivalente al contenido no textual? nombre: ""students talking in a party"" | src: mages/homepage/priorities/promote_access_opportunity_diversity_1x.webp",modal cerrado
29,mundo,Northwestern,https://www.northwestern.edu/,1.1.1,23a2a8,Image has non-empty accessible name,22,div.swiper-wrapper > div.swiper-slide > a > img,si,cumple,,,R04,2026-09-09,,"nombre accesible: ""four individuals from various NU departments talking on stage""",modal cerrado
29,mundo,Northwestern,https://www.northwestern.edu/,1.1.1,qt1vmo,Image accessible name is descriptive,22,div.swiper-wrapper > div.swiper-slide > a > img,si,REVISAR,,,R04,2026-09-09,,"JUICIO HUMANO. ¿El nombre sirve un proposito equivalente al contenido no textual? nombre: ""four individuals from various NU departments talking on stage"" | src: ww.northwestern.edu/images/homepage/priorities/free_expression_1x.webp",modal cerrado
29,mundo,Northwestern,https://www.northwestern.edu/,1.1.1,23a2a8,Image has non-empty accessible name,23,div.swiper-wrapper > div.swiper-slide > a > img,si,cumple,,,R04,2026-09-09,,"nombre accesible: ""student athletes running on a soccer field""",modal cerrado
29,mundo,Northwestern,https://www.northwestern.edu/,1.1.1,qt1vmo,Image accessible name is descriptive,23,div.swiper-wrapper > div.swiper-slide > a > img,si,REVISAR,,,R04,2026-09-09,,"JUICIO HUMANO. ¿El nombre sirve un proposito equivalente al contenido no textual? nombre: ""student athletes running on a soccer field"" | src: ges/homepage/priorities/enhance_the_student_athlete_experience_1x.webp",modal cerrado
29,mundo,Northwestern,https://www.northwestern.edu/,1.1.1,23a2a8,Image has non-empty accessible name,24,div.swiper-slide > div.wrap > div.image > img,si,cumple,,,R04,2026-09-09,,"nombre accesible: ""Northwestern soccer players Nigel Prince and Reesebl Mayer in black jerseys""",modal cerrado
29,mundo,Northwestern,https://www.northwestern.edu/,1.1.1,qt1vmo,Image accessible name is descriptive,24,div.swiper-slide > div.wrap > div.image > img,si,REVISAR,,,R04,2026-09-09,,"JUICIO HUMANO. ¿El nombre sirve un proposito equivalente al contenido no textual? nombre: ""Northwestern soccer players Nigel Prince and Reesebl Mayer in black jerseys"" | src: homepage/explore/student_athletes_nigel_prince_and_reese_mayer_1x.webp",modal cerrado
29,mundo,Northwestern,https://www.northwestern.edu/,1.1.1,23a2a8,Image has non-empty accessible name,25,div.swiper-slide > div.wrap > div.image > img,si,cumple,,,R04,2026-09-09,,"nombre accesible: ""a group of students  in front of Norris University Center smiling and cheering""",modal cerrado
29,mundo,Northwestern,https://www.northwestern.edu/,1.1.1,qt1vmo,Image accessible name is descriptive,25,div.swiper-slide > div.wrap > div.image > img,si,REVISAR,,,R04,2026-09-09,,"JUICIO HUMANO. ¿El nombre sirve un proposito equivalente al contenido no textual? nombre: ""a group of students  in front of Norris University Center smiling and cheering"" | src: https://www.northwestern.edu/images/homepage/explore/norris_1x.webp",modal cerrado
29,mundo,Northwestern,https://www.northwestern.edu/,1.1.1,23a2a8,Image has non-empty accessible name,26,div.swiper-slide > div.wrap > div.image > img,si,cumple,,,R04,2026-09-09,,"nombre accesible: ""people preparing colorful sailboats on a sandy beach.""",modal cerrado
29,mundo,Northwestern,https://www.northwestern.edu/,1.1.1,qt1vmo,Image accessible name is descriptive,26,div.swiper-slide > div.wrap > div.image > img,si,REVISAR,,,R04,2026-09-09,,"JUICIO HUMANO. ¿El nombre sirve un proposito equivalente al contenido no textual? nombre: ""people preparing colorful sailboats on a sandy beach."" | src: ://www.northwestern.edu/images/homepage/explore/sailing_center_1x.webp",modal cerrado
29,mundo,Northwestern,https://www.northwestern.edu/,1.1.1,23a2a8,Image has non-empty accessible name,27,div.swiper-slide > div.wrap > div.image > img,si,cumple,,,R04,2026-09-09,,"nombre accesible: ""Greta Lee with dark hair and colorful makeup leans on her hands, framed by a vin""",modal cerrado
29,mundo,Northwestern,https://www.northwestern.edu/,1.1.1,qt1vmo,Image accessible name is descriptive,27,div.swiper-slide > div.wrap > div.image > img,si,REVISAR,,,R04,2026-09-09,,"JUICIO HUMANO. ¿El nombre sirve un proposito equivalente al contenido no textual? nombre: ""Greta Lee with dark hair and colorful makeup leans on her hands, framed by a vintage puppet theater."" | src: /www.northwestern.edu/images/homepage/explore/alumna_greta_lee_1x.webp",modal cerrado
29,mundo,Northwestern,https://www.northwestern.edu/,1.1.1,23a2a8,Image has non-empty accessible name,28,div.swiper-slide > div.wrap > div.image > img,si,cumple,,,R04,2026-09-09,,"nombre accesible: ""students dancing in 2024 Dance Marathon""",modal cerrado
29,mundo,Northwestern,https://www.northwestern.edu/,1.1.1,qt1vmo,Image accessible name is descriptive,28,div.swiper-slide > div.wrap > div.image > img,si,REVISAR,,,R04,2026-09-09,,"JUICIO HUMANO. ¿El nombre sirve un proposito equivalente al contenido no textual? nombre: ""students dancing in 2024 Dance Marathon"" | src: ://www.northwestern.edu/images/homepage/explore/dance_marathon_1x.webp",modal cerrado
29,mundo,Northwestern,https://www.northwestern.edu/,1.1.1,23a2a8,Image has non-empty accessible name,29,div.swiper-slide > div.wrap > div.image > img,si,cumple,,,R04,2026-09-09,,"nombre accesible: ""lecture in the Block Museum of Art""",modal cerrado
29,mundo,Northwestern,https://www.northwestern.edu/,1.1.1,qt1vmo,Image accessible name is descriptive,29,div.swiper-slide > div.wrap > div.image > img,si,REVISAR,,,R04,2026-09-09,,"JUICIO HUMANO. ¿El nombre sirve un proposito equivalente al contenido no textual? nombre: ""lecture in the Block Museum of Art"" | src: ww.northwestern.edu/images/homepage/explore/block_museum_of_art_2.webp",modal cerrado
29,mundo,Northwestern,https://www.northwestern.edu/,1.1.1,23a2a8,Image has non-empty accessible name,30,div.swiper-slide > div.wrap > div.image > img,si,cumple,,,R04,2026-09-09,,"nombre accesible: ""Andrew Papachristos standing with arms crossed in front of a map""",modal cerrado
29,mundo,Northwestern,https://www.northwestern.edu/,1.1.1,qt1vmo,Image accessible name is descriptive,30,div.swiper-slide > div.wrap > div.image > img,si,REVISAR,,,R04,2026-09-09,,"JUICIO HUMANO. ¿El nombre sirve un proposito equivalente al contenido no textual? nombre: ""Andrew Papachristos standing with arms crossed in front of a map"" | src: tern.edu/images/homepage/explore/professor_andrew_papachristos_1x.webp",modal cerrado
29,mundo,Northwestern,https://www.northwestern.edu/,1.1.1,23a2a8,Image has non-empty accessible name,31,div.swiper-slide > div.wrap > div.image > img,si,cumple,,,R04,2026-09-09,,"nombre accesible: ""two students smiling""",modal cerrado
29,mundo,Northwestern,https://www.northwestern.edu/,1.1.1,qt1vmo,Image accessible name is descriptive,31,div.swiper-slide > div.wrap > div.image > img,si,REVISAR,,,R04,2026-09-09,,"JUICIO HUMANO. ¿El nombre sirve un proposito equivalente al contenido no textual? nombre: ""two students smiling"" | src: northwestern.edu/images/homepage/explore/march_through_he_arch_1x.webp",modal cerrado
29,mundo,Northwestern,https://www.northwestern.edu/,1.1.1,23a2a8,Image has non-empty accessible name,32,div.swiper-slide > div.wrap > div.image > img,si,cumple,,,R04,2026-09-09,,"nombre accesible: ""two people in a room with a green screen. One wears a VR headset; the other hold""",modal cerrado
29,mundo,Northwestern,https://www.northwestern.edu/,1.1.1,qt1vmo,Image accessible name is descriptive,32,div.swiper-slide > div.wrap > div.image > img,si,REVISAR,,,R04,2026-09-09,,"JUICIO HUMANO. ¿El nombre sirve un proposito equivalente al contenido no textual? nombre: ""two people in a room with a green screen. One wears a VR headset; the other holds a cable."" | src: //www.northwestern.edu/images/homepage/explore/the_garage_600x400.webp",modal cerrado
29,mundo,Northwestern,https://www.northwestern.edu/,1.1.1,23a2a8,Image has non-empty accessible name,33,section > div.social-media-cards > a.card > img,si,cumple,,,R04,2026-09-09,,"nombre accesible: ""students being photographed holding up a first day of class sign""",modal cerrado
29,mundo,Northwestern,https://www.northwestern.edu/,1.1.1,qt1vmo,Image accessible name is descriptive,33,section > div.social-media-cards > a.card > img,si,REVISAR,,,R04,2026-09-09,,"JUICIO HUMANO. ¿El nombre sirve un proposito equivalente al contenido no textual? nombre: ""students being photographed holding up a first day of class sign"" | src: thwestern.edu/images/homepage/social/instagram-first-day-of-class.webp",modal cerrado
29,mundo,Northwestern,https://www.northwestern.edu/,1.1.1,23a2a8,Image has non-empty accessible name,34,section > div.social-media-cards > a.card > img,si,cumple,,,R04,2026-09-09,,"nombre accesible: ""students forming the Northwestern N and 2028 on a playing field""",modal cerrado
29,mundo,Northwestern,https://www.northwestern.edu/,1.1.1,qt1vmo,Image accessible name is descriptive,34,section > div.social-media-cards > a.card > img,si,REVISAR,,,R04,2026-09-09,,"JUICIO HUMANO. ¿El nombre sirve un proposito equivalente al contenido no textual? nombre: ""students forming the Northwestern N and 2028 on a playing field"" | src: /www.northwestern.edu/images/homepage/social/facebook-class-photo.webp",modal cerrado
29,mundo,Northwestern,https://www.northwestern.edu/,1.1.1,23a2a8,Image has non-empty accessible name,35,section > div.social-media-cards > a.card > img,si,cumple,,,R04,2026-09-09,,"nombre accesible: ""lab worker handling a human brain""",modal cerrado
29,mundo,Northwestern,https://www.northwestern.edu/,1.1.1,qt1vmo,Image accessible name is descriptive,35,section > div.social-media-cards > a.card > img,si,REVISAR,,,R04,2026-09-09,,"JUICIO HUMANO. ¿El nombre sirve un proposito equivalente al contenido no textual? nombre: ""lab worker handling a human brain"" | src: /www.northwestern.edu/images/homepage/social/linkedin-super-agers.webp",modal cerrado
29,mundo,Northwestern,https://www.northwestern.edu/,2.4.4,c487ae,Link has non-empty accessible name,1,html > body.full-width-page > div.mm-page > a.skip-to-main,si,cumple,,,R04,2026-09-09,,"nombre: ""Skip to main content""",modal cerrado
29,mundo,Northwestern,https://www.northwestern.edu/,2.4.4,5effbb,Link in context is descriptive,1,html > body.full-width-page > div.mm-page > a.skip-to-main,si,REVISAR,,SIN CONTEXTO PROGRAMATICO,R04,2026-09-09,,"JUICIO HUMANO. ¿Nombre + contexto describen el proposito? nombre: ""Skip to main content"" | href: #main-content | AVISO: no hay parrafo, elemento de lista ni celda que lo contenga. Un div o article envolvente NO es contexto programatico.",modal cerrado
29,mundo,Northwestern,https://www.northwestern.edu/,2.4.4,c487ae,Link has non-empty accessible name,2,div.contain-1120 > div > div > a,si,cumple,,,R04,2026-09-09,,"nombre: ""Northwestern University""",modal cerrado
29,mundo,Northwestern,https://www.northwestern.edu/,2.4.4,5effbb,Link in context is descriptive,2,div.contain-1120 > div > div > a,si,REVISAR,,SIN CONTEXTO PROGRAMATICO,R04,2026-09-09,,"JUICIO HUMANO. ¿Nombre + contexto describen el proposito? nombre: ""Northwestern University"" | href: https://www.northwestern.edu/ | AVISO: no hay parrafo, elemento de lista ni celda que lo contenga. Un div o article envolvente NO es contexto programatico.",modal cerrado
29,mundo,Northwestern,https://www.northwestern.edu/,2.4.4,c487ae,Link has non-empty accessible name,3,div.wrap > div.text > h3 > a,si,cumple,,,R04,2026-09-09,,"nombre: ""The Garage named best university incubator by Time magazine""",modal cerrado
29,mundo,Northwestern,https://www.northwestern.edu/,2.4.4,5effbb,Link in context is descriptive,3,div.wrap > div.text > h3 > a,si,REVISAR,,SIN CONTEXTO PROGRAMATICO,R04,2026-09-09,,"JUICIO HUMANO. ¿Nombre + contexto describen el proposito? nombre: ""The Garage named best university incubator by Time magazine"" | href: https://news.northwestern.edu/stories/2026/08-2/the-garage-n | AVISO: no hay parrafo, elemento de lista ni celda que lo contenga. Un div o article envolvente NO es contexto programatico.",modal cerrado
29,mundo,Northwestern,https://www.northwestern.edu/,2.4.4,c487ae,Link has non-empty accessible name,4,div.swiper > div.swiper-wrapper > div.swiper-slide > a,si,falla,,,R04,2026-09-09,,href: https://news.northwestern.edu/stories/2026/07/tiny-fossils-crack-a-cretaceous-co,modal cerrado
29,mundo,Northwestern,https://www.northwestern.edu/,2.4.4,c487ae,Link has non-empty accessible name,5,div.swiper-wrapper > div.swiper-slide > h3 > a,si,cumple,,,R04,2026-09-09,,"nombre: ""Tiny fossils crack a Cretaceous cold case""",modal cerrado
29,mundo,Northwestern,https://www.northwestern.edu/,2.4.4,5effbb,Link in context is descriptive,5,div.swiper-wrapper > div.swiper-slide > h3 > a,si,REVISAR,,SIN CONTEXTO PROGRAMATICO,R04,2026-09-09,,"JUICIO HUMANO. ¿Nombre + contexto describen el proposito? nombre: ""Tiny fossils crack a Cretaceous cold case"" | href: https://news.northwestern.edu/stories/2026/07/tiny-fossils-c | AVISO: no hay parrafo, elemento de lista ni celda que lo contenga. Un div o article envolvente NO es contexto programatico.",modal cerrado
29,mundo,Northwestern,https://www.northwestern.edu/,2.4.4,c487ae,Link has non-empty accessible name,6,div.swiper > div.swiper-wrapper > div.swiper-slide > a,si,falla,,,R04,2026-09-09,,href: https://news.northwestern.edu/stories/2026/07/querrey-inqbation-lab-reaches-mile,modal cerrado
29,mundo,Northwestern,https://www.northwestern.edu/,2.4.4,c487ae,Link has non-empty accessible name,7,div.swiper-wrapper > div.swiper-slide > h3 > a,si,cumple,,,R04,2026-09-09,,"nombre: ""Querrey InQbation Lab now home to 25 resident Illinois companies""",modal cerrado
29,mundo,Northwestern,https://www.northwestern.edu/,2.4.4,5effbb,Link in context is descriptive,7,div.swiper-wrapper > div.swiper-slide > h3 > a,si,REVISAR,,SIN CONTEXTO PROGRAMATICO,R04,2026-09-09,,"JUICIO HUMANO. ¿Nombre + contexto describen el proposito? nombre: ""Querrey InQbation Lab now home to 25 resident Illinois companies"" | href: https://news.northwestern.edu/stories/2026/07/querrey-inqbat | AVISO: no hay parrafo, elemento de lista ni celda que lo contenga. Un div o article envolvente NO es contexto programatico.",modal cerrado
29,mundo,Northwestern,https://www.northwestern.edu/,2.4.4,c487ae,Link has non-empty accessible name,8,div.swiper > div.swiper-wrapper > div.swiper-slide > a,si,falla,,,R04,2026-09-09,,href: https://news.northwestern.edu/stories/2026/07/northwestern-to-launch-all-evansto,modal cerrado
29,mundo,Northwestern,https://www.northwestern.edu/,2.4.4,c487ae,Link has non-empty accessible name,9,div.swiper-wrapper > div.swiper-slide > h3 > a,si,cumple,,,R04,2026-09-09,,"nombre: ""Northwestern to launch All Evanston Hiring Hub to connect workforce training to """,modal cerrado
29,mundo,Northwestern,https://www.northwestern.edu/,2.4.4,5effbb,Link in context is descriptive,9,div.swiper-wrapper > div.swiper-slide > h3 > a,si,REVISAR,,SIN CONTEXTO PROGRAMATICO,R04,2026-09-09,,"JUICIO HUMANO. ¿Nombre + contexto describen el proposito? nombre: ""Northwestern to launch All Evanston Hiring Hub to connect workforce training to "" | href: https://news.northwestern.edu/stories/2026/07/northwestern-t | AVISO: no hay parrafo, elemento de lista ni celda que lo contenga. Un div o article envolvente NO es contexto programatico.",modal cerrado
29,mundo,Northwestern,https://www.northwestern.edu/,2.4.4,c487ae,Link has non-empty accessible name,10,div.swiper > div.swiper-wrapper > div.swiper-slide > a,si,falla,,,R04,2026-09-09,,href: https://news.northwestern.edu/stories/2026/07/how-a-northwestern-study-changed-w,modal cerrado
29,mundo,Northwestern,https://www.northwestern.edu/,2.4.4,c487ae,Link has non-empty accessible name,11,div.swiper-wrapper > div.swiper-slide > h3 > a,si,cumple,,,R04,2026-09-09,,"nombre: ""How a Northwestern study changed who can diagnose autism in Illinois""",modal cerrado
29,mundo,Northwestern,https://www.northwestern.edu/,2.4.4,5effbb,Link in context is descriptive,11,div.swiper-wrapper > div.swiper-slide > h3 > a,si,REVISAR,,SIN CONTEXTO PROGRAMATICO,R04,2026-09-09,,"JUICIO HUMANO. ¿Nombre + contexto describen el proposito? nombre: ""How a Northwestern study changed who can diagnose autism in Illinois"" | href: https://news.northwestern.edu/stories/2026/07/how-a-northwes | AVISO: no hay parrafo, elemento de lista ni celda que lo contenga. Un div o article envolvente NO es contexto programatico.",modal cerrado
29,mundo,Northwestern,https://www.northwestern.edu/,2.4.4,c487ae,Link has non-empty accessible name,12,div.swiper > div.swiper-wrapper > div.swiper-slide > a,si,falla,,,R04,2026-09-09,,href: https://news.northwestern.edu/stories/2026/05/vigil-by-acclaimed-author-george-s,modal cerrado
29,mundo,Northwestern,https://www.northwestern.edu/,2.4.4,c487ae,Link has non-empty accessible name,13,div.swiper-wrapper > div.swiper-slide > h3 > a,si,cumple,,,R04,2026-09-09,,"nombre: ""‘Vigil’ by acclaimed author George Saunders kicks off the new Campus Reading Pro""",modal cerrado
29,mundo,Northwestern,https://www.northwestern.edu/,2.4.4,5effbb,Link in context is descriptive,13,div.swiper-wrapper > div.swiper-slide > h3 > a,si,REVISAR,,SIN CONTEXTO PROGRAMATICO,R04,2026-09-09,,"JUICIO HUMANO. ¿Nombre + contexto describen el proposito? nombre: ""‘Vigil’ by acclaimed author George Saunders kicks off the new Campus Reading Pro"" | href: https://news.northwestern.edu/stories/2026/05/vigil-by-accla | AVISO: no hay parrafo, elemento de lista ni celda que lo contenga. Un div o article envolvente NO es contexto programatico.",modal cerrado
29,mundo,Northwestern,https://www.northwestern.edu/,2.4.4,c487ae,Link has non-empty accessible name,14,div.swiper > div.swiper-wrapper > div.swiper-slide > a,si,falla,,,R04,2026-09-09,,href: https://news.northwestern.edu/stories/2026/06/northwestern-launches-the-thriving,modal cerrado
29,mundo,Northwestern,https://www.northwestern.edu/,2.4.4,c487ae,Link has non-empty accessible name,15,div.swiper-wrapper > div.swiper-slide > h3 > a,si,cumple,,,R04,2026-09-09,,"nombre: ""Northwestern launches the Thriving Planet Institute""",modal cerrado
29,mundo,Northwestern,https://www.northwestern.edu/,2.4.4,5effbb,Link in context is descriptive,15,div.swiper-wrapper > div.swiper-slide > h3 > a,si,REVISAR,,SIN CONTEXTO PROGRAMATICO,R04,2026-09-09,,"JUICIO HUMANO. ¿Nombre + contexto describen el proposito? nombre: ""Northwestern launches the Thriving Planet Institute"" | href: https://news.northwestern.edu/stories/2026/06/northwestern-l | AVISO: no hay parrafo, elemento de lista ni celda que lo contenga. Un div o article envolvente NO es contexto programatico.",modal cerrado
29,mundo,Northwestern,https://www.northwestern.edu/,2.4.4,c487ae,Link has non-empty accessible name,16,section > ul.center-list > li > a.button,si,cumple,,,R04,2026-09-09,,"nombre: ""More News""",modal cerrado
29,mundo,Northwestern,https://www.northwestern.edu/,2.4.4,5effbb,Link in context is descriptive,16,section > ul.center-list > li > a.button,si,REVISAR,,More News,R04,2026-09-09,,"JUICIO HUMANO. ¿Nombre + contexto describen el proposito? nombre: ""More News"" | href: https://news.northwestern.edu/",modal cerrado
29,mundo,Northwestern,https://www.northwestern.edu/,2.4.4,c487ae,Link has non-empty accessible name,17,section > div.stats-flip-4 > div.card > a,si,cumple,,,R04,2026-09-09,,"nombre: ""#2Education SchoolSchool of Education and Social Policy""",modal cerrado
29,mundo,Northwestern,https://www.northwestern.edu/,2.4.4,5effbb,Link in context is descriptive,17,section > div.stats-flip-4 > div.card > a,si,REVISAR,,SIN CONTEXTO PROGRAMATICO,R04,2026-09-09,,"JUICIO HUMANO. ¿Nombre + contexto describen el proposito? nombre: ""#2Education SchoolSchool of Education and Social Policy"" | href: https://sesp.northwestern.edu/ | AVISO: no hay parrafo, elemento de lista ni celda que lo contenga. Un div o article envolvente NO es contexto programatico.",modal cerrado
29,mundo,Northwestern,https://www.northwestern.edu/,2.4.4,c487ae,Link has non-empty accessible name,18,section > div.stats-flip-4 > div.card > a,si,cumple,,,R04,2026-09-09,,"nombre: ""#4Business SchoolKellogg School of Management""",modal cerrado
29,mundo,Northwestern,https://www.northwestern.edu/,2.4.4,5effbb,Link in context is descriptive,18,section > div.stats-flip-4 > div.card > a,si,REVISAR,,SIN CONTEXTO PROGRAMATICO,R04,2026-09-09,,"JUICIO HUMANO. ¿Nombre + contexto describen el proposito? nombre: ""#4Business SchoolKellogg School of Management"" | href: https://www.kellogg.northwestern.edu/ | AVISO: no hay parrafo, elemento de lista ni celda que lo contenga. Un div o article envolvente NO es contexto programatico.",modal cerrado
29,mundo,Northwestern,https://www.northwestern.edu/,2.4.4,c487ae,Link has non-empty accessible name,19,section > div.stats-flip-4 > div.card > a,si,cumple,,,R04,2026-09-09,,"nombre: ""#9Law SchoolPritzker School of Law""",modal cerrado
29,mundo,Northwestern,https://www.northwestern.edu/,2.4.4,5effbb,Link in context is descriptive,19,section > div.stats-flip-4 > div.card > a,si,REVISAR,,SIN CONTEXTO PROGRAMATICO,R04,2026-09-09,,"JUICIO HUMANO. ¿Nombre + contexto describen el proposito? nombre: ""#9Law SchoolPritzker School of Law"" | href: https://www.law.northwestern.edu/ | AVISO: no hay parrafo, elemento de lista ni celda que lo contenga. Un div o article envolvente NO es contexto programatico.",modal cerrado
29,mundo,Northwestern,https://www.northwestern.edu/,2.4.4,c487ae,Link has non-empty accessible name,20,section > div.stats-flip-4 > div.card > a,si,cumple,,,R04,2026-09-09,,"nombre: ""#16Engineering SchoolMcCormick School of Engineering""",modal cerrado
29,mundo,Northwestern,https://www.northwestern.edu/,2.4.4,5effbb,Link in context is descriptive,20,section > div.stats-flip-4 > div.card > a,si,REVISAR,,SIN CONTEXTO PROGRAMATICO,R04,2026-09-09,,"JUICIO HUMANO. ¿Nombre + contexto describen el proposito? nombre: ""#16Engineering SchoolMcCormick School of Engineering"" | href: https://www.mccormick.northwestern.edu/ | AVISO: no hay parrafo, elemento de lista ni celda que lo contenga. Un div o article envolvente NO es contexto programatico.",modal cerrado
29,mundo,Northwestern,https://www.northwestern.edu/,2.4.4,c487ae,Link has non-empty accessible name,21,section > ul.center-list > li > a.button,si,cumple,,,R04,2026-09-09,,"nombre: ""Explore Our Schools and More Facts""",modal cerrado
29,mundo,Northwestern,https://www.northwestern.edu/,2.4.4,5effbb,Link in context is descriptive,21,section > ul.center-list > li > a.button,si,REVISAR,,Explore Our Schools and More Facts,R04,2026-09-09,,"JUICIO HUMANO. ¿Nombre + contexto describen el proposito? nombre: ""Explore Our Schools and More Facts"" | href: about/facts.html",modal cerrado
29,mundo,Northwestern,https://www.northwestern.edu/,2.4.4,c487ae,Link has non-empty accessible name,22,section > div.flip-cards-2 > div.card > a,si,cumple,,,R04,2026-09-09,,"nombre: ""Your browser does not support HTML5 video Research""",modal cerrado
29,mundo,Northwestern,https://www.northwestern.edu/,2.4.4,5effbb,Link in context is descriptive,22,section > div.flip-cards-2 > div.card > a,si,REVISAR,,SIN CONTEXTO PROGRAMATICO,R04,2026-09-09,,"JUICIO HUMANO. ¿Nombre + contexto describen el proposito? nombre: ""Your browser does not support HTML5 video Research"" | href: research-nu/index.html | AVISO: no hay parrafo, elemento de lista ni celda que lo contenga. Un div o article envolvente NO es contexto programatico.",modal cerrado
29,mundo,Northwestern,https://www.northwestern.edu/,2.4.4,c487ae,Link has non-empty accessible name,23,section > div.flip-cards-2 > div.card > a,si,cumple,,,R04,2026-09-09,,"nombre: ""Your browser does not support HTML5 video Arts""",modal cerrado
29,mundo,Northwestern,https://www.northwestern.edu/,2.4.4,5effbb,Link in context is descriptive,23,section > div.flip-cards-2 > div.card > a,si,REVISAR,,SIN CONTEXTO PROGRAMATICO,R04,2026-09-09,,"JUICIO HUMANO. ¿Nombre + contexto describen el proposito? nombre: ""Your browser does not support HTML5 video Arts"" | href: arts/index.html | AVISO: no hay parrafo, elemento de lista ni celda que lo contenga. Un div o article envolvente NO es contexto programatico.",modal cerrado
29,mundo,Northwestern,https://www.northwestern.edu/,2.4.4,c487ae,Link has non-empty accessible name,24,section > div.flip-cards-2 > div.card > a,si,cumple,,,R04,2026-09-09,,"nombre: ""Your browser does not support HTML5 video Evanston + Chicago""",modal cerrado
29,mundo,Northwestern,https://www.northwestern.edu/,2.4.4,5effbb,Link in context is descriptive,24,section > div.flip-cards-2 > div.card > a,si,REVISAR,,SIN CONTEXTO PROGRAMATICO,R04,2026-09-09,,"JUICIO HUMANO. ¿Nombre + contexto describen el proposito? nombre: ""Your browser does not support HTML5 video Evanston + Chicago"" | href: campus-experience/evanston-chicago.html | AVISO: no hay parrafo, elemento de lista ni celda que lo contenga. Un div o article envolvente NO es contexto programatico.",modal cerrado
29,mundo,Northwestern,https://www.northwestern.edu/,2.4.4,c487ae,Link has non-empty accessible name,25,section > div.flip-cards-2 > div.card > a,si,cumple,,,R04,2026-09-09,,"nombre: ""Your browser does not support HTML5 video Athletics""",modal cerrado
29,mundo,Northwestern,https://www.northwestern.edu/,2.4.4,5effbb,Link in context is descriptive,25,section > div.flip-cards-2 > div.card > a,si,REVISAR,,SIN CONTEXTO PROGRAMATICO,R04,2026-09-09,,"JUICIO HUMANO. ¿Nombre + contexto describen el proposito? nombre: ""Your browser does not support HTML5 video Athletics"" | href: campus-experience/athletics.html | AVISO: no hay parrafo, elemento de lista ni celda que lo contenga. Un div o article envolvente NO es contexto programatico.",modal cerrado
29,mundo,Northwestern,https://www.northwestern.edu/,2.4.4,c487ae,Link has non-empty accessible name,26,div.swiper > div.swiper-wrapper > div.swiper-slide > a,si,falla,,,R04,2026-09-09,,href: about/mission-vision-priorities/advance-the-biosciences.html,modal cerrado
29,mundo,Northwestern,https://www.northwestern.edu/,2.4.4,c487ae,Link has non-empty accessible name,27,div.swiper-wrapper > div.swiper-slide > h3 > a,si,cumple,,,R04,2026-09-09,,"nombre: ""Advance the biosciences""",modal cerrado
29,mundo,Northwestern,https://www.northwestern.edu/,2.4.4,5effbb,Link in context is descriptive,27,div.swiper-wrapper > div.swiper-slide > h3 > a,si,REVISAR,,SIN CONTEXTO PROGRAMATICO,R04,2026-09-09,,"JUICIO HUMANO. ¿Nombre + contexto describen el proposito? nombre: ""Advance the biosciences"" | href: about/mission-vision-priorities/advance-the-biosciences.html | AVISO: no hay parrafo, elemento de lista ni celda que lo contenga. Un div o article envolvente NO es contexto programatico.",modal cerrado
29,mundo,Northwestern,https://www.northwestern.edu/,2.4.4,c487ae,Link has non-empty accessible name,28,div.swiper > div.swiper-wrapper > div.swiper-slide > a,si,falla,,,R04,2026-09-09,,href: about/mission-vision-priorities/data-analytics-and-artificial-intelligence.html,modal cerrado
29,mundo,Northwestern,https://www.northwestern.edu/,2.4.4,c487ae,Link has non-empty accessible name,29,div.swiper-wrapper > div.swiper-slide > h3 > a,si,cumple,,,R04,2026-09-09,,"nombre: ""Harness the power of data analytics and artificial intelligence""",modal cerrado
29,mundo,Northwestern,https://www.northwestern.edu/,2.4.4,5effbb,Link in context is descriptive,29,div.swiper-wrapper > div.swiper-slide > h3 > a,si,REVISAR,,SIN CONTEXTO PROGRAMATICO,R04,2026-09-09,,"JUICIO HUMANO. ¿Nombre + contexto describen el proposito? nombre: ""Harness the power of data analytics and artificial intelligence"" | href: about/mission-vision-priorities/data-analytics-and-artificia | AVISO: no hay parrafo, elemento de lista ni celda que lo contenga. Un div o article envolvente NO es contexto programatico.",modal cerrado
29,mundo,Northwestern,https://www.northwestern.edu/,2.4.4,c487ae,Link has non-empty accessible name,30,div.swiper > div.swiper-wrapper > div.swiper-slide > a,si,falla,,,R04,2026-09-09,,href: about/mission-vision-priorities/social-sciences-global-studies.html,modal cerrado
29,mundo,Northwestern,https://www.northwestern.edu/,2.4.4,c487ae,Link has non-empty accessible name,31,div.swiper-wrapper > div.swiper-slide > h3 > a,si,cumple,,,R04,2026-09-09,,"nombre: ""Foster interdisciplinary innovation among social sciences and global studies""",modal cerrado
29,mundo,Northwestern,https://www.northwestern.edu/,2.4.4,5effbb,Link in context is descriptive,31,div.swiper-wrapper > div.swiper-slide > h3 > a,si,REVISAR,,SIN CONTEXTO PROGRAMATICO,R04,2026-09-09,,"JUICIO HUMANO. ¿Nombre + contexto describen el proposito? nombre: ""Foster interdisciplinary innovation among social sciences and global studies"" | href: about/mission-vision-priorities/social-sciences-global-studi | AVISO: no hay parrafo, elemento de lista ni celda que lo contenga. Un div o article envolvente NO es contexto programatico.",modal cerrado
29,mundo,Northwestern,https://www.northwestern.edu/,2.4.4,c487ae,Link has non-empty accessible name,32,div.swiper > div.swiper-wrapper > div.swiper-slide > a,si,falla,,,R04,2026-09-09,,href: about/mission-vision-priorities/sustainability.html,modal cerrado
29,mundo,Northwestern,https://www.northwestern.edu/,2.4.4,c487ae,Link has non-empty accessible name,33,div.swiper-wrapper > div.swiper-slide > h3 > a,si,cumple,,,R04,2026-09-09,,"nombre: ""Lead in decarbonization, renewable energy and sustainability""",modal cerrado
29,mundo,Northwestern,https://www.northwestern.edu/,2.4.4,5effbb,Link in context is descriptive,33,div.swiper-wrapper > div.swiper-slide > h3 > a,si,REVISAR,,SIN CONTEXTO PROGRAMATICO,R04,2026-09-09,,"JUICIO HUMANO. ¿Nombre + contexto describen el proposito? nombre: ""Lead in decarbonization, renewable energy and sustainability"" | href: about/mission-vision-priorities/sustainability.html | AVISO: no hay parrafo, elemento de lista ni celda que lo contenga. Un div o article envolvente NO es contexto programatico.",modal cerrado
29,mundo,Northwestern,https://www.northwestern.edu/,2.4.4,c487ae,Link has non-empty accessible name,34,div.swiper > div.swiper-wrapper > div.swiper-slide > a,si,falla,,,R04,2026-09-09,,href: about/mission-vision-priorities/creative-performing-arts.html,modal cerrado
29,mundo,Northwestern,https://www.northwestern.edu/,2.4.4,c487ae,Link has non-empty accessible name,35,div.swiper-wrapper > div.swiper-slide > h3 > a,si,cumple,,,R04,2026-09-09,,"nombre: ""Enhance the creative and performing arts""",modal cerrado
29,mundo,Northwestern,https://www.northwestern.edu/,2.4.4,5effbb,Link in context is descriptive,35,div.swiper-wrapper > div.swiper-slide > h3 > a,si,REVISAR,,SIN CONTEXTO PROGRAMATICO,R04,2026-09-09,,"JUICIO HUMANO. ¿Nombre + contexto describen el proposito? nombre: ""Enhance the creative and performing arts"" | href: about/mission-vision-priorities/creative-performing-arts.htm | AVISO: no hay parrafo, elemento de lista ni celda que lo contenga. Un div o article envolvente NO es contexto programatico.",modal cerrado
29,mundo,Northwestern,https://www.northwestern.edu/,2.4.4,c487ae,Link has non-empty accessible name,36,div.swiper > div.swiper-wrapper > div.swiper-slide > a,si,falla,,,R04,2026-09-09,,href: about/mission-vision-priorities/outstanding-educational-experience.html,modal cerrado
29,mundo,Northwestern,https://www.northwestern.edu/,2.4.4,c487ae,Link has non-empty accessible name,37,div.swiper-wrapper > div.swiper-slide > h3 > a,si,cumple,,,R04,2026-09-09,,"nombre: ""Deliver an outstanding educational experience for students""",modal cerrado
29,mundo,Northwestern,https://www.northwestern.edu/,2.4.4,5effbb,Link in context is descriptive,37,div.swiper-wrapper > div.swiper-slide > h3 > a,si,REVISAR,,SIN CONTEXTO PROGRAMATICO,R04,2026-09-09,,"JUICIO HUMANO. ¿Nombre + contexto describen el proposito? nombre: ""Deliver an outstanding educational experience for students"" | href: about/mission-vision-priorities/outstanding-educational-expe | AVISO: no hay parrafo, elemento de lista ni celda que lo contenga. Un div o article envolvente NO es contexto programatico.",modal cerrado
29,mundo,Northwestern,https://www.northwestern.edu/,2.4.4,c487ae,Link has non-empty accessible name,38,div.swiper > div.swiper-wrapper > div.swiper-slide > a,si,falla,,,R04,2026-09-09,,href: about/mission-vision-priorities/investment-employees.html,modal cerrado
29,mundo,Northwestern,https://www.northwestern.edu/,2.4.4,c487ae,Link has non-empty accessible name,39,div.swiper-wrapper > div.swiper-slide > h3 > a,si,cumple,,,R04,2026-09-09,,"nombre: ""Invest in our employees""",modal cerrado
29,mundo,Northwestern,https://www.northwestern.edu/,2.4.4,5effbb,Link in context is descriptive,39,div.swiper-wrapper > div.swiper-slide > h3 > a,si,REVISAR,,SIN CONTEXTO PROGRAMATICO,R04,2026-09-09,,"JUICIO HUMANO. ¿Nombre + contexto describen el proposito? nombre: ""Invest in our employees"" | href: about/mission-vision-priorities/investment-employees.html | AVISO: no hay parrafo, elemento de lista ni celda que lo contenga. Un div o article envolvente NO es contexto programatico.",modal cerrado
29,mundo,Northwestern,https://www.northwestern.edu/,2.4.4,c487ae,Link has non-empty accessible name,40,div.swiper > div.swiper-wrapper > div.swiper-slide > a,si,falla,,,R04,2026-09-09,,href: about/mission-vision-priorities/resilient-students.html,modal cerrado
29,mundo,Northwestern,https://www.northwestern.edu/,2.4.4,c487ae,Link has non-empty accessible name,41,div.swiper-wrapper > div.swiper-slide > h3 > a,si,cumple,,,R04,2026-09-09,,"nombre: ""Build resilient students and a sense of belonging""",modal cerrado
29,mundo,Northwestern,https://www.northwestern.edu/,2.4.4,5effbb,Link in context is descriptive,41,div.swiper-wrapper > div.swiper-slide > h3 > a,si,REVISAR,,SIN CONTEXTO PROGRAMATICO,R04,2026-09-09,,"JUICIO HUMANO. ¿Nombre + contexto describen el proposito? nombre: ""Build resilient students and a sense of belonging"" | href: about/mission-vision-priorities/resilient-students.html | AVISO: no hay parrafo, elemento de lista ni celda que lo contenga. Un div o article envolvente NO es contexto programatico.",modal cerrado
29,mundo,Northwestern,https://www.northwestern.edu/,2.4.4,c487ae,Link has non-empty accessible name,42,div.swiper > div.swiper-wrapper > div.swiper-slide > a,si,falla,,,R04,2026-09-09,,href: about/mission-vision-priorities/access-opportunity.html,modal cerrado
29,mundo,Northwestern,https://www.northwestern.edu/,2.4.4,c487ae,Link has non-empty accessible name,43,div.swiper-wrapper > div.swiper-slide > h3 > a,si,cumple,,,R04,2026-09-09,,"nombre: ""Promote access, opportunity and diversity""",modal cerrado
29,mundo,Northwestern,https://www.northwestern.edu/,2.4.4,5effbb,Link in context is descriptive,43,div.swiper-wrapper > div.swiper-slide > h3 > a,si,REVISAR,,SIN CONTEXTO PROGRAMATICO,R04,2026-09-09,,"JUICIO HUMANO. ¿Nombre + contexto describen el proposito? nombre: ""Promote access, opportunity and diversity"" | href: about/mission-vision-priorities/access-opportunity.html | AVISO: no hay parrafo, elemento de lista ni celda que lo contenga. Un div o article envolvente NO es contexto programatico.",modal cerrado
29,mundo,Northwestern,https://www.northwestern.edu/,2.4.4,c487ae,Link has non-empty accessible name,44,div.swiper > div.swiper-wrapper > div.swiper-slide > a,si,falla,,,R04,2026-09-09,,href: about/mission-vision-priorities/free-expression.html,modal cerrado
29,mundo,Northwestern,https://www.northwestern.edu/,2.4.4,c487ae,Link has non-empty accessible name,45,div.swiper-wrapper > div.swiper-slide > h3 > a,si,cumple,,,R04,2026-09-09,,"nombre: ""Defend free expression and promote engagement across differences""",modal cerrado
29,mundo,Northwestern,https://www.northwestern.edu/,2.4.4,5effbb,Link in context is descriptive,45,div.swiper-wrapper > div.swiper-slide > h3 > a,si,REVISAR,,SIN CONTEXTO PROGRAMATICO,R04,2026-09-09,,"JUICIO HUMANO. ¿Nombre + contexto describen el proposito? nombre: ""Defend free expression and promote engagement across differences"" | href: about/mission-vision-priorities/free-expression.html | AVISO: no hay parrafo, elemento de lista ni celda que lo contenga. Un div o article envolvente NO es contexto programatico.",modal cerrado
29,mundo,Northwestern,https://www.northwestern.edu/,2.4.4,c487ae,Link has non-empty accessible name,46,div.swiper > div.swiper-wrapper > div.swiper-slide > a,si,falla,,,R04,2026-09-09,,href: about/mission-vision-priorities/enhance-the-student-athlete-experience.html,modal cerrado
29,mundo,Northwestern,https://www.northwestern.edu/,2.4.4,c487ae,Link has non-empty accessible name,47,div.swiper-wrapper > div.swiper-slide > h3 > a,si,cumple,,,R04,2026-09-09,,"nombre: ""Enhance the student-athlete experience""",modal cerrado
29,mundo,Northwestern,https://www.northwestern.edu/,2.4.4,5effbb,Link in context is descriptive,47,div.swiper-wrapper > div.swiper-slide > h3 > a,si,REVISAR,,SIN CONTEXTO PROGRAMATICO,R04,2026-09-09,,"JUICIO HUMANO. ¿Nombre + contexto describen el proposito? nombre: ""Enhance the student-athlete experience"" | href: about/mission-vision-priorities/enhance-the-student-athlete- | AVISO: no hay parrafo, elemento de lista ni celda que lo contenga. Un div o article envolvente NO es contexto programatico.",modal cerrado
29,mundo,Northwestern,https://www.northwestern.edu/,2.4.4,c487ae,Link has non-empty accessible name,48,div.wrap > div.text > h2 > a,si,cumple,,,R04,2026-09-09,,"nombre: ""Student-Athletes Nigel Prince and Reese Mayer""",modal cerrado
29,mundo,Northwestern,https://www.northwestern.edu/,2.4.4,5effbb,Link in context is descriptive,48,div.wrap > div.text > h2 > a,si,REVISAR,,SIN CONTEXTO PROGRAMATICO,R04,2026-09-09,,"JUICIO HUMANO. ¿Nombre + contexto describen el proposito? nombre: ""Student-Athletes Nigel Prince and Reese Mayer"" | href: https://magazine.northwestern.edu/news/soccer-brothers-nigel | AVISO: no hay parrafo, elemento de lista ni celda que lo contenga. Un div o article envolvente NO es contexto programatico.",modal cerrado
29,mundo,Northwestern,https://www.northwestern.edu/,2.4.4,c487ae,Link has non-empty accessible name,49,div.wrap > div.text > h2 > a,si,cumple,,,R04,2026-09-09,,"nombre: ""Norris University Center""",modal cerrado
29,mundo,Northwestern,https://www.northwestern.edu/,2.4.4,5effbb,Link in context is descriptive,49,div.wrap > div.text > h2 > a,si,REVISAR,,SIN CONTEXTO PROGRAMATICO,R04,2026-09-09,,"JUICIO HUMANO. ¿Nombre + contexto describen el proposito? nombre: ""Norris University Center"" | href: https://www.northwestern.edu/norris/ | AVISO: no hay parrafo, elemento de lista ni celda que lo contenga. Un div o article envolvente NO es contexto programatico.",modal cerrado
29,mundo,Northwestern,https://www.northwestern.edu/,2.4.4,c487ae,Link has non-empty accessible name,50,div.wrap > div.text > h2 > a,si,cumple,,,R04,2026-09-09,,"nombre: ""Northwestern Sailing Center""",modal cerrado
29,mundo,Northwestern,https://www.northwestern.edu/,2.4.4,5effbb,Link in context is descriptive,50,div.wrap > div.text > h2 > a,si,REVISAR,,SIN CONTEXTO PROGRAMATICO,R04,2026-09-09,,"JUICIO HUMANO. ¿Nombre + contexto describen el proposito? nombre: ""Northwestern Sailing Center"" | href: https://northwesternsailing.com/ | AVISO: no hay parrafo, elemento de lista ni celda que lo contenga. Un div o article envolvente NO es contexto programatico.",modal cerrado
29,mundo,Northwestern,https://www.northwestern.edu/,2.4.4,c487ae,Link has non-empty accessible name,51,div.wrap > div.text > h2 > a,si,cumple,,,R04,2026-09-09,,"nombre: ""Alumna Greta Lee""",modal cerrado
29,mundo,Northwestern,https://www.northwestern.edu/,2.4.4,5effbb,Link in context is descriptive,51,div.wrap > div.text > h2 > a,si,REVISAR,,SIN CONTEXTO PROGRAMATICO,R04,2026-09-09,,"JUICIO HUMANO. ¿Nombre + contexto describen el proposito? nombre: ""Alumna Greta Lee"" | href: https://magazine.northwestern.edu/features/greta-lee-lead-ac | AVISO: no hay parrafo, elemento de lista ni celda que lo contenga. Un div o article envolvente NO es contexto programatico.",modal cerrado
29,mundo,Northwestern,https://www.northwestern.edu/,2.4.4,c487ae,Link has non-empty accessible name,52,div.wrap > div.text > h2 > a,si,cumple,,,R04,2026-09-09,,"nombre: ""Dance Marathon""",modal cerrado
29,mundo,Northwestern,https://www.northwestern.edu/,2.4.4,5effbb,Link in context is descriptive,52,div.wrap > div.text > h2 > a,si,REVISAR,,SIN CONTEXTO PROGRAMATICO,R04,2026-09-09,,"JUICIO HUMANO. ¿Nombre + contexto describen el proposito? nombre: ""Dance Marathon"" | href: https://www.facebook.com/NUDanceMarathon/ | AVISO: no hay parrafo, elemento de lista ni celda que lo contenga. Un div o article envolvente NO es contexto programatico.",modal cerrado
29,mundo,Northwestern,https://www.northwestern.edu/,2.4.4,c487ae,Link has non-empty accessible name,53,div.wrap > div.text > h2 > a,si,cumple,,,R04,2026-09-09,,"nombre: ""Block Museum of Art""",modal cerrado
29,mundo,Northwestern,https://www.northwestern.edu/,2.4.4,5effbb,Link in context is descriptive,53,div.wrap > div.text > h2 > a,si,REVISAR,,SIN CONTEXTO PROGRAMATICO,R04,2026-09-09,,"JUICIO HUMANO. ¿Nombre + contexto describen el proposito? nombre: ""Block Museum of Art"" | href: https://www.blockmuseum.northwestern.edu/about-the-block/ | AVISO: no hay parrafo, elemento de lista ni celda que lo contenga. Un div o article envolvente NO es contexto programatico.",modal cerrado
29,mundo,Northwestern,https://www.northwestern.edu/,2.4.4,c487ae,Link has non-empty accessible name,54,div.wrap > div.text > h2 > a,si,cumple,,,R04,2026-09-09,,"nombre: ""Professor Andrew Papachristos""",modal cerrado
29,mundo,Northwestern,https://www.northwestern.edu/,2.4.4,5effbb,Link in context is descriptive,54,div.wrap > div.text > h2 > a,si,REVISAR,,SIN CONTEXTO PROGRAMATICO,R04,2026-09-09,,"JUICIO HUMANO. ¿Nombre + contexto describen el proposito? nombre: ""Professor Andrew Papachristos"" | href: https://magazine.northwestern.edu/features/andrew-papachrist | AVISO: no hay parrafo, elemento de lista ni celda que lo contenga. Un div o article envolvente NO es contexto programatico.",modal cerrado
29,mundo,Northwestern,https://www.northwestern.edu/,2.4.4,c487ae,Link has non-empty accessible name,55,div.wrap > div.text > h2 > a,si,cumple,,,R04,2026-09-09,,"nombre: ""March Through the Arch""",modal cerrado
29,mundo,Northwestern,https://www.northwestern.edu/,2.4.4,5effbb,Link in context is descriptive,55,div.wrap > div.text > h2 > a,si,REVISAR,,SIN CONTEXTO PROGRAMATICO,R04,2026-09-09,,"JUICIO HUMANO. ¿Nombre + contexto describen el proposito? nombre: ""March Through the Arch"" | href: about/history/the-arch.html | AVISO: no hay parrafo, elemento de lista ni celda que lo contenga. Un div o article envolvente NO es contexto programatico.",modal cerrado
29,mundo,Northwestern,https://www.northwestern.edu/,2.4.4,c487ae,Link has non-empty accessible name,56,div.wrap > div.text > h2 > a,si,cumple,,,R04,2026-09-09,,"nombre: ""The Garage""",modal cerrado
29,mundo,Northwestern,https://www.northwestern.edu/,2.4.4,5effbb,Link in context is descriptive,56,div.wrap > div.text > h2 > a,si,REVISAR,,SIN CONTEXTO PROGRAMATICO,R04,2026-09-09,,"JUICIO HUMANO. ¿Nombre + contexto describen el proposito? nombre: ""The Garage"" | href: https://www.thegarage.northwestern.edu/ | AVISO: no hay parrafo, elemento de lista ni celda que lo contenga. Un div o article envolvente NO es contexto programatico.",modal cerrado
29,mundo,Northwestern,https://www.northwestern.edu/,2.4.4,c487ae,Link has non-empty accessible name,57,div.content > section > div.social-media-cards > a.card,si,cumple,,,R04,2026-09-09,,"nombre: ""Visit instagram""",modal cerrado
29,mundo,Northwestern,https://www.northwestern.edu/,2.4.4,5effbb,Link in context is descriptive,57,div.content > section > div.social-media-cards > a.card,si,REVISAR,,SIN CONTEXTO PROGRAMATICO,R04,2026-09-09,,"JUICIO HUMANO. ¿Nombre + contexto describen el proposito? nombre: ""Visit instagram"" | href: https://www.instagram.com/p/DAUIONNy0bp | AVISO: no hay parrafo, elemento de lista ni celda que lo contenga. Un div o article envolvente NO es contexto programatico.",modal cerrado
29,mundo,Northwestern,https://www.northwestern.edu/,2.4.4,c487ae,Link has non-empty accessible name,58,div.content > section > div.social-media-cards > a.card,si,cumple,,,R04,2026-09-09,,"nombre: ""Visit facebook""",modal cerrado
29,mundo,Northwestern,https://www.northwestern.edu/,2.4.4,5effbb,Link in context is descriptive,58,div.content > section > div.social-media-cards > a.card,si,REVISAR,,SIN CONTEXTO PROGRAMATICO,R04,2026-09-09,,"JUICIO HUMANO. ¿Nombre + contexto describen el proposito? nombre: ""Visit facebook"" | href: https://www.facebook.com/photo.php?fbid=927567722731886&set= | AVISO: no hay parrafo, elemento de lista ni celda que lo contenga. Un div o article envolvente NO es contexto programatico.",modal cerrado
29,mundo,Northwestern,https://www.northwestern.edu/,2.4.4,c487ae,Link has non-empty accessible name,59,div.content > section > div.social-media-cards > a.card,si,cumple,,,R04,2026-09-09,,"nombre: ""Visit linkedin""",modal cerrado
29,mundo,Northwestern,https://www.northwestern.edu/,2.4.4,5effbb,Link in context is descriptive,59,div.content > section > div.social-media-cards > a.card,si,REVISAR,,SIN CONTEXTO PROGRAMATICO,R04,2026-09-09,,"JUICIO HUMANO. ¿Nombre + contexto describen el proposito? nombre: ""Visit linkedin"" | href: https://www.linkedin.com/feed/update/urn:li:ugcPost:72719842 | AVISO: no hay parrafo, elemento de lista ni celda que lo contenga. Un div o article envolvente NO es contexto programatico.",modal cerrado
29,mundo,Northwestern,https://www.northwestern.edu/,2.4.4,c487ae,Link has non-empty accessible name,60,div.social-media-cards > ul.center-list > li.tiktok > a,si,cumple,,,R04,2026-09-09,,"nombre: ""Visit tiktok""",modal cerrado
29,mundo,Northwestern,https://www.northwestern.edu/,2.4.4,5effbb,Link in context is descriptive,60,div.social-media-cards > ul.center-list > li.tiktok > a,si,REVISAR,,Visit tiktok,R04,2026-09-09,,"JUICIO HUMANO. ¿Nombre + contexto describen el proposito? nombre: ""Visit tiktok"" | href: https://www.tiktok.com/@northwestern.u",modal cerrado
29,mundo,Northwestern,https://www.northwestern.edu/,2.4.4,c487ae,Link has non-empty accessible name,61,div.social-media-cards > ul.center-list > li.youtube > a,si,cumple,,,R04,2026-09-09,,"nombre: ""Visit youtube""",modal cerrado
29,mundo,Northwestern,https://www.northwestern.edu/,2.4.4,5effbb,Link in context is descriptive,61,div.social-media-cards > ul.center-list > li.youtube > a,si,REVISAR,,Visit youtube,R04,2026-09-09,,"JUICIO HUMANO. ¿Nombre + contexto describen el proposito? nombre: ""Visit youtube"" | href: https://www.youtube.com/user/NorthwesternU",modal cerrado
29,mundo,Northwestern,https://www.northwestern.edu/,2.4.4,c487ae,Link has non-empty accessible name,62,div.social-media-cards > ul.center-list > li.x > a,si,cumple,,,R04,2026-09-09,,"nombre: ""Visit x""",modal cerrado
29,mundo,Northwestern,https://www.northwestern.edu/,2.4.4,5effbb,Link in context is descriptive,62,div.social-media-cards > ul.center-list > li.x > a,si,REVISAR,,Visit x,R04,2026-09-09,,"JUICIO HUMANO. ¿Nombre + contexto describen el proposito? nombre: ""Visit x"" | href: https://www.twitter.com/northwesternu",modal cerrado
29,mundo,Northwestern,https://www.northwestern.edu/,2.4.4,c487ae,Link has non-empty accessible name,63,div.media-mentions > article > h3 > a,si,cumple,,,R04,2026-09-09,,"nombre: ""Till Institute Summer Academy brings teens together to talk about social justice""",modal cerrado
29,mundo,Northwestern,https://www.northwestern.edu/,2.4.4,5effbb,Link in context is descriptive,63,div.media-mentions > article > h3 > a,si,REVISAR,,SIN CONTEXTO PROGRAMATICO,R04,2026-09-09,,"JUICIO HUMANO. ¿Nombre + contexto describen el proposito? nombre: ""Till Institute Summer Academy brings teens together to talk about social justice"" | href: https://www.chicagotribune.com/2026/08/19/emmett-till-instit | AVISO: no hay parrafo, elemento de lista ni celda que lo contenga. Un div o article envolvente NO es contexto programatico.",modal cerrado
29,mundo,Northwestern,https://www.northwestern.edu/,2.4.4,c487ae,Link has non-empty accessible name,64,div.media-mentions > article > h3 > a,si,cumple,,,R04,2026-09-09,,"nombre: ""Saving old trees might save lives""",modal cerrado
29,mundo,Northwestern,https://www.northwestern.edu/,2.4.4,5effbb,Link in context is descriptive,64,div.media-mentions > article > h3 > a,si,REVISAR,,SIN CONTEXTO PROGRAMATICO,R04,2026-09-09,,"JUICIO HUMANO. ¿Nombre + contexto describen el proposito? nombre: ""Saving old trees might save lives"" | href: https://www.nytimes.com/2026/08/20/climate/climate-saving-ol | AVISO: no hay parrafo, elemento de lista ni celda que lo contenga. Un div o article envolvente NO es contexto programatico.",modal cerrado
29,mundo,Northwestern,https://www.northwestern.edu/,2.4.4,c487ae,Link has non-empty accessible name,65,div.media-mentions > article > h3 > a,si,cumple,,,R04,2026-09-09,,"nombre: ""What ovaries reveal about the secret ways women age""",modal cerrado
29,mundo,Northwestern,https://www.northwestern.edu/,2.4.4,5effbb,Link in context is descriptive,65,div.media-mentions > article > h3 > a,si,REVISAR,,SIN CONTEXTO PROGRAMATICO,R04,2026-09-09,,"JUICIO HUMANO. ¿Nombre + contexto describen el proposito? nombre: ""What ovaries reveal about the secret ways women age"" | href: https://time.com/collection/longevity-leaders/2026/francesca | AVISO: no hay parrafo, elemento de lista ni celda que lo contenga. Un div o article envolvente NO es contexto programatico.",modal cerrado
29,mundo,Northwestern,https://www.northwestern.edu/,2.4.4,c487ae,Link has non-empty accessible name,66,div.expandable > div.expandable-inner > div.info-link > a,si,cumple,,,R04,2026-09-09,,"nombre: ""Learn more about Ask Northwestern""",modal cerrado
29,mundo,Northwestern,https://www.northwestern.edu/,2.4.4,5effbb,Link in context is descriptive,66,div.expandable > div.expandable-inner > div.info-link > a,si,REVISAR,,SIN CONTEXTO PROGRAMATICO,R04,2026-09-09,,"JUICIO HUMANO. ¿Nombre + contexto describen el proposito? nombre: ""Learn more about Ask Northwestern"" | href: https://www.northwestern.edu/web-resources/site-optimization | AVISO: no hay parrafo, elemento de lista ni celda que lo contenga. Un div o article envolvente NO es contexto programatico.",modal cerrado
29,mundo,Northwestern,https://www.northwestern.edu/,2.4.4,c487ae,Link has non-empty accessible name,67,footer.jos > div.footer-outer > div.contain-1120 > a,si,cumple,,,R04,2026-09-09,,"nombre: ""Northwestern University""",modal cerrado
29,mundo,Northwestern,https://www.northwestern.edu/,2.4.4,5effbb,Link in context is descriptive,67,footer.jos > div.footer-outer > div.contain-1120 > a,si,REVISAR,,SIN CONTEXTO PROGRAMATICO,R04,2026-09-09,,"JUICIO HUMANO. ¿Nombre + contexto describen el proposito? nombre: ""Northwestern University"" | href: https://www.northwestern.edu/ | AVISO: no hay parrafo, elemento de lista ni celda que lo contenga. Un div o article envolvente NO es contexto programatico.",modal cerrado
29,mundo,Northwestern,https://www.northwestern.edu/,2.4.4,c487ae,Link has non-empty accessible name,68,div.footer-content > ul > li.facebook > a,si,cumple,,,R04,2026-09-09,,"nombre: ""facebook""",modal cerrado
29,mundo,Northwestern,https://www.northwestern.edu/,2.4.4,5effbb,Link in context is descriptive,68,div.footer-content > ul > li.facebook > a,si,REVISAR,,facebook,R04,2026-09-09,,"JUICIO HUMANO. ¿Nombre + contexto describen el proposito? nombre: ""facebook"" | href: https://www.facebook.com/NorthwesternU",modal cerrado
29,mundo,Northwestern,https://www.northwestern.edu/,2.4.4,c487ae,Link has non-empty accessible name,69,div.footer-content > ul > li.x > a,si,cumple,,,R04,2026-09-09,,"nombre: ""x""",modal cerrado
29,mundo,Northwestern,https://www.northwestern.edu/,2.4.4,5effbb,Link in context is descriptive,69,div.footer-content > ul > li.x > a,si,REVISAR,,x,R04,2026-09-09,,"JUICIO HUMANO. ¿Nombre + contexto describen el proposito? nombre: ""x"" | href: https://www.twitter.com/northwesternu",modal cerrado
29,mundo,Northwestern,https://www.northwestern.edu/,2.4.4,c487ae,Link has non-empty accessible name,70,div.footer-content > ul > li.instagram > a,si,cumple,,,R04,2026-09-09,,"nombre: ""instagram""",modal cerrado
29,mundo,Northwestern,https://www.northwestern.edu/,2.4.4,5effbb,Link in context is descriptive,70,div.footer-content > ul > li.instagram > a,si,REVISAR,,instagram,R04,2026-09-09,,"JUICIO HUMANO. ¿Nombre + contexto describen el proposito? nombre: ""instagram"" | href: https://instagram.com/northwesternu",modal cerrado
29,mundo,Northwestern,https://www.northwestern.edu/,2.4.4,c487ae,Link has non-empty accessible name,71,div.footer-content > ul > li.youtube > a,si,cumple,,,R04,2026-09-09,,"nombre: ""youtube""",modal cerrado
29,mundo,Northwestern,https://www.northwestern.edu/,2.4.4,5effbb,Link in context is descriptive,71,div.footer-content > ul > li.youtube > a,si,REVISAR,,youtube,R04,2026-09-09,,"JUICIO HUMANO. ¿Nombre + contexto describen el proposito? nombre: ""youtube"" | href: https://www.youtube.com/user/NorthwesternU",modal cerrado
29,mundo,Northwestern,https://www.northwestern.edu/,2.4.4,c487ae,Link has non-empty accessible name,72,div.footer-content > ul > li.tiktok > a,si,cumple,,,R04,2026-09-09,,"nombre: ""tiktok""",modal cerrado
29,mundo,Northwestern,https://www.northwestern.edu/,2.4.4,5effbb,Link in context is descriptive,72,div.footer-content > ul > li.tiktok > a,si,REVISAR,,tiktok,R04,2026-09-09,,"JUICIO HUMANO. ¿Nombre + contexto describen el proposito? nombre: ""tiktok"" | href: https://www.tiktok.com/@northwestern.u",modal cerrado
29,mundo,Northwestern,https://www.northwestern.edu/,2.4.4,c487ae,Link has non-empty accessible name,73,div.footer-content > ul > li.linkedin > a,si,cumple,,,R04,2026-09-09,,"nombre: ""linkedin""",modal cerrado
29,mundo,Northwestern,https://www.northwestern.edu/,2.4.4,5effbb,Link in context is descriptive,73,div.footer-content > ul > li.linkedin > a,si,REVISAR,,linkedin,R04,2026-09-09,,"JUICIO HUMANO. ¿Nombre + contexto describen el proposito? nombre: ""linkedin"" | href: https://www.linkedin.com/school/northwestern-university/",modal cerrado
29,mundo,Northwestern,https://www.northwestern.edu/,2.4.4,c487ae,Link has non-empty accessible name,74,div.footer-content > ul > li > a,si,cumple,,,R04,2026-09-09,,"nombre: ""Bookstore""",modal cerrado
29,mundo,Northwestern,https://www.northwestern.edu/,2.4.4,5effbb,Link in context is descriptive,74,div.footer-content > ul > li > a,si,REVISAR,,Bookstore,R04,2026-09-09,,"JUICIO HUMANO. ¿Nombre + contexto describen el proposito? nombre: ""Bookstore"" | href: https://www.northwestern.edu/norris/retail-operations/bookst",modal cerrado
29,mundo,Northwestern,https://www.northwestern.edu/,2.4.4,c487ae,Link has non-empty accessible name,75,div.footer-content > ul > li > a,si,cumple,,,R04,2026-09-09,,"nombre: ""Office Directory""",modal cerrado
29,mundo,Northwestern,https://www.northwestern.edu/,2.4.4,5effbb,Link in context is descriptive,75,div.footer-content > ul > li > a,si,REVISAR,,Office Directory,R04,2026-09-09,,"JUICIO HUMANO. ¿Nombre + contexto describen el proposito? nombre: ""Office Directory"" | href: https://offices.northwestern.edu/",modal cerrado
29,mundo,Northwestern,https://www.northwestern.edu/,2.4.4,c487ae,Link has non-empty accessible name,76,div.footer-content > ul > li > a,si,cumple,,,R04,2026-09-09,,"nombre: ""Libraries""",modal cerrado
29,mundo,Northwestern,https://www.northwestern.edu/,2.4.4,5effbb,Link in context is descriptive,76,div.footer-content > ul > li > a,si,REVISAR,,Libraries,R04,2026-09-09,,"JUICIO HUMANO. ¿Nombre + contexto describen el proposito? nombre: ""Libraries"" | href: https://www.library.northwestern.edu/",modal cerrado
29,mundo,Northwestern,https://www.northwestern.edu/,2.4.4,c487ae,Link has non-empty accessible name,77,div.footer-content > ul > li > a,si,cumple,,,R04,2026-09-09,,"nombre: ""Campus Maps""",modal cerrado
29,mundo,Northwestern,https://www.northwestern.edu/,2.4.4,5effbb,Link in context is descriptive,77,div.footer-content > ul > li > a,si,REVISAR,,Campus Maps,R04,2026-09-09,,"JUICIO HUMANO. ¿Nombre + contexto describen el proposito? nombre: ""Campus Maps"" | href: https://maps.northwestern.edu/",modal cerrado
29,mundo,Northwestern,https://www.northwestern.edu/,2.4.4,c487ae,Link has non-empty accessible name,78,div.footer-content > ul > li > a,si,cumple,,,R04,2026-09-09,,"nombre: ""Media Relations""",modal cerrado
29,mundo,Northwestern,https://www.northwestern.edu/,2.4.4,5effbb,Link in context is descriptive,78,div.footer-content > ul > li > a,si,REVISAR,,Media Relations,R04,2026-09-09,,"JUICIO HUMANO. ¿Nombre + contexto describen el proposito? nombre: ""Media Relations"" | href: https://news.northwestern.edu/for-journalists/contact-us/",modal cerrado
29,mundo,Northwestern,https://www.northwestern.edu/,2.4.4,c487ae,Link has non-empty accessible name,79,div.footer-content > ul > li > a,si,cumple,,,R04,2026-09-09,,"nombre: ""Parking""",modal cerrado
29,mundo,Northwestern,https://www.northwestern.edu/,2.4.4,5effbb,Link in context is descriptive,79,div.footer-content > ul > li > a,si,REVISAR,,Parking,R04,2026-09-09,,"JUICIO HUMANO. ¿Nombre + contexto describen el proposito? nombre: ""Parking"" | href: https://www.northwestern.edu/transportation-parking/",modal cerrado
29,mundo,Northwestern,https://www.northwestern.edu/,2.4.4,c487ae,Link has non-empty accessible name,80,div.footer-content > ul > li > a,si,cumple,,,R04,2026-09-09,,"nombre: ""Shuttles""",modal cerrado
29,mundo,Northwestern,https://www.northwestern.edu/,2.4.4,5effbb,Link in context is descriptive,80,div.footer-content > ul > li > a,si,REVISAR,,Shuttles,R04,2026-09-09,,"JUICIO HUMANO. ¿Nombre + contexto describen el proposito? nombre: ""Shuttles"" | href: https://www.northwestern.edu/transportation-parking/shuttles",modal cerrado
29,mundo,Northwestern,https://www.northwestern.edu/,2.4.4,c487ae,Link has non-empty accessible name,81,div.footer-content > ul > li > a,si,cumple,,,R04,2026-09-09,,"nombre: ""Student Complaint Procedure""",modal cerrado
29,mundo,Northwestern,https://www.northwestern.edu/,2.4.4,5effbb,Link in context is descriptive,81,div.footer-content > ul > li > a,si,REVISAR,,Student Complaint Procedure,R04,2026-09-09,,"JUICIO HUMANO. ¿Nombre + contexto describen el proposito? nombre: ""Student Complaint Procedure"" | href: https://www.northwestern.edu/provost/initiatives/online-and-",modal cerrado
29,mundo,Northwestern,https://www.northwestern.edu/,2.4.4,c487ae,Link has non-empty accessible name,82,div.footer-content > ul > li > a,si,cumple,,,R04,2026-09-09,,"nombre: ""Building Access""",modal cerrado
29,mundo,Northwestern,https://www.northwestern.edu/,2.4.4,5effbb,Link in context is descriptive,82,div.footer-content > ul > li > a,si,REVISAR,,Building Access,R04,2026-09-09,,"JUICIO HUMANO. ¿Nombre + contexto describen el proposito? nombre: ""Building Access"" | href: https://www.northwestern.edu/facilities/building-campus-acce",modal cerrado
29,mundo,Northwestern,https://www.northwestern.edu/,2.4.4,c487ae,Link has non-empty accessible name,83,div.footer-content > ul > li > a,si,cumple,,,R04,2026-09-09,,"nombre: ""Campus Emergency Information""",modal cerrado
29,mundo,Northwestern,https://www.northwestern.edu/,2.4.4,5effbb,Link in context is descriptive,83,div.footer-content > ul > li > a,si,REVISAR,,Campus Emergency Information,R04,2026-09-09,,"JUICIO HUMANO. ¿Nombre + contexto describen el proposito? nombre: ""Campus Emergency Information"" | href: emergency/index.html",modal cerrado
29,mundo,Northwestern,https://www.northwestern.edu/,2.4.4,c487ae,Link has non-empty accessible name,84,div.footer-content > ul > li > a,si,cumple,,,R04,2026-09-09,,"nombre: ""Careers""",modal cerrado
29,mundo,Northwestern,https://www.northwestern.edu/,2.4.4,5effbb,Link in context is descriptive,84,div.footer-content > ul > li > a,si,REVISAR,,Careers,R04,2026-09-09,,"JUICIO HUMANO. ¿Nombre + contexto describen el proposito? nombre: ""Careers"" | href: https://hr.northwestern.edu/careers/",modal cerrado
29,mundo,Northwestern,https://www.northwestern.edu/,2.4.4,c487ae,Link has non-empty accessible name,85,div.footer-content > ul > li > a,si,cumple,,,R04,2026-09-09,,"nombre: ""Contact Northwestern University""",modal cerrado
29,mundo,Northwestern,https://www.northwestern.edu/,2.4.4,5effbb,Link in context is descriptive,85,div.footer-content > ul > li > a,si,REVISAR,,Contact Northwestern University,R04,2026-09-09,,"JUICIO HUMANO. ¿Nombre + contexto describen el proposito? nombre: ""Contact Northwestern University"" | href: contact.html",modal cerrado
29,mundo,Northwestern,https://www.northwestern.edu/,2.4.4,c487ae,Link has non-empty accessible name,86,div.footer-content > ul > li > a,si,cumple,,,R04,2026-09-09,,"nombre: ""University Policies""",modal cerrado
29,mundo,Northwestern,https://www.northwestern.edu/,2.4.4,5effbb,Link in context is descriptive,86,div.footer-content > ul > li > a,si,REVISAR,,University Policies,R04,2026-09-09,,"JUICIO HUMANO. ¿Nombre + contexto describen el proposito? nombre: ""University Policies"" | href: https://policies.northwestern.edu/",modal cerrado
29,mundo,Northwestern,https://www.northwestern.edu/,2.4.4,c487ae,Link has non-empty accessible name,87,div.contain-1120 > ul > li > a,si,cumple,,,R04,2026-09-09,,"nombre: ""Accessibility""",modal cerrado
29,mundo,Northwestern,https://www.northwestern.edu/,2.4.4,5effbb,Link in context is descriptive,87,div.contain-1120 > ul > li > a,si,REVISAR,,Accessibility,R04,2026-09-09,,"JUICIO HUMANO. ¿Nombre + contexto describen el proposito? nombre: ""Accessibility"" | href: https://www.northwestern.edu/accessibility/report/",modal cerrado
29,mundo,Northwestern,https://www.northwestern.edu/,2.4.4,c487ae,Link has non-empty accessible name,88,div.contain-1120 > ul > li > a,si,cumple,,,R04,2026-09-09,,"nombre: ""Disclaimer""",modal cerrado
29,mundo,Northwestern,https://www.northwestern.edu/,2.4.4,5effbb,Link in context is descriptive,88,div.contain-1120 > ul > li > a,si,REVISAR,,Disclaimer,R04,2026-09-09,,"JUICIO HUMANO. ¿Nombre + contexto describen el proposito? nombre: ""Disclaimer"" | href: disclaimer.html",modal cerrado
29,mundo,Northwestern,https://www.northwestern.edu/,2.4.4,c487ae,Link has non-empty accessible name,89,div.contain-1120 > ul > li > a,si,cumple,,,R04,2026-09-09,,"nombre: ""Disclosures""",modal cerrado
29,mundo,Northwestern,https://www.northwestern.edu/,2.4.4,5effbb,Link in context is descriptive,89,div.contain-1120 > ul > li > a,si,REVISAR,,Disclosures,R04,2026-09-09,,"JUICIO HUMANO. ¿Nombre + contexto describen el proposito? nombre: ""Disclosures"" | href: https://www.northwestern.edu/sfs/about/consumer-information.",modal cerrado
29,mundo,Northwestern,https://www.northwestern.edu/,2.4.4,c487ae,Link has non-empty accessible name,90,div.contain-1120 > ul > li > a,si,cumple,,,R04,2026-09-09,,"nombre: ""Notice of Non-Discrimination""",modal cerrado
29,mundo,Northwestern,https://www.northwestern.edu/,2.4.4,5effbb,Link in context is descriptive,90,div.contain-1120 > ul > li > a,si,REVISAR,,Notice of Non-Discrimination,R04,2026-09-09,,"JUICIO HUMANO. ¿Nombre + contexto describen el proposito? nombre: ""Notice of Non-Discrimination"" | href: https://www.northwestern.edu/civil-rights-office/about/state",modal cerrado
29,mundo,Northwestern,https://www.northwestern.edu/,2.4.4,c487ae,Link has non-empty accessible name,91,div.contain-1120 > ul > li > a,si,cumple,,,R04,2026-09-09,,"nombre: ""Privacy Statement""",modal cerrado
29,mundo,Northwestern,https://www.northwestern.edu/,2.4.4,5effbb,Link in context is descriptive,91,div.contain-1120 > ul > li > a,si,REVISAR,,Privacy Statement,R04,2026-09-09,,"JUICIO HUMANO. ¿Nombre + contexto describen el proposito? nombre: ""Privacy Statement"" | href: privacy/index.html",modal cerrado
29,mundo,Northwestern,https://www.northwestern.edu/,2.4.4,c487ae,Link has non-empty accessible name,92,div.contain-1120 > ul > li > a,si,cumple,,,R04,2026-09-09,,"nombre: ""Report a Concern""",modal cerrado
29,mundo,Northwestern,https://www.northwestern.edu/,2.4.4,5effbb,Link in context is descriptive,92,div.contain-1120 > ul > li > a,si,REVISAR,,Report a Concern,R04,2026-09-09,,"JUICIO HUMANO. ¿Nombre + contexto describen el proposito? nombre: ""Report a Concern"" | href: https://www.northwestern.edu/report/",modal cerrado
29,mundo,Northwestern,https://www.northwestern.edu/,2.4.4,c487ae,Link has non-empty accessible name,93,#scrollup,si,cumple,,,R04,2026-09-09,,"nombre: ""Return to the top of the page""",modal cerrado
29,mundo,Northwestern,https://www.northwestern.edu/,2.4.4,5effbb,Link in context is descriptive,93,#scrollup,si,REVISAR,,SIN CONTEXTO PROGRAMATICO,R04,2026-09-09,,"JUICIO HUMANO. ¿Nombre + contexto describen el proposito? nombre: ""Return to the top of the page"" | href: #top-bar | AVISO: no hay parrafo, elemento de lista ni celda que lo contenga. Un div o article envolvente NO es contexto programatico.",modal cerrado
29,mundo,Northwestern,https://www.northwestern.edu/,2.4.4,c487ae,Link has non-empty accessible name,94,nav.mm-menu > div.mm-iconbar > div.mm-iconbar__top > a.mm-btn,si,cumple,,,R04,2026-09-09,,"nombre: ""Close menu""",modal cerrado
29,mundo,Northwestern,https://www.northwestern.edu/,2.4.4,5effbb,Link in context is descriptive,94,nav.mm-menu > div.mm-iconbar > div.mm-iconbar__top > a.mm-btn,si,REVISAR,,SIN CONTEXTO PROGRAMATICO,R04,2026-09-09,,"JUICIO HUMANO. ¿Nombre + contexto describen el proposito? nombre: ""Close menu"" | href: #page | AVISO: no hay parrafo, elemento de lista ni celda que lo contenga. Un div o article envolvente NO es contexto programatico.",modal cerrado
29,mundo,Northwestern,https://www.northwestern.edu/,2.4.4,c487ae,Link has non-empty accessible name,95,nav.mm-menu > div.mm-iconbar > div.mm-iconbar__top > a.mmenu-home,si,cumple,,,R04,2026-09-09,,"nombre: ""Return to navigation home""",modal cerrado
29,mundo,Northwestern,https://www.northwestern.edu/,2.4.4,5effbb,Link in context is descriptive,95,nav.mm-menu > div.mm-iconbar > div.mm-iconbar__top > a.mmenu-home,si,REVISAR,,SIN CONTEXTO PROGRAMATICO,R04,2026-09-09,,"JUICIO HUMANO. ¿Nombre + contexto describen el proposito? nombre: ""Return to navigation home"" | href: #mm-1 | AVISO: no hay parrafo, elemento de lista ni celda que lo contenga. Un div o article envolvente NO es contexto programatico.",modal cerrado
29,mundo,Northwestern,https://www.northwestern.edu/,2.4.4,c487ae,Link has non-empty accessible name,96,div.mm-panel > ul.mm-listview > li.mm-listitem > a.mm-btn,si,cumple,,,R04,2026-09-09,,"nombre: ""Open submenu""",modal cerrado
29,mundo,Northwestern,https://www.northwestern.edu/,2.4.4,5effbb,Link in context is descriptive,96,div.mm-panel > ul.mm-listview > li.mm-listitem > a.mm-btn,si,REVISAR,,About,R04,2026-09-09,,"JUICIO HUMANO. ¿Nombre + contexto describen el proposito? nombre: ""Open submenu"" | href: #mm-3",modal cerrado
29,mundo,Northwestern,https://www.northwestern.edu/,2.4.4,c487ae,Link has non-empty accessible name,97,div.mm-panel > ul.mm-listview > li.mm-listitem > a.mm-btn,si,cumple,,,R04,2026-09-09,,"nombre: ""Open submenu""",modal cerrado
29,mundo,Northwestern,https://www.northwestern.edu/,2.4.4,5effbb,Link in context is descriptive,97,div.mm-panel > ul.mm-listview > li.mm-listitem > a.mm-btn,si,REVISAR,,Academics,R04,2026-09-09,,"JUICIO HUMANO. ¿Nombre + contexto describen el proposito? nombre: ""Open submenu"" | href: #mm-11",modal cerrado
29,mundo,Northwestern,https://www.northwestern.edu/,2.4.4,c487ae,Link has non-empty accessible name,98,div.mm-panel > ul.mm-listview > li.mm-listitem > a.mm-btn,si,cumple,,,R04,2026-09-09,,"nombre: ""Open submenu""",modal cerrado
29,mundo,Northwestern,https://www.northwestern.edu/,2.4.4,5effbb,Link in context is descriptive,98,div.mm-panel > ul.mm-listview > li.mm-listitem > a.mm-btn,si,REVISAR,,Admissions,R04,2026-09-09,,"JUICIO HUMANO. ¿Nombre + contexto describen el proposito? nombre: ""Open submenu"" | href: #mm-13",modal cerrado
29,mundo,Northwestern,https://www.northwestern.edu/,2.4.4,c487ae,Link has non-empty accessible name,99,div.mm-panel > ul.mm-listview > li.mm-listitem > a.mm-btn,si,cumple,,,R04,2026-09-09,,"nombre: ""Open submenu""",modal cerrado
29,mundo,Northwestern,https://www.northwestern.edu/,2.4.4,5effbb,Link in context is descriptive,99,div.mm-panel > ul.mm-listview > li.mm-listitem > a.mm-btn,si,REVISAR,,Campus Experience,R04,2026-09-09,,"JUICIO HUMANO. ¿Nombre + contexto describen el proposito? nombre: ""Open submenu"" | href: #mm-17",modal cerrado
29,mundo,Northwestern,https://www.northwestern.edu/,2.4.4,c487ae,Link has non-empty accessible name,100,div.mm-panel > ul.mm-listview > li.mm-listitem > a.mm-btn,si,cumple,,,R04,2026-09-09,,"nombre: ""Open submenu""",modal cerrado
29,mundo,Northwestern,https://www.northwestern.edu/,2.4.4,5effbb,Link in context is descriptive,100,div.mm-panel > ul.mm-listview > li.mm-listitem > a.mm-btn,si,REVISAR,,Research,R04,2026-09-09,,"JUICIO HUMANO. ¿Nombre + contexto describen el proposito? nombre: ""Open submenu"" | href: #mm-19",modal cerrado
29,mundo,Northwestern,https://www.northwestern.edu/,2.4.4,c487ae,Link has non-empty accessible name,101,div.mm-panel > ul.mm-listview > li.mm-listitem > a.mm-btn,si,cumple,,,R04,2026-09-09,,"nombre: ""Open submenu""",modal cerrado
29,mundo,Northwestern,https://www.northwestern.edu/,2.4.4,5effbb,Link in context is descriptive,101,div.mm-panel > ul.mm-listview > li.mm-listitem > a.mm-btn,si,REVISAR,,Arts,R04,2026-09-09,,"JUICIO HUMANO. ¿Nombre + contexto describen el proposito? nombre: ""Open submenu"" | href: #mm-21",modal cerrado
29,mundo,Northwestern,https://www.northwestern.edu/,2.4.4,c487ae,Link has non-empty accessible name,102,div.mm-panel > ul.mm-listview > li.mm-listitem > a.mm-listitem__text,si,cumple,,,R04,2026-09-09,,"nombre: ""Giving""",modal cerrado
29,mundo,Northwestern,https://www.northwestern.edu/,2.4.4,5effbb,Link in context is descriptive,102,div.mm-panel > ul.mm-listview > li.mm-listitem > a.mm-listitem__text,si,REVISAR,,Giving,R04,2026-09-09,,"JUICIO HUMANO. ¿Nombre + contexto describen el proposito? nombre: ""Giving"" | href: giving/index.html",modal cerrado
29,mundo,Northwestern,https://www.northwestern.edu/,2.4.4,c487ae,Link has non-empty accessible name,103,div.mm-panel > ul.mm-listview > li.mm-listitem > a.mm-listitem__text,si,cumple,,,R04,2026-09-09,,"nombre: ""Students""",modal cerrado
29,mundo,Northwestern,https://www.northwestern.edu/,2.4.4,5effbb,Link in context is descriptive,103,div.mm-panel > ul.mm-listview > li.mm-listitem > a.mm-listitem__text,si,REVISAR,,Students,R04,2026-09-09,,"JUICIO HUMANO. ¿Nombre + contexto describen el proposito? nombre: ""Students"" | href: students/index.html",modal cerrado
29,mundo,Northwestern,https://www.northwestern.edu/,2.4.4,c487ae,Link has non-empty accessible name,104,div.mm-panel > ul.mm-listview > li.mm-listitem > a.mm-listitem__text,si,cumple,,,R04,2026-09-09,,"nombre: ""Faculty & Staff""",modal cerrado
29,mundo,Northwestern,https://www.northwestern.edu/,2.4.4,5effbb,Link in context is descriptive,104,div.mm-panel > ul.mm-listview > li.mm-listitem > a.mm-listitem__text,si,REVISAR,,Faculty & Staff,R04,2026-09-09,,"JUICIO HUMANO. ¿Nombre + contexto describen el proposito? nombre: ""Faculty & Staff"" | href: faculty-and-staff/index.html",modal cerrado
29,mundo,Northwestern,https://www.northwestern.edu/,2.4.4,c487ae,Link has non-empty accessible name,105,div.mm-panel > ul.mm-listview > li.mm-listitem > a.mm-listitem__text,si,cumple,,,R04,2026-09-09,,"nombre: ""Parents & Families""",modal cerrado
29,mundo,Northwestern,https://www.northwestern.edu/,2.4.4,5effbb,Link in context is descriptive,105,div.mm-panel > ul.mm-listview > li.mm-listitem > a.mm-listitem__text,si,REVISAR,,Parents & Families,R04,2026-09-09,,"JUICIO HUMANO. ¿Nombre + contexto describen el proposito? nombre: ""Parents & Families"" | href: parents-and-families/index.html",modal cerrado
29,mundo,Northwestern,https://www.northwestern.edu/,2.4.4,c487ae,Link has non-empty accessible name,106,div.mm-panel > ul.mm-listview > li.mm-listitem > a.mm-listitem__text,si,cumple,,,R04,2026-09-09,,"nombre: ""Alumni""",modal cerrado
29,mundo,Northwestern,https://www.northwestern.edu/,2.4.4,5effbb,Link in context is descriptive,106,div.mm-panel > ul.mm-listview > li.mm-listitem > a.mm-listitem__text,si,REVISAR,,Alumni,R04,2026-09-09,,"JUICIO HUMANO. ¿Nombre + contexto describen el proposito? nombre: ""Alumni"" | href: alumni/index.html",modal cerrado
29,mundo,Northwestern,https://www.northwestern.edu/,2.4.4,c487ae,Link has non-empty accessible name,107,div.mm-panel > ul.mm-listview > li.mm-listitem > a.mm-listitem__text,si,cumple,,,R04,2026-09-09,,"nombre: ""Media""",modal cerrado
29,mundo,Northwestern,https://www.northwestern.edu/,2.4.4,5effbb,Link in context is descriptive,107,div.mm-panel > ul.mm-listview > li.mm-listitem > a.mm-listitem__text,si,REVISAR,,Media,R04,2026-09-09,,"JUICIO HUMANO. ¿Nombre + contexto describen el proposito? nombre: ""Media"" | href: https://news.northwestern.edu/for-journalists",modal cerrado
29,mundo,Northwestern,https://www.northwestern.edu/,2.4.4,c487ae,Link has non-empty accessible name,108,div.mm-panel > ul.mm-listview > li.mm-listitem > a.mm-listitem__text,si,cumple,,,R04,2026-09-09,,"nombre: ""Academic Calendar""",modal cerrado
29,mundo,Northwestern,https://www.northwestern.edu/,2.4.4,5effbb,Link in context is descriptive,108,div.mm-panel > ul.mm-listview > li.mm-listitem > a.mm-listitem__text,si,REVISAR,,Academic Calendar,R04,2026-09-09,,"JUICIO HUMANO. ¿Nombre + contexto describen el proposito? nombre: ""Academic Calendar"" | href: https://planitpurple.northwestern.edu/calendar/academic_cale",modal cerrado
29,mundo,Northwestern,https://www.northwestern.edu/,2.4.4,c487ae,Link has non-empty accessible name,109,div.mm-panel > ul.mm-listview > li.mm-listitem > a.mm-listitem__text,si,cumple,,,R04,2026-09-09,,"nombre: ""CAESAR""",modal cerrado
29,mundo,Northwestern,https://www.northwestern.edu/,2.4.4,5effbb,Link in context is descriptive,109,div.mm-panel > ul.mm-listview > li.mm-listitem > a.mm-listitem__text,si,REVISAR,,CAESAR,R04,2026-09-09,,"JUICIO HUMANO. ¿Nombre + contexto describen el proposito? nombre: ""CAESAR"" | href: https://caesar.northwestern.edu/",modal cerrado
29,mundo,Northwestern,https://www.northwestern.edu/,2.4.4,c487ae,Link has non-empty accessible name,110,div.mm-panel > ul.mm-listview > li.mm-listitem > a.mm-listitem__text,si,cumple,,,R04,2026-09-09,,"nombre: ""Canvas""",modal cerrado
29,mundo,Northwestern,https://www.northwestern.edu/,2.4.4,5effbb,Link in context is descriptive,110,div.mm-panel > ul.mm-listview > li.mm-listitem > a.mm-listitem__text,si,REVISAR,,Canvas,R04,2026-09-09,,"JUICIO HUMANO. ¿Nombre + contexto describen el proposito? nombre: ""Canvas"" | href: https://www.it.northwestern.edu/support/login/canvas.html",modal cerrado
29,mundo,Northwestern,https://www.northwestern.edu/,2.4.4,c487ae,Link has non-empty accessible name,111,div.mm-panel > ul.mm-listview > li.mm-listitem > a.mm-listitem__text,si,cumple,,,R04,2026-09-09,,"nombre: ""Office Directory""",modal cerrado
29,mundo,Northwestern,https://www.northwestern.edu/,2.4.4,5effbb,Link in context is descriptive,111,div.mm-panel > ul.mm-listview > li.mm-listitem > a.mm-listitem__text,si,REVISAR,,Office Directory,R04,2026-09-09,,"JUICIO HUMANO. ¿Nombre + contexto describen el proposito? nombre: ""Office Directory"" | href: https://offices.northwestern.edu/",modal cerrado
29,mundo,Northwestern,https://www.northwestern.edu/,2.4.4,c487ae,Link has non-empty accessible name,112,div.mm-panel > ul.mm-listview > li.mm-listitem > a.mm-listitem__text,si,cumple,,,R04,2026-09-09,,"nombre: ""Webmail""",modal cerrado
29,mundo,Northwestern,https://www.northwestern.edu/,2.4.4,5effbb,Link in context is descriptive,112,div.mm-panel > ul.mm-listview > li.mm-listitem > a.mm-listitem__text,si,REVISAR,,Webmail,R04,2026-09-09,,"JUICIO HUMANO. ¿Nombre + contexto describen el proposito? nombre: ""Webmail"" | href: https://www.northwestern.edu/webmail/",modal cerrado
29,mundo,Northwestern,https://www.northwestern.edu/,2.4.4,c487ae,Link has non-empty accessible name,113,div.mm-panels > div.mm-panel > div.mm-navbar > a.mm-btn,si,cumple,,,R04,2026-09-09,,"nombre: ""Close submenu""",modal cerrado
29,mundo,Northwestern,https://www.northwestern.edu/,2.4.4,5effbb,Link in context is descriptive,113,div.mm-panels > div.mm-panel > div.mm-navbar > a.mm-btn,si,REVISAR,,SIN CONTEXTO PROGRAMATICO,R04,2026-09-09,,"JUICIO HUMANO. ¿Nombre + contexto describen el proposito? nombre: ""Close submenu"" | href: #mm-1 | AVISO: no hay parrafo, elemento de lista ni celda que lo contenga. Un div o article envolvente NO es contexto programatico.",modal cerrado
29,mundo,Northwestern,https://www.northwestern.edu/,2.4.4,c487ae,Link has non-empty accessible name,114,div.mm-panel > ul.mm-listview > li.mm-listitem > a.mm-listitem__text,si,cumple,,,R04,2026-09-09,,"nombre: ""About Overview""",modal cerrado
29,mundo,Northwestern,https://www.northwestern.edu/,2.4.4,5effbb,Link in context is descriptive,114,div.mm-panel > ul.mm-listview > li.mm-listitem > a.mm-listitem__text,si,REVISAR,,About Overview,R04,2026-09-09,,"JUICIO HUMANO. ¿Nombre + contexto describen el proposito? nombre: ""About Overview"" | href: about/index.html",modal cerrado
29,mundo,Northwestern,https://www.northwestern.edu/,2.4.4,c487ae,Link has non-empty accessible name,115,div.mm-panel > ul.mm-listview > li.mm-listitem > a.mm-listitem__text,si,cumple,,,R04,2026-09-09,,"nombre: ""Northwestern Facts""",modal cerrado
29,mundo,Northwestern,https://www.northwestern.edu/,2.4.4,5effbb,Link in context is descriptive,115,div.mm-panel > ul.mm-listview > li.mm-listitem > a.mm-listitem__text,si,REVISAR,,Northwestern Facts,R04,2026-09-09,,"JUICIO HUMANO. ¿Nombre + contexto describen el proposito? nombre: ""Northwestern Facts"" | href: about/facts.html",modal cerrado
29,mundo,Northwestern,https://www.northwestern.edu/,2.4.4,c487ae,Link has non-empty accessible name,116,div.mm-panel > ul.mm-listview > li.mm-listitem > a.mm-btn,si,cumple,,,R04,2026-09-09,,"nombre: ""Open submenu""",modal cerrado
29,mundo,Northwestern,https://www.northwestern.edu/,2.4.4,5effbb,Link in context is descriptive,116,div.mm-panel > ul.mm-listview > li.mm-listitem > a.mm-btn,si,REVISAR,,History & Traditions,R04,2026-09-09,,"JUICIO HUMANO. ¿Nombre + contexto describen el proposito? nombre: ""Open submenu"" | href: #mm-5",modal cerrado
29,mundo,Northwestern,https://www.northwestern.edu/,2.4.4,c487ae,Link has non-empty accessible name,117,div.mm-panel > ul.mm-listview > li.mm-listitem > a.mm-btn,si,cumple,,,R04,2026-09-09,,"nombre: ""Open submenu""",modal cerrado
29,mundo,Northwestern,https://www.northwestern.edu/,2.4.4,5effbb,Link in context is descriptive,117,div.mm-panel > ul.mm-listview > li.mm-listitem > a.mm-btn,si,REVISAR,,Vision & Priorities,R04,2026-09-09,,"JUICIO HUMANO. ¿Nombre + contexto describen el proposito? nombre: ""Open submenu"" | href: #mm-7",modal cerrado
29,mundo,Northwestern,https://www.northwestern.edu/,2.4.4,c487ae,Link has non-empty accessible name,118,div.mm-panel > ul.mm-listview > li.mm-listitem > a.mm-listitem__text,si,cumple,,,R04,2026-09-09,,"nombre: ""University Leadership""",modal cerrado
29,mundo,Northwestern,https://www.northwestern.edu/,2.4.4,5effbb,Link in context is descriptive,118,div.mm-panel > ul.mm-listview > li.mm-listitem > a.mm-listitem__text,si,REVISAR,,University Leadership,R04,2026-09-09,,"JUICIO HUMANO. ¿Nombre + contexto describen el proposito? nombre: ""University Leadership"" | href: about/university-leadership/index.html",modal cerrado
29,mundo,Northwestern,https://www.northwestern.edu/,2.4.4,c487ae,Link has non-empty accessible name,119,div.mm-panel > ul.mm-listview > li.mm-listitem > a.mm-btn,si,cumple,,,R04,2026-09-09,,"nombre: ""Open submenu""",modal cerrado
29,mundo,Northwestern,https://www.northwestern.edu/,2.4.4,5effbb,Link in context is descriptive,119,div.mm-panel > ul.mm-listview > li.mm-listitem > a.mm-btn,si,REVISAR,,Board of Trustees,R04,2026-09-09,,"JUICIO HUMANO. ¿Nombre + contexto describen el proposito? nombre: ""Open submenu"" | href: #mm-9",modal cerrado
29,mundo,Northwestern,https://www.northwestern.edu/,2.4.4,c487ae,Link has non-empty accessible name,120,div.mm-panel > ul.mm-listview > li.mm-listitem > a.mm-listitem__text,si,cumple,,,R04,2026-09-09,,"nombre: ""Faculty Accolades""",modal cerrado
29,mundo,Northwestern,https://www.northwestern.edu/,2.4.4,5effbb,Link in context is descriptive,120,div.mm-panel > ul.mm-listview > li.mm-listitem > a.mm-listitem__text,si,REVISAR,,Faculty Accolades,R04,2026-09-09,,"JUICIO HUMANO. ¿Nombre + contexto describen el proposito? nombre: ""Faculty Accolades"" | href: https://www.northwestern.edu/faculty-accolades/",modal cerrado
29,mundo,Northwestern,https://www.northwestern.edu/,2.4.4,c487ae,Link has non-empty accessible name,121,div.mm-panel > ul.mm-listview > li.mm-listitem > a.mm-listitem__text,si,cumple,,,R04,2026-09-09,,"nombre: ""Northwestern’s Nobel Laureate""",modal cerrado
29,mundo,Northwestern,https://www.northwestern.edu/,2.4.4,5effbb,Link in context is descriptive,121,div.mm-panel > ul.mm-listview > li.mm-listitem > a.mm-listitem__text,si,REVISAR,,Northwestern’s Nobel Laureate,R04,2026-09-09,,"JUICIO HUMANO. ¿Nombre + contexto describen el proposito? nombre: ""Northwestern’s Nobel Laureate"" | href: about/nobel-laureate.html",modal cerrado
29,mundo,Northwestern,https://www.northwestern.edu/,2.4.4,c487ae,Link has non-empty accessible name,122,div.mm-panels > div.mm-panel > div.mm-navbar > a.mm-btn,si,cumple,,,R04,2026-09-09,,"nombre: ""Close submenu""",modal cerrado
29,mundo,Northwestern,https://www.northwestern.edu/,2.4.4,5effbb,Link in context is descriptive,122,div.mm-panels > div.mm-panel > div.mm-navbar > a.mm-btn,si,REVISAR,,SIN CONTEXTO PROGRAMATICO,R04,2026-09-09,,"JUICIO HUMANO. ¿Nombre + contexto describen el proposito? nombre: ""Close submenu"" | href: #mm-3 | AVISO: no hay parrafo, elemento de lista ni celda que lo contenga. Un div o article envolvente NO es contexto programatico.",modal cerrado
29,mundo,Northwestern,https://www.northwestern.edu/,2.4.4,c487ae,Link has non-empty accessible name,123,div.mm-panel > ul.mm-listview > li.mm-listitem > a.mm-listitem__text,si,cumple,,,R04,2026-09-09,,"nombre: ""History & Traditions Overview""",modal cerrado
29,mundo,Northwestern,https://www.northwestern.edu/,2.4.4,5effbb,Link in context is descriptive,123,div.mm-panel > ul.mm-listview > li.mm-listitem > a.mm-listitem__text,si,REVISAR,,History & Traditions Overview,R04,2026-09-09,,"JUICIO HUMANO. ¿Nombre + contexto describen el proposito? nombre: ""History & Traditions Overview"" | href: about/history/index.html",modal cerrado
29,mundo,Northwestern,https://www.northwestern.edu/,2.4.4,c487ae,Link has non-empty accessible name,124,div.mm-panel > ul.mm-listview > li.mm-listitem > a.mm-listitem__text,si,cumple,,,R04,2026-09-09,,"nombre: ""Painting the Rock""",modal cerrado
29,mundo,Northwestern,https://www.northwestern.edu/,2.4.4,5effbb,Link in context is descriptive,124,div.mm-panel > ul.mm-listview > li.mm-listitem > a.mm-listitem__text,si,REVISAR,,Painting the Rock,R04,2026-09-09,,"JUICIO HUMANO. ¿Nombre + contexto describen el proposito? nombre: ""Painting the Rock"" | href: about/history/the-rock.html",modal cerrado
29,mundo,Northwestern,https://www.northwestern.edu/,2.4.4,c487ae,Link has non-empty accessible name,125,div.mm-panel > ul.mm-listview > li.mm-listitem > a.mm-listitem__text,si,cumple,,,R04,2026-09-09,,"nombre: ""March Through the Arch""",modal cerrado
29,mundo,Northwestern,https://www.northwestern.edu/,2.4.4,5effbb,Link in context is descriptive,125,div.mm-panel > ul.mm-listview > li.mm-listitem > a.mm-listitem__text,si,REVISAR,,March Through the Arch,R04,2026-09-09,,"JUICIO HUMANO. ¿Nombre + contexto describen el proposito? nombre: ""March Through the Arch"" | href: about/history/the-arch.html",modal cerrado
29,mundo,Northwestern,https://www.northwestern.edu/,2.4.4,c487ae,Link has non-empty accessible name,126,div.mm-panels > div.mm-panel > div.mm-navbar > a.mm-btn,si,cumple,,,R04,2026-09-09,,"nombre: ""Close submenu""",modal cerrado
29,mundo,Northwestern,https://www.northwestern.edu/,2.4.4,5effbb,Link in context is descriptive,126,div.mm-panels > div.mm-panel > div.mm-navbar > a.mm-btn,si,REVISAR,,SIN CONTEXTO PROGRAMATICO,R04,2026-09-09,,"JUICIO HUMANO. ¿Nombre + contexto describen el proposito? nombre: ""Close submenu"" | href: #mm-3 | AVISO: no hay parrafo, elemento de lista ni celda que lo contenga. Un div o article envolvente NO es contexto programatico.",modal cerrado
29,mundo,Northwestern,https://www.northwestern.edu/,2.4.4,c487ae,Link has non-empty accessible name,127,div.mm-panel > ul.mm-listview > li.mm-listitem > a.mm-listitem__text,si,cumple,,,R04,2026-09-09,,"nombre: ""Vision & Priorities Overview""",modal cerrado
29,mundo,Northwestern,https://www.northwestern.edu/,2.4.4,5effbb,Link in context is descriptive,127,div.mm-panel > ul.mm-listview > li.mm-listitem > a.mm-listitem__text,si,REVISAR,,Vision & Priorities Overview,R04,2026-09-09,,"JUICIO HUMANO. ¿Nombre + contexto describen el proposito? nombre: ""Vision & Priorities Overview"" | href: about/mission-vision-priorities/index.html",modal cerrado
29,mundo,Northwestern,https://www.northwestern.edu/,2.4.4,c487ae,Link has non-empty accessible name,128,div.mm-panel > ul.mm-listview > li.mm-listitem > a.mm-listitem__text,si,cumple,,,R04,2026-09-09,,"nombre: ""Advance the biosciences""",modal cerrado
29,mundo,Northwestern,https://www.northwestern.edu/,2.4.4,5effbb,Link in context is descriptive,128,div.mm-panel > ul.mm-listview > li.mm-listitem > a.mm-listitem__text,si,REVISAR,,Advance the biosciences,R04,2026-09-09,,"JUICIO HUMANO. ¿Nombre + contexto describen el proposito? nombre: ""Advance the biosciences"" | href: about/mission-vision-priorities/advance-the-biosciences.html",modal cerrado
29,mundo,Northwestern,https://www.northwestern.edu/,2.4.4,c487ae,Link has non-empty accessible name,129,div.mm-panel > ul.mm-listview > li.mm-listitem > a.mm-listitem__text,si,cumple,,,R04,2026-09-09,,"nombre: ""Lead in sustainability""",modal cerrado
29,mundo,Northwestern,https://www.northwestern.edu/,2.4.4,5effbb,Link in context is descriptive,129,div.mm-panel > ul.mm-listview > li.mm-listitem > a.mm-listitem__text,si,REVISAR,,Lead in sustainability,R04,2026-09-09,,"JUICIO HUMANO. ¿Nombre + contexto describen el proposito? nombre: ""Lead in sustainability"" | href: about/mission-vision-priorities/sustainability.html",modal cerrado
29,mundo,Northwestern,https://www.northwestern.edu/,2.4.4,c487ae,Link has non-empty accessible name,130,div.mm-panel > ul.mm-listview > li.mm-listitem > a.mm-listitem__text,si,cumple,,,R04,2026-09-09,,"nombre: ""Data analytics and artificial intelligence""",modal cerrado
29,mundo,Northwestern,https://www.northwestern.edu/,2.4.4,5effbb,Link in context is descriptive,130,div.mm-panel > ul.mm-listview > li.mm-listitem > a.mm-listitem__text,si,REVISAR,,Data analytics and artificial intelligence,R04,2026-09-09,,"JUICIO HUMANO. ¿Nombre + contexto describen el proposito? nombre: ""Data analytics and artificial intelligence"" | href: about/mission-vision-priorities/data-analytics-and-artificia",modal cerrado
29,mundo,Northwestern,https://www.northwestern.edu/,2.4.4,c487ae,Link has non-empty accessible name,131,div.mm-panel > ul.mm-listview > li.mm-listitem > a.mm-listitem__text,si,cumple,,,R04,2026-09-09,,"nombre: ""Innovation among social sciences and global studies""",modal cerrado
29,mundo,Northwestern,https://www.northwestern.edu/,2.4.4,5effbb,Link in context is descriptive,131,div.mm-panel > ul.mm-listview > li.mm-listitem > a.mm-listitem__text,si,REVISAR,,Innovation among social sciences and global studies,R04,2026-09-09,,"JUICIO HUMANO. ¿Nombre + contexto describen el proposito? nombre: ""Innovation among social sciences and global studies"" | href: about/mission-vision-priorities/social-sciences-global-studi",modal cerrado
29,mundo,Northwestern,https://www.northwestern.edu/,2.4.4,c487ae,Link has non-empty accessible name,132,div.mm-panel > ul.mm-listview > li.mm-listitem > a.mm-listitem__text,si,cumple,,,R04,2026-09-09,,"nombre: ""Enhance the creative and performing arts""",modal cerrado
29,mundo,Northwestern,https://www.northwestern.edu/,2.4.4,5effbb,Link in context is descriptive,132,div.mm-panel > ul.mm-listview > li.mm-listitem > a.mm-listitem__text,si,REVISAR,,Enhance the creative and performing arts,R04,2026-09-09,,"JUICIO HUMANO. ¿Nombre + contexto describen el proposito? nombre: ""Enhance the creative and performing arts"" | href: about/mission-vision-priorities/creative-performing-arts.htm",modal cerrado
29,mundo,Northwestern,https://www.northwestern.edu/,2.4.4,c487ae,Link has non-empty accessible name,133,div.mm-panel > ul.mm-listview > li.mm-listitem > a.mm-listitem__text,si,cumple,,,R04,2026-09-09,,"nombre: ""Outstanding educational experience""",modal cerrado
29,mundo,Northwestern,https://www.northwestern.edu/,2.4.4,5effbb,Link in context is descriptive,133,div.mm-panel > ul.mm-listview > li.mm-listitem > a.mm-listitem__text,si,REVISAR,,Outstanding educational experience,R04,2026-09-09,,"JUICIO HUMANO. ¿Nombre + contexto describen el proposito? nombre: ""Outstanding educational experience"" | href: about/mission-vision-priorities/outstanding-educational-expe",modal cerrado
29,mundo,Northwestern,https://www.northwestern.edu/,2.4.4,c487ae,Link has non-empty accessible name,134,div.mm-panel > ul.mm-listview > li.mm-listitem > a.mm-listitem__text,si,cumple,,,R04,2026-09-09,,"nombre: ""Invest in our employees""",modal cerrado
29,mundo,Northwestern,https://www.northwestern.edu/,2.4.4,5effbb,Link in context is descriptive,134,div.mm-panel > ul.mm-listview > li.mm-listitem > a.mm-listitem__text,si,REVISAR,,Invest in our employees,R04,2026-09-09,,"JUICIO HUMANO. ¿Nombre + contexto describen el proposito? nombre: ""Invest in our employees"" | href: about/mission-vision-priorities/investment-employees.html",modal cerrado
29,mundo,Northwestern,https://www.northwestern.edu/,2.4.4,c487ae,Link has non-empty accessible name,135,div.mm-panel > ul.mm-listview > li.mm-listitem > a.mm-listitem__text,si,cumple,,,R04,2026-09-09,,"nombre: ""Build resilient students""",modal cerrado
29,mundo,Northwestern,https://www.northwestern.edu/,2.4.4,5effbb,Link in context is descriptive,135,div.mm-panel > ul.mm-listview > li.mm-listitem > a.mm-listitem__text,si,REVISAR,,Build resilient students,R04,2026-09-09,,"JUICIO HUMANO. ¿Nombre + contexto describen el proposito? nombre: ""Build resilient students"" | href: about/mission-vision-priorities/resilient-students.html",modal cerrado
29,mundo,Northwestern,https://www.northwestern.edu/,2.4.4,c487ae,Link has non-empty accessible name,136,div.mm-panel > ul.mm-listview > li.mm-listitem > a.mm-listitem__text,si,cumple,,,R04,2026-09-09,,"nombre: ""Free Expression""",modal cerrado
29,mundo,Northwestern,https://www.northwestern.edu/,2.4.4,5effbb,Link in context is descriptive,136,div.mm-panel > ul.mm-listview > li.mm-listitem > a.mm-listitem__text,si,REVISAR,,Free Expression,R04,2026-09-09,,"JUICIO HUMANO. ¿Nombre + contexto describen el proposito? nombre: ""Free Expression"" | href: about/mission-vision-priorities/free-expression.html",modal cerrado
29,mundo,Northwestern,https://www.northwestern.edu/,2.4.4,c487ae,Link has non-empty accessible name,137,div.mm-panel > ul.mm-listview > li.mm-listitem > a.mm-listitem__text,si,cumple,,,R04,2026-09-09,,"nombre: ""Promote access, opportunity and diversity""",modal cerrado
29,mundo,Northwestern,https://www.northwestern.edu/,2.4.4,5effbb,Link in context is descriptive,137,div.mm-panel > ul.mm-listview > li.mm-listitem > a.mm-listitem__text,si,REVISAR,,"Promote access, opportunity and diversity",R04,2026-09-09,,"JUICIO HUMANO. ¿Nombre + contexto describen el proposito? nombre: ""Promote access, opportunity and diversity"" | href: about/mission-vision-priorities/access-opportunity.html",modal cerrado
29,mundo,Northwestern,https://www.northwestern.edu/,2.4.4,c487ae,Link has non-empty accessible name,138,div.mm-panel > ul.mm-listview > li.mm-listitem > a.mm-listitem__text,si,cumple,,,R04,2026-09-09,,"nombre: ""Enhance the student-athlete experience""",modal cerrado
29,mundo,Northwestern,https://www.northwestern.edu/,2.4.4,5effbb,Link in context is descriptive,138,div.mm-panel > ul.mm-listview > li.mm-listitem > a.mm-listitem__text,si,REVISAR,,Enhance the student-athlete experience,R04,2026-09-09,,"JUICIO HUMANO. ¿Nombre + contexto describen el proposito? nombre: ""Enhance the student-athlete experience"" | href: about/mission-vision-priorities/enhance-the-student-athlete-",modal cerrado
29,mundo,Northwestern,https://www.northwestern.edu/,2.4.4,c487ae,Link has non-empty accessible name,139,div.mm-panels > div.mm-panel > div.mm-navbar > a.mm-btn,si,cumple,,,R04,2026-09-09,,"nombre: ""Close submenu""",modal cerrado
29,mundo,Northwestern,https://www.northwestern.edu/,2.4.4,5effbb,Link in context is descriptive,139,div.mm-panels > div.mm-panel > div.mm-navbar > a.mm-btn,si,REVISAR,,SIN CONTEXTO PROGRAMATICO,R04,2026-09-09,,"JUICIO HUMANO. ¿Nombre + contexto describen el proposito? nombre: ""Close submenu"" | href: #mm-3 | AVISO: no hay parrafo, elemento de lista ni celda que lo contenga. Un div o article envolvente NO es contexto programatico.",modal cerrado
29,mundo,Northwestern,https://www.northwestern.edu/,2.4.4,c487ae,Link has non-empty accessible name,140,div.mm-panel > ul.mm-listview > li.mm-listitem > a.mm-listitem__text,si,cumple,,,R04,2026-09-09,,"nombre: ""Board of Trustees Overview""",modal cerrado
29,mundo,Northwestern,https://www.northwestern.edu/,2.4.4,5effbb,Link in context is descriptive,140,div.mm-panel > ul.mm-listview > li.mm-listitem > a.mm-listitem__text,si,REVISAR,,Board of Trustees Overview,R04,2026-09-09,,"JUICIO HUMANO. ¿Nombre + contexto describen el proposito? nombre: ""Board of Trustees Overview"" | href: about/board-of-trustees/index.html",modal cerrado
29,mundo,Northwestern,https://www.northwestern.edu/,2.4.4,c487ae,Link has non-empty accessible name,141,div.mm-panel > ul.mm-listview > li.mm-listitem > a.mm-listitem__text,si,cumple,,,R04,2026-09-09,,"nombre: ""Trustees""",modal cerrado
29,mundo,Northwestern,https://www.northwestern.edu/,2.4.4,5effbb,Link in context is descriptive,141,div.mm-panel > ul.mm-listview > li.mm-listitem > a.mm-listitem__text,si,REVISAR,,Trustees,R04,2026-09-09,,"JUICIO HUMANO. ¿Nombre + contexto describen el proposito? nombre: ""Trustees"" | href: about/board-of-trustees/trustee/index.html",modal cerrado
29,mundo,Northwestern,https://www.northwestern.edu/,2.4.4,c487ae,Link has non-empty accessible name,142,div.mm-panel > ul.mm-listview > li.mm-listitem > a.mm-listitem__text,si,cumple,,,R04,2026-09-09,,"nombre: ""Life Trustees""",modal cerrado
29,mundo,Northwestern,https://www.northwestern.edu/,2.4.4,5effbb,Link in context is descriptive,142,div.mm-panel > ul.mm-listview > li.mm-listitem > a.mm-listitem__text,si,REVISAR,,Life Trustees,R04,2026-09-09,,"JUICIO HUMANO. ¿Nombre + contexto describen el proposito? nombre: ""Life Trustees"" | href: about/board-of-trustees/life/index.html",modal cerrado
29,mundo,Northwestern,https://www.northwestern.edu/,2.4.4,c487ae,Link has non-empty accessible name,143,div.mm-panel > ul.mm-listview > li.mm-listitem > a.mm-listitem__text,si,cumple,,,R04,2026-09-09,,"nombre: ""Officers""",modal cerrado
29,mundo,Northwestern,https://www.northwestern.edu/,2.4.4,5effbb,Link in context is descriptive,143,div.mm-panel > ul.mm-listview > li.mm-listitem > a.mm-listitem__text,si,REVISAR,,Officers,R04,2026-09-09,,"JUICIO HUMANO. ¿Nombre + contexto describen el proposito? nombre: ""Officers"" | href: about/board-of-trustees/officers.html",modal cerrado
29,mundo,Northwestern,https://www.northwestern.edu/,2.4.4,c487ae,Link has non-empty accessible name,144,div.mm-panel > ul.mm-listview > li.mm-listitem > a.mm-listitem__text,si,cumple,,,R04,2026-09-09,,"nombre: ""Staff""",modal cerrado
29,mundo,Northwestern,https://www.northwestern.edu/,2.4.4,5effbb,Link in context is descriptive,144,div.mm-panel > ul.mm-listview > li.mm-listitem > a.mm-listitem__text,si,REVISAR,,Staff,R04,2026-09-09,,"JUICIO HUMANO. ¿Nombre + contexto describen el proposito? nombre: ""Staff"" | href: about/board-of-trustees/staff/index.html",modal cerrado
29,mundo,Northwestern,https://www.northwestern.edu/,2.4.4,c487ae,Link has non-empty accessible name,145,div.mm-panels > div.mm-panel > div.mm-navbar > a.mm-btn,si,cumple,,,R04,2026-09-09,,"nombre: ""Close submenu""",modal cerrado
29,mundo,Northwestern,https://www.northwestern.edu/,2.4.4,5effbb,Link in context is descriptive,145,div.mm-panels > div.mm-panel > div.mm-navbar > a.mm-btn,si,REVISAR,,SIN CONTEXTO PROGRAMATICO,R04,2026-09-09,,"JUICIO HUMANO. ¿Nombre + contexto describen el proposito? nombre: ""Close submenu"" | href: #mm-1 | AVISO: no hay parrafo, elemento de lista ni celda que lo contenga. Un div o article envolvente NO es contexto programatico.",modal cerrado
29,mundo,Northwestern,https://www.northwestern.edu/,2.4.4,c487ae,Link has non-empty accessible name,146,div.mm-panel > ul.mm-listview > li.mm-listitem > a.mm-listitem__text,si,cumple,,,R04,2026-09-09,,"nombre: ""Academics Overview""",modal cerrado
29,mundo,Northwestern,https://www.northwestern.edu/,2.4.4,5effbb,Link in context is descriptive,146,div.mm-panel > ul.mm-listview > li.mm-listitem > a.mm-listitem__text,si,REVISAR,,Academics Overview,R04,2026-09-09,,"JUICIO HUMANO. ¿Nombre + contexto describen el proposito? nombre: ""Academics Overview"" | href: academics/index.html",modal cerrado
29,mundo,Northwestern,https://www.northwestern.edu/,2.4.4,c487ae,Link has non-empty accessible name,147,div.mm-panel > ul.mm-listview > li.mm-listitem > a.mm-listitem__text,si,cumple,,,R04,2026-09-09,,"nombre: ""Undergraduate Programs""",modal cerrado
29,mundo,Northwestern,https://www.northwestern.edu/,2.4.4,5effbb,Link in context is descriptive,147,div.mm-panel > ul.mm-listview > li.mm-listitem > a.mm-listitem__text,si,REVISAR,,Undergraduate Programs,R04,2026-09-09,,"JUICIO HUMANO. ¿Nombre + contexto describen el proposito? nombre: ""Undergraduate Programs"" | href: https://admissions.northwestern.edu/academics/majors-minors/",modal cerrado
29,mundo,Northwestern,https://www.northwestern.edu/,2.4.4,c487ae,Link has non-empty accessible name,148,div.mm-panel > ul.mm-listview > li.mm-listitem > a.mm-listitem__text,si,cumple,,,R04,2026-09-09,,"nombre: ""Graduate Degree Programs""",modal cerrado
29,mundo,Northwestern,https://www.northwestern.edu/,2.4.4,5effbb,Link in context is descriptive,148,div.mm-panel > ul.mm-listview > li.mm-listitem > a.mm-listitem__text,si,REVISAR,,Graduate Degree Programs,R04,2026-09-09,,"JUICIO HUMANO. ¿Nombre + contexto describen el proposito? nombre: ""Graduate Degree Programs"" | href: academics/graduate-a-to-z.html",modal cerrado
29,mundo,Northwestern,https://www.northwestern.edu/,2.4.4,c487ae,Link has non-empty accessible name,149,div.mm-panel > ul.mm-listview > li.mm-listitem > a.mm-listitem__text,si,cumple,,,R04,2026-09-09,,"nombre: ""Continuing & Professional Programs""",modal cerrado
29,mundo,Northwestern,https://www.northwestern.edu/,2.4.4,5effbb,Link in context is descriptive,149,div.mm-panel > ul.mm-listview > li.mm-listitem > a.mm-listitem__text,si,REVISAR,,Continuing & Professional Programs,R04,2026-09-09,,"JUICIO HUMANO. ¿Nombre + contexto describen el proposito? nombre: ""Continuing & Professional Programs"" | href: academics/professional-studies-a-to-z.html",modal cerrado
29,mundo,Northwestern,https://www.northwestern.edu/,2.4.4,c487ae,Link has non-empty accessible name,150,div.mm-panel > ul.mm-listview > li.mm-listitem > a.mm-listitem__text,si,cumple,,,R04,2026-09-09,,"nombre: ""Pre-Collegiate Programs""",modal cerrado
29,mundo,Northwestern,https://www.northwestern.edu/,2.4.4,5effbb,Link in context is descriptive,150,div.mm-panel > ul.mm-listview > li.mm-listitem > a.mm-listitem__text,si,REVISAR,,Pre-Collegiate Programs,R04,2026-09-09,,"JUICIO HUMANO. ¿Nombre + contexto describen el proposito? nombre: ""Pre-Collegiate Programs"" | href: academics/pre-collegiate-programs.html",modal cerrado
29,mundo,Northwestern,https://www.northwestern.edu/,2.4.4,c487ae,Link has non-empty accessible name,151,div.mm-panel > ul.mm-listview > li.mm-listitem > a.mm-listitem__text,si,cumple,,,R04,2026-09-09,,"nombre: ""Northwestern's Colleges & Schools""",modal cerrado
29,mundo,Northwestern,https://www.northwestern.edu/,2.4.4,5effbb,Link in context is descriptive,151,div.mm-panel > ul.mm-listview > li.mm-listitem > a.mm-listitem__text,si,REVISAR,,Northwestern's Colleges & Schools,R04,2026-09-09,,"JUICIO HUMANO. ¿Nombre + contexto describen el proposito? nombre: ""Northwestern's Colleges & Schools"" | href: academics/colleges-and-schools.html",modal cerrado
29,mundo,Northwestern,https://www.northwestern.edu/,2.4.4,c487ae,Link has non-empty accessible name,152,div.mm-panel > ul.mm-listview > li.mm-listitem > a.mm-listitem__text,si,cumple,,,R04,2026-09-09,,"nombre: ""Program Type Definitions""",modal cerrado
29,mundo,Northwestern,https://www.northwestern.edu/,2.4.4,5effbb,Link in context is descriptive,152,div.mm-panel > ul.mm-listview > li.mm-listitem > a.mm-listitem__text,si,REVISAR,,Program Type Definitions,R04,2026-09-09,,"JUICIO HUMANO. ¿Nombre + contexto describen el proposito? nombre: ""Program Type Definitions"" | href: academics/program-type-definitions.html",modal cerrado
29,mundo,Northwestern,https://www.northwestern.edu/,2.4.4,c487ae,Link has non-empty accessible name,153,div.mm-panels > div.mm-panel > div.mm-navbar > a.mm-btn,si,cumple,,,R04,2026-09-09,,"nombre: ""Close submenu""",modal cerrado
29,mundo,Northwestern,https://www.northwestern.edu/,2.4.4,5effbb,Link in context is descriptive,153,div.mm-panels > div.mm-panel > div.mm-navbar > a.mm-btn,si,REVISAR,,SIN CONTEXTO PROGRAMATICO,R04,2026-09-09,,"JUICIO HUMANO. ¿Nombre + contexto describen el proposito? nombre: ""Close submenu"" | href: #mm-1 | AVISO: no hay parrafo, elemento de lista ni celda que lo contenga. Un div o article envolvente NO es contexto programatico.",modal cerrado
29,mundo,Northwestern,https://www.northwestern.edu/,2.4.4,c487ae,Link has non-empty accessible name,154,div.mm-panel > ul.mm-listview > li.mm-listitem > a.mm-listitem__text,si,cumple,,,R04,2026-09-09,,"nombre: ""Admissions Overview""",modal cerrado
29,mundo,Northwestern,https://www.northwestern.edu/,2.4.4,5effbb,Link in context is descriptive,154,div.mm-panel > ul.mm-listview > li.mm-listitem > a.mm-listitem__text,si,REVISAR,,Admissions Overview,R04,2026-09-09,,"JUICIO HUMANO. ¿Nombre + contexto describen el proposito? nombre: ""Admissions Overview"" | href: admissions/index.html",modal cerrado
29,mundo,Northwestern,https://www.northwestern.edu/,2.4.4,c487ae,Link has non-empty accessible name,155,div.mm-panel > ul.mm-listview > li.mm-listitem > a.mm-listitem__text,si,cumple,,,R04,2026-09-09,,"nombre: ""Undergraduate Admission""",modal cerrado
29,mundo,Northwestern,https://www.northwestern.edu/,2.4.4,5effbb,Link in context is descriptive,155,div.mm-panel > ul.mm-listview > li.mm-listitem > a.mm-listitem__text,si,REVISAR,,Undergraduate Admission,R04,2026-09-09,,"JUICIO HUMANO. ¿Nombre + contexto describen el proposito? nombre: ""Undergraduate Admission"" | href: https://admissions.northwestern.edu/",modal cerrado
29,mundo,Northwestern,https://www.northwestern.edu/,2.4.4,c487ae,Link has non-empty accessible name,156,div.mm-panel > ul.mm-listview > li.mm-listitem > a.mm-listitem__text,si,cumple,,,R04,2026-09-09,,"nombre: ""Undergraduate Financial Aid""",modal cerrado
29,mundo,Northwestern,https://www.northwestern.edu/,2.4.4,5effbb,Link in context is descriptive,156,div.mm-panel > ul.mm-listview > li.mm-listitem > a.mm-listitem__text,si,REVISAR,,Undergraduate Financial Aid,R04,2026-09-09,,"JUICIO HUMANO. ¿Nombre + contexto describen el proposito? nombre: ""Undergraduate Financial Aid"" | href: https://undergradaid.northwestern.edu/",modal cerrado
29,mundo,Northwestern,https://www.northwestern.edu/,2.4.4,c487ae,Link has non-empty accessible name,157,div.mm-panel > ul.mm-listview > li.mm-listitem > a.mm-listitem__text,si,cumple,,,R04,2026-09-09,,"nombre: ""Graduate Admissions""",modal cerrado
29,mundo,Northwestern,https://www.northwestern.edu/,2.4.4,5effbb,Link in context is descriptive,157,div.mm-panel > ul.mm-listview > li.mm-listitem > a.mm-listitem__text,si,REVISAR,,Graduate Admissions,R04,2026-09-09,,"JUICIO HUMANO. ¿Nombre + contexto describen el proposito? nombre: ""Graduate Admissions"" | href: admissions/graduate-admissions.html",modal cerrado
29,mundo,Northwestern,https://www.northwestern.edu/,2.4.4,c487ae,Link has non-empty accessible name,158,div.mm-panel > ul.mm-listview > li.mm-listitem > a.mm-listitem__text,si,cumple,,,R04,2026-09-09,,"nombre: ""Graduate Financial Aid""",modal cerrado
29,mundo,Northwestern,https://www.northwestern.edu/,2.4.4,5effbb,Link in context is descriptive,158,div.mm-panel > ul.mm-listview > li.mm-listitem > a.mm-listitem__text,si,REVISAR,,Graduate Financial Aid,R04,2026-09-09,,"JUICIO HUMANO. ¿Nombre + contexto describen el proposito? nombre: ""Graduate Financial Aid"" | href: admissions/graduate-financial-aid.html",modal cerrado
29,mundo,Northwestern,https://www.northwestern.edu/,2.4.4,c487ae,Link has non-empty accessible name,159,div.mm-panel > ul.mm-listview > li.mm-listitem > a.mm-btn,si,cumple,,,R04,2026-09-09,,"nombre: ""Open submenu""",modal cerrado
29,mundo,Northwestern,https://www.northwestern.edu/,2.4.4,5effbb,Link in context is descriptive,159,div.mm-panel > ul.mm-listview > li.mm-listitem > a.mm-btn,si,REVISAR,,Visiting Campus,R04,2026-09-09,,"JUICIO HUMANO. ¿Nombre + contexto describen el proposito? nombre: ""Open submenu"" | href: #mm-15",modal cerrado
29,mundo,Northwestern,https://www.northwestern.edu/,2.4.4,c487ae,Link has non-empty accessible name,160,div.mm-panels > div.mm-panel > div.mm-navbar > a.mm-btn,si,cumple,,,R04,2026-09-09,,"nombre: ""Close submenu""",modal cerrado
29,mundo,Northwestern,https://www.northwestern.edu/,2.4.4,5effbb,Link in context is descriptive,160,div.mm-panels > div.mm-panel > div.mm-navbar > a.mm-btn,si,REVISAR,,SIN CONTEXTO PROGRAMATICO,R04,2026-09-09,,"JUICIO HUMANO. ¿Nombre + contexto describen el proposito? nombre: ""Close submenu"" | href: #mm-13 | AVISO: no hay parrafo, elemento de lista ni celda que lo contenga. Un div o article envolvente NO es contexto programatico.",modal cerrado
29,mundo,Northwestern,https://www.northwestern.edu/,2.4.4,c487ae,Link has non-empty accessible name,161,div.mm-panel > ul.mm-listview > li.mm-listitem > a.mm-listitem__text,si,cumple,,,R04,2026-09-09,,"nombre: ""Visiting Campus Overview""",modal cerrado
29,mundo,Northwestern,https://www.northwestern.edu/,2.4.4,5effbb,Link in context is descriptive,161,div.mm-panel > ul.mm-listview > li.mm-listitem > a.mm-listitem__text,si,REVISAR,,Visiting Campus Overview,R04,2026-09-09,,"JUICIO HUMANO. ¿Nombre + contexto describen el proposito? nombre: ""Visiting Campus Overview"" | href: admissions/visiting-campus/index.html",modal cerrado
29,mundo,Northwestern,https://www.northwestern.edu/,2.4.4,c487ae,Link has non-empty accessible name,162,div.mm-panel > ul.mm-listview > li.mm-listitem > a.mm-listitem__text,si,cumple,,,R04,2026-09-09,,"nombre: ""Maps and Parking""",modal cerrado
29,mundo,Northwestern,https://www.northwestern.edu/,2.4.4,5effbb,Link in context is descriptive,162,div.mm-panel > ul.mm-listview > li.mm-listitem > a.mm-listitem__text,si,REVISAR,,Maps and Parking,R04,2026-09-09,,"JUICIO HUMANO. ¿Nombre + contexto describen el proposito? nombre: ""Maps and Parking"" | href: admissions/visiting-campus/maps-parking.html",modal cerrado
29,mundo,Northwestern,https://www.northwestern.edu/,2.4.4,c487ae,Link has non-empty accessible name,163,div.mm-panel > ul.mm-listview > li.mm-listitem > a.mm-listitem__text,si,cumple,,,R04,2026-09-09,,"nombre: ""Segal Visitors Center""",modal cerrado
29,mundo,Northwestern,https://www.northwestern.edu/,2.4.4,5effbb,Link in context is descriptive,163,div.mm-panel > ul.mm-listview > li.mm-listitem > a.mm-listitem__text,si,REVISAR,,Segal Visitors Center,R04,2026-09-09,,"JUICIO HUMANO. ¿Nombre + contexto describen el proposito? nombre: ""Segal Visitors Center"" | href: admissions/visiting-campus/segal-visitors.html",modal cerrado
29,mundo,Northwestern,https://www.northwestern.edu/,2.4.4,c487ae,Link has non-empty accessible name,164,div.mm-panels > div.mm-panel > div.mm-navbar > a.mm-btn,si,cumple,,,R04,2026-09-09,,"nombre: ""Close submenu""",modal cerrado
29,mundo,Northwestern,https://www.northwestern.edu/,2.4.4,5effbb,Link in context is descriptive,164,div.mm-panels > div.mm-panel > div.mm-navbar > a.mm-btn,si,REVISAR,,SIN CONTEXTO PROGRAMATICO,R04,2026-09-09,,"JUICIO HUMANO. ¿Nombre + contexto describen el proposito? nombre: ""Close submenu"" | href: #mm-1 | AVISO: no hay parrafo, elemento de lista ni celda que lo contenga. Un div o article envolvente NO es contexto programatico.",modal cerrado
29,mundo,Northwestern,https://www.northwestern.edu/,2.4.4,c487ae,Link has non-empty accessible name,165,div.mm-panel > ul.mm-listview > li.mm-listitem > a.mm-listitem__text,si,cumple,,,R04,2026-09-09,,"nombre: ""Campus Experience Overview""",modal cerrado
29,mundo,Northwestern,https://www.northwestern.edu/,2.4.4,5effbb,Link in context is descriptive,165,div.mm-panel > ul.mm-listview > li.mm-listitem > a.mm-listitem__text,si,REVISAR,,Campus Experience Overview,R04,2026-09-09,,"JUICIO HUMANO. ¿Nombre + contexto describen el proposito? nombre: ""Campus Experience Overview"" | href: campus-experience/index.html",modal cerrado
29,mundo,Northwestern,https://www.northwestern.edu/,2.4.4,c487ae,Link has non-empty accessible name,166,div.mm-panel > ul.mm-listview > li.mm-listitem > a.mm-listitem__text,si,cumple,,,R04,2026-09-09,,"nombre: ""Athletics & Recreation""",modal cerrado
29,mundo,Northwestern,https://www.northwestern.edu/,2.4.4,5effbb,Link in context is descriptive,166,div.mm-panel > ul.mm-listview > li.mm-listitem > a.mm-listitem__text,si,REVISAR,,Athletics & Recreation,R04,2026-09-09,,"JUICIO HUMANO. ¿Nombre + contexto describen el proposito? nombre: ""Athletics & Recreation"" | href: campus-experience/athletics.html",modal cerrado
29,mundo,Northwestern,https://www.northwestern.edu/,2.4.4,c487ae,Link has non-empty accessible name,167,div.mm-panel > ul.mm-listview > li.mm-listitem > a.mm-listitem__text,si,cumple,,,R04,2026-09-09,,"nombre: ""Libraries & Collections""",modal cerrado
29,mundo,Northwestern,https://www.northwestern.edu/,2.4.4,5effbb,Link in context is descriptive,167,div.mm-panel > ul.mm-listview > li.mm-listitem > a.mm-listitem__text,si,REVISAR,,Libraries & Collections,R04,2026-09-09,,"JUICIO HUMANO. ¿Nombre + contexto describen el proposito? nombre: ""Libraries & Collections"" | href: campus-experience/libraries-collections.html",modal cerrado
29,mundo,Northwestern,https://www.northwestern.edu/,2.4.4,c487ae,Link has non-empty accessible name,168,div.mm-panel > ul.mm-listview > li.mm-listitem > a.mm-listitem__text,si,cumple,,,R04,2026-09-09,,"nombre: ""Campus Events""",modal cerrado
29,mundo,Northwestern,https://www.northwestern.edu/,2.4.4,5effbb,Link in context is descriptive,168,div.mm-panel > ul.mm-listview > li.mm-listitem > a.mm-listitem__text,si,REVISAR,,Campus Events,R04,2026-09-09,,"JUICIO HUMANO. ¿Nombre + contexto describen el proposito? nombre: ""Campus Events"" | href: campus-experience/events.html",modal cerrado
29,mundo,Northwestern,https://www.northwestern.edu/,2.4.4,c487ae,Link has non-empty accessible name,169,div.mm-panel > ul.mm-listview > li.mm-listitem > a.mm-listitem__text,si,cumple,,,R04,2026-09-09,,"nombre: ""Evanston & Chicago""",modal cerrado
29,mundo,Northwestern,https://www.northwestern.edu/,2.4.4,5effbb,Link in context is descriptive,169,div.mm-panel > ul.mm-listview > li.mm-listitem > a.mm-listitem__text,si,REVISAR,,Evanston & Chicago,R04,2026-09-09,,"JUICIO HUMANO. ¿Nombre + contexto describen el proposito? nombre: ""Evanston & Chicago"" | href: campus-experience/evanston-chicago.html",modal cerrado
29,mundo,Northwestern,https://www.northwestern.edu/,2.4.4,c487ae,Link has non-empty accessible name,170,div.mm-panel > ul.mm-listview > li.mm-listitem > a.mm-listitem__text,si,cumple,,,R04,2026-09-09,,"nombre: ""Health & Wellness""",modal cerrado
29,mundo,Northwestern,https://www.northwestern.edu/,2.4.4,5effbb,Link in context is descriptive,170,div.mm-panel > ul.mm-listview > li.mm-listitem > a.mm-listitem__text,si,REVISAR,,Health & Wellness,R04,2026-09-09,,"JUICIO HUMANO. ¿Nombre + contexto describen el proposito? nombre: ""Health & Wellness"" | href: campus-experience/health-wellness.html",modal cerrado
29,mundo,Northwestern,https://www.northwestern.edu/,2.4.4,c487ae,Link has non-empty accessible name,171,div.mm-panel > ul.mm-listview > li.mm-listitem > a.mm-listitem__text,si,cumple,,,R04,2026-09-09,,"nombre: ""Campus Safety""",modal cerrado
29,mundo,Northwestern,https://www.northwestern.edu/,2.4.4,5effbb,Link in context is descriptive,171,div.mm-panel > ul.mm-listview > li.mm-listitem > a.mm-listitem__text,si,REVISAR,,Campus Safety,R04,2026-09-09,,"JUICIO HUMANO. ¿Nombre + contexto describen el proposito? nombre: ""Campus Safety"" | href: campus-experience/campus-safety.html",modal cerrado
29,mundo,Northwestern,https://www.northwestern.edu/,2.4.4,c487ae,Link has non-empty accessible name,172,div.mm-panels > div.mm-panel > div.mm-navbar > a.mm-btn,si,cumple,,,R04,2026-09-09,,"nombre: ""Close submenu""",modal cerrado
29,mundo,Northwestern,https://www.northwestern.edu/,2.4.4,5effbb,Link in context is descriptive,172,div.mm-panels > div.mm-panel > div.mm-navbar > a.mm-btn,si,REVISAR,,SIN CONTEXTO PROGRAMATICO,R04,2026-09-09,,"JUICIO HUMANO. ¿Nombre + contexto describen el proposito? nombre: ""Close submenu"" | href: #mm-1 | AVISO: no hay parrafo, elemento de lista ni celda que lo contenga. Un div o article envolvente NO es contexto programatico.",modal cerrado
29,mundo,Northwestern,https://www.northwestern.edu/,2.4.4,c487ae,Link has non-empty accessible name,173,div.mm-panel > ul.mm-listview > li.mm-listitem > a.mm-listitem__text,si,cumple,,,R04,2026-09-09,,"nombre: ""Research Overview""",modal cerrado
29,mundo,Northwestern,https://www.northwestern.edu/,2.4.4,5effbb,Link in context is descriptive,173,div.mm-panel > ul.mm-listview > li.mm-listitem > a.mm-listitem__text,si,REVISAR,,Research Overview,R04,2026-09-09,,"JUICIO HUMANO. ¿Nombre + contexto describen el proposito? nombre: ""Research Overview"" | href: research-nu/index.html",modal cerrado
29,mundo,Northwestern,https://www.northwestern.edu/,2.4.4,c487ae,Link has non-empty accessible name,174,div.mm-panel > ul.mm-listview > li.mm-listitem > a.mm-listitem__text,si,cumple,,,R04,2026-09-09,,"nombre: ""University Research Institutes & Centers""",modal cerrado
29,mundo,Northwestern,https://www.northwestern.edu/,2.4.4,5effbb,Link in context is descriptive,174,div.mm-panel > ul.mm-listview > li.mm-listitem > a.mm-listitem__text,si,REVISAR,,University Research Institutes & Centers,R04,2026-09-09,,"JUICIO HUMANO. ¿Nombre + contexto describen el proposito? nombre: ""University Research Institutes & Centers"" | href: research-nu/research-institutes-centers.html",modal cerrado
29,mundo,Northwestern,https://www.northwestern.edu/,2.4.4,c487ae,Link has non-empty accessible name,175,div.mm-panel > ul.mm-listview > li.mm-listitem > a.mm-listitem__text,si,cumple,,,R04,2026-09-09,,"nombre: ""Office for Research""",modal cerrado
29,mundo,Northwestern,https://www.northwestern.edu/,2.4.4,5effbb,Link in context is descriptive,175,div.mm-panel > ul.mm-listview > li.mm-listitem > a.mm-listitem__text,si,REVISAR,,Office for Research,R04,2026-09-09,,"JUICIO HUMANO. ¿Nombre + contexto describen el proposito? nombre: ""Office for Research"" | href: https://research.northwestern.edu/",modal cerrado
29,mundo,Northwestern,https://www.northwestern.edu/,2.4.4,c487ae,Link has non-empty accessible name,176,div.mm-panel > ul.mm-listview > li.mm-listitem > a.mm-listitem__text,si,cumple,,,R04,2026-09-09,,"nombre: ""Innovation & Entrepreneurship""",modal cerrado
29,mundo,Northwestern,https://www.northwestern.edu/,2.4.4,5effbb,Link in context is descriptive,176,div.mm-panel > ul.mm-listview > li.mm-listitem > a.mm-listitem__text,si,REVISAR,,Innovation & Entrepreneurship,R04,2026-09-09,,"JUICIO HUMANO. ¿Nombre + contexto describen el proposito? nombre: ""Innovation & Entrepreneurship"" | href: https://www.northwestern.edu/innovation/",modal cerrado
29,mundo,Northwestern,https://www.northwestern.edu/,2.4.4,c487ae,Link has non-empty accessible name,177,div.mm-panel > ul.mm-listview > li.mm-listitem > a.mm-listitem__text,si,cumple,,,R04,2026-09-09,,"nombre: ""Northwestern Libraries""",modal cerrado
29,mundo,Northwestern,https://www.northwestern.edu/,2.4.4,5effbb,Link in context is descriptive,177,div.mm-panel > ul.mm-listview > li.mm-listitem > a.mm-listitem__text,si,REVISAR,,Northwestern Libraries,R04,2026-09-09,,"JUICIO HUMANO. ¿Nombre + contexto describen el proposito? nombre: ""Northwestern Libraries"" | href: https://www.library.northwestern.edu/",modal cerrado
29,mundo,Northwestern,https://www.northwestern.edu/,2.4.4,c487ae,Link has non-empty accessible name,178,div.mm-panel > ul.mm-listview > li.mm-listitem > a.mm-listitem__text,si,cumple,,,R04,2026-09-09,,"nombre: ""Research Impact""",modal cerrado
29,mundo,Northwestern,https://www.northwestern.edu/,2.4.4,5effbb,Link in context is descriptive,178,div.mm-panel > ul.mm-listview > li.mm-listitem > a.mm-listitem__text,si,REVISAR,,Research Impact,R04,2026-09-09,,"JUICIO HUMANO. ¿Nombre + contexto describen el proposito? nombre: ""Research Impact"" | href: research-nu/research-impact.html",modal cerrado
29,mundo,Northwestern,https://www.northwestern.edu/,2.4.4,c487ae,Link has non-empty accessible name,179,div.mm-panel > ul.mm-listview > li.mm-listitem > a.mm-listitem__text,si,cumple,,,R04,2026-09-09,,"nombre: ""Global Engagement""",modal cerrado
29,mundo,Northwestern,https://www.northwestern.edu/,2.4.4,5effbb,Link in context is descriptive,179,div.mm-panel > ul.mm-listview > li.mm-listitem > a.mm-listitem__text,si,REVISAR,,Global Engagement,R04,2026-09-09,,"JUICIO HUMANO. ¿Nombre + contexto describen el proposito? nombre: ""Global Engagement"" | href: https://www.northwestern.edu/global/",modal cerrado
29,mundo,Northwestern,https://www.northwestern.edu/,2.4.4,c487ae,Link has non-empty accessible name,180,div.mm-panel > ul.mm-listview > li.mm-listitem > a.mm-listitem__text,si,cumple,,,R04,2026-09-09,,"nombre: ""Research News""",modal cerrado
29,mundo,Northwestern,https://www.northwestern.edu/,2.4.4,5effbb,Link in context is descriptive,180,div.mm-panel > ul.mm-listview > li.mm-listitem > a.mm-listitem__text,si,REVISAR,,Research News,R04,2026-09-09,,"JUICIO HUMANO. ¿Nombre + contexto describen el proposito? nombre: ""Research News"" | href: https://news.northwestern.edu/research-and-innovation/",modal cerrado
29,mundo,Northwestern,https://www.northwestern.edu/,2.4.4,c487ae,Link has non-empty accessible name,181,div.mm-panels > div.mm-panel > div.mm-navbar > a.mm-btn,si,cumple,,,R04,2026-09-09,,"nombre: ""Close submenu""",modal cerrado
29,mundo,Northwestern,https://www.northwestern.edu/,2.4.4,5effbb,Link in context is descriptive,181,div.mm-panels > div.mm-panel > div.mm-navbar > a.mm-btn,si,REVISAR,,SIN CONTEXTO PROGRAMATICO,R04,2026-09-09,,"JUICIO HUMANO. ¿Nombre + contexto describen el proposito? nombre: ""Close submenu"" | href: #mm-1 | AVISO: no hay parrafo, elemento de lista ni celda que lo contenga. Un div o article envolvente NO es contexto programatico.",modal cerrado
29,mundo,Northwestern,https://www.northwestern.edu/,2.4.4,c487ae,Link has non-empty accessible name,182,div.mm-panel > ul.mm-listview > li.mm-listitem > a.mm-listitem__text,si,cumple,,,R04,2026-09-09,,"nombre: ""Arts Overview""",modal cerrado
29,mundo,Northwestern,https://www.northwestern.edu/,2.4.4,5effbb,Link in context is descriptive,182,div.mm-panel > ul.mm-listview > li.mm-listitem > a.mm-listitem__text,si,REVISAR,,Arts Overview,R04,2026-09-09,,"JUICIO HUMANO. ¿Nombre + contexto describen el proposito? nombre: ""Arts Overview"" | href: arts/index.html",modal cerrado
29,mundo,Northwestern,https://www.northwestern.edu/,2.4.4,c487ae,Link has non-empty accessible name,183,div.mm-panel > ul.mm-listview > li.mm-listitem > a.mm-listitem__text,si,cumple,,,R04,2026-09-09,,"nombre: ""Artistic Disciplines""",modal cerrado
29,mundo,Northwestern,https://www.northwestern.edu/,2.4.4,5effbb,Link in context is descriptive,183,div.mm-panel > ul.mm-listview > li.mm-listitem > a.mm-listitem__text,si,REVISAR,,Artistic Disciplines,R04,2026-09-09,,"JUICIO HUMANO. ¿Nombre + contexto describen el proposito? nombre: ""Artistic Disciplines"" | href: arts/artistic-disciplines.html",modal cerrado
29,mundo,Northwestern,https://www.northwestern.edu/,2.4.4,c487ae,Link has non-empty accessible name,184,div.mm-panel > ul.mm-listview > li.mm-listitem > a.mm-listitem__text,si,cumple,,,R04,2026-09-09,,"nombre: ""Arts-Affiliated Institutes, Centers & Labs""",modal cerrado
29,mundo,Northwestern,https://www.northwestern.edu/,2.4.4,5effbb,Link in context is descriptive,184,div.mm-panel > ul.mm-listview > li.mm-listitem > a.mm-listitem__text,si,REVISAR,,"Arts-Affiliated Institutes, Centers & Labs",R04,2026-09-09,,"JUICIO HUMANO. ¿Nombre + contexto describen el proposito? nombre: ""Arts-Affiliated Institutes, Centers & Labs"" | href: arts/arts-institutes-centers.html",modal cerrado
29,mundo,Northwestern,https://www.northwestern.edu/,2.4.4,c487ae,Link has non-empty accessible name,185,div.mm-panel > ul.mm-listview > li.mm-listitem > a.mm-listitem__text,si,cumple,,,R04,2026-09-09,,"nombre: ""Arts Circle Events Calendar""",modal cerrado
29,mundo,Northwestern,https://www.northwestern.edu/,2.4.4,5effbb,Link in context is descriptive,185,div.mm-panel > ul.mm-listview > li.mm-listitem > a.mm-listitem__text,si,REVISAR,,Arts Circle Events Calendar,R04,2026-09-09,,"JUICIO HUMANO. ¿Nombre + contexto describen el proposito? nombre: ""Arts Circle Events Calendar"" | href: https://artscircle.northwestern.edu/",modal cerrado
29,mundo,Northwestern,https://www.northwestern.edu/,2.4.4,c487ae,Link has non-empty accessible name,186,div.mm-panel > ul.mm-listview > li.mm-listitem > a.mm-listitem__text,si,cumple,,,R04,2026-09-09,,"nombre: ""Arts News""",modal cerrado
29,mundo,Northwestern,https://www.northwestern.edu/,2.4.4,5effbb,Link in context is descriptive,186,div.mm-panel > ul.mm-listview > li.mm-listitem > a.mm-listitem__text,si,REVISAR,,Arts News,R04,2026-09-09,,"JUICIO HUMANO. ¿Nombre + contexto describen el proposito? nombre: ""Arts News"" | href: https://news.northwestern.edu/topics/arts",modal cerrado
29,mundo,Northwestern,https://www.northwestern.edu/,2.4.4,c487ae,Link has non-empty accessible name,187,div.mm-panel > ul.mm-listview > li.mm-listitem > a.mm-listitem__text,si,cumple,,,R04,2026-09-09,,"nombre: ""Block Museum of Art""",modal cerrado
29,mundo,Northwestern,https://www.northwestern.edu/,2.4.4,5effbb,Link in context is descriptive,187,div.mm-panel > ul.mm-listview > li.mm-listitem > a.mm-listitem__text,si,REVISAR,,Block Museum of Art,R04,2026-09-09,,"JUICIO HUMANO. ¿Nombre + contexto describen el proposito? nombre: ""Block Museum of Art"" | href: https://www.blockmuseum.northwestern.edu/",modal cerrado
29,mundo,Northwestern,https://www.northwestern.edu/,2.4.4,c487ae,Link has non-empty accessible name,188,#mm-0,si,cumple,,,R04,2026-09-09,,"nombre: ""Close menu""",modal cerrado
29,mundo,Northwestern,https://www.northwestern.edu/,2.4.4,5effbb,Link in context is descriptive,188,#mm-0,si,REVISAR,,SIN CONTEXTO PROGRAMATICO,R04,2026-09-09,,"JUICIO HUMANO. ¿Nombre + contexto describen el proposito? nombre: ""Close menu"" | href: #page | AVISO: no hay parrafo, elemento de lista ni celda que lo contenga. Un div o article envolvente NO es contexto programatico.",modal cerrado
29,mundo,Northwestern,https://www.northwestern.edu/,2.4.4,fd3a94,Links with identical accessible names and same context serve equivalent purpose,113+122+126+139+145+153+160+164+172+181,div.mm-panels > div.mm-panel > div.mm-navbar > a.mm-btn ; div.mm-panels > div.mm-panel > div.mm-navbar > a.mm-btn ; div.mm-panels > div.mm-panel > div.mm-navbar > a.mm-btn ; div.mm-panels > div.mm-panel > div.mm-navbar > a.mm-btn ; div.mm-panels > div.mm-panel > div.mm-navbar > a.mm-btn ; div.mm-panels > div.mm-panel > div.mm-navbar > a.mm-btn ; div.mm-panels > div.mm-panel > div.mm-navbar > a.mm-btn ; div.mm-panels > div.mm-panel > div.mm-navbar > a.mm-btn ; div.mm-panels > div.mm-panel > div.mm-navbar > a.mm-btn ; div.mm-panels > div.mm-panel > div.mm-navbar > a.mm-btn,si,REVISAR,,,R04,2026-09-09,,JUICIO HUMANO. 10 enlaces con el mismo nombre accesible y el mismo contexto apuntan a 3 destinos distintos. ¿Sirven un proposito equivalente? destinos: https://www.northwestern.edu/#mm-1 | https://www.northwestern.edu/#mm-3 | https://www.northwestern.edu/#mm-13,modal cerrado
