id,group,abbr,url,criterion,act_rule,rule_name,element_n,selector_or_description,applicable,outcome,measured_value,programmatic_context,evaluator_code,date,capture,notes,dialog_state
15,mundo,Cornell,https://www.cornell.edu/,1.4.3,afw4f7,Text has minimum contrast,1,html.js > body.home > nav > a,si,cumple,6.80:1,,R04,2026-09-09,,"umbral 4.5:1 (texto normal, 16.0px); texto: ""Skip to content""",sin CMP detectada
15,mundo,Cornell,https://www.cornell.edu/,1.4.3,afw4f7,Text has minimum contrast,2,header.hdr-embeddedsearch > div.cu-hdr-inner > a > div.cu-logotype,no,,,,R04,2026-09-09,,"No es un caracter visible: la regla no aplica. Texto oculto visualmente, de tamano cero o desplazado fuera de pantalla.",sin CMP detectada
15,mundo,Cornell,https://www.cornell.edu/,1.4.3,afw4f7,Text has minimum contrast,3,header.hdr-embeddedsearch > div.cu-hdr-inner > button.icon-search > span.off-screen,si,cumple,8.15:1,,R04,2026-09-09,,"umbral 4.5:1 (texto normal, 17.0px); texto: ""Search""",sin CMP detectada
15,mundo,Cornell,https://www.cornell.edu/,1.4.3,afw4f7,Text has minimum contrast,4,header.hdr-embeddedsearch > div.cu-hdr-inner > button.icon-menu > span.off-screen,si,cumple,9.38:1,,R04,2026-09-09,,"umbral 4.5:1 (texto normal, 19.0px); texto: ""toggle menu""",sin CMP detectada
15,mundo,Cornell,https://www.cornell.edu/,1.4.3,afw4f7,Text has minimum contrast,5,#nav-close,no,,,,R04,2026-09-09,,"No es un caracter visible: la regla no aplica. Texto oculto visualmente, de tamano cero o desplazado fuera de pantalla.",sin CMP detectada
15,mundo,Cornell,https://www.cornell.edu/,1.4.3,afw4f7,Text has minimum contrast,6,ul.nav-menu > li.cu-nav-about > span.menu-item-wrap > a.menu-item,si,cumple,21.00:1,,R04,2026-09-09,,"umbral 4.5:1 (texto normal, 18.0px); texto: ""About Cornell""",sin CMP detectada
15,mundo,Cornell,https://www.cornell.edu/,1.4.3,afw4f7,Text has minimum contrast,7,ul.nav-menu > li.cu-nav-about > a.submenu-trigger > span.off-screen,si,cumple,5.78:1,,R04,2026-09-09,,"umbral 4.5:1 (texto normal, 16.0px); texto: ""About Cornell""",sin CMP detectada
15,mundo,Cornell,https://www.cornell.edu/,1.4.3,afw4f7,Text has minimum contrast,8,div.submenu > div.submenu-overview > a > span,no,,,,R04,2026-09-09,,"No es un caracter visible: la regla no aplica. Texto oculto visualmente, de tamano cero o desplazado fuera de pantalla.",sin CMP detectada
15,mundo,Cornell,https://www.cornell.edu/,1.4.3,afw4f7,Text has minimum contrast,9,div.submenu > ul.submenu-links > li > a,no,,,,R04,2026-09-09,,"No es un caracter visible: la regla no aplica. Texto oculto visualmente, de tamano cero o desplazado fuera de pantalla.",sin CMP detectada
15,mundo,Cornell,https://www.cornell.edu/,1.4.3,afw4f7,Text has minimum contrast,10,div.submenu > ul.submenu-links > li > a,no,,,,R04,2026-09-09,,"No es un caracter visible: la regla no aplica. Texto oculto visualmente, de tamano cero o desplazado fuera de pantalla.",sin CMP detectada
15,mundo,Cornell,https://www.cornell.edu/,1.4.3,afw4f7,Text has minimum contrast,11,div.submenu > ul.submenu-links > li > a,no,,,,R04,2026-09-09,,"No es un caracter visible: la regla no aplica. Texto oculto visualmente, de tamano cero o desplazado fuera de pantalla.",sin CMP detectada
15,mundo,Cornell,https://www.cornell.edu/,1.4.3,afw4f7,Text has minimum contrast,12,div.submenu > ul.submenu-links > li > a,no,,,,R04,2026-09-09,,"No es un caracter visible: la regla no aplica. Texto oculto visualmente, de tamano cero o desplazado fuera de pantalla.",sin CMP detectada
15,mundo,Cornell,https://www.cornell.edu/,1.4.3,afw4f7,Text has minimum contrast,13,div.submenu > ul.submenu-links > li > a,no,,,,R04,2026-09-09,,"No es un caracter visible: la regla no aplica. Texto oculto visualmente, de tamano cero o desplazado fuera de pantalla.",sin CMP detectada
15,mundo,Cornell,https://www.cornell.edu/,1.4.3,afw4f7,Text has minimum contrast,14,div.submenu > ul.submenu-links > li.submenu-secondary > a,no,,,,R04,2026-09-09,,"No es un caracter visible: la regla no aplica. Texto oculto visualmente, de tamano cero o desplazado fuera de pantalla.",sin CMP detectada
15,mundo,Cornell,https://www.cornell.edu/,1.4.3,afw4f7,Text has minimum contrast,15,div.submenu > ul.submenu-links > li.submenu-secondary > a,no,,,,R04,2026-09-09,,"No es un caracter visible: la regla no aplica. Texto oculto visualmente, de tamano cero o desplazado fuera de pantalla.",sin CMP detectada
15,mundo,Cornell,https://www.cornell.edu/,1.4.3,afw4f7,Text has minimum contrast,16,li.cu-nav-about > div.submenu > div.submenu-related > h2.submenu-title,no,,,,R04,2026-09-09,,"No es un caracter visible: la regla no aplica. Texto oculto visualmente, de tamano cero o desplazado fuera de pantalla.",sin CMP detectada
15,mundo,Cornell,https://www.cornell.edu/,1.4.3,afw4f7,Text has minimum contrast,17,div.submenu-related > ul.sub-nav-group > li > a,no,,,,R04,2026-09-09,,"No es un caracter visible: la regla no aplica. Texto oculto visualmente, de tamano cero o desplazado fuera de pantalla.",sin CMP detectada
15,mundo,Cornell,https://www.cornell.edu/,1.4.3,afw4f7,Text has minimum contrast,18,div.submenu-related > ul.sub-nav-group > li > a,no,,,,R04,2026-09-09,,"No es un caracter visible: la regla no aplica. Texto oculto visualmente, de tamano cero o desplazado fuera de pantalla.",sin CMP detectada
15,mundo,Cornell,https://www.cornell.edu/,1.4.3,afw4f7,Text has minimum contrast,19,div.submenu-related > ul.sub-nav-group > li > a,no,,,,R04,2026-09-09,,"No es un caracter visible: la regla no aplica. Texto oculto visualmente, de tamano cero o desplazado fuera de pantalla.",sin CMP detectada
15,mundo,Cornell,https://www.cornell.edu/,1.4.3,afw4f7,Text has minimum contrast,20,div.submenu-related > ul.sub-nav-group > li > a,no,,,,R04,2026-09-09,,"No es un caracter visible: la regla no aplica. Texto oculto visualmente, de tamano cero o desplazado fuera de pantalla.",sin CMP detectada
15,mundo,Cornell,https://www.cornell.edu/,1.4.3,afw4f7,Text has minimum contrast,21,div.submenu-related > ul.sub-nav-group > li > a,no,,,,R04,2026-09-09,,"No es un caracter visible: la regla no aplica. Texto oculto visualmente, de tamano cero o desplazado fuera de pantalla.",sin CMP detectada
15,mundo,Cornell,https://www.cornell.edu/,1.4.3,afw4f7,Text has minimum contrast,22,div.submenu-related > ul.sub-nav-group > li > a,no,,,,R04,2026-09-09,,"No es un caracter visible: la regla no aplica. Texto oculto visualmente, de tamano cero o desplazado fuera de pantalla.",sin CMP detectada
15,mundo,Cornell,https://www.cornell.edu/,1.4.3,afw4f7,Text has minimum contrast,23,ul.nav-menu > li.cu-nav-admissions > span.menu-item-wrap > a.menu-item,si,cumple,21.00:1,,R04,2026-09-09,,"umbral 4.5:1 (texto normal, 18.0px); texto: ""Admissions""",sin CMP detectada
15,mundo,Cornell,https://www.cornell.edu/,1.4.3,afw4f7,Text has minimum contrast,24,div.submenu > div.submenu-overview > a > span,no,,,,R04,2026-09-09,,"No es un caracter visible: la regla no aplica. Texto oculto visualmente, de tamano cero o desplazado fuera de pantalla.",sin CMP detectada
15,mundo,Cornell,https://www.cornell.edu/,1.4.3,afw4f7,Text has minimum contrast,25,li.cu-nav-admissions > div.submenu > div.submenu-related > h2.submenu-title,no,,,,R04,2026-09-09,,"No es un caracter visible: la regla no aplica. Texto oculto visualmente, de tamano cero o desplazado fuera de pantalla.",sin CMP detectada
15,mundo,Cornell,https://www.cornell.edu/,1.4.3,afw4f7,Text has minimum contrast,26,div.submenu-related > ul.sub-nav-group > li > a,no,,,,R04,2026-09-09,,"No es un caracter visible: la regla no aplica. Texto oculto visualmente, de tamano cero o desplazado fuera de pantalla.",sin CMP detectada
15,mundo,Cornell,https://www.cornell.edu/,1.4.3,afw4f7,Text has minimum contrast,27,div.submenu-related > ul.sub-nav-group > li > a,no,,,,R04,2026-09-09,,"No es un caracter visible: la regla no aplica. Texto oculto visualmente, de tamano cero o desplazado fuera de pantalla.",sin CMP detectada
15,mundo,Cornell,https://www.cornell.edu/,1.4.3,afw4f7,Text has minimum contrast,28,div.submenu-related > ul.sub-nav-group > li > a,no,,,,R04,2026-09-09,,"No es un caracter visible: la regla no aplica. Texto oculto visualmente, de tamano cero o desplazado fuera de pantalla.",sin CMP detectada
15,mundo,Cornell,https://www.cornell.edu/,1.4.3,afw4f7,Text has minimum contrast,29,div.submenu-related > ul.sub-nav-group > li > a,no,,,,R04,2026-09-09,,"No es un caracter visible: la regla no aplica. Texto oculto visualmente, de tamano cero o desplazado fuera de pantalla.",sin CMP detectada
15,mundo,Cornell,https://www.cornell.edu/,1.4.3,afw4f7,Text has minimum contrast,30,li.cu-nav-admissions > div.submenu > div.submenu-related > h2.submenu-title,no,,,,R04,2026-09-09,,"No es un caracter visible: la regla no aplica. Texto oculto visualmente, de tamano cero o desplazado fuera de pantalla.",sin CMP detectada
15,mundo,Cornell,https://www.cornell.edu/,1.4.3,afw4f7,Text has minimum contrast,31,div.submenu-related > ul.sub-nav-group > li > a,no,,,,R04,2026-09-09,,"No es un caracter visible: la regla no aplica. Texto oculto visualmente, de tamano cero o desplazado fuera de pantalla.",sin CMP detectada
15,mundo,Cornell,https://www.cornell.edu/,1.4.3,afw4f7,Text has minimum contrast,32,div.submenu-related > ul.sub-nav-group > li > a,no,,,,R04,2026-09-09,,"No es un caracter visible: la regla no aplica. Texto oculto visualmente, de tamano cero o desplazado fuera de pantalla.",sin CMP detectada
15,mundo,Cornell,https://www.cornell.edu/,1.4.3,afw4f7,Text has minimum contrast,33,div.submenu-related > ul.sub-nav-group > li > a,no,,,,R04,2026-09-09,,"No es un caracter visible: la regla no aplica. Texto oculto visualmente, de tamano cero o desplazado fuera de pantalla.",sin CMP detectada
15,mundo,Cornell,https://www.cornell.edu/,1.4.3,afw4f7,Text has minimum contrast,34,li.cu-nav-admissions > div.submenu > div.submenu-related > h2.submenu-title,no,,,,R04,2026-09-09,,"No es un caracter visible: la regla no aplica. Texto oculto visualmente, de tamano cero o desplazado fuera de pantalla.",sin CMP detectada
15,mundo,Cornell,https://www.cornell.edu/,1.4.3,afw4f7,Text has minimum contrast,35,div.submenu-related > ul.sub-nav-group > li > a,no,,,,R04,2026-09-09,,"No es un caracter visible: la regla no aplica. Texto oculto visualmente, de tamano cero o desplazado fuera de pantalla.",sin CMP detectada
15,mundo,Cornell,https://www.cornell.edu/,1.4.3,afw4f7,Text has minimum contrast,36,div.submenu-related > ul.sub-nav-group > li > a,no,,,,R04,2026-09-09,,"No es un caracter visible: la regla no aplica. Texto oculto visualmente, de tamano cero o desplazado fuera de pantalla.",sin CMP detectada
15,mundo,Cornell,https://www.cornell.edu/,1.4.3,afw4f7,Text has minimum contrast,37,div.submenu-related > ul.sub-nav-group > li > a,no,,,,R04,2026-09-09,,"No es un caracter visible: la regla no aplica. Texto oculto visualmente, de tamano cero o desplazado fuera de pantalla.",sin CMP detectada
15,mundo,Cornell,https://www.cornell.edu/,1.4.3,afw4f7,Text has minimum contrast,38,ul.nav-menu > li.cu-nav-academics > span.menu-item-wrap > a.menu-item,si,cumple,21.00:1,,R04,2026-09-09,,"umbral 4.5:1 (texto normal, 18.0px); texto: ""Academics""",sin CMP detectada
15,mundo,Cornell,https://www.cornell.edu/,1.4.3,afw4f7,Text has minimum contrast,39,ul.nav-menu > li.cu-nav-academics > a.submenu-trigger > span.off-screen,si,cumple,5.78:1,,R04,2026-09-09,,"umbral 4.5:1 (texto normal, 16.0px); texto: ""Academics""",sin CMP detectada
15,mundo,Cornell,https://www.cornell.edu/,1.4.3,afw4f7,Text has minimum contrast,40,div.submenu > div.submenu-overview > a > span,no,,,,R04,2026-09-09,,"No es un caracter visible: la regla no aplica. Texto oculto visualmente, de tamano cero o desplazado fuera de pantalla.",sin CMP detectada
15,mundo,Cornell,https://www.cornell.edu/,1.4.3,afw4f7,Text has minimum contrast,41,div.submenu > ul.submenu-links > li > a,no,,,,R04,2026-09-09,,"No es un caracter visible: la regla no aplica. Texto oculto visualmente, de tamano cero o desplazado fuera de pantalla.",sin CMP detectada
15,mundo,Cornell,https://www.cornell.edu/,1.4.3,afw4f7,Text has minimum contrast,42,div.submenu > ul.submenu-links > li > a,no,,,,R04,2026-09-09,,"No es un caracter visible: la regla no aplica. Texto oculto visualmente, de tamano cero o desplazado fuera de pantalla.",sin CMP detectada
15,mundo,Cornell,https://www.cornell.edu/,1.4.3,afw4f7,Text has minimum contrast,43,div.submenu > ul.submenu-links > li > a,no,,,,R04,2026-09-09,,"No es un caracter visible: la regla no aplica. Texto oculto visualmente, de tamano cero o desplazado fuera de pantalla.",sin CMP detectada
15,mundo,Cornell,https://www.cornell.edu/,1.4.3,afw4f7,Text has minimum contrast,44,div.submenu > ul.submenu-links > li > a,no,,,,R04,2026-09-09,,"No es un caracter visible: la regla no aplica. Texto oculto visualmente, de tamano cero o desplazado fuera de pantalla.",sin CMP detectada
15,mundo,Cornell,https://www.cornell.edu/,1.4.3,afw4f7,Text has minimum contrast,45,div.submenu > ul.submenu-links > li > a,no,,,,R04,2026-09-09,,"No es un caracter visible: la regla no aplica. Texto oculto visualmente, de tamano cero o desplazado fuera de pantalla.",sin CMP detectada
15,mundo,Cornell,https://www.cornell.edu/,1.4.3,afw4f7,Text has minimum contrast,46,li.cu-nav-academics > div.submenu > div.submenu-related > h2.submenu-title,no,,,,R04,2026-09-09,,"No es un caracter visible: la regla no aplica. Texto oculto visualmente, de tamano cero o desplazado fuera de pantalla.",sin CMP detectada
15,mundo,Cornell,https://www.cornell.edu/,1.4.3,afw4f7,Text has minimum contrast,47,div.submenu-related > ul.sub-nav-group > li > a,no,,,,R04,2026-09-09,,"No es un caracter visible: la regla no aplica. Texto oculto visualmente, de tamano cero o desplazado fuera de pantalla.",sin CMP detectada
15,mundo,Cornell,https://www.cornell.edu/,1.4.3,afw4f7,Text has minimum contrast,48,div.submenu-related > ul.sub-nav-group > li > a,no,,,,R04,2026-09-09,,"No es un caracter visible: la regla no aplica. Texto oculto visualmente, de tamano cero o desplazado fuera de pantalla.",sin CMP detectada
15,mundo,Cornell,https://www.cornell.edu/,1.4.3,afw4f7,Text has minimum contrast,49,div.submenu-related > ul.sub-nav-group > li > a,no,,,,R04,2026-09-09,,"No es un caracter visible: la regla no aplica. Texto oculto visualmente, de tamano cero o desplazado fuera de pantalla.",sin CMP detectada
15,mundo,Cornell,https://www.cornell.edu/,1.4.3,afw4f7,Text has minimum contrast,50,div.submenu-related > ul.sub-nav-group > li > a,no,,,,R04,2026-09-09,,"No es un caracter visible: la regla no aplica. Texto oculto visualmente, de tamano cero o desplazado fuera de pantalla.",sin CMP detectada
15,mundo,Cornell,https://www.cornell.edu/,1.4.3,afw4f7,Text has minimum contrast,51,div.submenu-related > ul.sub-nav-group > li > a,no,,,,R04,2026-09-09,,"No es un caracter visible: la regla no aplica. Texto oculto visualmente, de tamano cero o desplazado fuera de pantalla.",sin CMP detectada
15,mundo,Cornell,https://www.cornell.edu/,1.4.3,afw4f7,Text has minimum contrast,52,div.submenu-related > ul.sub-nav-group > li > a,no,,,,R04,2026-09-09,,"No es un caracter visible: la regla no aplica. Texto oculto visualmente, de tamano cero o desplazado fuera de pantalla.",sin CMP detectada
15,mundo,Cornell,https://www.cornell.edu/,1.4.3,afw4f7,Text has minimum contrast,53,ul.nav-menu > li.cu-nav-research > span.menu-item-wrap > a.menu-item,si,cumple,21.00:1,,R04,2026-09-09,,"umbral 4.5:1 (texto normal, 18.0px); texto: ""Research""",sin CMP detectada
15,mundo,Cornell,https://www.cornell.edu/,1.4.3,afw4f7,Text has minimum contrast,54,div.submenu > div.submenu-overview > a > span,no,,,,R04,2026-09-09,,"No es un caracter visible: la regla no aplica. Texto oculto visualmente, de tamano cero o desplazado fuera de pantalla.",sin CMP detectada
15,mundo,Cornell,https://www.cornell.edu/,1.4.3,afw4f7,Text has minimum contrast,55,li.cu-nav-research > div.submenu > div.submenu-stories > h2.submenu-title,no,,,,R04,2026-09-09,,"No es un caracter visible: la regla no aplica. Texto oculto visualmente, de tamano cero o desplazado fuera de pantalla.",sin CMP detectada
15,mundo,Cornell,https://www.cornell.edu/,1.4.3,afw4f7,Text has minimum contrast,56,div.submenu-stories > ul > li > a.img160x90,no,,,,R04,2026-09-09,,"No es un caracter visible: la regla no aplica. Texto oculto visualmente, de tamano cero o desplazado fuera de pantalla.",sin CMP detectada
15,mundo,Cornell,https://www.cornell.edu/,1.4.3,afw4f7,Text has minimum contrast,57,li.cu-nav-research > div.submenu > div.submenu-related > h2.submenu-title,no,,,,R04,2026-09-09,,"No es un caracter visible: la regla no aplica. Texto oculto visualmente, de tamano cero o desplazado fuera de pantalla.",sin CMP detectada
15,mundo,Cornell,https://www.cornell.edu/,1.4.3,afw4f7,Text has minimum contrast,58,div.submenu-related > ul.sub-nav-group > li > a,no,,,,R04,2026-09-09,,"No es un caracter visible: la regla no aplica. Texto oculto visualmente, de tamano cero o desplazado fuera de pantalla.",sin CMP detectada
15,mundo,Cornell,https://www.cornell.edu/,1.4.3,afw4f7,Text has minimum contrast,59,div.submenu-related > ul.sub-nav-group > li > a,no,,,,R04,2026-09-09,,"No es un caracter visible: la regla no aplica. Texto oculto visualmente, de tamano cero o desplazado fuera de pantalla.",sin CMP detectada
15,mundo,Cornell,https://www.cornell.edu/,1.4.3,afw4f7,Text has minimum contrast,60,div.submenu-related > ul.sub-nav-group > li > a,no,,,,R04,2026-09-09,,"No es un caracter visible: la regla no aplica. Texto oculto visualmente, de tamano cero o desplazado fuera de pantalla.",sin CMP detectada
15,mundo,Cornell,https://www.cornell.edu/,1.4.3,afw4f7,Text has minimum contrast,61,div.submenu-related > ul.sub-nav-group > li > a,no,,,,R04,2026-09-09,,"No es un caracter visible: la regla no aplica. Texto oculto visualmente, de tamano cero o desplazado fuera de pantalla.",sin CMP detectada
15,mundo,Cornell,https://www.cornell.edu/,1.4.3,afw4f7,Text has minimum contrast,62,div.submenu-related > ul.sub-nav-group > li > a,no,,,,R04,2026-09-09,,"No es un caracter visible: la regla no aplica. Texto oculto visualmente, de tamano cero o desplazado fuera de pantalla.",sin CMP detectada
15,mundo,Cornell,https://www.cornell.edu/,1.4.3,afw4f7,Text has minimum contrast,63,ul.nav-menu > li.cu-nav-engagement > span.menu-item-wrap > a.menu-item,si,cumple,21.00:1,,R04,2026-09-09,,"umbral 4.5:1 (texto normal, 18.0px); texto: ""Public Engagement""",sin CMP detectada
15,mundo,Cornell,https://www.cornell.edu/,1.4.3,afw4f7,Text has minimum contrast,64,div.submenu > div.submenu-overview > a > span,no,,,,R04,2026-09-09,,"No es un caracter visible: la regla no aplica. Texto oculto visualmente, de tamano cero o desplazado fuera de pantalla.",sin CMP detectada
15,mundo,Cornell,https://www.cornell.edu/,1.4.3,afw4f7,Text has minimum contrast,65,li.cu-nav-engagement > div.submenu > div.submenu-stories > h2.submenu-title,no,,,,R04,2026-09-09,,"No es un caracter visible: la regla no aplica. Texto oculto visualmente, de tamano cero o desplazado fuera de pantalla.",sin CMP detectada
15,mundo,Cornell,https://www.cornell.edu/,1.4.3,afw4f7,Text has minimum contrast,66,div.submenu-stories > ul > li > a,no,,,,R04,2026-09-09,,"No es un caracter visible: la regla no aplica. Texto oculto visualmente, de tamano cero o desplazado fuera de pantalla.",sin CMP detectada
15,mundo,Cornell,https://www.cornell.edu/,1.4.3,afw4f7,Text has minimum contrast,67,li.cu-nav-engagement > div.submenu > div.submenu-related > h2.submenu-title,no,,,,R04,2026-09-09,,"No es un caracter visible: la regla no aplica. Texto oculto visualmente, de tamano cero o desplazado fuera de pantalla.",sin CMP detectada
15,mundo,Cornell,https://www.cornell.edu/,1.4.3,afw4f7,Text has minimum contrast,68,div.submenu-related > ul.sub-nav-group > li > a,no,,,,R04,2026-09-09,,"No es un caracter visible: la regla no aplica. Texto oculto visualmente, de tamano cero o desplazado fuera de pantalla.",sin CMP detectada
15,mundo,Cornell,https://www.cornell.edu/,1.4.3,afw4f7,Text has minimum contrast,69,div.submenu-related > ul.sub-nav-group > li > a,no,,,,R04,2026-09-09,,"No es un caracter visible: la regla no aplica. Texto oculto visualmente, de tamano cero o desplazado fuera de pantalla.",sin CMP detectada
15,mundo,Cornell,https://www.cornell.edu/,1.4.3,afw4f7,Text has minimum contrast,70,div.submenu-related > ul.sub-nav-group > li > a,no,,,,R04,2026-09-09,,"No es un caracter visible: la regla no aplica. Texto oculto visualmente, de tamano cero o desplazado fuera de pantalla.",sin CMP detectada
15,mundo,Cornell,https://www.cornell.edu/,1.4.3,afw4f7,Text has minimum contrast,71,div.submenu-related > ul.sub-nav-group > li > a,no,,,,R04,2026-09-09,,"No es un caracter visible: la regla no aplica. Texto oculto visualmente, de tamano cero o desplazado fuera de pantalla.",sin CMP detectada
15,mundo,Cornell,https://www.cornell.edu/,1.4.3,afw4f7,Text has minimum contrast,72,ul.nav-menu > li.cu-nav-student > span.menu-item-wrap > a.menu-item,si,cumple,21.00:1,,R04,2026-09-09,,"umbral 4.5:1 (texto normal, 18.0px); texto: ""Life at Cornell""",sin CMP detectada
15,mundo,Cornell,https://www.cornell.edu/,1.4.3,afw4f7,Text has minimum contrast,73,ul.nav-menu > li.cu-nav-student > a.submenu-trigger > span.off-screen,si,cumple,5.78:1,,R04,2026-09-09,,"umbral 4.5:1 (texto normal, 16.0px); texto: ""Life at Cornell""",sin CMP detectada
15,mundo,Cornell,https://www.cornell.edu/,1.4.3,afw4f7,Text has minimum contrast,74,div.submenu > div.submenu-overview > a > span,no,,,,R04,2026-09-09,,"No es un caracter visible: la regla no aplica. Texto oculto visualmente, de tamano cero o desplazado fuera de pantalla.",sin CMP detectada
15,mundo,Cornell,https://www.cornell.edu/,1.4.3,afw4f7,Text has minimum contrast,75,div.submenu > ul.submenu-links > li > a,no,,,,R04,2026-09-09,,"No es un caracter visible: la regla no aplica. Texto oculto visualmente, de tamano cero o desplazado fuera de pantalla.",sin CMP detectada
15,mundo,Cornell,https://www.cornell.edu/,1.4.3,afw4f7,Text has minimum contrast,76,div.submenu > ul.submenu-links > li > a,no,,,,R04,2026-09-09,,"No es un caracter visible: la regla no aplica. Texto oculto visualmente, de tamano cero o desplazado fuera de pantalla.",sin CMP detectada
15,mundo,Cornell,https://www.cornell.edu/,1.4.3,afw4f7,Text has minimum contrast,77,div.submenu > ul.submenu-links > li > a,no,,,,R04,2026-09-09,,"No es un caracter visible: la regla no aplica. Texto oculto visualmente, de tamano cero o desplazado fuera de pantalla.",sin CMP detectada
15,mundo,Cornell,https://www.cornell.edu/,1.4.3,afw4f7,Text has minimum contrast,78,div.submenu > ul.submenu-links > li > a,no,,,,R04,2026-09-09,,"No es un caracter visible: la regla no aplica. Texto oculto visualmente, de tamano cero o desplazado fuera de pantalla.",sin CMP detectada
15,mundo,Cornell,https://www.cornell.edu/,1.4.3,afw4f7,Text has minimum contrast,79,div.submenu > ul.submenu-links > li > a,no,,,,R04,2026-09-09,,"No es un caracter visible: la regla no aplica. Texto oculto visualmente, de tamano cero o desplazado fuera de pantalla.",sin CMP detectada
15,mundo,Cornell,https://www.cornell.edu/,1.4.3,afw4f7,Text has minimum contrast,80,div.submenu > ul.submenu-links > li > a,no,,,,R04,2026-09-09,,"No es un caracter visible: la regla no aplica. Texto oculto visualmente, de tamano cero o desplazado fuera de pantalla.",sin CMP detectada
15,mundo,Cornell,https://www.cornell.edu/,1.4.3,afw4f7,Text has minimum contrast,81,li.cu-nav-student > div.submenu > div.submenu-related > h2.submenu-title,no,,,,R04,2026-09-09,,"No es un caracter visible: la regla no aplica. Texto oculto visualmente, de tamano cero o desplazado fuera de pantalla.",sin CMP detectada
15,mundo,Cornell,https://www.cornell.edu/,1.4.3,afw4f7,Text has minimum contrast,82,div.submenu-related > ul.sub-nav-group > li > a,no,,,,R04,2026-09-09,,"No es un caracter visible: la regla no aplica. Texto oculto visualmente, de tamano cero o desplazado fuera de pantalla.",sin CMP detectada
15,mundo,Cornell,https://www.cornell.edu/,1.4.3,afw4f7,Text has minimum contrast,83,div.submenu-related > ul.sub-nav-group > li > a,no,,,,R04,2026-09-09,,"No es un caracter visible: la regla no aplica. Texto oculto visualmente, de tamano cero o desplazado fuera de pantalla.",sin CMP detectada
15,mundo,Cornell,https://www.cornell.edu/,1.4.3,afw4f7,Text has minimum contrast,84,div.submenu-related > ul.sub-nav-group > li > a,no,,,,R04,2026-09-09,,"No es un caracter visible: la regla no aplica. Texto oculto visualmente, de tamano cero o desplazado fuera de pantalla.",sin CMP detectada
15,mundo,Cornell,https://www.cornell.edu/,1.4.3,afw4f7,Text has minimum contrast,85,div.submenu-related > ul.sub-nav-group > li > a,no,,,,R04,2026-09-09,,"No es un caracter visible: la regla no aplica. Texto oculto visualmente, de tamano cero o desplazado fuera de pantalla.",sin CMP detectada
15,mundo,Cornell,https://www.cornell.edu/,1.4.3,afw4f7,Text has minimum contrast,86,nav > div > ul > button.menu-item,si,cumple,21.00:1,,R04,2026-09-09,,"umbral 4.5:1 (texto normal, 18.0px); texto: ""More""",sin CMP detectada
15,mundo,Cornell,https://www.cornell.edu/,1.4.3,afw4f7,Text has minimum contrast,87,div > ul > button.submenu-trigger > span.off-screen,si,cumple,19.43:1,,R04,2026-09-09,,"umbral 4.5:1 (texto normal, 16.0px); texto: ""Toggle navigation""",sin CMP detectada
15,mundo,Cornell,https://www.cornell.edu/,1.4.3,afw4f7,Text has minimum contrast,88,#applyButton,no,,,,R04,2026-09-09,,"No es un caracter visible: la regla no aplica. Texto oculto visualmente, de tamano cero o desplazado fuera de pantalla.",sin CMP detectada
15,mundo,Cornell,https://www.cornell.edu/,1.4.3,afw4f7,Text has minimum contrast,89,li.cu-nav-actions > ul > li.applyChildLi > a.applyChild,no,,,,R04,2026-09-09,,"No es un caracter visible: la regla no aplica. Texto oculto visualmente, de tamano cero o desplazado fuera de pantalla.",sin CMP detectada
15,mundo,Cornell,https://www.cornell.edu/,1.4.3,afw4f7,Text has minimum contrast,90,li.cu-nav-actions > ul > li.applyChildLi > a.applyChild,no,,,,R04,2026-09-09,,"No es un caracter visible: la regla no aplica. Texto oculto visualmente, de tamano cero o desplazado fuera de pantalla.",sin CMP detectada
15,mundo,Cornell,https://www.cornell.edu/,1.4.3,afw4f7,Text has minimum contrast,91,li.cu-nav-actions > ul > li > a,no,,,,R04,2026-09-09,,"No es un caracter visible: la regla no aplica. Texto oculto visualmente, de tamano cero o desplazado fuera de pantalla.",sin CMP detectada
15,mundo,Cornell,https://www.cornell.edu/,1.4.3,afw4f7,Text has minimum contrast,92,li.cu-nav-actions > ul > li > a,no,,,,R04,2026-09-09,,"No es un caracter visible: la regla no aplica. Texto oculto visualmente, de tamano cero o desplazado fuera de pantalla.",sin CMP detectada
15,mundo,Cornell,https://www.cornell.edu/,1.4.3,afw4f7,Text has minimum contrast,93,li.cu-nav-people > ul > li > a,no,,,,R04,2026-09-09,,"No es un caracter visible: la regla no aplica. Texto oculto visualmente, de tamano cero o desplazado fuera de pantalla.",sin CMP detectada
15,mundo,Cornell,https://www.cornell.edu/,1.4.3,afw4f7,Text has minimum contrast,94,li.cu-nav-people > ul > li > a,no,,,,R04,2026-09-09,,"No es un caracter visible: la regla no aplica. Texto oculto visualmente, de tamano cero o desplazado fuera de pantalla.",sin CMP detectada
15,mundo,Cornell,https://www.cornell.edu/,1.4.3,afw4f7,Text has minimum contrast,95,li.cu-nav-people > ul > li > a,no,,,,R04,2026-09-09,,"No es un caracter visible: la regla no aplica. Texto oculto visualmente, de tamano cero o desplazado fuera de pantalla.",sin CMP detectada
15,mundo,Cornell,https://www.cornell.edu/,1.4.3,afw4f7,Text has minimum contrast,96,li.cu-nav-people > ul > li > a,no,,,,R04,2026-09-09,,"No es un caracter visible: la regla no aplica. Texto oculto visualmente, de tamano cero o desplazado fuera de pantalla.",sin CMP detectada
15,mundo,Cornell,https://www.cornell.edu/,1.4.3,afw4f7,Text has minimum contrast,97,div > form.search-main > div.container > label.offscreen,si,cumple,9.81:1,,R04,2026-09-09,,"umbral 4.5:1 (texto normal, 18.0px); texto: ""Search""",sin CMP detectada
15,mundo,Cornell,https://www.cornell.edu/,1.4.3,afw4f7,Text has minimum contrast,98,form.search-main > div.container > button.icon-search > span.off-screen,si,cumple,9.81:1,,R04,2026-09-09,,"umbral 4.5:1 (texto normal, 16.0px); texto: ""Search""",sin CMP detectada
15,mundo,Cornell,https://www.cornell.edu/,1.4.3,afw4f7,Text has minimum contrast,99,html.js > body.home > div > h1.off-screen,si,cumple,13.39:1,,R04,2026-09-09,,"umbral 3:1 (texto grande, 32.0px); texto: ""Cornell University""",sin CMP detectada
15,mundo,Cornell,https://www.cornell.edu/,1.4.3,afw4f7,Text has minimum contrast,100,div.marquee-copy > a > div.marquee-heading > span,si,cumple,20.24:1,,R04,2026-09-09,,"umbral 3:1 (texto grande, 40.0px); texto: ""‘Find your farmer, fill your freezer’""",sin CMP detectada
15,mundo,Cornell,https://www.cornell.edu/,1.4.3,afw4f7,Text has minimum contrast,101,div.marquee-copy > a > p.marquee-subheading > span,si,cumple,20.24:1,,R04,2026-09-09,,"umbral 4.5:1 (texto normal, 19.0px); texto: ""Cornell connects meat producers with consumers""",sin CMP detectada
15,mundo,Cornell,https://www.cornell.edu/,1.4.3,afw4f7,Text has minimum contrast,102,div.marquee-copy > a > div.marquee-heading > span,no,,,,R04,2026-09-09,,"No es un caracter visible: la regla no aplica. Texto oculto visualmente, de tamano cero o desplazado fuera de pantalla.",sin CMP detectada
15,mundo,Cornell,https://www.cornell.edu/,1.4.3,afw4f7,Text has minimum contrast,103,div.marquee-controls > nav.slide-controls > button.prev > span.off-screen,si,cumple,21.00:1,,R04,2026-09-09,,"umbral 4.5:1 (texto normal, 13.0px); texto: ""previous slide""",sin CMP detectada
15,mundo,Cornell,https://www.cornell.edu/,1.4.3,afw4f7,Text has minimum contrast,104,div.marquee-controls > nav.slide-controls > button.next > span.off-screen,si,cumple,21.00:1,,R04,2026-09-09,,"umbral 4.5:1 (texto normal, 13.0px); texto: ""next slide""",sin CMP detectada
15,mundo,Cornell,https://www.cornell.edu/,1.4.3,afw4f7,Text has minimum contrast,105,div.container > div.marquee-controls > nav.pager > a.active,no,,,,R04,2026-09-09,,"No es un caracter visible: la regla no aplica. Texto oculto visualmente, de tamano cero o desplazado fuera de pantalla.",sin CMP detectada
15,mundo,Cornell,https://www.cornell.edu/,1.4.3,afw4f7,Text has minimum contrast,106,div.container > div.marquee-controls > nav.pager > a,no,,,,R04,2026-09-09,,"No es un caracter visible: la regla no aplica. Texto oculto visualmente, de tamano cero o desplazado fuera de pantalla.",sin CMP detectada
15,mundo,Cornell,https://www.cornell.edu/,1.4.3,afw4f7,Text has minimum contrast,107,div.container > div.cu-tower > h2.cu-tower-title > a,si,cumple,21.00:1,,R04,2026-09-09,,"umbral 4.5:1 (texto normal, 22.0px); texto: ""Cornell Chronicle""",sin CMP detectada
15,mundo,Cornell,https://www.cornell.edu/,1.4.3,afw4f7,Text has minimum contrast,108,div.container > div.cu-tower > div.chronicle-entry > div.tag,si,cumple,6.80:1,,R04,2026-09-09,,"umbral 4.5:1 (texto normal, 12.0px negrita); texto: ""Administration""",sin CMP detectada
15,mundo,Cornell,https://www.cornell.edu/,1.4.3,afw4f7,Text has minimum contrast,109,div.container > div.cu-tower > div.chronicle-entry > a.chronicle-entry-title,si,cumple,21.00:1,,R04,2026-09-09,,"umbral 4.5:1 (texto normal, 18.0px); texto: ""Edouard Kopp named director of the Johnson Museum""",sin CMP detectada
15,mundo,Cornell,https://www.cornell.edu/,1.4.3,afw4f7,Text has minimum contrast,110,div.container > div.cu-tower > div.chronicle-entry > div.tag,si,cumple,6.80:1,,R04,2026-09-09,,"umbral 4.5:1 (texto normal, 12.0px negrita); texto: ""Science & Tech""",sin CMP detectada
15,mundo,Cornell,https://www.cornell.edu/,1.4.3,afw4f7,Text has minimum contrast,111,div.container > div.cu-tower > div.chronicle-entry > a.chronicle-entry-title,si,cumple,21.00:1,,R04,2026-09-09,,"umbral 4.5:1 (texto normal, 18.0px); texto: ""Cornell leads project putting robots to work in US orchards""",sin CMP detectada
15,mundo,Cornell,https://www.cornell.edu/,1.4.3,afw4f7,Text has minimum contrast,112,div.container > div.cu-tower > div.chronicle-entry > div.tag,si,cumple,6.80:1,,R04,2026-09-09,,"umbral 4.5:1 (texto normal, 12.0px negrita); texto: ""Research""",sin CMP detectada
15,mundo,Cornell,https://www.cornell.edu/,1.4.3,afw4f7,Text has minimum contrast,113,div.container > div.cu-tower > div.chronicle-entry > a.chronicle-entry-title,si,cumple,21.00:1,,R04,2026-09-09,,"umbral 4.5:1 (texto normal, 18.0px); texto: ""Antifungal therapy restores gut microbiome in IBD patients""",sin CMP detectada
15,mundo,Cornell,https://www.cornell.edu/,1.4.3,afw4f7,Text has minimum contrast,114,div.container > div.cu-tower > div.chronicle-links > a,si,cumple,6.25:1,,R04,2026-09-09,,"umbral 4.5:1 (texto normal, 16.0px); texto: ""More news""",sin CMP detectada
15,mundo,Cornell,https://www.cornell.edu/,1.4.3,afw4f7,Text has minimum contrast,115,div.container > div.cu-tower > div.chronicle-links > a,si,cumple,6.25:1,,R04,2026-09-09,,"umbral 4.5:1 (texto normal, 16.0px); texto: ""For media""",sin CMP detectada
15,mundo,Cornell,https://www.cornell.edu/,1.4.3,afw4f7,Text has minimum contrast,116,div.container > div.home-block > div.block-header > h2.cu-title,no,,,,R04,2026-09-09,,"No es un caracter visible: la regla no aplica. Texto oculto visualmente, de tamano cero o desplazado fuera de pantalla.",sin CMP detectada
15,mundo,Cornell,https://www.cornell.edu/,1.4.3,afw4f7,Text has minimum contrast,117,div.home-block > ol.link-blocks > li > a,no,,,,R04,2026-09-09,,"No es un caracter visible: la regla no aplica. Texto oculto visualmente, de tamano cero o desplazado fuera de pantalla.",sin CMP detectada
15,mundo,Cornell,https://www.cornell.edu/,1.4.3,afw4f7,Text has minimum contrast,118,div.home-block > ol.link-blocks > li > a,no,,,,R04,2026-09-09,,"No es un caracter visible: la regla no aplica. Texto oculto visualmente, de tamano cero o desplazado fuera de pantalla.",sin CMP detectada
15,mundo,Cornell,https://www.cornell.edu/,1.4.3,afw4f7,Text has minimum contrast,119,div.home-block > ol.link-blocks > li > a,no,,,,R04,2026-09-09,,"No es un caracter visible: la regla no aplica. Texto oculto visualmente, de tamano cero o desplazado fuera de pantalla.",sin CMP detectada
15,mundo,Cornell,https://www.cornell.edu/,1.4.3,afw4f7,Text has minimum contrast,120,div.home-block > ol.link-blocks > li > a,no,,,,R04,2026-09-09,,"No es un caracter visible: la regla no aplica. Texto oculto visualmente, de tamano cero o desplazado fuera de pantalla.",sin CMP detectada
15,mundo,Cornell,https://www.cornell.edu/,1.4.3,afw4f7,Text has minimum contrast,121,div.home-block > ol.link-blocks > li > a,no,,,,R04,2026-09-09,,"No es un caracter visible: la regla no aplica. Texto oculto visualmente, de tamano cero o desplazado fuera de pantalla.",sin CMP detectada
15,mundo,Cornell,https://www.cornell.edu/,1.4.3,afw4f7,Text has minimum contrast,122,div.home-block > ol.link-blocks > li > a,no,,,,R04,2026-09-09,,"No es un caracter visible: la regla no aplica. Texto oculto visualmente, de tamano cero o desplazado fuera de pantalla.",sin CMP detectada
15,mundo,Cornell,https://www.cornell.edu/,1.4.3,afw4f7,Text has minimum contrast,123,div.home-block > ol.link-blocks > li > a,no,,,,R04,2026-09-09,,"No es un caracter visible: la regla no aplica. Texto oculto visualmente, de tamano cero o desplazado fuera de pantalla.",sin CMP detectada
15,mundo,Cornell,https://www.cornell.edu/,1.4.3,afw4f7,Text has minimum contrast,124,div.slide-mask > div.slideshow > a.grid-box > div.grid-title,si,cumple,21.00:1,,R04,2026-09-09,,"umbral 4.5:1 (texto normal, 22.0px); texto: ""Research Matters Podcast: What if buildings were made to be """,sin CMP detectada
15,mundo,Cornell,https://www.cornell.edu/,1.4.3,afw4f7,Text has minimum contrast,125,div.slide-mask > div.slideshow > a.grid-box > div.grid-title,si,cumple,21.00:1,,R04,2026-09-09,,"umbral 4.5:1 (texto normal, 22.0px); texto: ""Lab of Ornithology to host annual Migration Celebration""",sin CMP detectada
15,mundo,Cornell,https://www.cornell.edu/,1.4.3,afw4f7,Text has minimum contrast,126,div.container > div.home-block > div.cu-tabs > h2.cu-title,si,cumple,21.00:1,,R04,2026-09-09,,"umbral 4.5:1 (texto normal, 13.0px negrita); texto: ""Important dates""",sin CMP detectada
15,mundo,Cornell,https://www.cornell.edu/,1.4.3,afw4f7,Text has minimum contrast,127,ol.event-list > li.event-item > time.event-date > span.event-month,si,cumple,4.81:1,,R04,2026-09-09,,"umbral 4.5:1 (texto normal, 12.0px negrita); texto: ""Oct""",sin CMP detectada
15,mundo,Cornell,https://www.cornell.edu/,1.4.3,afw4f7,Text has minimum contrast,128,ol.event-list > li.event-item > time.event-date > span.event-day,si,cumple,13.39:1,,R04,2026-09-09,,"umbral 3:1 (texto grande, 38.0px); texto: ""10""",sin CMP detectada
15,mundo,Cornell,https://www.cornell.edu/,1.4.3,afw4f7,Text has minimum contrast,129,div.tab-panels > ol.event-list > li.event-item > a.event-name,si,cumple,6.25:1,,R04,2026-09-09,,"umbral 4.5:1 (texto normal, 18.0px); texto: ""Fall Break Begins""",sin CMP detectada
15,mundo,Cornell,https://www.cornell.edu/,1.4.3,afw4f7,Text has minimum contrast,130,ol.event-list > li.event-item > time.event-date > span.event-month,si,cumple,4.81:1,,R04,2026-09-09,,"umbral 4.5:1 (texto normal, 12.0px negrita); texto: ""Oct""",sin CMP detectada
15,mundo,Cornell,https://www.cornell.edu/,1.4.3,afw4f7,Text has minimum contrast,131,ol.event-list > li.event-item > time.event-date > span.event-day,si,cumple,13.39:1,,R04,2026-09-09,,"umbral 3:1 (texto grande, 38.0px); texto: ""12""",sin CMP detectada
15,mundo,Cornell,https://www.cornell.edu/,1.4.3,afw4f7,Text has minimum contrast,132,div.tab-panels > ol.event-list > li.event-item > a.event-name,si,cumple,6.25:1,,R04,2026-09-09,,"umbral 4.5:1 (texto normal, 18.0px); texto: ""Indigenous Peoples' Day""",sin CMP detectada
15,mundo,Cornell,https://www.cornell.edu/,1.4.3,afw4f7,Text has minimum contrast,133,ol.event-list > li.event-item > time.event-date > span.event-month,si,cumple,4.81:1,,R04,2026-09-09,,"umbral 4.5:1 (texto normal, 12.0px negrita); texto: ""Oct""",sin CMP detectada
15,mundo,Cornell,https://www.cornell.edu/,1.4.3,afw4f7,Text has minimum contrast,134,ol.event-list > li.event-item > time.event-date > span.event-day,si,cumple,13.39:1,,R04,2026-09-09,,"umbral 3:1 (texto grande, 38.0px); texto: ""14""",sin CMP detectada
15,mundo,Cornell,https://www.cornell.edu/,1.4.3,afw4f7,Text has minimum contrast,135,div.tab-panels > ol.event-list > li.event-item > a.event-name,si,cumple,6.25:1,,R04,2026-09-09,,"umbral 4.5:1 (texto normal, 18.0px); texto: ""Instruction Resumes""",sin CMP detectada
15,mundo,Cornell,https://www.cornell.edu/,1.4.3,afw4f7,Text has minimum contrast,136,div > div > video > p,no,,,,R04,2026-09-09,,"No es un caracter visible: la regla no aplica. Texto oculto visualmente, de tamano cero o desplazado fuera de pantalla.",sin CMP detectada
15,mundo,Cornell,https://www.cornell.edu/,1.4.3,afw4f7,Text has minimum contrast,137,div.vcenter2 > div.container > div.typing-container > span.constant,si,falla,1.00:1,,R04,2026-09-09,,"umbral 3:1 (texto grande, 24.0px negrita); texto: ""Research""",sin CMP detectada
15,mundo,Cornell,https://www.cornell.edu/,1.4.3,afw4f7,Text has minimum contrast,138,#typedText,si,falla,1.00:1,,R04,2026-09-09,,"umbral 3:1 (texto grande, 24.0px); texto: ""connects pe""",sin CMP detectada
15,mundo,Cornell,https://www.cornell.edu/,1.4.3,afw4f7,Text has minimum contrast,139,div.dark-gray > div.intro-container > div.cu-intro > p,si,cumple,15.91:1,,R04,2026-09-09,,"umbral 4.5:1 (texto normal, 20.0px); texto: ""Discovery with purpose. Innovation with impact. Cornellians """,sin CMP detectada
15,mundo,Cornell,https://www.cornell.edu/,1.4.3,afw4f7,Text has minimum contrast,140,div.intro-container > div.cu-intro > div > a.btn,si,cumple,6.25:1,,R04,2026-09-09,,"umbral 4.5:1 (texto normal, 14.0px negrita); texto: ""Research in action""",sin CMP detectada
15,mundo,Cornell,https://www.cornell.edu/,1.4.3,afw4f7,Text has minimum contrast,141,a.hc-item > div.hc-overlay > div.vcenter > div.hc-title,si,cumple,21.00:1,,R04,2026-09-09,,"umbral 4.5:1 (texto normal, 21.0px); texto: ""Deep connections drive psychedelic research""",sin CMP detectada
15,mundo,Cornell,https://www.cornell.edu/,1.4.3,afw4f7,Text has minimum contrast,142,a.hc-item > div.hc-rollover > div.vcenter > p,no,,,,R04,2026-09-09,,"No es un caracter visible: la regla no aplica. Texto oculto visualmente, de tamano cero o desplazado fuera de pantalla.",sin CMP detectada
15,mundo,Cornell,https://www.cornell.edu/,1.4.3,afw4f7,Text has minimum contrast,143,a.hc-item > div.hc-rollover > div.vcenter > div.hc-cta,no,,,,R04,2026-09-09,,"No es un caracter visible: la regla no aplica. Texto oculto visualmente, de tamano cero o desplazado fuera de pantalla.",sin CMP detectada
15,mundo,Cornell,https://www.cornell.edu/,1.4.3,afw4f7,Text has minimum contrast,144,a.hc-item > div.hc-overlay > div.vcenter > div.hc-title,si,cumple,21.00:1,,R04,2026-09-09,,"umbral 4.5:1 (texto normal, 21.0px); texto: ""Cornell, City of Ithaca seek ‘unified vision’ for parks""",sin CMP detectada
15,mundo,Cornell,https://www.cornell.edu/,1.4.3,afw4f7,Text has minimum contrast,145,a.hc-item > div.hc-rollover > div.vcenter > p,no,,,,R04,2026-09-09,,"No es un caracter visible: la regla no aplica. Texto oculto visualmente, de tamano cero o desplazado fuera de pantalla.",sin CMP detectada
15,mundo,Cornell,https://www.cornell.edu/,1.4.3,afw4f7,Text has minimum contrast,146,a.hc-item > div.hc-rollover > div.vcenter > div.hc-cta,no,,,,R04,2026-09-09,,"No es un caracter visible: la regla no aplica. Texto oculto visualmente, de tamano cero o desplazado fuera de pantalla.",sin CMP detectada
15,mundo,Cornell,https://www.cornell.edu/,1.4.3,afw4f7,Text has minimum contrast,147,a.hc-item > div.hc-overlay > div.vcenter > div.hc-title,si,cumple,21.00:1,,R04,2026-09-09,,"umbral 4.5:1 (texto normal, 21.0px); texto: ""This simple, low-cost activity reduces depression in young a""",sin CMP detectada
15,mundo,Cornell,https://www.cornell.edu/,1.4.3,afw4f7,Text has minimum contrast,148,a.hc-item > div.hc-rollover > div.vcenter > p,no,,,,R04,2026-09-09,,"No es un caracter visible: la regla no aplica. Texto oculto visualmente, de tamano cero o desplazado fuera de pantalla.",sin CMP detectada
15,mundo,Cornell,https://www.cornell.edu/,1.4.3,afw4f7,Text has minimum contrast,149,a.hc-item > div.hc-rollover > div.vcenter > div.hc-cta,no,,,,R04,2026-09-09,,"No es un caracter visible: la regla no aplica. Texto oculto visualmente, de tamano cero o desplazado fuera de pantalla.",sin CMP detectada
15,mundo,Cornell,https://www.cornell.edu/,1.4.3,afw4f7,Text has minimum contrast,150,a.hc-item > div.hc-overlay > div.vcenter > div.hc-title,si,cumple,21.00:1,,R04,2026-09-09,,"umbral 4.5:1 (texto normal, 21.0px); texto: ""Today’s clicks can reveal tomorrow’s breakthroughs""",sin CMP detectada
15,mundo,Cornell,https://www.cornell.edu/,1.4.3,afw4f7,Text has minimum contrast,151,a.hc-item > div.hc-rollover > div.vcenter > p,no,,,,R04,2026-09-09,,"No es un caracter visible: la regla no aplica. Texto oculto visualmente, de tamano cero o desplazado fuera de pantalla.",sin CMP detectada
15,mundo,Cornell,https://www.cornell.edu/,1.4.3,afw4f7,Text has minimum contrast,152,a.hc-item > div.hc-rollover > div.vcenter > div.hc-cta,no,,,,R04,2026-09-09,,"No es un caracter visible: la regla no aplica. Texto oculto visualmente, de tamano cero o desplazado fuera de pantalla.",sin CMP detectada
15,mundo,Cornell,https://www.cornell.edu/,1.4.3,afw4f7,Text has minimum contrast,153,a.hc-item > div.hc-overlay > div.vcenter > div.hc-title,no,,,,R04,2026-09-09,,"No es un caracter visible: la regla no aplica. Texto oculto visualmente, de tamano cero o desplazado fuera de pantalla.",sin CMP detectada
15,mundo,Cornell,https://www.cornell.edu/,1.4.3,afw4f7,Text has minimum contrast,154,a.hc-item > div.hc-rollover > div.vcenter > p,no,,,,R04,2026-09-09,,"No es un caracter visible: la regla no aplica. Texto oculto visualmente, de tamano cero o desplazado fuera de pantalla.",sin CMP detectada
15,mundo,Cornell,https://www.cornell.edu/,1.4.3,afw4f7,Text has minimum contrast,155,a.hc-item > div.hc-rollover > div.vcenter > div.hc-cta,no,,,,R04,2026-09-09,,"No es un caracter visible: la regla no aplica. Texto oculto visualmente, de tamano cero o desplazado fuera de pantalla.",sin CMP detectada
15,mundo,Cornell,https://www.cornell.edu/,1.4.3,afw4f7,Text has minimum contrast,156,a.hc-item > div.hc-overlay > div.vcenter > div.hc-title,no,,,,R04,2026-09-09,,"No es un caracter visible: la regla no aplica. Texto oculto visualmente, de tamano cero o desplazado fuera de pantalla.",sin CMP detectada
15,mundo,Cornell,https://www.cornell.edu/,1.4.3,afw4f7,Text has minimum contrast,157,a.hc-item > div.hc-rollover > div.vcenter > p,no,,,,R04,2026-09-09,,"No es un caracter visible: la regla no aplica. Texto oculto visualmente, de tamano cero o desplazado fuera de pantalla.",sin CMP detectada
15,mundo,Cornell,https://www.cornell.edu/,1.4.3,afw4f7,Text has minimum contrast,158,a.hc-item > div.hc-rollover > div.vcenter > div.hc-cta,no,,,,R04,2026-09-09,,"No es un caracter visible: la regla no aplica. Texto oculto visualmente, de tamano cero o desplazado fuera de pantalla.",sin CMP detectada
15,mundo,Cornell,https://www.cornell.edu/,1.4.3,afw4f7,Text has minimum contrast,159,a.hc-item > div.hc-overlay > div.vcenter > div.hc-title,no,,,,R04,2026-09-09,,"No es un caracter visible: la regla no aplica. Texto oculto visualmente, de tamano cero o desplazado fuera de pantalla.",sin CMP detectada
15,mundo,Cornell,https://www.cornell.edu/,1.4.3,afw4f7,Text has minimum contrast,160,a.hc-item > div.hc-rollover > div.vcenter > p,no,,,,R04,2026-09-09,,"No es un caracter visible: la regla no aplica. Texto oculto visualmente, de tamano cero o desplazado fuera de pantalla.",sin CMP detectada
15,mundo,Cornell,https://www.cornell.edu/,1.4.3,afw4f7,Text has minimum contrast,161,a.hc-item > div.hc-rollover > div.vcenter > div.hc-cta,no,,,,R04,2026-09-09,,"No es un caracter visible: la regla no aplica. Texto oculto visualmente, de tamano cero o desplazado fuera de pantalla.",sin CMP detectada
15,mundo,Cornell,https://www.cornell.edu/,1.4.3,afw4f7,Text has minimum contrast,162,a.hc-item > div.hc-overlay > div.vcenter > div.hc-title,no,,,,R04,2026-09-09,,"No es un caracter visible: la regla no aplica. Texto oculto visualmente, de tamano cero o desplazado fuera de pantalla.",sin CMP detectada
15,mundo,Cornell,https://www.cornell.edu/,1.4.3,afw4f7,Text has minimum contrast,163,a.hc-item > div.hc-rollover > div.vcenter > p,no,,,,R04,2026-09-09,,"No es un caracter visible: la regla no aplica. Texto oculto visualmente, de tamano cero o desplazado fuera de pantalla.",sin CMP detectada
15,mundo,Cornell,https://www.cornell.edu/,1.4.3,afw4f7,Text has minimum contrast,164,a.hc-item > div.hc-rollover > div.vcenter > div.hc-cta,no,,,,R04,2026-09-09,,"No es un caracter visible: la regla no aplica. Texto oculto visualmente, de tamano cero o desplazado fuera de pantalla.",sin CMP detectada
15,mundo,Cornell,https://www.cornell.edu/,1.4.3,afw4f7,Text has minimum contrast,165,a.hc-item > div.hc-overlay > div.vcenter > div.hc-title,no,,,,R04,2026-09-09,,"No es un caracter visible: la regla no aplica. Texto oculto visualmente, de tamano cero o desplazado fuera de pantalla.",sin CMP detectada
15,mundo,Cornell,https://www.cornell.edu/,1.4.3,afw4f7,Text has minimum contrast,166,a.hc-item > div.hc-rollover > div.vcenter > p,no,,,,R04,2026-09-09,,"No es un caracter visible: la regla no aplica. Texto oculto visualmente, de tamano cero o desplazado fuera de pantalla.",sin CMP detectada
15,mundo,Cornell,https://www.cornell.edu/,1.4.3,afw4f7,Text has minimum contrast,167,a.hc-item > div.hc-rollover > div.vcenter > div.hc-cta,no,,,,R04,2026-09-09,,"No es un caracter visible: la regla no aplica. Texto oculto visualmente, de tamano cero o desplazado fuera de pantalla.",sin CMP detectada
15,mundo,Cornell,https://www.cornell.edu/,1.4.3,afw4f7,Text has minimum contrast,168,a.hc-item > div.hc-overlay > div.vcenter > div.hc-title,no,,,,R04,2026-09-09,,"No es un caracter visible: la regla no aplica. Texto oculto visualmente, de tamano cero o desplazado fuera de pantalla.",sin CMP detectada
15,mundo,Cornell,https://www.cornell.edu/,1.4.3,afw4f7,Text has minimum contrast,169,a.hc-item > div.hc-rollover > div.vcenter > p,no,,,,R04,2026-09-09,,"No es un caracter visible: la regla no aplica. Texto oculto visualmente, de tamano cero o desplazado fuera de pantalla.",sin CMP detectada
15,mundo,Cornell,https://www.cornell.edu/,1.4.3,afw4f7,Text has minimum contrast,170,a.hc-item > div.hc-rollover > div.vcenter > div.hc-cta,no,,,,R04,2026-09-09,,"No es un caracter visible: la regla no aplica. Texto oculto visualmente, de tamano cero o desplazado fuera de pantalla.",sin CMP detectada
15,mundo,Cornell,https://www.cornell.edu/,1.4.3,afw4f7,Text has minimum contrast,171,div.section > div.socialmedia-stripe-intro > div.container > h2,si,cumple,7.08:1,,R04,2026-09-09,,"umbral 3:1 (texto grande, 32.0px); texto: ""Explore #Cornell on Social Media""",sin CMP detectada
15,mundo,Cornell,https://www.cornell.edu/,1.4.3,afw4f7,Text has minimum contrast,172,div.section > div.socialmedia-stripe-intro > div.container > a.btn,si,cumple,6.46:1,,R04,2026-09-09,,"umbral 4.5:1 (texto normal, 14.0px negrita); texto: ""Social Media Directory""",sin CMP detectada
15,mundo,Cornell,https://www.cornell.edu/,1.4.3,afw4f7,Text has minimum contrast,173,div.grid-boxes > div.grid-box > p > a,si,falla,1.00:1,,R04,2026-09-09,,"umbral 3:1 (texto grande, 40.0px); texto: ""“I would found an institution where any person can find inst""",sin CMP detectada
15,mundo,Cornell,https://www.cornell.edu/,1.4.3,afw4f7,Text has minimum contrast,174,div.grid-boxes > div.grid-box > p.attribution > a,si,falla,1.00:1,,R04,2026-09-09,,"umbral 4.5:1 (texto normal, 20.0px); texto: ""Ezra Cornell, 1868""",sin CMP detectada
15,mundo,Cornell,https://www.cornell.edu/,1.4.3,afw4f7,Text has minimum contrast,175,div.grid-box > a.play-btn > div.media-play-overlay > span.off-screen,si,falla,3.36:1,,R04,2026-09-09,,"umbral 4.5:1 (texto normal, 16.0px); texto: ""Glorious to View Video""",sin CMP detectada
15,mundo,Cornell,https://www.cornell.edu/,1.4.3,afw4f7,Text has minimum contrast,176,div.grid-boxes > div.grid-box > div.cu-title > a,si,falla,1.00:1,,R04,2026-09-09,,"umbral 4.5:1 (texto normal, 13.0px negrita); texto: ""Experience Cornell""",sin CMP detectada
15,mundo,Cornell,https://www.cornell.edu/,1.4.3,afw4f7,Text has minimum contrast,177,#find_fast,si,cumple,15.91:1,,R04,2026-09-09,,"umbral 4.5:1 (texto normal, 11.0px negrita); texto: ""Helpful Links""",sin CMP detectada
15,mundo,Cornell,https://www.cornell.edu/,1.4.3,afw4f7,Text has minimum contrast,178,ul > li.ftr-item > a.submenu-trigger > span.off-screen,si,cumple,15.91:1,,R04,2026-09-09,,"umbral 4.5:1 (texto normal, 16.0px); texto: ""expand menu""",sin CMP detectada
15,mundo,Cornell,https://www.cornell.edu/,1.4.3,afw4f7,Text has minimum contrast,179,div.submenu > ul.ftr-links > li > a,no,,,,R04,2026-09-09,,"No es un caracter visible: la regla no aplica. Texto oculto visualmente, de tamano cero o desplazado fuera de pantalla.",sin CMP detectada
15,mundo,Cornell,https://www.cornell.edu/,1.4.3,afw4f7,Text has minimum contrast,180,div.submenu > ul.ftr-links > li > a,no,,,,R04,2026-09-09,,"No es un caracter visible: la regla no aplica. Texto oculto visualmente, de tamano cero o desplazado fuera de pantalla.",sin CMP detectada
15,mundo,Cornell,https://www.cornell.edu/,1.4.3,afw4f7,Text has minimum contrast,181,div.submenu > ul.ftr-links > li > a,no,,,,R04,2026-09-09,,"No es un caracter visible: la regla no aplica. Texto oculto visualmente, de tamano cero o desplazado fuera de pantalla.",sin CMP detectada
15,mundo,Cornell,https://www.cornell.edu/,1.4.3,afw4f7,Text has minimum contrast,182,div.submenu > ul.ftr-links > li > a,no,,,,R04,2026-09-09,,"No es un caracter visible: la regla no aplica. Texto oculto visualmente, de tamano cero o desplazado fuera de pantalla.",sin CMP detectada
15,mundo,Cornell,https://www.cornell.edu/,1.4.3,afw4f7,Text has minimum contrast,183,div.submenu > ul.ftr-links > li > a,no,,,,R04,2026-09-09,,"No es un caracter visible: la regla no aplica. Texto oculto visualmente, de tamano cero o desplazado fuera de pantalla.",sin CMP detectada
15,mundo,Cornell,https://www.cornell.edu/,1.4.3,afw4f7,Text has minimum contrast,184,div.submenu > ul.ftr-links > li > a,no,,,,R04,2026-09-09,,"No es un caracter visible: la regla no aplica. Texto oculto visualmente, de tamano cero o desplazado fuera de pantalla.",sin CMP detectada
15,mundo,Cornell,https://www.cornell.edu/,1.4.3,afw4f7,Text has minimum contrast,185,div.submenu > ul.ftr-links > li > a,no,,,,R04,2026-09-09,,"No es un caracter visible: la regla no aplica. Texto oculto visualmente, de tamano cero o desplazado fuera de pantalla.",sin CMP detectada
15,mundo,Cornell,https://www.cornell.edu/,1.4.3,afw4f7,Text has minimum contrast,186,div.submenu > ul.ftr-links > li > a,no,,,,R04,2026-09-09,,"No es un caracter visible: la regla no aplica. Texto oculto visualmente, de tamano cero o desplazado fuera de pantalla.",sin CMP detectada
15,mundo,Cornell,https://www.cornell.edu/,1.4.3,afw4f7,Text has minimum contrast,187,div.submenu > ul.ftr-links > li > a,no,,,,R04,2026-09-09,,"No es un caracter visible: la regla no aplica. Texto oculto visualmente, de tamano cero o desplazado fuera de pantalla.",sin CMP detectada
15,mundo,Cornell,https://www.cornell.edu/,1.4.3,afw4f7,Text has minimum contrast,188,#visiting_cornell,si,cumple,15.91:1,,R04,2026-09-09,,"umbral 4.5:1 (texto normal, 11.0px negrita); texto: ""Visiting Cornell""",sin CMP detectada
15,mundo,Cornell,https://www.cornell.edu/,1.4.3,afw4f7,Text has minimum contrast,189,ul > li.ftr-item > a.submenu-trigger > span.off-screen,si,cumple,15.91:1,,R04,2026-09-09,,"umbral 4.5:1 (texto normal, 16.0px); texto: ""expand menu""",sin CMP detectada
15,mundo,Cornell,https://www.cornell.edu/,1.4.3,afw4f7,Text has minimum contrast,190,div.submenu > ul.ftr-links > li > a,no,,,,R04,2026-09-09,,"No es un caracter visible: la regla no aplica. Texto oculto visualmente, de tamano cero o desplazado fuera de pantalla.",sin CMP detectada
15,mundo,Cornell,https://www.cornell.edu/,1.4.3,afw4f7,Text has minimum contrast,191,div.submenu > ul.ftr-links > li > a,no,,,,R04,2026-09-09,,"No es un caracter visible: la regla no aplica. Texto oculto visualmente, de tamano cero o desplazado fuera de pantalla.",sin CMP detectada
15,mundo,Cornell,https://www.cornell.edu/,1.4.3,afw4f7,Text has minimum contrast,192,div.submenu > ul.ftr-links > li > a,no,,,,R04,2026-09-09,,"No es un caracter visible: la regla no aplica. Texto oculto visualmente, de tamano cero o desplazado fuera de pantalla.",sin CMP detectada
15,mundo,Cornell,https://www.cornell.edu/,1.4.3,afw4f7,Text has minimum contrast,193,div.submenu > ul.ftr-links > li > a,no,,,,R04,2026-09-09,,"No es un caracter visible: la regla no aplica. Texto oculto visualmente, de tamano cero o desplazado fuera de pantalla.",sin CMP detectada
15,mundo,Cornell,https://www.cornell.edu/,1.4.3,afw4f7,Text has minimum contrast,194,div.submenu > ul.ftr-links > li > a,no,,,,R04,2026-09-09,,"No es un caracter visible: la regla no aplica. Texto oculto visualmente, de tamano cero o desplazado fuera de pantalla.",sin CMP detectada
15,mundo,Cornell,https://www.cornell.edu/,1.4.3,afw4f7,Text has minimum contrast,195,div.submenu > ul.ftr-links > li > a,no,,,,R04,2026-09-09,,"No es un caracter visible: la regla no aplica. Texto oculto visualmente, de tamano cero o desplazado fuera de pantalla.",sin CMP detectada
15,mundo,Cornell,https://www.cornell.edu/,1.4.3,afw4f7,Text has minimum contrast,196,#ithaca_today,si,cumple,15.91:1,,R04,2026-09-09,,"umbral 4.5:1 (texto normal, 11.0px negrita); texto: ""Ithaca Today""",sin CMP detectada
15,mundo,Cornell,https://www.cornell.edu/,1.4.3,afw4f7,Text has minimum contrast,197,ul > li.ftr-item > a.submenu-trigger > span.off-screen,si,cumple,15.91:1,,R04,2026-09-09,,"umbral 4.5:1 (texto normal, 16.0px); texto: ""expand menu""",sin CMP detectada
15,mundo,Cornell,https://www.cornell.edu/,1.4.3,afw4f7,Text has minimum contrast,198,ul.ftr-links > li.ftr-liveview > a > span,no,,,,R04,2026-09-09,,"No es un caracter visible: la regla no aplica. Texto oculto visualmente, de tamano cero o desplazado fuera de pantalla.",sin CMP detectada
15,mundo,Cornell,https://www.cornell.edu/,1.4.3,afw4f7,Text has minimum contrast,199,div.submenu > ul.ftr-links > li.ftr-weather-item > a,no,,,,R04,2026-09-09,,"No es un caracter visible: la regla no aplica. Texto oculto visualmente, de tamano cero o desplazado fuera de pantalla.",sin CMP detectada
15,mundo,Cornell,https://www.cornell.edu/,1.4.3,afw4f7,Text has minimum contrast,200,#currentTempIthacaF,no,,,,R04,2026-09-09,,"No es un caracter visible: la regla no aplica. Texto oculto visualmente, de tamano cero o desplazado fuera de pantalla.",sin CMP detectada
15,mundo,Cornell,https://www.cornell.edu/,1.4.3,afw4f7,Text has minimum contrast,201,li.ftr-weather-item > a > div.ftr-weather > div.ftr-weather-temp,no,,,,R04,2026-09-09,,"No es un caracter visible: la regla no aplica. Texto oculto visualmente, de tamano cero o desplazado fuera de pantalla.",sin CMP detectada
15,mundo,Cornell,https://www.cornell.edu/,1.4.3,afw4f7,Text has minimum contrast,202,#currentTempIthacaC,no,,,,R04,2026-09-09,,"No es un caracter visible: la regla no aplica. Texto oculto visualmente, de tamano cero o desplazado fuera de pantalla.",sin CMP detectada
15,mundo,Cornell,https://www.cornell.edu/,1.4.3,afw4f7,Text has minimum contrast,203,div.ftr-info > ul.ftr-utility > li > a,si,cumple,9.68:1,,R04,2026-09-09,,"umbral 4.5:1 (texto normal, 12.0px); texto: ""University Relations""",sin CMP detectada
15,mundo,Cornell,https://www.cornell.edu/,1.4.3,afw4f7,Text has minimum contrast,204,div.ftr-info > ul.ftr-utility > li > a,si,cumple,9.68:1,,R04,2026-09-09,,"umbral 4.5:1 (texto normal, 12.0px); texto: ""University Privacy""",sin CMP detectada
15,mundo,Cornell,https://www.cornell.edu/,1.4.3,afw4f7,Text has minimum contrast,205,div.ftr-info > ul.ftr-utility > li > a,si,cumple,9.68:1,,R04,2026-09-09,,"umbral 4.5:1 (texto normal, 12.0px); texto: ""Equal Education & Employment""",sin CMP detectada
15,mundo,Cornell,https://www.cornell.edu/,1.4.3,afw4f7,Text has minimum contrast,206,div.ftr-info > ul.ftr-utility > li > a,si,cumple,9.68:1,,R04,2026-09-09,,"umbral 4.5:1 (texto normal, 12.0px); texto: ""Web Accessibility Assistance""",sin CMP detectada
15,mundo,Cornell,https://www.cornell.edu/,1.4.3,afw4f7,Text has minimum contrast,207,div.ftr-info > ul.ftr-utility > li > a,si,cumple,9.68:1,,R04,2026-09-09,,"umbral 4.5:1 (texto normal, 12.0px); texto: ""Copyright""",sin CMP detectada
15,mundo,Cornell,https://www.cornell.edu/,1.4.3,afw4f7,Text has minimum contrast,208,div.ftr-info > ul.ftr-utility > li > a,si,cumple,9.68:1,,R04,2026-09-09,,"umbral 4.5:1 (texto normal, 12.0px); texto: ""Site Information""",sin CMP detectada
15,mundo,Cornell,https://www.cornell.edu/,1.4.3,afw4f7,Text has minimum contrast,209,div.ftr-info > ul.ftr-utility > li > a,si,cumple,9.68:1,,R04,2026-09-09,,"umbral 4.5:1 (texto normal, 12.0px); texto: ""Contact""",sin CMP detectada
15,mundo,Cornell,https://www.cornell.edu/,1.4.3,afw4f7,Text has minimum contrast,210,footer > div.cu-ftr-inner > div.ftr-info > a.ftr-location-link,no,,,,R04,2026-09-09,,"No es un caracter visible: la regla no aplica. Texto oculto visualmente, de tamano cero o desplazado fuera de pantalla.",sin CMP detectada
15,mundo,Cornell,https://www.cornell.edu/,1.4.3,afw4f7,Text has minimum contrast,211,ul.ftr-social > li > a > span.social-label,no,,,,R04,2026-09-09,,"No es un caracter visible: la regla no aplica. Texto oculto visualmente, de tamano cero o desplazado fuera de pantalla.",sin CMP detectada
15,mundo,Cornell,https://www.cornell.edu/,1.4.3,afw4f7,Text has minimum contrast,212,ul.ftr-social > li > a > span.social-label,no,,,,R04,2026-09-09,,"No es un caracter visible: la regla no aplica. Texto oculto visualmente, de tamano cero o desplazado fuera de pantalla.",sin CMP detectada
15,mundo,Cornell,https://www.cornell.edu/,1.4.3,afw4f7,Text has minimum contrast,213,ul.ftr-social > li > a > span.social-label,no,,,,R04,2026-09-09,,"No es un caracter visible: la regla no aplica. Texto oculto visualmente, de tamano cero o desplazado fuera de pantalla.",sin CMP detectada
15,mundo,Cornell,https://www.cornell.edu/,1.4.3,afw4f7,Text has minimum contrast,214,ul.ftr-social > li > a > span.social-label,no,,,,R04,2026-09-09,,"No es un caracter visible: la regla no aplica. Texto oculto visualmente, de tamano cero o desplazado fuera de pantalla.",sin CMP detectada
15,mundo,Cornell,https://www.cornell.edu/,1.4.3,afw4f7,Text has minimum contrast,215,ul.ftr-social > li > a > span.social-label,no,,,,R04,2026-09-09,,"No es un caracter visible: la regla no aplica. Texto oculto visualmente, de tamano cero o desplazado fuera de pantalla.",sin CMP detectada
15,mundo,Cornell,https://www.cornell.edu/,1.1.1,e88epe,Image not in the accessibility tree is decorative,1,body.home > div > div.marquee-mask > img.image-replace,no,,,,R04,2026-09-09,,Fuera del arbol de accesibilidad: se trata como decorativa.,sin CMP detectada
15,mundo,Cornell,https://www.cornell.edu/,1.1.1,23a2a8,Image has non-empty accessible name,2,div.marquee-mask > div.marquee > span.marquee-item > img.marquee-img,si,cumple,,,R04,2026-09-09,,"nombre accesible: ""Matthew LeRoux talks with Bill Morse of Bottomland Farm at the East Hill Plaza F""",sin CMP detectada
15,mundo,Cornell,https://www.cornell.edu/,1.1.1,qt1vmo,Image accessible name is descriptive,2,div.marquee-mask > div.marquee > span.marquee-item > img.marquee-img,si,REVISAR,,,R04,2026-09-09,,"JUICIO HUMANO. ¿El nombre sirve un proposito equivalente al contenido no textual? nombre: ""Matthew LeRoux talks with Bill Morse of Bottomland Farm at the East Hill Plaza Farmers’ Market."" | src: mm.cornell.edu/photos/1280x720/441AEF88-CCD8-94A0-29118F715FF67A86.jpg",sin CMP detectada
15,mundo,Cornell,https://www.cornell.edu/,1.1.1,23a2a8,Image has non-empty accessible name,3,div.slide-mask > div.slideshow > a.grid-box > img.image-replace,si,cumple,,,R04,2026-09-09,,"nombre accesible: ""Felix Heisel on the podcast.""",sin CMP detectada
15,mundo,Cornell,https://www.cornell.edu/,1.1.1,qt1vmo,Image accessible name is descriptive,3,div.slide-mask > div.slideshow > a.grid-box > img.image-replace,si,REVISAR,,,R04,2026-09-09,,"JUICIO HUMANO. ¿El nombre sirve un proposito equivalente al contenido no textual? nombre: ""Felix Heisel on the podcast."" | src: omm.cornell.edu/photos/400x225/177DCC89-D4B8-177E-7EB3D14B8077D79E.jpg",sin CMP detectada
15,mundo,Cornell,https://www.cornell.edu/,1.1.1,23a2a8,Image has non-empty accessible name,4,div.slide-mask > div.slideshow > a.grid-box > img.image-replace,si,cumple,,,R04,2026-09-09,,"nombre accesible: ""Visitors learning about birds at Migration Celebration.""",sin CMP detectada
15,mundo,Cornell,https://www.cornell.edu/,1.1.1,qt1vmo,Image accessible name is descriptive,4,div.slide-mask > div.slideshow > a.grid-box > img.image-replace,si,REVISAR,,,R04,2026-09-09,,"JUICIO HUMANO. ¿El nombre sirve un proposito equivalente al contenido no textual? nombre: ""Visitors learning about birds at Migration Celebration."" | src: omm.cornell.edu/photos/400x225/B0530151-A738-F9C9-6EC9481FD6F8CA01.jpg",sin CMP detectada
15,mundo,Cornell,https://www.cornell.edu/,1.1.1,23a2a8,Image has non-empty accessible name,5,div.home-honeycomb > div > a.hc-item > img.image-replace,si,cumple,,,R04,2026-09-09,,Marcada como decorativa: alt vacio o rol none/presentation. La expectativa lo admite.,sin CMP detectada
15,mundo,Cornell,https://www.cornell.edu/,1.1.1,23a2a8,Image has non-empty accessible name,6,div.home-honeycomb > div > a.hc-item > img.image-replace,si,cumple,,,R04,2026-09-09,,Marcada como decorativa: alt vacio o rol none/presentation. La expectativa lo admite.,sin CMP detectada
15,mundo,Cornell,https://www.cornell.edu/,1.1.1,23a2a8,Image has non-empty accessible name,7,div.home-honeycomb > div > a.hc-item > img.image-replace,si,cumple,,,R04,2026-09-09,,Marcada como decorativa: alt vacio o rol none/presentation. La expectativa lo admite.,sin CMP detectada
15,mundo,Cornell,https://www.cornell.edu/,1.1.1,23a2a8,Image has non-empty accessible name,8,div.home-honeycomb > div > a.hc-item > img.image-replace,si,cumple,,,R04,2026-09-09,,Marcada como decorativa: alt vacio o rol none/presentation. La expectativa lo admite.,sin CMP detectada
15,mundo,Cornell,https://www.cornell.edu/,1.1.1,e88epe,Image not in the accessibility tree is decorative,9,div.home-honeycomb > div > a.hc-item > img.image-replace,no,,,,R04,2026-09-09,,Fuera del arbol de accesibilidad: se trata como decorativa.,sin CMP detectada
15,mundo,Cornell,https://www.cornell.edu/,1.1.1,e88epe,Image not in the accessibility tree is decorative,10,div.home-honeycomb > div > a.hc-item > img.image-replace,no,,,,R04,2026-09-09,,Fuera del arbol de accesibilidad: se trata como decorativa.,sin CMP detectada
15,mundo,Cornell,https://www.cornell.edu/,1.1.1,e88epe,Image not in the accessibility tree is decorative,11,div.home-honeycomb > div > a.hc-item > img.image-replace,no,,,,R04,2026-09-09,,Fuera del arbol de accesibilidad: se trata como decorativa.,sin CMP detectada
15,mundo,Cornell,https://www.cornell.edu/,1.1.1,e88epe,Image not in the accessibility tree is decorative,12,div.home-honeycomb > div > a.hc-item > img.image-replace,no,,,,R04,2026-09-09,,Fuera del arbol de accesibilidad: se trata como decorativa.,sin CMP detectada
15,mundo,Cornell,https://www.cornell.edu/,1.1.1,e88epe,Image not in the accessibility tree is decorative,13,div.home-honeycomb > div > a.hc-item > img.image-replace,no,,,,R04,2026-09-09,,Fuera del arbol de accesibilidad: se trata como decorativa.,sin CMP detectada
15,mundo,Cornell,https://www.cornell.edu/,1.1.1,e88epe,Image not in the accessibility tree is decorative,14,div.home-honeycomb > div > a.hc-item > img.image-replace,no,,,,R04,2026-09-09,,Fuera del arbol de accesibilidad: se trata como decorativa.,sin CMP detectada
15,mundo,Cornell,https://www.cornell.edu/,1.1.1,23a2a8,Image has non-empty accessible name,15,a.socialmedia-grid-link > div.socialmedia-grid > div.socialmedia-item > img,si,cumple,,,R04,2026-09-09,,"nombre accesible: ""Cornell's Song of the Vowels statue, as seen through leafty trees with students """,sin CMP detectada
15,mundo,Cornell,https://www.cornell.edu/,1.1.1,qt1vmo,Image accessible name is descriptive,15,a.socialmedia-grid-link > div.socialmedia-grid > div.socialmedia-item > img,si,REVISAR,,,R04,2026-09-09,,"JUICIO HUMANO. ¿El nombre sirve un proposito equivalente al contenido no textual? nombre: ""Cornell's Song of the Vowels statue, as seen through leafty trees with students walking along a path on the Cornell Arts"" | src: omm.cornell.edu/photos/360x360/073D2BCF-C7D7-34E9-3C24C512A67D0FAE.jpg",sin CMP detectada
15,mundo,Cornell,https://www.cornell.edu/,1.1.1,23a2a8,Image has non-empty accessible name,16,a.socialmedia-grid-link > div.socialmedia-grid > div.socialmedia-item > img,si,cumple,,,R04,2026-09-09,,"nombre accesible: ""A crowded lecture hall at Cornell University, with students paying close attenti""",sin CMP detectada
15,mundo,Cornell,https://www.cornell.edu/,1.1.1,qt1vmo,Image accessible name is descriptive,16,a.socialmedia-grid-link > div.socialmedia-grid > div.socialmedia-item > img,si,REVISAR,,,R04,2026-09-09,,"JUICIO HUMANO. ¿El nombre sirve un proposito equivalente al contenido no textual? nombre: ""A crowded lecture hall at Cornell University, with students paying close attention."" | src: omm.cornell.edu/photos/360x360/074CA0F2-9EBB-5861-8946B5E244D81EA5.jpg",sin CMP detectada
15,mundo,Cornell,https://www.cornell.edu/,1.1.1,23a2a8,Image has non-empty accessible name,17,a.socialmedia-grid-link > div.socialmedia-grid > div.socialmedia-item > img,si,cumple,,,R04,2026-09-09,,"nombre accesible: ""Cornellians attend class outside and are sitting in a circle. One individual in """,sin CMP detectada
15,mundo,Cornell,https://www.cornell.edu/,1.1.1,qt1vmo,Image accessible name is descriptive,17,a.socialmedia-grid-link > div.socialmedia-grid > div.socialmedia-item > img,si,REVISAR,,,R04,2026-09-09,,"JUICIO HUMANO. ¿El nombre sirve un proposito equivalente al contenido no textual? nombre: ""Cornellians attend class outside and are sitting in a circle. One individual in the middle is talking. A laptop can be s"" | src: omm.cornell.edu/photos/360x360/07591FDC-A274-7AFC-5429233D3D4BBE0E.jpg",sin CMP detectada
15,mundo,Cornell,https://www.cornell.edu/,1.1.1,23a2a8,Image has non-empty accessible name,18,a.socialmedia-grid-link > div.socialmedia-grid > div.socialmedia-item > img,si,cumple,,,R04,2026-09-09,,"nombre accesible: ""Cornellians walk along a path near Cornell's Ho Plaza, with Cornell's McGraw Tow""",sin CMP detectada
15,mundo,Cornell,https://www.cornell.edu/,1.1.1,qt1vmo,Image accessible name is descriptive,18,a.socialmedia-grid-link > div.socialmedia-grid > div.socialmedia-item > img,si,REVISAR,,,R04,2026-09-09,,"JUICIO HUMANO. ¿El nombre sirve un proposito equivalente al contenido no textual? nombre: ""Cornellians walk along a path near Cornell's Ho Plaza, with Cornell's McGraw Tower seen in the distance."" | src: omm.cornell.edu/photos/400x225/0767B630-A2F8-F79E-F984B5500B3DEE26.jpg",sin CMP detectada
15,mundo,Cornell,https://www.cornell.edu/,1.1.1,e88epe,Image not in the accessibility tree is decorative,19,a.socialmedia-grid-link > div.socialmedia-grid > div.socialmedia-item > img,no,,,,R04,2026-09-09,,Fuera del arbol de accesibilidad: se trata como decorativa.,sin CMP detectada
15,mundo,Cornell,https://www.cornell.edu/,1.1.1,e88epe,Image not in the accessibility tree is decorative,20,a.socialmedia-grid-link > div.socialmedia-grid > div.socialmedia-item > img,no,,,,R04,2026-09-09,,Fuera del arbol de accesibilidad: se trata como decorativa.,sin CMP detectada
15,mundo,Cornell,https://www.cornell.edu/,1.1.1,e88epe,Image not in the accessibility tree is decorative,21,a.socialmedia-grid-link > div.socialmedia-grid > div.socialmedia-item > img,no,,,,R04,2026-09-09,,Fuera del arbol de accesibilidad: se trata como decorativa.,sin CMP detectada
15,mundo,Cornell,https://www.cornell.edu/,1.1.1,e88epe,Image not in the accessibility tree is decorative,22,a.socialmedia-grid-link > div.socialmedia-grid > div.socialmedia-item > img,no,,,,R04,2026-09-09,,Fuera del arbol de accesibilidad: se trata como decorativa.,sin CMP detectada
15,mundo,Cornell,https://www.cornell.edu/,2.4.4,c487ae,Link has non-empty accessible name,1,html.js > body.home > nav > a,si,cumple,,,R04,2026-09-09,,"nombre: ""Skip to content""",sin CMP detectada
15,mundo,Cornell,https://www.cornell.edu/,2.4.4,5effbb,Link in context is descriptive,1,html.js > body.home > nav > a,si,REVISAR,,SIN CONTEXTO PROGRAMATICO,R04,2026-09-09,,"JUICIO HUMANO. ¿Nombre + contexto describen el proposito? nombre: ""Skip to content"" | href: #main | AVISO: no hay parrafo, elemento de lista ni celda que lo contenga. Un div o article envolvente NO es contexto programatico.",sin CMP detectada
15,mundo,Cornell,https://www.cornell.edu/,2.4.4,c487ae,Link has non-empty accessible name,2,#cu-brand,si,cumple,,,R04,2026-09-09,,"nombre: ""Cornell University""",sin CMP detectada
15,mundo,Cornell,https://www.cornell.edu/,2.4.4,5effbb,Link in context is descriptive,2,#cu-brand,si,REVISAR,,SIN CONTEXTO PROGRAMATICO,R04,2026-09-09,,"JUICIO HUMANO. ¿Nombre + contexto describen el proposito? nombre: ""Cornell University"" | href: / | AVISO: no hay parrafo, elemento de lista ni celda que lo contenga. Un div o article envolvente NO es contexto programatico.",sin CMP detectada
15,mundo,Cornell,https://www.cornell.edu/,2.4.4,c487ae,Link has non-empty accessible name,3,ul.nav-menu > li.cu-nav-about > span.menu-item-wrap > a.menu-item,si,cumple,,,R04,2026-09-09,,"nombre: ""About Cornell""",sin CMP detectada
15,mundo,Cornell,https://www.cornell.edu/,2.4.4,5effbb,Link in context is descriptive,3,ul.nav-menu > li.cu-nav-about > span.menu-item-wrap > a.menu-item,si,REVISAR,,About Cornell About Cornell Overview Cornell History Maps & Directions Mission & Vision Core Values Locations Ithaca New York City Related Links Cornell Leaders,R04,2026-09-09,,"JUICIO HUMANO. ¿Nombre + contexto describen el proposito? nombre: ""About Cornell"" | href: /about",sin CMP detectada
15,mundo,Cornell,https://www.cornell.edu/,2.4.4,c487ae,Link has non-empty accessible name,4,nav > ul.nav-menu > li.cu-nav-about > a.submenu-trigger,si,cumple,,,R04,2026-09-09,,"nombre: ""toggle the About Cornell sub-menu""",sin CMP detectada
15,mundo,Cornell,https://www.cornell.edu/,2.4.4,5effbb,Link in context is descriptive,4,nav > ul.nav-menu > li.cu-nav-about > a.submenu-trigger,si,REVISAR,,About Cornell About Cornell Overview Cornell History Maps & Directions Mission & Vision Core Values Locations Ithaca New York City Related Links Cornell Leaders,R04,2026-09-09,,"JUICIO HUMANO. ¿Nombre + contexto describen el proposito? nombre: ""toggle the About Cornell sub-menu"" | href: /about",sin CMP detectada
15,mundo,Cornell,https://www.cornell.edu/,2.4.4,c487ae,Link has non-empty accessible name,5,ul.nav-menu > li.cu-nav-admissions > span.menu-item-wrap > a.menu-item,si,cumple,,,R04,2026-09-09,,"nombre: ""Admissions""",sin CMP detectada
15,mundo,Cornell,https://www.cornell.edu/,2.4.4,5effbb,Link in context is descriptive,5,ul.nav-menu > li.cu-nav-admissions > span.menu-item-wrap > a.menu-item,si,REVISAR,,Admissions Overview Undergraduate Apply Admissions Dates and Deadlines Costs and Aid Graduate Admissions Fields of Study Financial Support Continuing Education ,R04,2026-09-09,,"JUICIO HUMANO. ¿Nombre + contexto describen el proposito? nombre: ""Admissions"" | href: /admissions/",sin CMP detectada
15,mundo,Cornell,https://www.cornell.edu/,2.4.4,c487ae,Link has non-empty accessible name,6,ul.nav-menu > li.cu-nav-academics > span.menu-item-wrap > a.menu-item,si,cumple,,,R04,2026-09-09,,"nombre: ""Academics""",sin CMP detectada
15,mundo,Cornell,https://www.cornell.edu/,2.4.4,5effbb,Link in context is descriptive,6,ul.nav-menu > li.cu-nav-academics > span.menu-item-wrap > a.menu-item,si,REVISAR,,Academics Academics Overview Fields of Study Colleges & Schools Departments Library Continuing Education Related Links Office of the Provost Undergraduate Educa,R04,2026-09-09,,"JUICIO HUMANO. ¿Nombre + contexto describen el proposito? nombre: ""Academics"" | href: /academics/",sin CMP detectada
15,mundo,Cornell,https://www.cornell.edu/,2.4.4,c487ae,Link has non-empty accessible name,7,nav > ul.nav-menu > li.cu-nav-academics > a.submenu-trigger,si,cumple,,,R04,2026-09-09,,"nombre: ""toggle the Academics sub-menu""",sin CMP detectada
15,mundo,Cornell,https://www.cornell.edu/,2.4.4,5effbb,Link in context is descriptive,7,nav > ul.nav-menu > li.cu-nav-academics > a.submenu-trigger,si,REVISAR,,Academics Academics Overview Fields of Study Colleges & Schools Departments Library Continuing Education Related Links Office of the Provost Undergraduate Educa,R04,2026-09-09,,"JUICIO HUMANO. ¿Nombre + contexto describen el proposito? nombre: ""toggle the Academics sub-menu"" | href: /academics",sin CMP detectada
15,mundo,Cornell,https://www.cornell.edu/,2.4.4,c487ae,Link has non-empty accessible name,8,ul.nav-menu > li.cu-nav-research > span.menu-item-wrap > a.menu-item,si,cumple,,,R04,2026-09-09,,"nombre: ""Research""",sin CMP detectada
15,mundo,Cornell,https://www.cornell.edu/,2.4.4,5effbb,Link in context is descriptive,8,ul.nav-menu > li.cu-nav-research > span.menu-item-wrap > a.menu-item,si,REVISAR,,Research Overview Explore Cornell Research Keep up with research and innovation in the Cornell Chronicle Related Links Cornell Research & Innovation Centers & I,R04,2026-09-09,,"JUICIO HUMANO. ¿Nombre + contexto describen el proposito? nombre: ""Research"" | href: /research",sin CMP detectada
15,mundo,Cornell,https://www.cornell.edu/,2.4.4,c487ae,Link has non-empty accessible name,9,ul.nav-menu > li.cu-nav-engagement > span.menu-item-wrap > a.menu-item,si,cumple,,,R04,2026-09-09,,"nombre: ""Public Engagement""",sin CMP detectada
15,mundo,Cornell,https://www.cornell.edu/,2.4.4,5effbb,Link in context is descriptive,9,ul.nav-menu > li.cu-nav-engagement > span.menu-item-wrap > a.menu-item,si,REVISAR,,Public Engagement Overview Featured CCE helps Buffalo get school food truck rolling Related Links Cornell Cooperative Extension Engaged Cornell Hub Land Grant t,R04,2026-09-09,,"JUICIO HUMANO. ¿Nombre + contexto describen el proposito? nombre: ""Public Engagement"" | href: /engagement/",sin CMP detectada
15,mundo,Cornell,https://www.cornell.edu/,2.4.4,c487ae,Link has non-empty accessible name,10,ul.nav-menu > li.cu-nav-student > span.menu-item-wrap > a.menu-item,si,cumple,,,R04,2026-09-09,,"nombre: ""Life at Cornell""",sin CMP detectada
15,mundo,Cornell,https://www.cornell.edu/,2.4.4,5effbb,Link in context is descriptive,10,ul.nav-menu > li.cu-nav-student > span.menu-item-wrap > a.menu-item,si,REVISAR,,"Life at Cornell Life at Cornell Overview Athletics & Recreation Arts & Culture Health & Safety Live, Work, Travel Student Life Cornell in a Day Related Links Fi",R04,2026-09-09,,"JUICIO HUMANO. ¿Nombre + contexto describen el proposito? nombre: ""Life at Cornell"" | href: /life-at-cornell/",sin CMP detectada
15,mundo,Cornell,https://www.cornell.edu/,2.4.4,c487ae,Link has non-empty accessible name,11,nav > ul.nav-menu > li.cu-nav-student > a.submenu-trigger,si,cumple,,,R04,2026-09-09,,"nombre: ""Life at Cornell""",sin CMP detectada
15,mundo,Cornell,https://www.cornell.edu/,2.4.4,5effbb,Link in context is descriptive,11,nav > ul.nav-menu > li.cu-nav-student > a.submenu-trigger,si,REVISAR,,"Life at Cornell Life at Cornell Overview Athletics & Recreation Arts & Culture Health & Safety Live, Work, Travel Student Life Cornell in a Day Related Links Fi",R04,2026-09-09,,"JUICIO HUMANO. ¿Nombre + contexto describen el proposito? nombre: ""Life at Cornell"" | href: /life-at-cornell/",sin CMP detectada
15,mundo,Cornell,https://www.cornell.edu/,2.4.4,c487ae,Link has non-empty accessible name,12,span.marquee-item > div.container > div.marquee-copy > a,si,cumple,,,R04,2026-09-09,,"nombre: ""‘Find your farmer, fill your freezer’ Cornell connects meat producers with consu""",sin CMP detectada
15,mundo,Cornell,https://www.cornell.edu/,2.4.4,5effbb,Link in context is descriptive,12,span.marquee-item > div.container > div.marquee-copy > a,si,REVISAR,,SIN CONTEXTO PROGRAMATICO,R04,2026-09-09,,"JUICIO HUMANO. ¿Nombre + contexto describen el proposito? nombre: ""‘Find your farmer, fill your freezer’ Cornell connects meat producers with consu"" | href: https://news.cornell.edu/stories/2026/08/find-your-farmer-fi | AVISO: no hay parrafo, elemento de lista ni celda que lo contenga. Un div o article envolvente NO es contexto programatico.",sin CMP detectada
15,mundo,Cornell,https://www.cornell.edu/,2.4.4,c487ae,Link has non-empty accessible name,13,div.container > div.cu-tower > h2.cu-tower-title > a,si,cumple,,,R04,2026-09-09,,"nombre: ""Cornell Chronicle""",sin CMP detectada
15,mundo,Cornell,https://www.cornell.edu/,2.4.4,5effbb,Link in context is descriptive,13,div.container > div.cu-tower > h2.cu-tower-title > a,si,REVISAR,,SIN CONTEXTO PROGRAMATICO,R04,2026-09-09,,"JUICIO HUMANO. ¿Nombre + contexto describen el proposito? nombre: ""Cornell Chronicle"" | href: http://news.cornell.edu | AVISO: no hay parrafo, elemento de lista ni celda que lo contenga. Un div o article envolvente NO es contexto programatico.",sin CMP detectada
15,mundo,Cornell,https://www.cornell.edu/,2.4.4,c487ae,Link has non-empty accessible name,14,div.container > div.cu-tower > div.chronicle-entry > a.chronicle-entry-title,si,cumple,,,R04,2026-09-09,,"nombre: ""Edouard Kopp named director of the Johnson Museum""",sin CMP detectada
15,mundo,Cornell,https://www.cornell.edu/,2.4.4,5effbb,Link in context is descriptive,14,div.container > div.cu-tower > div.chronicle-entry > a.chronicle-entry-title,si,REVISAR,,SIN CONTEXTO PROGRAMATICO,R04,2026-09-09,,"JUICIO HUMANO. ¿Nombre + contexto describen el proposito? nombre: ""Edouard Kopp named director of the Johnson Museum"" | href: https://news.cornell.edu/stories/2026/09/edouard-kopp-named- | AVISO: no hay parrafo, elemento de lista ni celda que lo contenga. Un div o article envolvente NO es contexto programatico.",sin CMP detectada
15,mundo,Cornell,https://www.cornell.edu/,2.4.4,c487ae,Link has non-empty accessible name,15,div.container > div.cu-tower > div.chronicle-entry > a.chronicle-entry-title,si,cumple,,,R04,2026-09-09,,"nombre: ""Cornell leads project putting robots to work in US orchards""",sin CMP detectada
15,mundo,Cornell,https://www.cornell.edu/,2.4.4,5effbb,Link in context is descriptive,15,div.container > div.cu-tower > div.chronicle-entry > a.chronicle-entry-title,si,REVISAR,,SIN CONTEXTO PROGRAMATICO,R04,2026-09-09,,"JUICIO HUMANO. ¿Nombre + contexto describen el proposito? nombre: ""Cornell leads project putting robots to work in US orchards"" | href: https://news.cornell.edu/stories/2026/09/cornell-leads-proje | AVISO: no hay parrafo, elemento de lista ni celda que lo contenga. Un div o article envolvente NO es contexto programatico.",sin CMP detectada
15,mundo,Cornell,https://www.cornell.edu/,2.4.4,c487ae,Link has non-empty accessible name,16,div.container > div.cu-tower > div.chronicle-entry > a.chronicle-entry-title,si,cumple,,,R04,2026-09-09,,"nombre: ""Antifungal therapy restores gut microbiome in IBD patients""",sin CMP detectada
15,mundo,Cornell,https://www.cornell.edu/,2.4.4,5effbb,Link in context is descriptive,16,div.container > div.cu-tower > div.chronicle-entry > a.chronicle-entry-title,si,REVISAR,,SIN CONTEXTO PROGRAMATICO,R04,2026-09-09,,"JUICIO HUMANO. ¿Nombre + contexto describen el proposito? nombre: ""Antifungal therapy restores gut microbiome in IBD patients"" | href: https://news.cornell.edu/stories/2026/09/antifungal-therapy- | AVISO: no hay parrafo, elemento de lista ni celda que lo contenga. Un div o article envolvente NO es contexto programatico.",sin CMP detectada
15,mundo,Cornell,https://www.cornell.edu/,2.4.4,c487ae,Link has non-empty accessible name,17,div.container > div.cu-tower > div.chronicle-links > a,si,cumple,,,R04,2026-09-09,,"nombre: ""More news""",sin CMP detectada
15,mundo,Cornell,https://www.cornell.edu/,2.4.4,5effbb,Link in context is descriptive,17,div.container > div.cu-tower > div.chronicle-links > a,si,REVISAR,,SIN CONTEXTO PROGRAMATICO,R04,2026-09-09,,"JUICIO HUMANO. ¿Nombre + contexto describen el proposito? nombre: ""More news"" | href: http://news.cornell.edu/ | AVISO: no hay parrafo, elemento de lista ni celda que lo contenga. Un div o article envolvente NO es contexto programatico.",sin CMP detectada
15,mundo,Cornell,https://www.cornell.edu/,2.4.4,c487ae,Link has non-empty accessible name,18,div.container > div.cu-tower > div.chronicle-links > a,si,cumple,,,R04,2026-09-09,,"nombre: ""For media""",sin CMP detectada
15,mundo,Cornell,https://www.cornell.edu/,2.4.4,5effbb,Link in context is descriptive,18,div.container > div.cu-tower > div.chronicle-links > a,si,REVISAR,,SIN CONTEXTO PROGRAMATICO,R04,2026-09-09,,"JUICIO HUMANO. ¿Nombre + contexto describen el proposito? nombre: ""For media"" | href: http://news.cornell.edu/media-relations/work-with-us | AVISO: no hay parrafo, elemento de lista ni celda que lo contenga. Un div o article envolvente NO es contexto programatico.",sin CMP detectada
15,mundo,Cornell,https://www.cornell.edu/,2.4.4,c487ae,Link has non-empty accessible name,19,div.grid-box > div.slide-mask > div.slideshow > a.grid-box,si,cumple,,,R04,2026-09-09,,"nombre: ""Research Matters Podcast: What if buildings were made to be remade?""",sin CMP detectada
15,mundo,Cornell,https://www.cornell.edu/,2.4.4,5effbb,Link in context is descriptive,19,div.grid-box > div.slide-mask > div.slideshow > a.grid-box,si,REVISAR,,SIN CONTEXTO PROGRAMATICO,R04,2026-09-09,,"JUICIO HUMANO. ¿Nombre + contexto describen el proposito? nombre: ""Research Matters Podcast: What if buildings were made to be remade?"" | href: https://www.youtube.com/watch?v=DbYBU2SFr_s | AVISO: no hay parrafo, elemento de lista ni celda que lo contenga. Un div o article envolvente NO es contexto programatico.",sin CMP detectada
15,mundo,Cornell,https://www.cornell.edu/,2.4.4,c487ae,Link has non-empty accessible name,20,div.grid-box > div.slide-mask > div.slideshow > a.grid-box,si,cumple,,,R04,2026-09-09,,"nombre: ""Lab of Ornithology to host annual Migration Celebration""",sin CMP detectada
15,mundo,Cornell,https://www.cornell.edu/,2.4.4,5effbb,Link in context is descriptive,20,div.grid-box > div.slide-mask > div.slideshow > a.grid-box,si,REVISAR,,SIN CONTEXTO PROGRAMATICO,R04,2026-09-09,,"JUICIO HUMANO. ¿Nombre + contexto describen el proposito? nombre: ""Lab of Ornithology to host annual Migration Celebration"" | href: https://news.cornell.edu/stories/2026/08/lab-ornithology-hos | AVISO: no hay parrafo, elemento de lista ni celda que lo contenga. Un div o article envolvente NO es contexto programatico.",sin CMP detectada
15,mundo,Cornell,https://www.cornell.edu/,2.4.4,c487ae,Link has non-empty accessible name,21,div.tab-panels > ol.event-list > li.event-item > a.event-name,si,cumple,,,R04,2026-09-09,,"nombre: ""Fall Break Begins""",sin CMP detectada
15,mundo,Cornell,https://www.cornell.edu/,2.4.4,5effbb,Link in context is descriptive,21,div.tab-panels > ol.event-list > li.event-item > a.event-name,si,REVISAR,,Oct 10 Fall Break Begins,R04,2026-09-09,,"JUICIO HUMANO. ¿Nombre + contexto describen el proposito? nombre: ""Fall Break Begins"" | href: https://events.cornell.edu/event/fall_break_begins_3401",sin CMP detectada
15,mundo,Cornell,https://www.cornell.edu/,2.4.4,c487ae,Link has non-empty accessible name,22,div.tab-panels > ol.event-list > li.event-item > a.event-name,si,cumple,,,R04,2026-09-09,,"nombre: ""Indigenous Peoples' Day""",sin CMP detectada
15,mundo,Cornell,https://www.cornell.edu/,2.4.4,5effbb,Link in context is descriptive,22,div.tab-panels > ol.event-list > li.event-item > a.event-name,si,REVISAR,,Oct 12 Indigenous Peoples' Day,R04,2026-09-09,,"JUICIO HUMANO. ¿Nombre + contexto describen el proposito? nombre: ""Indigenous Peoples' Day"" | href: https://events.cornell.edu/event/indigenous_peoples_day_-_cl",sin CMP detectada
15,mundo,Cornell,https://www.cornell.edu/,2.4.4,c487ae,Link has non-empty accessible name,23,div.tab-panels > ol.event-list > li.event-item > a.event-name,si,cumple,,,R04,2026-09-09,,"nombre: ""Instruction Resumes""",sin CMP detectada
15,mundo,Cornell,https://www.cornell.edu/,2.4.4,5effbb,Link in context is descriptive,23,div.tab-panels > ol.event-list > li.event-item > a.event-name,si,REVISAR,,Oct 14 Instruction Resumes,R04,2026-09-09,,"JUICIO HUMANO. ¿Nombre + contexto describen el proposito? nombre: ""Instruction Resumes"" | href: https://events.cornell.edu/event/instruction_resumes_7485",sin CMP detectada
15,mundo,Cornell,https://www.cornell.edu/,2.4.4,c487ae,Link has non-empty accessible name,24,div.intro-container > div.cu-intro > div > a.btn,si,cumple,,,R04,2026-09-09,,"nombre: ""Research in action""",sin CMP detectada
15,mundo,Cornell,https://www.cornell.edu/,2.4.4,5effbb,Link in context is descriptive,24,div.intro-container > div.cu-intro > div > a.btn,si,REVISAR,,SIN CONTEXTO PROGRAMATICO,R04,2026-09-09,,"JUICIO HUMANO. ¿Nombre + contexto describen el proposito? nombre: ""Research in action"" | href: /research/ | AVISO: no hay parrafo, elemento de lista ni celda que lo contenga. Un div o article envolvente NO es contexto programatico.",sin CMP detectada
15,mundo,Cornell,https://www.cornell.edu/,2.4.4,c487ae,Link has non-empty accessible name,25,div.dark-gray > div.home-honeycomb > div > a.hc-item,si,cumple,,,R04,2026-09-09,,"nombre: ""Deep connections drive psychedelic research Deep connections drive psychedelic r""",sin CMP detectada
15,mundo,Cornell,https://www.cornell.edu/,2.4.4,5effbb,Link in context is descriptive,25,div.dark-gray > div.home-honeycomb > div > a.hc-item,si,REVISAR,,SIN CONTEXTO PROGRAMATICO,R04,2026-09-09,,"JUICIO HUMANO. ¿Nombre + contexto describen el proposito? nombre: ""Deep connections drive psychedelic research Deep connections drive psychedelic r"" | href: https://news.cornell.edu/stories/2026/07/deep-connections-dr | AVISO: no hay parrafo, elemento de lista ni celda que lo contenga. Un div o article envolvente NO es contexto programatico.",sin CMP detectada
15,mundo,Cornell,https://www.cornell.edu/,2.4.4,c487ae,Link has non-empty accessible name,26,div.dark-gray > div.home-honeycomb > div > a.hc-item,si,cumple,,,R04,2026-09-09,,"nombre: ""Cornell, City of Ithaca seek ‘unified vision’ for parks Cornell, City of Ithaca """,sin CMP detectada
15,mundo,Cornell,https://www.cornell.edu/,2.4.4,5effbb,Link in context is descriptive,26,div.dark-gray > div.home-honeycomb > div > a.hc-item,si,REVISAR,,SIN CONTEXTO PROGRAMATICO,R04,2026-09-09,,"JUICIO HUMANO. ¿Nombre + contexto describen el proposito? nombre: ""Cornell, City of Ithaca seek ‘unified vision’ for parks Cornell, City of Ithaca "" | href: https://news.cornell.edu/stories/2026/07/cornell-city-ithaca | AVISO: no hay parrafo, elemento de lista ni celda que lo contenga. Un div o article envolvente NO es contexto programatico.",sin CMP detectada
15,mundo,Cornell,https://www.cornell.edu/,2.4.4,c487ae,Link has non-empty accessible name,27,div.dark-gray > div.home-honeycomb > div > a.hc-item,si,cumple,,,R04,2026-09-09,,"nombre: ""This simple, low-cost activity reduces depression in young adults This simple, l""",sin CMP detectada
15,mundo,Cornell,https://www.cornell.edu/,2.4.4,5effbb,Link in context is descriptive,27,div.dark-gray > div.home-honeycomb > div > a.hc-item,si,REVISAR,,SIN CONTEXTO PROGRAMATICO,R04,2026-09-09,,"JUICIO HUMANO. ¿Nombre + contexto describen el proposito? nombre: ""This simple, low-cost activity reduces depression in young adults This simple, l"" | href: https://news.cornell.edu/stories/2026/06/simple-low-cost-act | AVISO: no hay parrafo, elemento de lista ni celda que lo contenga. Un div o article envolvente NO es contexto programatico.",sin CMP detectada
15,mundo,Cornell,https://www.cornell.edu/,2.4.4,c487ae,Link has non-empty accessible name,28,div.dark-gray > div.home-honeycomb > div > a.hc-item,si,cumple,,,R04,2026-09-09,,"nombre: ""Today’s clicks can reveal tomorrow’s breakthroughs Today’s clicks can reveal tom""",sin CMP detectada
15,mundo,Cornell,https://www.cornell.edu/,2.4.4,5effbb,Link in context is descriptive,28,div.dark-gray > div.home-honeycomb > div > a.hc-item,si,REVISAR,,SIN CONTEXTO PROGRAMATICO,R04,2026-09-09,,"JUICIO HUMANO. ¿Nombre + contexto describen el proposito? nombre: ""Today’s clicks can reveal tomorrow’s breakthroughs Today’s clicks can reveal tom"" | href: https://news.cornell.edu/stories/2026/08/todays-clicks-can-r | AVISO: no hay parrafo, elemento de lista ni celda que lo contenga. Un div o article envolvente NO es contexto programatico.",sin CMP detectada
15,mundo,Cornell,https://www.cornell.edu/,2.4.4,c487ae,Link has non-empty accessible name,29,div.section > div.socialmedia-stripe-intro > div.container > a.btn,si,cumple,,,R04,2026-09-09,,"nombre: ""Social Media Directory""",sin CMP detectada
15,mundo,Cornell,https://www.cornell.edu/,2.4.4,5effbb,Link in context is descriptive,29,div.section > div.socialmedia-stripe-intro > div.container > a.btn,si,REVISAR,,SIN CONTEXTO PROGRAMATICO,R04,2026-09-09,,"JUICIO HUMANO. ¿Nombre + contexto describen el proposito? nombre: ""Social Media Directory"" | href: https://socialmedia.cornell.edu/?utm_source=cornelledu&utm_m | AVISO: no hay parrafo, elemento de lista ni celda que lo contenga. Un div o article envolvente NO es contexto programatico.",sin CMP detectada
15,mundo,Cornell,https://www.cornell.edu/,2.4.4,c487ae,Link has non-empty accessible name,30,body.home > div > div.section > a.socialmedia-grid-link,si,cumple,,,R04,2026-09-09,,"nombre: ""Social Media Directory""",sin CMP detectada
15,mundo,Cornell,https://www.cornell.edu/,2.4.4,5effbb,Link in context is descriptive,30,body.home > div > div.section > a.socialmedia-grid-link,si,REVISAR,,SIN CONTEXTO PROGRAMATICO,R04,2026-09-09,,"JUICIO HUMANO. ¿Nombre + contexto describen el proposito? nombre: ""Social Media Directory"" | href: https://socialmedia.cornell.edu/?utm_source=cornelledu&utm_m | AVISO: no hay parrafo, elemento de lista ni celda que lo contenga. Un div o article envolvente NO es contexto programatico.",sin CMP detectada
15,mundo,Cornell,https://www.cornell.edu/,2.4.4,c487ae,Link has non-empty accessible name,31,div.grid-boxes > div.grid-box > p > a,si,cumple,,,R04,2026-09-09,,"nombre: ""“I would found an institution where any person can find instruction in any study""",sin CMP detectada
15,mundo,Cornell,https://www.cornell.edu/,2.4.4,5effbb,Link in context is descriptive,31,div.grid-boxes > div.grid-box > p > a,si,REVISAR,,“I would found an institution where any person can find instruction in any study.”,R04,2026-09-09,,"JUICIO HUMANO. ¿Nombre + contexto describen el proposito? nombre: ""“I would found an institution where any person can find instruction in any study"" | href: /about/mission.cfm",sin CMP detectada
15,mundo,Cornell,https://www.cornell.edu/,2.4.4,c487ae,Link has non-empty accessible name,32,div.grid-boxes > div.grid-box > p.attribution > a,si,cumple,,,R04,2026-09-09,,"nombre: ""Ezra Cornell, 1868""",sin CMP detectada
15,mundo,Cornell,https://www.cornell.edu/,2.4.4,5effbb,Link in context is descriptive,32,div.grid-boxes > div.grid-box > p.attribution > a,si,REVISAR,,"Ezra Cornell, 1868",R04,2026-09-09,,"JUICIO HUMANO. ¿Nombre + contexto describen el proposito? nombre: ""Ezra Cornell, 1868"" | href: /about/mission.cfm",sin CMP detectada
15,mundo,Cornell,https://www.cornell.edu/,2.4.4,c487ae,Link has non-empty accessible name,33,div.cu-ftr-inner > div.grid-boxes > div.grid-box > a.play-btn,si,cumple,,,R04,2026-09-09,,"nombre: ""Glorious to View Video""",sin CMP detectada
15,mundo,Cornell,https://www.cornell.edu/,2.4.4,5effbb,Link in context is descriptive,33,div.cu-ftr-inner > div.grid-boxes > div.grid-box > a.play-btn,si,REVISAR,,SIN CONTEXTO PROGRAMATICO,R04,2026-09-09,,"JUICIO HUMANO. ¿Nombre + contexto describen el proposito? nombre: ""Glorious to View Video"" | href: https://vod.video.cornell.edu/media/1_bsw084v2 | AVISO: no hay parrafo, elemento de lista ni celda que lo contenga. Un div o article envolvente NO es contexto programatico.",sin CMP detectada
15,mundo,Cornell,https://www.cornell.edu/,2.4.4,c487ae,Link has non-empty accessible name,34,div.grid-boxes > div.grid-box > div.cu-title > a,si,cumple,,,R04,2026-09-09,,"nombre: ""Experience Cornell""",sin CMP detectada
15,mundo,Cornell,https://www.cornell.edu/,2.4.4,5effbb,Link in context is descriptive,34,div.grid-boxes > div.grid-box > div.cu-title > a,si,REVISAR,,SIN CONTEXTO PROGRAMATICO,R04,2026-09-09,,"JUICIO HUMANO. ¿Nombre + contexto describen el proposito? nombre: ""Experience Cornell"" | href: https://vod.video.cornell.edu/media/1_bsw084v2 | AVISO: no hay parrafo, elemento de lista ni celda que lo contenga. Un div o article envolvente NO es contexto programatico.",sin CMP detectada
15,mundo,Cornell,https://www.cornell.edu/,2.4.4,c487ae,Link has non-empty accessible name,35,div.cu-ftr-inner > ul > li.ftr-item > a.submenu-trigger,si,cumple,,,R04,2026-09-09,,"nombre: ""toggle Helpful Links""",sin CMP detectada
15,mundo,Cornell,https://www.cornell.edu/,2.4.4,5effbb,Link in context is descriptive,35,div.cu-ftr-inner > ul > li.ftr-item > a.submenu-trigger,si,REVISAR,,Helpful Links expand menu Academic Calendar Leadership Careers Events News Cornell Office of Civil Rights Consumer Information Emergency Preparedness University,R04,2026-09-09,,"JUICIO HUMANO. ¿Nombre + contexto describen el proposito? nombre: ""toggle Helpful Links"" | href: #",sin CMP detectada
15,mundo,Cornell,https://www.cornell.edu/,2.4.4,c487ae,Link has non-empty accessible name,36,div.cu-ftr-inner > ul > li.ftr-item > a.submenu-trigger,si,cumple,,,R04,2026-09-09,,"nombre: ""toggle Visiting Cornell""",sin CMP detectada
15,mundo,Cornell,https://www.cornell.edu/,2.4.4,5effbb,Link in context is descriptive,36,div.cu-ftr-inner > ul > li.ftr-item > a.submenu-trigger,si,REVISAR,,Visiting Cornell expand menu Campus and Virtual Tours Maps & Directions Ithaca-NYC Travel Johnson Museum Botanic Gardens Ithaca,R04,2026-09-09,,"JUICIO HUMANO. ¿Nombre + contexto describen el proposito? nombre: ""toggle Visiting Cornell"" | href: #",sin CMP detectada
15,mundo,Cornell,https://www.cornell.edu/,2.4.4,c487ae,Link has non-empty accessible name,37,div.cu-ftr-inner > ul > li.ftr-item > a.submenu-trigger,si,cumple,,,R04,2026-09-09,,"nombre: ""toggle Ithaca Today""",sin CMP detectada
15,mundo,Cornell,https://www.cornell.edu/,2.4.4,5effbb,Link in context is descriptive,37,div.cu-ftr-inner > ul > li.ftr-item > a.submenu-trigger,si,REVISAR,,Ithaca Today expand menu Live View Weather 70°F / 21°C,R04,2026-09-09,,"JUICIO HUMANO. ¿Nombre + contexto describen el proposito? nombre: ""toggle Ithaca Today"" | href: #",sin CMP detectada
15,mundo,Cornell,https://www.cornell.edu/,2.4.4,c487ae,Link has non-empty accessible name,38,div.ftr-info > ul.ftr-utility > li > a,si,cumple,,,R04,2026-09-09,,"nombre: ""University Relations""",sin CMP detectada
15,mundo,Cornell,https://www.cornell.edu/,2.4.4,5effbb,Link in context is descriptive,38,div.ftr-info > ul.ftr-utility > li > a,si,REVISAR,,University Relations,R04,2026-09-09,,"JUICIO HUMANO. ¿Nombre + contexto describen el proposito? nombre: ""University Relations"" | href: https://universityrelations.cornell.edu",sin CMP detectada
15,mundo,Cornell,https://www.cornell.edu/,2.4.4,c487ae,Link has non-empty accessible name,39,div.ftr-info > ul.ftr-utility > li > a,si,cumple,,,R04,2026-09-09,,"nombre: ""University Privacy""",sin CMP detectada
15,mundo,Cornell,https://www.cornell.edu/,2.4.4,5effbb,Link in context is descriptive,39,div.ftr-info > ul.ftr-utility > li > a,si,REVISAR,,University Privacy,R04,2026-09-09,,"JUICIO HUMANO. ¿Nombre + contexto describen el proposito? nombre: ""University Privacy"" | href: https://privacy.cornell.edu/",sin CMP detectada
15,mundo,Cornell,https://www.cornell.edu/,2.4.4,c487ae,Link has non-empty accessible name,40,div.ftr-info > ul.ftr-utility > li > a,si,cumple,,,R04,2026-09-09,,"nombre: ""Equal Education & Employment""",sin CMP detectada
15,mundo,Cornell,https://www.cornell.edu/,2.4.4,5effbb,Link in context is descriptive,40,div.ftr-info > ul.ftr-utility > li > a,si,REVISAR,,Equal Education & Employment,R04,2026-09-09,,"JUICIO HUMANO. ¿Nombre + contexto describen el proposito? nombre: ""Equal Education & Employment"" | href: https://hr.cornell.edu/about/workplace-rights/equal-educatio",sin CMP detectada
15,mundo,Cornell,https://www.cornell.edu/,2.4.4,c487ae,Link has non-empty accessible name,41,div.ftr-info > ul.ftr-utility > li > a,si,cumple,,,R04,2026-09-09,,"nombre: ""Web Accessibility Assistance""",sin CMP detectada
15,mundo,Cornell,https://www.cornell.edu/,2.4.4,5effbb,Link in context is descriptive,41,div.ftr-info > ul.ftr-utility > li > a,si,REVISAR,,Web Accessibility Assistance,R04,2026-09-09,,"JUICIO HUMANO. ¿Nombre + contexto describen el proposito? nombre: ""Web Accessibility Assistance"" | href: //www.cornell.edu/accessibility-assistance.cfm",sin CMP detectada
15,mundo,Cornell,https://www.cornell.edu/,2.4.4,c487ae,Link has non-empty accessible name,42,div.ftr-info > ul.ftr-utility > li > a,si,cumple,,,R04,2026-09-09,,"nombre: ""Copyright""",sin CMP detectada
15,mundo,Cornell,https://www.cornell.edu/,2.4.4,5effbb,Link in context is descriptive,42,div.ftr-info > ul.ftr-utility > li > a,si,REVISAR,,Copyright,R04,2026-09-09,,"JUICIO HUMANO. ¿Nombre + contexto describen el proposito? nombre: ""Copyright"" | href: //www.cornell.edu/copyright.cfm",sin CMP detectada
15,mundo,Cornell,https://www.cornell.edu/,2.4.4,c487ae,Link has non-empty accessible name,43,div.ftr-info > ul.ftr-utility > li > a,si,cumple,,,R04,2026-09-09,,"nombre: ""Site Information""",sin CMP detectada
15,mundo,Cornell,https://www.cornell.edu/,2.4.4,5effbb,Link in context is descriptive,43,div.ftr-info > ul.ftr-utility > li > a,si,REVISAR,,Site Information,R04,2026-09-09,,"JUICIO HUMANO. ¿Nombre + contexto describen el proposito? nombre: ""Site Information"" | href: //www.cornell.edu/site-info.cfm",sin CMP detectada
15,mundo,Cornell,https://www.cornell.edu/,2.4.4,c487ae,Link has non-empty accessible name,44,div.ftr-info > ul.ftr-utility > li > a,si,cumple,,,R04,2026-09-09,,"nombre: ""Contact""",sin CMP detectada
15,mundo,Cornell,https://www.cornell.edu/,2.4.4,5effbb,Link in context is descriptive,44,div.ftr-info > ul.ftr-utility > li > a,si,REVISAR,,Contact,R04,2026-09-09,,"JUICIO HUMANO. ¿Nombre + contexto describen el proposito? nombre: ""Contact"" | href: //www.cornell.edu/contact",sin CMP detectada
15,mundo,Cornell,https://www.cornell.edu/,2.4.4,c487ae,Link has non-empty accessible name,45,div.ftr-info > ul.ftr-social > li > a,si,cumple,,,R04,2026-09-09,,"nombre: ""Facebook""",sin CMP detectada
15,mundo,Cornell,https://www.cornell.edu/,2.4.4,5effbb,Link in context is descriptive,45,div.ftr-info > ul.ftr-social > li > a,si,REVISAR,,Facebook,R04,2026-09-09,,"JUICIO HUMANO. ¿Nombre + contexto describen el proposito? nombre: ""Facebook"" | href: https://www.facebook.com/Cornell",sin CMP detectada
15,mundo,Cornell,https://www.cornell.edu/,2.4.4,c487ae,Link has non-empty accessible name,46,div.ftr-info > ul.ftr-social > li > a,si,cumple,,,R04,2026-09-09,,"nombre: ""Twitter""",sin CMP detectada
15,mundo,Cornell,https://www.cornell.edu/,2.4.4,5effbb,Link in context is descriptive,46,div.ftr-info > ul.ftr-social > li > a,si,REVISAR,,Twitter,R04,2026-09-09,,"JUICIO HUMANO. ¿Nombre + contexto describen el proposito? nombre: ""Twitter"" | href: https://twitter.com/Cornell",sin CMP detectada
15,mundo,Cornell,https://www.cornell.edu/,2.4.4,c487ae,Link has non-empty accessible name,47,div.ftr-info > ul.ftr-social > li > a,si,cumple,,,R04,2026-09-09,,"nombre: ""Instagram""",sin CMP detectada
15,mundo,Cornell,https://www.cornell.edu/,2.4.4,5effbb,Link in context is descriptive,47,div.ftr-info > ul.ftr-social > li > a,si,REVISAR,,Instagram,R04,2026-09-09,,"JUICIO HUMANO. ¿Nombre + contexto describen el proposito? nombre: ""Instagram"" | href: https://instagram.com/cornelluniversity",sin CMP detectada
15,mundo,Cornell,https://www.cornell.edu/,2.4.4,c487ae,Link has non-empty accessible name,48,div.ftr-info > ul.ftr-social > li > a,si,cumple,,,R04,2026-09-09,,"nombre: ""YouTube""",sin CMP detectada
15,mundo,Cornell,https://www.cornell.edu/,2.4.4,5effbb,Link in context is descriptive,48,div.ftr-info > ul.ftr-social > li > a,si,REVISAR,,YouTube,R04,2026-09-09,,"JUICIO HUMANO. ¿Nombre + contexto describen el proposito? nombre: ""YouTube"" | href: https://www.youtube.com/c/Cornell",sin CMP detectada
15,mundo,Cornell,https://www.cornell.edu/,2.4.4,c487ae,Link has non-empty accessible name,49,div.ftr-info > ul.ftr-social > li > a,si,cumple,,,R04,2026-09-09,,"nombre: ""LinkedIn""",sin CMP detectada
15,mundo,Cornell,https://www.cornell.edu/,2.4.4,5effbb,Link in context is descriptive,49,div.ftr-info > ul.ftr-social > li > a,si,REVISAR,,LinkedIn,R04,2026-09-09,,"JUICIO HUMANO. ¿Nombre + contexto describen el proposito? nombre: ""LinkedIn"" | href: https://www.linkedin.com/school/cornell-university/",sin CMP detectada
15,mundo,Cornell,https://www.cornell.edu/,2.4.4,fd3a94,Links with identical accessible names and same context serve equivalent purpose,29+30,div.section > div.socialmedia-stripe-intro > div.container > a.btn ; body.home > div > div.section > a.socialmedia-grid-link,si,REVISAR,,,R04,2026-09-09,,JUICIO HUMANO. 2 enlaces con el mismo nombre accesible y el mismo contexto apuntan a 2 destinos distintos. ¿Sirven un proposito equivalente? destinos: lledu&utm_medium=social_stripe&utm_campaign=button | lledu&utm_medium=social_stripe&utm_campaign=images,sin CMP detectada
