id,group,abbr,url,criterion,act_rule,rule_name,element_n,selector_or_description,applicable,outcome,measured_value,programmatic_context,evaluator_code,date,capture,notes,dialog_state
83,ecuador,UNESUM,https://unesum.edu.ec/,1.4.3,afw4f7,Text has minimum contrast,1,div.elementor-element > ul.elementor-icon-list-items > li.elementor-icon-list-item > span.elementor-icon-list-text,no,,,,R04,2026-09-09,,"No es un caracter visible: la regla no aplica. Texto oculto visualmente, de tamano cero o desplazado fuera de pantalla.",sin CMP detectada
83,ecuador,UNESUM,https://unesum.edu.ec/,1.4.3,afw4f7,Text has minimum contrast,2,div.elementor-element > ul.elementor-icon-list-items > li.elementor-icon-list-item > span.elementor-icon-list-text,no,,,,R04,2026-09-09,,"No es un caracter visible: la regla no aplica. Texto oculto visualmente, de tamano cero o desplazado fuera de pantalla.",sin CMP detectada
83,ecuador,UNESUM,https://unesum.edu.ec/,1.4.3,afw4f7,Text has minimum contrast,3,div.elementor-element > ul.elementor-icon-list-items > li.elementor-icon-list-item > span.elementor-icon-list-text,no,,,,R04,2026-09-09,,"No es un caracter visible: la regla no aplica. Texto oculto visualmente, de tamano cero o desplazado fuera de pantalla.",sin CMP detectada
83,ecuador,UNESUM,https://unesum.edu.ec/,1.4.3,afw4f7,Text has minimum contrast,4,ul.elementor-icon-list-items > li.elementor-icon-list-item > a > span.elementor-icon-list-text,no,,,,R04,2026-09-09,,"No es un caracter visible: la regla no aplica. Texto oculto visualmente, de tamano cero o desplazado fuera de pantalla.",sin CMP detectada
83,ecuador,UNESUM,https://unesum.edu.ec/,1.4.3,afw4f7,Text has minimum contrast,5,ul.elementor-icon-list-items > li.elementor-icon-list-item > a > span.elementor-icon-list-text,no,,,,R04,2026-09-09,,"No es un caracter visible: la regla no aplica. Texto oculto visualmente, de tamano cero o desplazado fuera de pantalla.",sin CMP detectada
83,ecuador,UNESUM,https://unesum.edu.ec/,1.4.3,afw4f7,Text has minimum contrast,6,div.elementor-social-icons-wrapper > span.elementor-grid-item > a.elementor-icon > span.elementor-screen-only,no,,,,R04,2026-09-09,,"No es un caracter visible: la regla no aplica. Texto oculto visualmente, de tamano cero o desplazado fuera de pantalla.",sin CMP detectada
83,ecuador,UNESUM,https://unesum.edu.ec/,1.4.3,afw4f7,Text has minimum contrast,7,div.elementor-social-icons-wrapper > span.elementor-grid-item > a.elementor-icon > span.elementor-screen-only,no,,,,R04,2026-09-09,,"No es un caracter visible: la regla no aplica. Texto oculto visualmente, de tamano cero o desplazado fuera de pantalla.",sin CMP detectada
83,ecuador,UNESUM,https://unesum.edu.ec/,1.4.3,afw4f7,Text has minimum contrast,8,div.elementor-social-icons-wrapper > span.elementor-grid-item > a.elementor-icon > span.elementor-screen-only,no,,,,R04,2026-09-09,,"No es un caracter visible: la regla no aplica. Texto oculto visualmente, de tamano cero o desplazado fuera de pantalla.",sin CMP detectada
83,ecuador,UNESUM,https://unesum.edu.ec/,1.4.3,afw4f7,Text has minimum contrast,9,div.elementor-social-icons-wrapper > span.elementor-grid-item > a.elementor-icon > span.elementor-screen-only,no,,,,R04,2026-09-09,,"No es un caracter visible: la regla no aplica. Texto oculto visualmente, de tamano cero o desplazado fuera de pantalla.",sin CMP detectada
83,ecuador,UNESUM,https://unesum.edu.ec/,1.4.3,afw4f7,Text has minimum contrast,10,div.elementor-social-icons-wrapper > span.elementor-grid-item > a.elementor-icon > span.elementor-screen-only,no,,,,R04,2026-09-09,,"No es un caracter visible: la regla no aplica. Texto oculto visualmente, de tamano cero o desplazado fuera de pantalla.",sin CMP detectada
83,ecuador,UNESUM,https://unesum.edu.ec/,1.4.3,afw4f7,Text has minimum contrast,11,div.elementor-social-icons-wrapper > span.elementor-grid-item > a.elementor-icon > span.elementor-screen-only,no,,,,R04,2026-09-09,,"No es un caracter visible: la regla no aplica. Texto oculto visualmente, de tamano cero o desplazado fuera de pantalla.",sin CMP detectada
83,ecuador,UNESUM,https://unesum.edu.ec/,1.4.3,afw4f7,Text has minimum contrast,12,li.e-n-menu-item > div.e-n-menu-title > a.e-n-menu-title-container > span.e-n-menu-title-text,no,,,,R04,2026-09-09,,"No es un caracter visible: la regla no aplica. Texto oculto visualmente, de tamano cero o desplazado fuera de pantalla.",sin CMP detectada
83,ecuador,UNESUM,https://unesum.edu.ec/,1.4.3,afw4f7,Text has minimum contrast,13,li.e-n-menu-item > div.e-n-menu-title > div.e-n-menu-title-container > span.e-n-menu-title-text,no,,,,R04,2026-09-09,,"No es un caracter visible: la regla no aplica. Texto oculto visualmente, de tamano cero o desplazado fuera de pantalla.",sin CMP detectada
83,ecuador,UNESUM,https://unesum.edu.ec/,1.4.3,afw4f7,Text has minimum contrast,14,div.e-n-menu-title > button.e-n-menu-dropdown-icon > span.e-n-menu-dropdown-icon-opened > span.elementor-screen-only,no,,,,R04,2026-09-09,,"No es un caracter visible: la regla no aplica. Texto oculto visualmente, de tamano cero o desplazado fuera de pantalla.",sin CMP detectada
83,ecuador,UNESUM,https://unesum.edu.ec/,1.4.3,afw4f7,Text has minimum contrast,15,div.e-n-menu-title > button.e-n-menu-dropdown-icon > span.e-n-menu-dropdown-icon-closed > span.elementor-screen-only,no,,,,R04,2026-09-09,,"No es un caracter visible: la regla no aplica. Texto oculto visualmente, de tamano cero o desplazado fuera de pantalla.",sin CMP detectada
83,ecuador,UNESUM,https://unesum.edu.ec/,1.4.3,afw4f7,Text has minimum contrast,16,div.elementor-element > div.elementor-element > div.elementor-element > h2.elementor-heading-title,no,,,,R04,2026-09-09,,"No es un caracter visible: la regla no aplica. Texto oculto visualmente, de tamano cero o desplazado fuera de pantalla.",sin CMP detectada
83,ecuador,UNESUM,https://unesum.edu.ec/,1.4.3,afw4f7,Text has minimum contrast,17,ul.elementor-icon-list-items > li.elementor-icon-list-item > a > span.elementor-icon-list-text,no,,,,R04,2026-09-09,,"No es un caracter visible: la regla no aplica. Texto oculto visualmente, de tamano cero o desplazado fuera de pantalla.",sin CMP detectada
83,ecuador,UNESUM,https://unesum.edu.ec/,1.4.3,afw4f7,Text has minimum contrast,18,ul.elementor-icon-list-items > li.elementor-icon-list-item > a > span.elementor-icon-list-text,no,,,,R04,2026-09-09,,"No es un caracter visible: la regla no aplica. Texto oculto visualmente, de tamano cero o desplazado fuera de pantalla.",sin CMP detectada
83,ecuador,UNESUM,https://unesum.edu.ec/,1.4.3,afw4f7,Text has minimum contrast,19,ul.elementor-icon-list-items > li.elementor-icon-list-item > a > span.elementor-icon-list-text,no,,,,R04,2026-09-09,,"No es un caracter visible: la regla no aplica. Texto oculto visualmente, de tamano cero o desplazado fuera de pantalla.",sin CMP detectada
83,ecuador,UNESUM,https://unesum.edu.ec/,1.4.3,afw4f7,Text has minimum contrast,20,div.elementor-element > div.elementor-element > div.elementor-element > h2.elementor-heading-title,no,,,,R04,2026-09-09,,"No es un caracter visible: la regla no aplica. Texto oculto visualmente, de tamano cero o desplazado fuera de pantalla.",sin CMP detectada
83,ecuador,UNESUM,https://unesum.edu.ec/,1.4.3,afw4f7,Text has minimum contrast,21,ul.elementor-icon-list-items > li.elementor-icon-list-item > a > span.elementor-icon-list-text,no,,,,R04,2026-09-09,,"No es un caracter visible: la regla no aplica. Texto oculto visualmente, de tamano cero o desplazado fuera de pantalla.",sin CMP detectada
83,ecuador,UNESUM,https://unesum.edu.ec/,1.4.3,afw4f7,Text has minimum contrast,22,ul.elementor-icon-list-items > li.elementor-icon-list-item > a > span.elementor-icon-list-text,no,,,,R04,2026-09-09,,"No es un caracter visible: la regla no aplica. Texto oculto visualmente, de tamano cero o desplazado fuera de pantalla.",sin CMP detectada
83,ecuador,UNESUM,https://unesum.edu.ec/,1.4.3,afw4f7,Text has minimum contrast,23,ul.elementor-icon-list-items > li.elementor-icon-list-item > a > span.elementor-icon-list-text,no,,,,R04,2026-09-09,,"No es un caracter visible: la regla no aplica. Texto oculto visualmente, de tamano cero o desplazado fuera de pantalla.",sin CMP detectada
83,ecuador,UNESUM,https://unesum.edu.ec/,1.4.3,afw4f7,Text has minimum contrast,24,div.elementor-element > div.elementor-element > div.elementor-element > h2.elementor-heading-title,no,,,,R04,2026-09-09,,"No es un caracter visible: la regla no aplica. Texto oculto visualmente, de tamano cero o desplazado fuera de pantalla.",sin CMP detectada
83,ecuador,UNESUM,https://unesum.edu.ec/,1.4.3,afw4f7,Text has minimum contrast,25,ul.elementor-icon-list-items > li.elementor-icon-list-item > a > span.elementor-icon-list-text,no,,,,R04,2026-09-09,,"No es un caracter visible: la regla no aplica. Texto oculto visualmente, de tamano cero o desplazado fuera de pantalla.",sin CMP detectada
83,ecuador,UNESUM,https://unesum.edu.ec/,1.4.3,afw4f7,Text has minimum contrast,26,ul.elementor-icon-list-items > li.elementor-icon-list-item > a > span.elementor-icon-list-text,no,,,,R04,2026-09-09,,"No es un caracter visible: la regla no aplica. Texto oculto visualmente, de tamano cero o desplazado fuera de pantalla.",sin CMP detectada
83,ecuador,UNESUM,https://unesum.edu.ec/,1.4.3,afw4f7,Text has minimum contrast,27,ul.elementor-icon-list-items > li.elementor-icon-list-item > a > span.elementor-icon-list-text,no,,,,R04,2026-09-09,,"No es un caracter visible: la regla no aplica. Texto oculto visualmente, de tamano cero o desplazado fuera de pantalla.",sin CMP detectada
83,ecuador,UNESUM,https://unesum.edu.ec/,1.4.3,afw4f7,Text has minimum contrast,28,div.elementor-element > div.elementor-element > div.elementor-element > h2.elementor-heading-title,no,,,,R04,2026-09-09,,"No es un caracter visible: la regla no aplica. Texto oculto visualmente, de tamano cero o desplazado fuera de pantalla.",sin CMP detectada
83,ecuador,UNESUM,https://unesum.edu.ec/,1.4.3,afw4f7,Text has minimum contrast,29,ul.elementor-icon-list-items > li.elementor-icon-list-item > a > span.elementor-icon-list-text,no,,,,R04,2026-09-09,,"No es un caracter visible: la regla no aplica. Texto oculto visualmente, de tamano cero o desplazado fuera de pantalla.",sin CMP detectada
83,ecuador,UNESUM,https://unesum.edu.ec/,1.4.3,afw4f7,Text has minimum contrast,30,ul.elementor-icon-list-items > li.elementor-icon-list-item > a > span.elementor-icon-list-text,no,,,,R04,2026-09-09,,"No es un caracter visible: la regla no aplica. Texto oculto visualmente, de tamano cero o desplazado fuera de pantalla.",sin CMP detectada
83,ecuador,UNESUM,https://unesum.edu.ec/,1.4.3,afw4f7,Text has minimum contrast,31,li.e-n-menu-item > div.e-n-menu-title > div.e-n-menu-title-container > span.e-n-menu-title-text,no,,,,R04,2026-09-09,,"No es un caracter visible: la regla no aplica. Texto oculto visualmente, de tamano cero o desplazado fuera de pantalla.",sin CMP detectada
83,ecuador,UNESUM,https://unesum.edu.ec/,1.4.3,afw4f7,Text has minimum contrast,32,div.e-n-menu-title > button.e-n-menu-dropdown-icon > span.e-n-menu-dropdown-icon-opened > span.elementor-screen-only,no,,,,R04,2026-09-09,,"No es un caracter visible: la regla no aplica. Texto oculto visualmente, de tamano cero o desplazado fuera de pantalla.",sin CMP detectada
83,ecuador,UNESUM,https://unesum.edu.ec/,1.4.3,afw4f7,Text has minimum contrast,33,div.e-n-menu-title > button.e-n-menu-dropdown-icon > span.e-n-menu-dropdown-icon-closed > span.elementor-screen-only,no,,,,R04,2026-09-09,,"No es un caracter visible: la regla no aplica. Texto oculto visualmente, de tamano cero o desplazado fuera de pantalla.",sin CMP detectada
83,ecuador,UNESUM,https://unesum.edu.ec/,1.4.3,afw4f7,Text has minimum contrast,34,div.elementor-element > div.elementor-element > div.elementor-element > h2.elementor-heading-title,no,,,,R04,2026-09-09,,"No es un caracter visible: la regla no aplica. Texto oculto visualmente, de tamano cero o desplazado fuera de pantalla.",sin CMP detectada
83,ecuador,UNESUM,https://unesum.edu.ec/,1.4.3,afw4f7,Text has minimum contrast,35,ul.elementor-icon-list-items > li.elementor-icon-list-item > a > span.elementor-icon-list-text,no,,,,R04,2026-09-09,,"No es un caracter visible: la regla no aplica. Texto oculto visualmente, de tamano cero o desplazado fuera de pantalla.",sin CMP detectada
83,ecuador,UNESUM,https://unesum.edu.ec/,1.4.3,afw4f7,Text has minimum contrast,36,ul.elementor-icon-list-items > li.elementor-icon-list-item > a > span.elementor-icon-list-text,no,,,,R04,2026-09-09,,"No es un caracter visible: la regla no aplica. Texto oculto visualmente, de tamano cero o desplazado fuera de pantalla.",sin CMP detectada
83,ecuador,UNESUM,https://unesum.edu.ec/,1.4.3,afw4f7,Text has minimum contrast,37,ul.elementor-icon-list-items > li.elementor-icon-list-item > a > span.elementor-icon-list-text,no,,,,R04,2026-09-09,,"No es un caracter visible: la regla no aplica. Texto oculto visualmente, de tamano cero o desplazado fuera de pantalla.",sin CMP detectada
83,ecuador,UNESUM,https://unesum.edu.ec/,1.4.3,afw4f7,Text has minimum contrast,38,div.elementor-element > div.elementor-element > div.elementor-element > h2.elementor-heading-title,no,,,,R04,2026-09-09,,"No es un caracter visible: la regla no aplica. Texto oculto visualmente, de tamano cero o desplazado fuera de pantalla.",sin CMP detectada
83,ecuador,UNESUM,https://unesum.edu.ec/,1.4.3,afw4f7,Text has minimum contrast,39,li.e-n-menu-item > div.e-n-menu-title > a.e-n-menu-title-container > span.e-n-menu-title-text,no,,,,R04,2026-09-09,,"No es un caracter visible: la regla no aplica. Texto oculto visualmente, de tamano cero o desplazado fuera de pantalla.",sin CMP detectada
83,ecuador,UNESUM,https://unesum.edu.ec/,1.4.3,afw4f7,Text has minimum contrast,40,li.e-n-menu-item > div.e-n-menu-title > a.e-n-menu-title-container > span.e-n-menu-title-text,no,,,,R04,2026-09-09,,"No es un caracter visible: la regla no aplica. Texto oculto visualmente, de tamano cero o desplazado fuera de pantalla.",sin CMP detectada
83,ecuador,UNESUM,https://unesum.edu.ec/,1.4.3,afw4f7,Text has minimum contrast,41,li.e-n-menu-item > div.e-n-menu-title > a.e-n-menu-title-container > span.e-n-menu-title-text,no,,,,R04,2026-09-09,,"No es un caracter visible: la regla no aplica. Texto oculto visualmente, de tamano cero o desplazado fuera de pantalla.",sin CMP detectada
83,ecuador,UNESUM,https://unesum.edu.ec/,1.4.3,afw4f7,Text has minimum contrast,42,nav.elementor-nav-menu--dropdown > ul.elementor-nav-menu > li.menu-item > a.elementor-item,si,cumple,17.77:1,,R04,2026-09-09,,"umbral 4.5:1 (texto normal, 13.0px); texto: ""Inicio""",sin CMP detectada
83,ecuador,UNESUM,https://unesum.edu.ec/,1.4.3,afw4f7,Text has minimum contrast,43,#sm-17889689937712036-1,si,cumple,17.77:1,,R04,2026-09-09,,"umbral 4.5:1 (texto normal, 13.0px); texto: ""Universidad""",sin CMP detectada
83,ecuador,UNESUM,https://unesum.edu.ec/,1.4.3,afw4f7,Text has minimum contrast,44,li.menu-item > ul.sub-menu > li.menu-item > a.elementor-sub-item,no,,,,R04,2026-09-09,,"No es un caracter visible: la regla no aplica. Texto oculto visualmente, de tamano cero o desplazado fuera de pantalla.",sin CMP detectada
83,ecuador,UNESUM,https://unesum.edu.ec/,1.4.3,afw4f7,Text has minimum contrast,45,li.menu-item > ul.sub-menu > li.menu-item > a.elementor-sub-item,no,,,,R04,2026-09-09,,"No es un caracter visible: la regla no aplica. Texto oculto visualmente, de tamano cero o desplazado fuera de pantalla.",sin CMP detectada
83,ecuador,UNESUM,https://unesum.edu.ec/,1.4.3,afw4f7,Text has minimum contrast,46,li.menu-item > ul.sub-menu > li.menu-item > a.elementor-sub-item,no,,,,R04,2026-09-09,,"No es un caracter visible: la regla no aplica. Texto oculto visualmente, de tamano cero o desplazado fuera de pantalla.",sin CMP detectada
83,ecuador,UNESUM,https://unesum.edu.ec/,1.4.3,afw4f7,Text has minimum contrast,47,li.menu-item > ul.sub-menu > li.menu-item > a.elementor-sub-item,no,,,,R04,2026-09-09,,"No es un caracter visible: la regla no aplica. Texto oculto visualmente, de tamano cero o desplazado fuera de pantalla.",sin CMP detectada
83,ecuador,UNESUM,https://unesum.edu.ec/,1.4.3,afw4f7,Text has minimum contrast,48,li.menu-item > ul.sub-menu > li.menu-item > a.elementor-sub-item,no,,,,R04,2026-09-09,,"No es un caracter visible: la regla no aplica. Texto oculto visualmente, de tamano cero o desplazado fuera de pantalla.",sin CMP detectada
83,ecuador,UNESUM,https://unesum.edu.ec/,1.4.3,afw4f7,Text has minimum contrast,49,li.menu-item > ul.sub-menu > li.menu-item > a.elementor-sub-item,no,,,,R04,2026-09-09,,"No es un caracter visible: la regla no aplica. Texto oculto visualmente, de tamano cero o desplazado fuera de pantalla.",sin CMP detectada
83,ecuador,UNESUM,https://unesum.edu.ec/,1.4.3,afw4f7,Text has minimum contrast,50,li.menu-item > ul.sub-menu > li.menu-item > a.elementor-sub-item,no,,,,R04,2026-09-09,,"No es un caracter visible: la regla no aplica. Texto oculto visualmente, de tamano cero o desplazado fuera de pantalla.",sin CMP detectada
83,ecuador,UNESUM,https://unesum.edu.ec/,1.4.3,afw4f7,Text has minimum contrast,51,li.menu-item > ul.sub-menu > li.menu-item > a.elementor-sub-item,no,,,,R04,2026-09-09,,"No es un caracter visible: la regla no aplica. Texto oculto visualmente, de tamano cero o desplazado fuera de pantalla.",sin CMP detectada
83,ecuador,UNESUM,https://unesum.edu.ec/,1.4.3,afw4f7,Text has minimum contrast,52,li.menu-item > ul.sub-menu > li.menu-item > a.elementor-sub-item,no,,,,R04,2026-09-09,,"No es un caracter visible: la regla no aplica. Texto oculto visualmente, de tamano cero o desplazado fuera de pantalla.",sin CMP detectada
83,ecuador,UNESUM,https://unesum.edu.ec/,1.4.3,afw4f7,Text has minimum contrast,53,#sm-17889689937712036-3,si,cumple,17.77:1,,R04,2026-09-09,,"umbral 4.5:1 (texto normal, 13.0px); texto: ""Oferta Académica""",sin CMP detectada
83,ecuador,UNESUM,https://unesum.edu.ec/,1.4.3,afw4f7,Text has minimum contrast,54,li.menu-item > ul.sub-menu > li.menu-item > a.elementor-sub-item,no,,,,R04,2026-09-09,,"No es un caracter visible: la regla no aplica. Texto oculto visualmente, de tamano cero o desplazado fuera de pantalla.",sin CMP detectada
83,ecuador,UNESUM,https://unesum.edu.ec/,1.4.3,afw4f7,Text has minimum contrast,55,li.menu-item > ul.sub-menu > li.menu-item > a.elementor-sub-item,no,,,,R04,2026-09-09,,"No es un caracter visible: la regla no aplica. Texto oculto visualmente, de tamano cero o desplazado fuera de pantalla.",sin CMP detectada
83,ecuador,UNESUM,https://unesum.edu.ec/,1.4.3,afw4f7,Text has minimum contrast,56,li.menu-item > ul.sub-menu > li.menu-item > a.elementor-sub-item,no,,,,R04,2026-09-09,,"No es un caracter visible: la regla no aplica. Texto oculto visualmente, de tamano cero o desplazado fuera de pantalla.",sin CMP detectada
83,ecuador,UNESUM,https://unesum.edu.ec/,1.4.3,afw4f7,Text has minimum contrast,57,nav.elementor-nav-menu--dropdown > ul.elementor-nav-menu > li.menu-item > a.elementor-item,si,cumple,17.77:1,,R04,2026-09-09,,"umbral 4.5:1 (texto normal, 13.0px); texto: ""Comunicación""",sin CMP detectada
83,ecuador,UNESUM,https://unesum.edu.ec/,1.4.3,afw4f7,Text has minimum contrast,58,nav.elementor-nav-menu--dropdown > ul.elementor-nav-menu > li.menu-item > a.elementor-item,si,cumple,17.77:1,,R04,2026-09-09,,"umbral 4.5:1 (texto normal, 13.0px); texto: ""Transparencia""",sin CMP detectada
83,ecuador,UNESUM,https://unesum.edu.ec/,1.4.3,afw4f7,Text has minimum contrast,59,nav.elementor-nav-menu--dropdown > ul.elementor-nav-menu > li.menu-item > a.elementor-item,si,cumple,17.77:1,,R04,2026-09-09,,"umbral 4.5:1 (texto normal, 13.0px); texto: ""Escríbenos""",sin CMP detectada
83,ecuador,UNESUM,https://unesum.edu.ec/,1.4.3,afw4f7,Text has minimum contrast,60,div.elementor-element > div.elementor-element > div.elementor-element > h5.elementor-heading-title,si,cumple,7.72:1,,R04,2026-09-09,,"umbral 4.5:1 (texto normal, 16.0px); texto: ""Jipijapa – Manabí""",sin CMP detectada
83,ecuador,UNESUM,https://unesum.edu.ec/,1.4.3,afw4f7,Text has minimum contrast,61,div.elementor-element > div.elementor-element > div.elementor-element > h1.elementor-heading-title,no,,,,R04,2026-09-09,,"No es un caracter visible: la regla no aplica. Texto oculto visualmente, de tamano cero o desplazado fuera de pantalla.",sin CMP detectada
83,ecuador,UNESUM,https://unesum.edu.ec/,1.4.3,afw4f7,Text has minimum contrast,62,div.e-con-inner > div.elementor-element > div.elementor-element > p.elementor-heading-title,no,,,,R04,2026-09-09,,"No es un caracter visible: la regla no aplica. Texto oculto visualmente, de tamano cero o desplazado fuera de pantalla.",sin CMP detectada
83,ecuador,UNESUM,https://unesum.edu.ec/,1.4.3,afw4f7,Text has minimum contrast,63,div.elementor-element > div.elementor-element > h2.elementor-heading-title > a,si,cumple,9.13:1,,R04,2026-09-09,,"umbral 4.5:1 (texto normal, 17.0px negrita); texto: ""Rectora""",sin CMP detectada
83,ecuador,UNESUM,https://unesum.edu.ec/,1.4.3,afw4f7,Text has minimum contrast,64,div.elementor-element > div.elementor-element > h2.elementor-heading-title > a,si,cumple,9.13:1,,R04,2026-09-09,,"umbral 4.5:1 (texto normal, 17.0px negrita); texto: ""Plataformas""",sin CMP detectada
83,ecuador,UNESUM,https://unesum.edu.ec/,1.4.3,afw4f7,Text has minimum contrast,65,div.elementor-element > div.elementor-element > h2.elementor-heading-title > a,si,cumple,9.13:1,,R04,2026-09-09,,"umbral 4.5:1 (texto normal, 17.0px negrita); texto: ""Investigación""",sin CMP detectada
83,ecuador,UNESUM,https://unesum.edu.ec/,1.4.3,afw4f7,Text has minimum contrast,66,div.elementor-element > div.elementor-element > h2.elementor-heading-title > a,si,cumple,9.13:1,,R04,2026-09-09,,"umbral 4.5:1 (texto normal, 17.0px negrita); texto: ""Vicerrector""",sin CMP detectada
83,ecuador,UNESUM,https://unesum.edu.ec/,1.4.3,afw4f7,Text has minimum contrast,67,div.elementor-element > div.elementor-element > h2.elementor-heading-title > a,si,cumple,9.13:1,,R04,2026-09-09,,"umbral 4.5:1 (texto normal, 17.0px negrita); texto: ""Gestión documental""",sin CMP detectada
83,ecuador,UNESUM,https://unesum.edu.ec/,1.4.3,afw4f7,Text has minimum contrast,68,div.elementor-element > div.elementor-element > h2.elementor-heading-title > a,si,cumple,9.13:1,,R04,2026-09-09,,"umbral 4.5:1 (texto normal, 17.0px negrita); texto: ""Vinculación""",sin CMP detectada
83,ecuador,UNESUM,https://unesum.edu.ec/,1.4.3,afw4f7,Text has minimum contrast,69,div.elementor-element > div.elementor-element > div.elementor-element > h2.elementor-heading-title,no,,,,R04,2026-09-09,,"No es un caracter visible: la regla no aplica. Texto oculto visualmente, de tamano cero o desplazado fuera de pantalla.",sin CMP detectada
83,ecuador,UNESUM,https://unesum.edu.ec/,1.4.3,afw4f7,Text has minimum contrast,70,div.elementor-element > div.elementor-element > div.elementor-element > h5.elementor-heading-title,no,,,,R04,2026-09-09,,"No es un caracter visible: la regla no aplica. Texto oculto visualmente, de tamano cero o desplazado fuera de pantalla.",sin CMP detectada
83,ecuador,UNESUM,https://unesum.edu.ec/,1.4.3,afw4f7,Text has minimum contrast,71,div.elementor-element > a.elementor-button > span.elementor-button-content-wrapper > span.elementor-button-text,no,,,,R04,2026-09-09,,"No es un caracter visible: la regla no aplica. Texto oculto visualmente, de tamano cero o desplazado fuera de pantalla.",sin CMP detectada
83,ecuador,UNESUM,https://unesum.edu.ec/,1.4.3,afw4f7,Text has minimum contrast,72,div.elementor-element > div.elementor-element > div.elementor-element > p.elementor-heading-title,no,,,,R04,2026-09-09,,"No es un caracter visible: la regla no aplica. Texto oculto visualmente, de tamano cero o desplazado fuera de pantalla.",sin CMP detectada
83,ecuador,UNESUM,https://unesum.edu.ec/,1.4.3,afw4f7,Text has minimum contrast,73,div.elementor-element > a.elementor-button > span.elementor-button-content-wrapper > span.elementor-button-text,no,,,,R04,2026-09-09,,"No es un caracter visible: la regla no aplica. Texto oculto visualmente, de tamano cero o desplazado fuera de pantalla.",sin CMP detectada
83,ecuador,UNESUM,https://unesum.edu.ec/,1.4.3,afw4f7,Text has minimum contrast,74,div.elementor-element > div.elementor-element > div.elementor-element > h5.elementor-heading-title,no,,,,R04,2026-09-09,,"No es un caracter visible: la regla no aplica. Texto oculto visualmente, de tamano cero o desplazado fuera de pantalla.",sin CMP detectada
83,ecuador,UNESUM,https://unesum.edu.ec/,1.4.3,afw4f7,Text has minimum contrast,75,div.elementor-element > a.elementor-button > span.elementor-button-content-wrapper > span.elementor-button-text,no,,,,R04,2026-09-09,,"No es un caracter visible: la regla no aplica. Texto oculto visualmente, de tamano cero o desplazado fuera de pantalla.",sin CMP detectada
83,ecuador,UNESUM,https://unesum.edu.ec/,1.4.3,afw4f7,Text has minimum contrast,76,div.elementor-element > div.elementor-element > div.elementor-element > p.elementor-heading-title,no,,,,R04,2026-09-09,,"No es un caracter visible: la regla no aplica. Texto oculto visualmente, de tamano cero o desplazado fuera de pantalla.",sin CMP detectada
83,ecuador,UNESUM,https://unesum.edu.ec/,1.4.3,afw4f7,Text has minimum contrast,77,div.elementor-element > a.elementor-button > span.elementor-button-content-wrapper > span.elementor-button-text,no,,,,R04,2026-09-09,,"No es un caracter visible: la regla no aplica. Texto oculto visualmente, de tamano cero o desplazado fuera de pantalla.",sin CMP detectada
83,ecuador,UNESUM,https://unesum.edu.ec/,1.4.3,afw4f7,Text has minimum contrast,78,div.elementor-element > div.elementor-element > div.elementor-element > h5.elementor-heading-title,no,,,,R04,2026-09-09,,"No es un caracter visible: la regla no aplica. Texto oculto visualmente, de tamano cero o desplazado fuera de pantalla.",sin CMP detectada
83,ecuador,UNESUM,https://unesum.edu.ec/,1.4.3,afw4f7,Text has minimum contrast,79,div.elementor-element > a.elementor-button > span.elementor-button-content-wrapper > span.elementor-button-text,no,,,,R04,2026-09-09,,"No es un caracter visible: la regla no aplica. Texto oculto visualmente, de tamano cero o desplazado fuera de pantalla.",sin CMP detectada
83,ecuador,UNESUM,https://unesum.edu.ec/,1.4.3,afw4f7,Text has minimum contrast,80,div.elementor-element > div.elementor-element > div.elementor-element > p.elementor-heading-title,no,,,,R04,2026-09-09,,"No es un caracter visible: la regla no aplica. Texto oculto visualmente, de tamano cero o desplazado fuera de pantalla.",sin CMP detectada
83,ecuador,UNESUM,https://unesum.edu.ec/,1.4.3,afw4f7,Text has minimum contrast,81,div.elementor-element > a.elementor-button > span.elementor-button-content-wrapper > span.elementor-button-text,no,,,,R04,2026-09-09,,"No es un caracter visible: la regla no aplica. Texto oculto visualmente, de tamano cero o desplazado fuera de pantalla.",sin CMP detectada
83,ecuador,UNESUM,https://unesum.edu.ec/,1.4.3,afw4f7,Text has minimum contrast,82,div.elementor-element > div.elementor-element > div.elementor-element > h2.elementor-heading-title,no,,,,R04,2026-09-09,,"No es un caracter visible: la regla no aplica. Texto oculto visualmente, de tamano cero o desplazado fuera de pantalla.",sin CMP detectada
83,ecuador,UNESUM,https://unesum.edu.ec/,1.4.3,afw4f7,Text has minimum contrast,83,div.elementor-element > div.elementor-element > div.elementor-element > p.elementor-heading-title,no,,,,R04,2026-09-09,,"No es un caracter visible: la regla no aplica. Texto oculto visualmente, de tamano cero o desplazado fuera de pantalla.",sin CMP detectada
83,ecuador,UNESUM,https://unesum.edu.ec/,1.4.3,afw4f7,Text has minimum contrast,84,div.elementor-element > div.elementor-element > div.elementor-element > h2.elementor-heading-title,si,cumple,10.08:1,,R04,2026-09-09,,"umbral 3:1 (texto grande, 20.0px negrita); texto: ""Presencial - Semipresencial - Online""",sin CMP detectada
83,ecuador,UNESUM,https://unesum.edu.ec/,1.4.3,afw4f7,Text has minimum contrast,85,div.elementor-element > div.elementor-element > div.elementor-element > h4.elementor-heading-title,no,,,,R04,2026-09-09,,"No es un caracter visible: la regla no aplica. Texto oculto visualmente, de tamano cero o desplazado fuera de pantalla.",sin CMP detectada
83,ecuador,UNESUM,https://unesum.edu.ec/,1.4.3,afw4f7,Text has minimum contrast,86,div.elementor-element > div.elementor-element > div.elementor-element > p.elementor-heading-title,no,,,,R04,2026-09-09,,"No es un caracter visible: la regla no aplica. Texto oculto visualmente, de tamano cero o desplazado fuera de pantalla.",sin CMP detectada
83,ecuador,UNESUM,https://unesum.edu.ec/,1.4.3,afw4f7,Text has minimum contrast,87,div.elementor-element > div.elementor-element > div.elementor-element > h4.elementor-heading-title,no,,,,R04,2026-09-09,,"No es un caracter visible: la regla no aplica. Texto oculto visualmente, de tamano cero o desplazado fuera de pantalla.",sin CMP detectada
83,ecuador,UNESUM,https://unesum.edu.ec/,1.4.3,afw4f7,Text has minimum contrast,88,div.elementor-element > div.elementor-element > div.elementor-element > p.elementor-heading-title,no,,,,R04,2026-09-09,,"No es un caracter visible: la regla no aplica. Texto oculto visualmente, de tamano cero o desplazado fuera de pantalla.",sin CMP detectada
83,ecuador,UNESUM,https://unesum.edu.ec/,1.4.3,afw4f7,Text has minimum contrast,89,div.elementor-element > div.elementor-element > div.elementor-element > h4.elementor-heading-title,no,,,,R04,2026-09-09,,"No es un caracter visible: la regla no aplica. Texto oculto visualmente, de tamano cero o desplazado fuera de pantalla.",sin CMP detectada
83,ecuador,UNESUM,https://unesum.edu.ec/,1.4.3,afw4f7,Text has minimum contrast,90,div.elementor-element > div.elementor-element > div.elementor-element > p.elementor-heading-title,no,,,,R04,2026-09-09,,"No es un caracter visible: la regla no aplica. Texto oculto visualmente, de tamano cero o desplazado fuera de pantalla.",sin CMP detectada
83,ecuador,UNESUM,https://unesum.edu.ec/,1.4.3,afw4f7,Text has minimum contrast,91,div.elementor-element > div.elementor-element > h4.elementor-heading-title > a,no,,,,R04,2026-09-09,,"No es un caracter visible: la regla no aplica. Texto oculto visualmente, de tamano cero o desplazado fuera de pantalla.",sin CMP detectada
83,ecuador,UNESUM,https://unesum.edu.ec/,1.4.3,afw4f7,Text has minimum contrast,92,div.elementor-element > div.elementor-element > p.elementor-heading-title > a,no,,,,R04,2026-09-09,,"No es un caracter visible: la regla no aplica. Texto oculto visualmente, de tamano cero o desplazado fuera de pantalla.",sin CMP detectada
83,ecuador,UNESUM,https://unesum.edu.ec/,1.4.3,afw4f7,Text has minimum contrast,93,div.elementor-element > div.elementor-element > div.elementor-element > h3.elementor-heading-title,no,,,,R04,2026-09-09,,"No es un caracter visible: la regla no aplica. Texto oculto visualmente, de tamano cero o desplazado fuera de pantalla.",sin CMP detectada
83,ecuador,UNESUM,https://unesum.edu.ec/,1.4.3,afw4f7,Text has minimum contrast,94,div.elementor-element > div.elementor-element > div.elementor-element > p.elementor-heading-title,no,,,,R04,2026-09-09,,"No es un caracter visible: la regla no aplica. Texto oculto visualmente, de tamano cero o desplazado fuera de pantalla.",sin CMP detectada
83,ecuador,UNESUM,https://unesum.edu.ec/,1.4.3,afw4f7,Text has minimum contrast,95,div.elementor-element > div.elementor-element > div.elementor-element > h5.elementor-heading-title,no,,,,R04,2026-09-09,,"No es un caracter visible: la regla no aplica. Texto oculto visualmente, de tamano cero o desplazado fuera de pantalla.",sin CMP detectada
83,ecuador,UNESUM,https://unesum.edu.ec/,1.4.3,afw4f7,Text has minimum contrast,96,div.elementor-element > div.elementor-counter > div.elementor-counter-number-wrapper > span.elementor-counter-number-prefix,no,,,,R04,2026-09-09,,"No es un caracter visible: la regla no aplica. Texto oculto visualmente, de tamano cero o desplazado fuera de pantalla.",sin CMP detectada
83,ecuador,UNESUM,https://unesum.edu.ec/,1.4.3,afw4f7,Text has minimum contrast,97,div.elementor-element > div.elementor-counter > div.elementor-counter-number-wrapper > span.elementor-counter-number,no,,,,R04,2026-09-09,,"No es un caracter visible: la regla no aplica. Texto oculto visualmente, de tamano cero o desplazado fuera de pantalla.",sin CMP detectada
83,ecuador,UNESUM,https://unesum.edu.ec/,1.4.3,afw4f7,Text has minimum contrast,98,div.elementor-element > div.elementor-element > div.elementor-element > h5.elementor-heading-title,no,,,,R04,2026-09-09,,"No es un caracter visible: la regla no aplica. Texto oculto visualmente, de tamano cero o desplazado fuera de pantalla.",sin CMP detectada
83,ecuador,UNESUM,https://unesum.edu.ec/,1.4.3,afw4f7,Text has minimum contrast,99,div.elementor-element > div.elementor-counter > div.elementor-counter-number-wrapper > span.elementor-counter-number-prefix,no,,,,R04,2026-09-09,,"No es un caracter visible: la regla no aplica. Texto oculto visualmente, de tamano cero o desplazado fuera de pantalla.",sin CMP detectada
83,ecuador,UNESUM,https://unesum.edu.ec/,1.4.3,afw4f7,Text has minimum contrast,100,div.elementor-element > div.elementor-counter > div.elementor-counter-number-wrapper > span.elementor-counter-number,no,,,,R04,2026-09-09,,"No es un caracter visible: la regla no aplica. Texto oculto visualmente, de tamano cero o desplazado fuera de pantalla.",sin CMP detectada
83,ecuador,UNESUM,https://unesum.edu.ec/,1.4.3,afw4f7,Text has minimum contrast,101,div.elementor-element > div.elementor-element > div.elementor-element > h5.elementor-heading-title,no,,,,R04,2026-09-09,,"No es un caracter visible: la regla no aplica. Texto oculto visualmente, de tamano cero o desplazado fuera de pantalla.",sin CMP detectada
83,ecuador,UNESUM,https://unesum.edu.ec/,1.4.3,afw4f7,Text has minimum contrast,102,div.elementor-element > div.elementor-counter > div.elementor-counter-number-wrapper > span.elementor-counter-number-prefix,no,,,,R04,2026-09-09,,"No es un caracter visible: la regla no aplica. Texto oculto visualmente, de tamano cero o desplazado fuera de pantalla.",sin CMP detectada
83,ecuador,UNESUM,https://unesum.edu.ec/,1.4.3,afw4f7,Text has minimum contrast,103,div.elementor-element > div.elementor-counter > div.elementor-counter-number-wrapper > span.elementor-counter-number,no,,,,R04,2026-09-09,,"No es un caracter visible: la regla no aplica. Texto oculto visualmente, de tamano cero o desplazado fuera de pantalla.",sin CMP detectada
83,ecuador,UNESUM,https://unesum.edu.ec/,1.4.3,afw4f7,Text has minimum contrast,104,div.elementor-element > div.elementor-element > div.elementor-element > h5.elementor-heading-title,no,,,,R04,2026-09-09,,"No es un caracter visible: la regla no aplica. Texto oculto visualmente, de tamano cero o desplazado fuera de pantalla.",sin CMP detectada
83,ecuador,UNESUM,https://unesum.edu.ec/,1.4.3,afw4f7,Text has minimum contrast,105,div.elementor-element > div.elementor-element > div.elementor-element > h2.elementor-heading-title,no,,,,R04,2026-09-09,,"No es un caracter visible: la regla no aplica. Texto oculto visualmente, de tamano cero o desplazado fuera de pantalla.",sin CMP detectada
83,ecuador,UNESUM,https://unesum.edu.ec/,1.4.3,afw4f7,Text has minimum contrast,106,div.elementor-element > div.elementor-element > div.elementor-element > h4.elementor-heading-title,no,,,,R04,2026-09-09,,"No es un caracter visible: la regla no aplica. Texto oculto visualmente, de tamano cero o desplazado fuera de pantalla.",sin CMP detectada
83,ecuador,UNESUM,https://unesum.edu.ec/,1.4.3,afw4f7,Text has minimum contrast,107,div.elementor-element > div.elementor-element > div.elementor-element > p.elementor-heading-title,no,,,,R04,2026-09-09,,"No es un caracter visible: la regla no aplica. Texto oculto visualmente, de tamano cero o desplazado fuera de pantalla.",sin CMP detectada
83,ecuador,UNESUM,https://unesum.edu.ec/,1.4.3,afw4f7,Text has minimum contrast,108,div.elementor-element > div.elementor-element > div.elementor-element > h4.elementor-heading-title,no,,,,R04,2026-09-09,,"No es un caracter visible: la regla no aplica. Texto oculto visualmente, de tamano cero o desplazado fuera de pantalla.",sin CMP detectada
83,ecuador,UNESUM,https://unesum.edu.ec/,1.4.3,afw4f7,Text has minimum contrast,109,div.elementor-element > div.elementor-element > div.elementor-element > p.elementor-heading-title,no,,,,R04,2026-09-09,,"No es un caracter visible: la regla no aplica. Texto oculto visualmente, de tamano cero o desplazado fuera de pantalla.",sin CMP detectada
83,ecuador,UNESUM,https://unesum.edu.ec/,1.4.3,afw4f7,Text has minimum contrast,110,div.elementor-element > div.elementor-element > div.elementor-element > h4.elementor-heading-title,no,,,,R04,2026-09-09,,"No es un caracter visible: la regla no aplica. Texto oculto visualmente, de tamano cero o desplazado fuera de pantalla.",sin CMP detectada
83,ecuador,UNESUM,https://unesum.edu.ec/,1.4.3,afw4f7,Text has minimum contrast,111,div.elementor-element > div.elementor-element > div.elementor-element > p.elementor-heading-title,no,,,,R04,2026-09-09,,"No es un caracter visible: la regla no aplica. Texto oculto visualmente, de tamano cero o desplazado fuera de pantalla.",sin CMP detectada
83,ecuador,UNESUM,https://unesum.edu.ec/,1.4.3,afw4f7,Text has minimum contrast,112,div.elementor-element > ul.elementor-icon-list-items > li.elementor-icon-list-item > span.elementor-icon-list-text,no,,,,R04,2026-09-09,,"No es un caracter visible: la regla no aplica. Texto oculto visualmente, de tamano cero o desplazado fuera de pantalla.",sin CMP detectada
83,ecuador,UNESUM,https://unesum.edu.ec/,1.4.3,afw4f7,Text has minimum contrast,113,div.elementor-element > ul.elementor-icon-list-items > li.elementor-icon-list-item > span.elementor-icon-list-text,no,,,,R04,2026-09-09,,"No es un caracter visible: la regla no aplica. Texto oculto visualmente, de tamano cero o desplazado fuera de pantalla.",sin CMP detectada
83,ecuador,UNESUM,https://unesum.edu.ec/,1.4.3,afw4f7,Text has minimum contrast,114,div.elementor-element > ul.elementor-icon-list-items > li.elementor-icon-list-item > span.elementor-icon-list-text,no,,,,R04,2026-09-09,,"No es un caracter visible: la regla no aplica. Texto oculto visualmente, de tamano cero o desplazado fuera de pantalla.",sin CMP detectada
83,ecuador,UNESUM,https://unesum.edu.ec/,1.4.3,afw4f7,Text has minimum contrast,115,div.elementor-element > div.ticker > div.ticker-track > span,si,cumple,9.13:1,,R04,2026-09-09,,"umbral 3:1 (texto grande, 32.1px negrita); texto: ""Excelencia académica para el desarrollo""",sin CMP detectada
83,ecuador,UNESUM,https://unesum.edu.ec/,1.4.3,afw4f7,Text has minimum contrast,116,div.elementor-element > div.ticker > div.ticker-track > span,si,cumple,9.13:1,,R04,2026-09-09,,"umbral 3:1 (texto grande, 32.1px negrita); texto: ""Excelencia académica para el desarrollo""",sin CMP detectada
83,ecuador,UNESUM,https://unesum.edu.ec/,1.4.3,afw4f7,Text has minimum contrast,117,div.elementor-element > div.ticker > div.ticker-track > span,si,cumple,9.13:1,,R04,2026-09-09,,"umbral 3:1 (texto grande, 32.1px negrita); texto: ""Excelencia académica para el desarrollo""",sin CMP detectada
83,ecuador,UNESUM,https://unesum.edu.ec/,1.4.3,afw4f7,Text has minimum contrast,118,div.elementor-element > div.ticker > div.ticker-track > span,si,cumple,9.13:1,,R04,2026-09-09,,"umbral 3:1 (texto grande, 32.1px negrita); texto: ""Excelencia académica para el desarrollo""",sin CMP detectada
83,ecuador,UNESUM,https://unesum.edu.ec/,1.4.3,afw4f7,Text has minimum contrast,119,div.elementor-element > div.ticker > div.ticker-track > span,si,cumple,9.13:1,,R04,2026-09-09,,"umbral 3:1 (texto grande, 32.1px negrita); texto: ""Excelencia académica para el desarrollo""",sin CMP detectada
83,ecuador,UNESUM,https://unesum.edu.ec/,1.4.3,afw4f7,Text has minimum contrast,120,div.elementor-element > div.ticker > div.ticker-track > span,si,cumple,9.13:1,,R04,2026-09-09,,"umbral 3:1 (texto grande, 32.1px negrita); texto: ""Excelencia académica para el desarrollo""",sin CMP detectada
83,ecuador,UNESUM,https://unesum.edu.ec/,1.4.3,afw4f7,Text has minimum contrast,121,ul.elementor-inline-items > li.elementor-icon-list-item > span.elementor-icon-list-text > time,si,cumple,9.13:1,,R04,2026-09-09,,"umbral 4.5:1 (texto normal, 16.0px); texto: ""septiembre 7, 2026""",sin CMP detectada
83,ecuador,UNESUM,https://unesum.edu.ec/,1.4.3,afw4f7,Text has minimum contrast,122,div.elementor > a.elementor-element > div.elementor-element > h4.elementor-heading-title,si,falla,1.18:1,,R04,2026-09-09,,"umbral 3:1 (texto grande, 24.0px negrita); texto: ""La UNESUM incorpora a 127 nuevos profesionales de la primera""",sin CMP detectada
83,ecuador,UNESUM,https://unesum.edu.ec/,1.4.3,afw4f7,Text has minimum contrast,123,ul.elementor-inline-items > li.elementor-icon-list-item > span.elementor-icon-list-text > time,si,cumple,9.13:1,,R04,2026-09-09,,"umbral 4.5:1 (texto normal, 16.0px); texto: ""septiembre 4, 2026""",sin CMP detectada
83,ecuador,UNESUM,https://unesum.edu.ec/,1.4.3,afw4f7,Text has minimum contrast,124,div.elementor > a.elementor-element > div.elementor-element > h4.elementor-heading-title,si,falla,1.18:1,,R04,2026-09-09,,"umbral 3:1 (texto grande, 24.0px negrita); texto: ""La UNESUM fortalece la expresión oral, el arte y la cultura """,sin CMP detectada
83,ecuador,UNESUM,https://unesum.edu.ec/,1.4.3,afw4f7,Text has minimum contrast,125,ul.elementor-inline-items > li.elementor-icon-list-item > span.elementor-icon-list-text > time,si,cumple,9.13:1,,R04,2026-09-09,,"umbral 4.5:1 (texto normal, 16.0px); texto: ""septiembre 4, 2026""",sin CMP detectada
83,ecuador,UNESUM,https://unesum.edu.ec/,1.4.3,afw4f7,Text has minimum contrast,126,div.elementor > a.elementor-element > div.elementor-element > h4.elementor-heading-title,si,falla,1.18:1,,R04,2026-09-09,,"umbral 3:1 (texto grande, 24.0px negrita); texto: ""II Feria Sport Pedagogía PAFIDE – UNESUM 2026""",sin CMP detectada
83,ecuador,UNESUM,https://unesum.edu.ec/,1.4.3,afw4f7,Text has minimum contrast,127,div.elementor-element > div.elementor-element > div.elementor-element > h3.elementor-heading-title,no,,,,R04,2026-09-09,,"No es un caracter visible: la regla no aplica. Texto oculto visualmente, de tamano cero o desplazado fuera de pantalla.",sin CMP detectada
83,ecuador,UNESUM,https://unesum.edu.ec/,1.4.3,afw4f7,Text has minimum contrast,128,div.elementor-element > div.elementor-element > div.elementor-element > h3.elementor-heading-title,no,,,,R04,2026-09-09,,"No es un caracter visible: la regla no aplica. Texto oculto visualmente, de tamano cero o desplazado fuera de pantalla.",sin CMP detectada
83,ecuador,UNESUM,https://unesum.edu.ec/,1.4.3,afw4f7,Text has minimum contrast,129,div.elementor-element > div.elementor-element > div.elementor-element > h4.elementor-heading-title,no,,,,R04,2026-09-09,,"No es un caracter visible: la regla no aplica. Texto oculto visualmente, de tamano cero o desplazado fuera de pantalla.",sin CMP detectada
83,ecuador,UNESUM,https://unesum.edu.ec/,1.4.3,afw4f7,Text has minimum contrast,130,div.elementor-element > div.elementor-element > div.elementor-element > p.elementor-heading-title,no,,,,R04,2026-09-09,,"No es un caracter visible: la regla no aplica. Texto oculto visualmente, de tamano cero o desplazado fuera de pantalla.",sin CMP detectada
83,ecuador,UNESUM,https://unesum.edu.ec/,1.4.3,afw4f7,Text has minimum contrast,131,div.elementor-element > div.elementor-element > div.elementor-element > h4.elementor-heading-title,no,,,,R04,2026-09-09,,"No es un caracter visible: la regla no aplica. Texto oculto visualmente, de tamano cero o desplazado fuera de pantalla.",sin CMP detectada
83,ecuador,UNESUM,https://unesum.edu.ec/,1.4.3,afw4f7,Text has minimum contrast,132,ul.elementor-icon-list-items > li.elementor-icon-list-item > a > span.elementor-icon-list-text,no,,,,R04,2026-09-09,,"No es un caracter visible: la regla no aplica. Texto oculto visualmente, de tamano cero o desplazado fuera de pantalla.",sin CMP detectada
83,ecuador,UNESUM,https://unesum.edu.ec/,1.4.3,afw4f7,Text has minimum contrast,133,ul.elementor-icon-list-items > li.elementor-icon-list-item > a > span.elementor-icon-list-text,no,,,,R04,2026-09-09,,"No es un caracter visible: la regla no aplica. Texto oculto visualmente, de tamano cero o desplazado fuera de pantalla.",sin CMP detectada
83,ecuador,UNESUM,https://unesum.edu.ec/,1.4.3,afw4f7,Text has minimum contrast,134,ul.elementor-icon-list-items > li.elementor-icon-list-item > a > span.elementor-icon-list-text,no,,,,R04,2026-09-09,,"No es un caracter visible: la regla no aplica. Texto oculto visualmente, de tamano cero o desplazado fuera de pantalla.",sin CMP detectada
83,ecuador,UNESUM,https://unesum.edu.ec/,1.4.3,afw4f7,Text has minimum contrast,135,ul.elementor-icon-list-items > li.elementor-icon-list-item > a > span.elementor-icon-list-text,no,,,,R04,2026-09-09,,"No es un caracter visible: la regla no aplica. Texto oculto visualmente, de tamano cero o desplazado fuera de pantalla.",sin CMP detectada
83,ecuador,UNESUM,https://unesum.edu.ec/,1.4.3,afw4f7,Text has minimum contrast,136,div.elementor-element > div.elementor-element > div.elementor-element > h4.elementor-heading-title,no,,,,R04,2026-09-09,,"No es un caracter visible: la regla no aplica. Texto oculto visualmente, de tamano cero o desplazado fuera de pantalla.",sin CMP detectada
83,ecuador,UNESUM,https://unesum.edu.ec/,1.4.3,afw4f7,Text has minimum contrast,137,ul.elementor-icon-list-items > li.elementor-icon-list-item > a > span.elementor-icon-list-text,no,,,,R04,2026-09-09,,"No es un caracter visible: la regla no aplica. Texto oculto visualmente, de tamano cero o desplazado fuera de pantalla.",sin CMP detectada
83,ecuador,UNESUM,https://unesum.edu.ec/,1.4.3,afw4f7,Text has minimum contrast,138,ul.elementor-icon-list-items > li.elementor-icon-list-item > a > span.elementor-icon-list-text,no,,,,R04,2026-09-09,,"No es un caracter visible: la regla no aplica. Texto oculto visualmente, de tamano cero o desplazado fuera de pantalla.",sin CMP detectada
83,ecuador,UNESUM,https://unesum.edu.ec/,1.4.3,afw4f7,Text has minimum contrast,139,ul.elementor-icon-list-items > li.elementor-icon-list-item > a > span.elementor-icon-list-text,no,,,,R04,2026-09-09,,"No es un caracter visible: la regla no aplica. Texto oculto visualmente, de tamano cero o desplazado fuera de pantalla.",sin CMP detectada
83,ecuador,UNESUM,https://unesum.edu.ec/,1.4.3,afw4f7,Text has minimum contrast,140,ul.elementor-icon-list-items > li.elementor-icon-list-item > a > span.elementor-icon-list-text,no,,,,R04,2026-09-09,,"No es un caracter visible: la regla no aplica. Texto oculto visualmente, de tamano cero o desplazado fuera de pantalla.",sin CMP detectada
83,ecuador,UNESUM,https://unesum.edu.ec/,1.4.3,afw4f7,Text has minimum contrast,141,div.elementor-element > div.elementor-element > div.elementor-element > h4.elementor-heading-title,no,,,,R04,2026-09-09,,"No es un caracter visible: la regla no aplica. Texto oculto visualmente, de tamano cero o desplazado fuera de pantalla.",sin CMP detectada
83,ecuador,UNESUM,https://unesum.edu.ec/,1.4.3,afw4f7,Text has minimum contrast,142,div.elementor-element > ul.elementor-icon-list-items > li.elementor-icon-list-item > span.elementor-icon-list-text,no,,,,R04,2026-09-09,,"No es un caracter visible: la regla no aplica. Texto oculto visualmente, de tamano cero o desplazado fuera de pantalla.",sin CMP detectada
83,ecuador,UNESUM,https://unesum.edu.ec/,1.4.3,afw4f7,Text has minimum contrast,143,div.elementor-element > ul.elementor-icon-list-items > li.elementor-icon-list-item > span.elementor-icon-list-text,no,,,,R04,2026-09-09,,"No es un caracter visible: la regla no aplica. Texto oculto visualmente, de tamano cero o desplazado fuera de pantalla.",sin CMP detectada
83,ecuador,UNESUM,https://unesum.edu.ec/,1.4.3,afw4f7,Text has minimum contrast,144,div.elementor-element > ul.elementor-icon-list-items > li.elementor-icon-list-item > span.elementor-icon-list-text,no,,,,R04,2026-09-09,,"No es un caracter visible: la regla no aplica. Texto oculto visualmente, de tamano cero o desplazado fuera de pantalla.",sin CMP detectada
83,ecuador,UNESUM,https://unesum.edu.ec/,1.4.3,afw4f7,Text has minimum contrast,145,div.elementor-element > ul.elementor-icon-list-items > li.elementor-icon-list-item > span.elementor-icon-list-text,no,,,,R04,2026-09-09,,"No es un caracter visible: la regla no aplica. Texto oculto visualmente, de tamano cero o desplazado fuera de pantalla.",sin CMP detectada
83,ecuador,UNESUM,https://unesum.edu.ec/,1.4.3,afw4f7,Text has minimum contrast,146,div.elementor-element > div.elementor-element > div.elementor-element > p.elementor-heading-title,no,,,,R04,2026-09-09,,"No es un caracter visible: la regla no aplica. Texto oculto visualmente, de tamano cero o desplazado fuera de pantalla.",sin CMP detectada
83,ecuador,UNESUM,https://unesum.edu.ec/,1.4.3,afw4f7,Text has minimum contrast,147,div.elementor-social-icons-wrapper > span.elementor-grid-item > a.elementor-icon > span.elementor-screen-only,no,,,,R04,2026-09-09,,"No es un caracter visible: la regla no aplica. Texto oculto visualmente, de tamano cero o desplazado fuera de pantalla.",sin CMP detectada
83,ecuador,UNESUM,https://unesum.edu.ec/,1.4.3,afw4f7,Text has minimum contrast,148,div.elementor-social-icons-wrapper > span.elementor-grid-item > a.elementor-icon > span.elementor-screen-only,no,,,,R04,2026-09-09,,"No es un caracter visible: la regla no aplica. Texto oculto visualmente, de tamano cero o desplazado fuera de pantalla.",sin CMP detectada
83,ecuador,UNESUM,https://unesum.edu.ec/,1.4.3,afw4f7,Text has minimum contrast,149,div.elementor-social-icons-wrapper > span.elementor-grid-item > a.elementor-icon > span.elementor-screen-only,no,,,,R04,2026-09-09,,"No es un caracter visible: la regla no aplica. Texto oculto visualmente, de tamano cero o desplazado fuera de pantalla.",sin CMP detectada
83,ecuador,UNESUM,https://unesum.edu.ec/,1.4.3,afw4f7,Text has minimum contrast,150,div.elementor-social-icons-wrapper > span.elementor-grid-item > a.elementor-icon > span.elementor-screen-only,no,,,,R04,2026-09-09,,"No es un caracter visible: la regla no aplica. Texto oculto visualmente, de tamano cero o desplazado fuera de pantalla.",sin CMP detectada
83,ecuador,UNESUM,https://unesum.edu.ec/,1.4.3,afw4f7,Text has minimum contrast,151,div.elementor-social-icons-wrapper > span.elementor-grid-item > a.elementor-icon > span.elementor-screen-only,no,,,,R04,2026-09-09,,"No es un caracter visible: la regla no aplica. Texto oculto visualmente, de tamano cero o desplazado fuera de pantalla.",sin CMP detectada
83,ecuador,UNESUM,https://unesum.edu.ec/,1.4.3,afw4f7,Text has minimum contrast,152,div.elementor-social-icons-wrapper > span.elementor-grid-item > a.elementor-icon > span.elementor-screen-only,no,,,,R04,2026-09-09,,"No es un caracter visible: la regla no aplica. Texto oculto visualmente, de tamano cero o desplazado fuera de pantalla.",sin CMP detectada
83,ecuador,UNESUM,https://unesum.edu.ec/,1.1.1,e88epe,Image not in the accessibility tree is decorative,1,ul.elementor-icon-list-items > li.elementor-icon-list-item > span.elementor-icon-list-icon > svg,no,,,,R04,2026-09-09,,Fuera del arbol de accesibilidad: se trata como decorativa.,sin CMP detectada
83,ecuador,UNESUM,https://unesum.edu.ec/,1.1.1,e88epe,Image not in the accessibility tree is decorative,2,ul.elementor-icon-list-items > li.elementor-icon-list-item > span.elementor-icon-list-icon > svg,no,,,,R04,2026-09-09,,Fuera del arbol de accesibilidad: se trata como decorativa.,sin CMP detectada
83,ecuador,UNESUM,https://unesum.edu.ec/,1.1.1,e88epe,Image not in the accessibility tree is decorative,3,ul.elementor-icon-list-items > li.elementor-icon-list-item > span.elementor-icon-list-icon > svg,no,,,,R04,2026-09-09,,Fuera del arbol de accesibilidad: se trata como decorativa.,sin CMP detectada
83,ecuador,UNESUM,https://unesum.edu.ec/,1.1.1,e88epe,Image not in the accessibility tree is decorative,4,div.elementor-social-icons-wrapper > span.elementor-grid-item > a.elementor-icon > svg,no,,,,R04,2026-09-09,,Fuera del arbol de accesibilidad: se trata como decorativa.,sin CMP detectada
83,ecuador,UNESUM,https://unesum.edu.ec/,1.1.1,e88epe,Image not in the accessibility tree is decorative,5,div.elementor-social-icons-wrapper > span.elementor-grid-item > a.elementor-icon > svg,no,,,,R04,2026-09-09,,Fuera del arbol de accesibilidad: se trata como decorativa.,sin CMP detectada
83,ecuador,UNESUM,https://unesum.edu.ec/,1.1.1,e88epe,Image not in the accessibility tree is decorative,6,div.elementor-social-icons-wrapper > span.elementor-grid-item > a.elementor-icon > svg,no,,,,R04,2026-09-09,,Fuera del arbol de accesibilidad: se trata como decorativa.,sin CMP detectada
83,ecuador,UNESUM,https://unesum.edu.ec/,1.1.1,e88epe,Image not in the accessibility tree is decorative,7,div.elementor-social-icons-wrapper > span.elementor-grid-item > a.elementor-icon > svg,no,,,,R04,2026-09-09,,Fuera del arbol de accesibilidad: se trata como decorativa.,sin CMP detectada
83,ecuador,UNESUM,https://unesum.edu.ec/,1.1.1,e88epe,Image not in the accessibility tree is decorative,8,div.elementor-social-icons-wrapper > span.elementor-grid-item > a.elementor-icon > svg,no,,,,R04,2026-09-09,,Fuera del arbol de accesibilidad: se trata como decorativa.,sin CMP detectada
83,ecuador,UNESUM,https://unesum.edu.ec/,1.1.1,e88epe,Image not in the accessibility tree is decorative,9,div.elementor-social-icons-wrapper > span.elementor-grid-item > a.elementor-icon > svg,no,,,,R04,2026-09-09,,Fuera del arbol de accesibilidad: se trata como decorativa.,sin CMP detectada
83,ecuador,UNESUM,https://unesum.edu.ec/,1.1.1,e88epe,Image not in the accessibility tree is decorative,10,nav.e-n-menu > button.e-n-menu-toggle > span.e-n-menu-toggle-icon > svg,no,,,,R04,2026-09-09,,Fuera del arbol de accesibilidad: se trata como decorativa.,sin CMP detectada
83,ecuador,UNESUM,https://unesum.edu.ec/,1.1.1,e88epe,Image not in the accessibility tree is decorative,11,nav.e-n-menu > button.e-n-menu-toggle > span.e-n-menu-toggle-icon > svg,no,,,,R04,2026-09-09,,Fuera del arbol de accesibilidad: se trata como decorativa.,sin CMP detectada
83,ecuador,UNESUM,https://unesum.edu.ec/,1.1.1,e88epe,Image not in the accessibility tree is decorative,12,div.e-n-menu-title > button.e-n-menu-dropdown-icon > span.e-n-menu-dropdown-icon-opened > svg,no,,,,R04,2026-09-09,,Fuera del arbol de accesibilidad: se trata como decorativa.,sin CMP detectada
83,ecuador,UNESUM,https://unesum.edu.ec/,1.1.1,e88epe,Image not in the accessibility tree is decorative,13,div.e-n-menu-title > button.e-n-menu-dropdown-icon > span.e-n-menu-dropdown-icon-closed > svg,no,,,,R04,2026-09-09,,Fuera del arbol de accesibilidad: se trata como decorativa.,sin CMP detectada
83,ecuador,UNESUM,https://unesum.edu.ec/,1.1.1,e88epe,Image not in the accessibility tree is decorative,14,li.elementor-icon-list-item > a > span.elementor-icon-list-icon > svg,no,,,,R04,2026-09-09,,Fuera del arbol de accesibilidad: se trata como decorativa.,sin CMP detectada
83,ecuador,UNESUM,https://unesum.edu.ec/,1.1.1,e88epe,Image not in the accessibility tree is decorative,15,li.elementor-icon-list-item > a > span.elementor-icon-list-icon > svg,no,,,,R04,2026-09-09,,Fuera del arbol de accesibilidad: se trata como decorativa.,sin CMP detectada
83,ecuador,UNESUM,https://unesum.edu.ec/,1.1.1,e88epe,Image not in the accessibility tree is decorative,16,li.elementor-icon-list-item > a > span.elementor-icon-list-icon > svg,no,,,,R04,2026-09-09,,Fuera del arbol de accesibilidad: se trata como decorativa.,sin CMP detectada
83,ecuador,UNESUM,https://unesum.edu.ec/,1.1.1,e88epe,Image not in the accessibility tree is decorative,17,li.elementor-icon-list-item > a > span.elementor-icon-list-icon > svg,no,,,,R04,2026-09-09,,Fuera del arbol de accesibilidad: se trata como decorativa.,sin CMP detectada
83,ecuador,UNESUM,https://unesum.edu.ec/,1.1.1,e88epe,Image not in the accessibility tree is decorative,18,li.elementor-icon-list-item > a > span.elementor-icon-list-icon > svg,no,,,,R04,2026-09-09,,Fuera del arbol de accesibilidad: se trata como decorativa.,sin CMP detectada
83,ecuador,UNESUM,https://unesum.edu.ec/,1.1.1,e88epe,Image not in the accessibility tree is decorative,19,li.elementor-icon-list-item > a > span.elementor-icon-list-icon > svg,no,,,,R04,2026-09-09,,Fuera del arbol de accesibilidad: se trata como decorativa.,sin CMP detectada
83,ecuador,UNESUM,https://unesum.edu.ec/,1.1.1,e88epe,Image not in the accessibility tree is decorative,20,li.elementor-icon-list-item > a > span.elementor-icon-list-icon > svg,no,,,,R04,2026-09-09,,Fuera del arbol de accesibilidad: se trata como decorativa.,sin CMP detectada
83,ecuador,UNESUM,https://unesum.edu.ec/,1.1.1,e88epe,Image not in the accessibility tree is decorative,21,li.elementor-icon-list-item > a > span.elementor-icon-list-icon > svg,no,,,,R04,2026-09-09,,Fuera del arbol de accesibilidad: se trata como decorativa.,sin CMP detectada
83,ecuador,UNESUM,https://unesum.edu.ec/,1.1.1,e88epe,Image not in the accessibility tree is decorative,22,li.elementor-icon-list-item > a > span.elementor-icon-list-icon > svg,no,,,,R04,2026-09-09,,Fuera del arbol de accesibilidad: se trata como decorativa.,sin CMP detectada
83,ecuador,UNESUM,https://unesum.edu.ec/,1.1.1,e88epe,Image not in the accessibility tree is decorative,23,li.elementor-icon-list-item > a > span.elementor-icon-list-icon > svg,no,,,,R04,2026-09-09,,Fuera del arbol de accesibilidad: se trata como decorativa.,sin CMP detectada
83,ecuador,UNESUM,https://unesum.edu.ec/,1.1.1,e88epe,Image not in the accessibility tree is decorative,24,li.elementor-icon-list-item > a > span.elementor-icon-list-icon > svg,no,,,,R04,2026-09-09,,Fuera del arbol de accesibilidad: se trata como decorativa.,sin CMP detectada
83,ecuador,UNESUM,https://unesum.edu.ec/,1.1.1,e88epe,Image not in the accessibility tree is decorative,25,div.e-n-menu-title > button.e-n-menu-dropdown-icon > span.e-n-menu-dropdown-icon-opened > svg,no,,,,R04,2026-09-09,,Fuera del arbol de accesibilidad: se trata como decorativa.,sin CMP detectada
83,ecuador,UNESUM,https://unesum.edu.ec/,1.1.1,e88epe,Image not in the accessibility tree is decorative,26,div.e-n-menu-title > button.e-n-menu-dropdown-icon > span.e-n-menu-dropdown-icon-closed > svg,no,,,,R04,2026-09-09,,Fuera del arbol de accesibilidad: se trata como decorativa.,sin CMP detectada
83,ecuador,UNESUM,https://unesum.edu.ec/,1.1.1,e88epe,Image not in the accessibility tree is decorative,27,li.elementor-icon-list-item > a > span.elementor-icon-list-icon > svg,no,,,,R04,2026-09-09,,Fuera del arbol de accesibilidad: se trata como decorativa.,sin CMP detectada
83,ecuador,UNESUM,https://unesum.edu.ec/,1.1.1,e88epe,Image not in the accessibility tree is decorative,28,li.elementor-icon-list-item > a > span.elementor-icon-list-icon > svg,no,,,,R04,2026-09-09,,Fuera del arbol de accesibilidad: se trata como decorativa.,sin CMP detectada
83,ecuador,UNESUM,https://unesum.edu.ec/,1.1.1,e88epe,Image not in the accessibility tree is decorative,29,li.elementor-icon-list-item > a > span.elementor-icon-list-icon > svg,no,,,,R04,2026-09-09,,Fuera del arbol de accesibilidad: se trata como decorativa.,sin CMP detectada
83,ecuador,UNESUM,https://unesum.edu.ec/,1.1.1,e88epe,Image not in the accessibility tree is decorative,30,div.elementor-element > div.elementor-element > a > img.attachment-large,no,,,,R04,2026-09-09,,Fuera del arbol de accesibilidad: se trata como decorativa.,sin CMP detectada
83,ecuador,UNESUM,https://unesum.edu.ec/,1.1.1,e88epe,Image not in the accessibility tree is decorative,31,div.elementor-element > div.elementor-element > a > img.elementor-animation-shrink,no,,,,R04,2026-09-09,,Fuera del arbol de accesibilidad: se trata como decorativa.,sin CMP detectada
83,ecuador,UNESUM,https://unesum.edu.ec/,1.1.1,e88epe,Image not in the accessibility tree is decorative,32,nav.e-n-menu > button.e-n-menu-toggle > span.e-n-menu-toggle-icon > svg,no,,,,R04,2026-09-09,,Fuera del arbol de accesibilidad: se trata como decorativa.,sin CMP detectada
83,ecuador,UNESUM,https://unesum.edu.ec/,1.1.1,e88epe,Image not in the accessibility tree is decorative,33,nav.e-n-menu > button.e-n-menu-toggle > span.e-n-menu-toggle-icon > svg,no,,,,R04,2026-09-09,,Fuera del arbol de accesibilidad: se trata como decorativa.,sin CMP detectada
83,ecuador,UNESUM,https://unesum.edu.ec/,1.1.1,e88epe,Image not in the accessibility tree is decorative,34,li.menu-item > a.elementor-item > span.sub-arrow > svg,no,,,,R04,2026-09-09,,Fuera del arbol de accesibilidad: se trata como decorativa.,sin CMP detectada
83,ecuador,UNESUM,https://unesum.edu.ec/,1.1.1,e88epe,Image not in the accessibility tree is decorative,35,li.menu-item > a.elementor-item > span.sub-arrow > svg,no,,,,R04,2026-09-09,,Fuera del arbol de accesibilidad: se trata como decorativa.,sin CMP detectada
83,ecuador,UNESUM,https://unesum.edu.ec/,1.1.1,23a2a8,Image has non-empty accessible name,36,div.elementor-element > div.elementor-element > div.elementor-element > img.attachment-large,si,cumple,,,R04,2026-09-09,,Marcada como decorativa: alt vacio o rol none/presentation. La expectativa lo admite.,sin CMP detectada
83,ecuador,UNESUM,https://unesum.edu.ec/,1.1.1,e88epe,Image not in the accessibility tree is decorative,37,div.elementor-element > div.elementor-element > div.elementor-element > img.elementor-animation-shrink,no,,,,R04,2026-09-09,,Fuera del arbol de accesibilidad: se trata como decorativa.,sin CMP detectada
83,ecuador,UNESUM,https://unesum.edu.ec/,1.1.1,23a2a8,Image has non-empty accessible name,38,div.elementor-element > div.elementor-element > div.elementor-element > img.attachment-large,si,cumple,,,R04,2026-09-09,,Marcada como decorativa: alt vacio o rol none/presentation. La expectativa lo admite.,sin CMP detectada
83,ecuador,UNESUM,https://unesum.edu.ec/,1.1.1,23a2a8,Image has non-empty accessible name,39,div.elementor-element > div.elementor-element > div.elementor-element > img.attachment-large,si,cumple,,,R04,2026-09-09,,Marcada como decorativa: alt vacio o rol none/presentation. La expectativa lo admite.,sin CMP detectada
83,ecuador,UNESUM,https://unesum.edu.ec/,1.1.1,23a2a8,Image has non-empty accessible name,40,div.elementor-element > div.elementor-element > div.elementor-element > img.attachment-large,si,cumple,,,R04,2026-09-09,,Marcada como decorativa: alt vacio o rol none/presentation. La expectativa lo admite.,sin CMP detectada
83,ecuador,UNESUM,https://unesum.edu.ec/,1.1.1,23a2a8,Image has non-empty accessible name,41,div.elementor-element > div.elementor-element > div.elementor-element > img.attachment-large,si,cumple,,,R04,2026-09-09,,Marcada como decorativa: alt vacio o rol none/presentation. La expectativa lo admite.,sin CMP detectada
83,ecuador,UNESUM,https://unesum.edu.ec/,1.1.1,23a2a8,Image has non-empty accessible name,42,div.elementor-element > div.elementor-element > div.elementor-element > img.attachment-large,si,cumple,,,R04,2026-09-09,,Marcada como decorativa: alt vacio o rol none/presentation. La expectativa lo admite.,sin CMP detectada
83,ecuador,UNESUM,https://unesum.edu.ec/,1.1.1,23a2a8,Image has non-empty accessible name,43,div.elementor-element > div.elementor-element > div.elementor-element > img.attachment-large,si,cumple,,,R04,2026-09-09,,Marcada como decorativa: alt vacio o rol none/presentation. La expectativa lo admite.,sin CMP detectada
83,ecuador,UNESUM,https://unesum.edu.ec/,1.1.1,23a2a8,Image has non-empty accessible name,44,div.elementor-element > div.elementor-element > div.elementor-element > img.attachment-large,si,cumple,,,R04,2026-09-09,,Marcada como decorativa: alt vacio o rol none/presentation. La expectativa lo admite.,sin CMP detectada
83,ecuador,UNESUM,https://unesum.edu.ec/,1.1.1,23a2a8,Image has non-empty accessible name,45,div.elementor-element > div.elementor-element > div.elementor-element > img.attachment-large,si,cumple,,,R04,2026-09-09,,Marcada como decorativa: alt vacio o rol none/presentation. La expectativa lo admite.,sin CMP detectada
83,ecuador,UNESUM,https://unesum.edu.ec/,1.1.1,23a2a8,Image has non-empty accessible name,46,div.elementor-element > div.elementor-element > div.elementor-element > img.attachment-large,si,cumple,,,R04,2026-09-09,,Marcada como decorativa: alt vacio o rol none/presentation. La expectativa lo admite.,sin CMP detectada
83,ecuador,UNESUM,https://unesum.edu.ec/,1.1.1,e88epe,Image not in the accessibility tree is decorative,47,div.elementor-element > div.elementor-element > div.elementor-element > img.attachment-large,no,,,,R04,2026-09-09,,Fuera del arbol de accesibilidad: se trata como decorativa.,sin CMP detectada
83,ecuador,UNESUM,https://unesum.edu.ec/,1.1.1,23a2a8,Image has non-empty accessible name,48,div.elementor-main-swiper > div.swiper-wrapper > div.swiper-slide > div.elementor-carousel-image,si,cumple,,,R04,2026-09-09,,"nombre accesible: ""Movilidad Emovies 2026""",sin CMP detectada
83,ecuador,UNESUM,https://unesum.edu.ec/,1.1.1,qt1vmo,Image accessible name is descriptive,48,div.elementor-main-swiper > div.swiper-wrapper > div.swiper-slide > div.elementor-carousel-image,si,REVISAR,,,R04,2026-09-09,,"JUICIO HUMANO. ¿El nombre sirve un proposito equivalente al contenido no textual? nombre: ""Movilidad Emovies 2026"" | src: ",sin CMP detectada
83,ecuador,UNESUM,https://unesum.edu.ec/,1.1.1,23a2a8,Image has non-empty accessible name,49,div.swiper-wrapper > div.swiper-slide > a > div.elementor-carousel-image,si,cumple,,,R04,2026-09-09,,"nombre accesible: ""CalendarioAcademicoPI2026""",sin CMP detectada
83,ecuador,UNESUM,https://unesum.edu.ec/,1.1.1,qt1vmo,Image accessible name is descriptive,49,div.swiper-wrapper > div.swiper-slide > a > div.elementor-carousel-image,si,REVISAR,,,R04,2026-09-09,,"JUICIO HUMANO. ¿El nombre sirve un proposito equivalente al contenido no textual? nombre: ""CalendarioAcademicoPI2026"" | src: ",sin CMP detectada
83,ecuador,UNESUM,https://unesum.edu.ec/,1.1.1,23a2a8,Image has non-empty accessible name,50,div.swiper-wrapper > div.swiper-slide > a > div.elementor-carousel-image,si,cumple,,,R04,2026-09-09,,"nombre accesible: ""C.agropecuaria""",sin CMP detectada
83,ecuador,UNESUM,https://unesum.edu.ec/,1.1.1,qt1vmo,Image accessible name is descriptive,50,div.swiper-wrapper > div.swiper-slide > a > div.elementor-carousel-image,si,REVISAR,,,R04,2026-09-09,,"JUICIO HUMANO. ¿El nombre sirve un proposito equivalente al contenido no textual? nombre: ""C.agropecuaria"" | src: ",sin CMP detectada
83,ecuador,UNESUM,https://unesum.edu.ec/,1.1.1,23a2a8,Image has non-empty accessible name,51,div.swiper-wrapper > div.swiper-slide > a > div.elementor-carousel-image,si,cumple,,,R04,2026-09-09,,"nombre accesible: ""Clases Espejo UCH""",sin CMP detectada
83,ecuador,UNESUM,https://unesum.edu.ec/,1.1.1,qt1vmo,Image accessible name is descriptive,51,div.swiper-wrapper > div.swiper-slide > a > div.elementor-carousel-image,si,REVISAR,,,R04,2026-09-09,,"JUICIO HUMANO. ¿El nombre sirve un proposito equivalente al contenido no textual? nombre: ""Clases Espejo UCH"" | src: ",sin CMP detectada
83,ecuador,UNESUM,https://unesum.edu.ec/,1.1.1,23a2a8,Image has non-empty accessible name,52,div.swiper-wrapper > div.swiper-slide > a > div.elementor-carousel-image,si,cumple,,,R04,2026-09-09,,"nombre accesible: ""MovilidadUBE""",sin CMP detectada
83,ecuador,UNESUM,https://unesum.edu.ec/,1.1.1,qt1vmo,Image accessible name is descriptive,52,div.swiper-wrapper > div.swiper-slide > a > div.elementor-carousel-image,si,REVISAR,,,R04,2026-09-09,,"JUICIO HUMANO. ¿El nombre sirve un proposito equivalente al contenido no textual? nombre: ""MovilidadUBE"" | src: ",sin CMP detectada
83,ecuador,UNESUM,https://unesum.edu.ec/,1.1.1,23a2a8,Image has non-empty accessible name,53,div.swiper-wrapper > div.swiper-slide > a > div.elementor-carousel-image,si,cumple,,,R04,2026-09-09,,"nombre accesible: ""Clase ESPE 2026""",sin CMP detectada
83,ecuador,UNESUM,https://unesum.edu.ec/,1.1.1,qt1vmo,Image accessible name is descriptive,53,div.swiper-wrapper > div.swiper-slide > a > div.elementor-carousel-image,si,REVISAR,,,R04,2026-09-09,,"JUICIO HUMANO. ¿El nombre sirve un proposito equivalente al contenido no textual? nombre: ""Clase ESPE 2026"" | src: ",sin CMP detectada
83,ecuador,UNESUM,https://unesum.edu.ec/,1.1.1,23a2a8,Image has non-empty accessible name,54,div.swiper-wrapper > div.swiper-slide > a > div.elementor-carousel-image,si,cumple,,,R04,2026-09-09,,"nombre accesible: ""Taller Internacional-2""",sin CMP detectada
83,ecuador,UNESUM,https://unesum.edu.ec/,1.1.1,qt1vmo,Image accessible name is descriptive,54,div.swiper-wrapper > div.swiper-slide > a > div.elementor-carousel-image,si,REVISAR,,,R04,2026-09-09,,"JUICIO HUMANO. ¿El nombre sirve un proposito equivalente al contenido no textual? nombre: ""Taller Internacional-2"" | src: ",sin CMP detectada
83,ecuador,UNESUM,https://unesum.edu.ec/,1.1.1,23a2a8,Image has non-empty accessible name,55,div.swiper-wrapper > div.swiper-slide > a > div.elementor-carousel-image,si,cumple,,,R04,2026-09-09,,"nombre accesible: ""XII Seminario Cientifico""",sin CMP detectada
83,ecuador,UNESUM,https://unesum.edu.ec/,1.1.1,qt1vmo,Image accessible name is descriptive,55,div.swiper-wrapper > div.swiper-slide > a > div.elementor-carousel-image,si,REVISAR,,,R04,2026-09-09,,"JUICIO HUMANO. ¿El nombre sirve un proposito equivalente al contenido no textual? nombre: ""XII Seminario Cientifico"" | src: ",sin CMP detectada
83,ecuador,UNESUM,https://unesum.edu.ec/,1.1.1,23a2a8,Image has non-empty accessible name,56,div.swiper-wrapper > div.swiper-slide > a > div.elementor-carousel-image,si,cumple,,,R04,2026-09-09,,"nombre accesible: ""4FeriaInternacional""",sin CMP detectada
83,ecuador,UNESUM,https://unesum.edu.ec/,1.1.1,qt1vmo,Image accessible name is descriptive,56,div.swiper-wrapper > div.swiper-slide > a > div.elementor-carousel-image,si,REVISAR,,,R04,2026-09-09,,"JUICIO HUMANO. ¿El nombre sirve un proposito equivalente al contenido no textual? nombre: ""4FeriaInternacional"" | src: ",sin CMP detectada
83,ecuador,UNESUM,https://unesum.edu.ec/,1.1.1,23a2a8,Image has non-empty accessible name,57,div.swiper-wrapper > div.swiper-slide > a > div.elementor-carousel-image,si,cumple,,,R04,2026-09-09,,"nombre accesible: ""Unochapeco Internacional""",sin CMP detectada
83,ecuador,UNESUM,https://unesum.edu.ec/,1.1.1,qt1vmo,Image accessible name is descriptive,57,div.swiper-wrapper > div.swiper-slide > a > div.elementor-carousel-image,si,REVISAR,,,R04,2026-09-09,,"JUICIO HUMANO. ¿El nombre sirve un proposito equivalente al contenido no textual? nombre: ""Unochapeco Internacional"" | src: ",sin CMP detectada
83,ecuador,UNESUM,https://unesum.edu.ec/,1.1.1,23a2a8,Image has non-empty accessible name,58,div.swiper-wrapper > div.swiper-slide > a > div.elementor-carousel-image,si,cumple,,,R04,2026-09-09,,"nombre accesible: ""Contador Ecuatoriano""",sin CMP detectada
83,ecuador,UNESUM,https://unesum.edu.ec/,1.1.1,qt1vmo,Image accessible name is descriptive,58,div.swiper-wrapper > div.swiper-slide > a > div.elementor-carousel-image,si,REVISAR,,,R04,2026-09-09,,"JUICIO HUMANO. ¿El nombre sirve un proposito equivalente al contenido no textual? nombre: ""Contador Ecuatoriano"" | src: ",sin CMP detectada
83,ecuador,UNESUM,https://unesum.edu.ec/,1.1.1,23a2a8,Image has non-empty accessible name,59,div.elementor-main-swiper > div.swiper-wrapper > div.swiper-slide > div.elementor-carousel-image,si,cumple,,,R04,2026-09-09,,"nombre accesible: ""Clases Espejo COIL""",sin CMP detectada
83,ecuador,UNESUM,https://unesum.edu.ec/,1.1.1,qt1vmo,Image accessible name is descriptive,59,div.elementor-main-swiper > div.swiper-wrapper > div.swiper-slide > div.elementor-carousel-image,si,REVISAR,,,R04,2026-09-09,,"JUICIO HUMANO. ¿El nombre sirve un proposito equivalente al contenido no textual? nombre: ""Clases Espejo COIL"" | src: ",sin CMP detectada
83,ecuador,UNESUM,https://unesum.edu.ec/,1.1.1,23a2a8,Image has non-empty accessible name,60,div.swiper-wrapper > div.swiper-slide > a > div.elementor-carousel-image,si,cumple,,,R04,2026-09-09,,"nombre accesible: ""Realcup2026-1""",sin CMP detectada
83,ecuador,UNESUM,https://unesum.edu.ec/,1.1.1,qt1vmo,Image accessible name is descriptive,60,div.swiper-wrapper > div.swiper-slide > a > div.elementor-carousel-image,si,REVISAR,,,R04,2026-09-09,,"JUICIO HUMANO. ¿El nombre sirve un proposito equivalente al contenido no textual? nombre: ""Realcup2026-1"" | src: ",sin CMP detectada
83,ecuador,UNESUM,https://unesum.edu.ec/,1.1.1,23a2a8,Image has non-empty accessible name,61,div.swiper-wrapper > div.swiper-slide > a > div.elementor-carousel-image,si,cumple,,,R04,2026-09-09,,"nombre accesible: ""Curso Unochapeco""",sin CMP detectada
83,ecuador,UNESUM,https://unesum.edu.ec/,1.1.1,qt1vmo,Image accessible name is descriptive,61,div.swiper-wrapper > div.swiper-slide > a > div.elementor-carousel-image,si,REVISAR,,,R04,2026-09-09,,"JUICIO HUMANO. ¿El nombre sirve un proposito equivalente al contenido no textual? nombre: ""Curso Unochapeco"" | src: ",sin CMP detectada
83,ecuador,UNESUM,https://unesum.edu.ec/,1.1.1,23a2a8,Image has non-empty accessible name,62,div.swiper-wrapper > div.swiper-slide > a > div.elementor-carousel-image,si,cumple,,,R04,2026-09-09,,"nombre accesible: ""RERCIE""",sin CMP detectada
83,ecuador,UNESUM,https://unesum.edu.ec/,1.1.1,qt1vmo,Image accessible name is descriptive,62,div.swiper-wrapper > div.swiper-slide > a > div.elementor-carousel-image,si,REVISAR,,,R04,2026-09-09,,"JUICIO HUMANO. ¿El nombre sirve un proposito equivalente al contenido no textual? nombre: ""RERCIE"" | src: ",sin CMP detectada
83,ecuador,UNESUM,https://unesum.edu.ec/,1.1.1,23a2a8,Image has non-empty accessible name,63,div.swiper-wrapper > div.swiper-slide > a > div.elementor-carousel-image,si,cumple,,,R04,2026-09-09,,"nombre accesible: ""II Edicion Galapagos""",sin CMP detectada
83,ecuador,UNESUM,https://unesum.edu.ec/,1.1.1,qt1vmo,Image accessible name is descriptive,63,div.swiper-wrapper > div.swiper-slide > a > div.elementor-carousel-image,si,REVISAR,,,R04,2026-09-09,,"JUICIO HUMANO. ¿El nombre sirve un proposito equivalente al contenido no textual? nombre: ""II Edicion Galapagos"" | src: ",sin CMP detectada
83,ecuador,UNESUM,https://unesum.edu.ec/,1.1.1,23a2a8,Image has non-empty accessible name,64,div.swiper-wrapper > div.swiper-slide > a > div.elementor-carousel-image,si,cumple,,,R04,2026-09-09,,"nombre accesible: ""Becas Unir""",sin CMP detectada
83,ecuador,UNESUM,https://unesum.edu.ec/,1.1.1,qt1vmo,Image accessible name is descriptive,64,div.swiper-wrapper > div.swiper-slide > a > div.elementor-carousel-image,si,REVISAR,,,R04,2026-09-09,,"JUICIO HUMANO. ¿El nombre sirve un proposito equivalente al contenido no textual? nombre: ""Becas Unir"" | src: ",sin CMP detectada
83,ecuador,UNESUM,https://unesum.edu.ec/,1.1.1,23a2a8,Image has non-empty accessible name,65,div.swiper-wrapper > div.swiper-slide > a > div.elementor-carousel-image,si,cumple,,,R04,2026-09-09,,"nombre accesible: ""UCAB VIRTUAL""",sin CMP detectada
83,ecuador,UNESUM,https://unesum.edu.ec/,1.1.1,qt1vmo,Image accessible name is descriptive,65,div.swiper-wrapper > div.swiper-slide > a > div.elementor-carousel-image,si,REVISAR,,,R04,2026-09-09,,"JUICIO HUMANO. ¿El nombre sirve un proposito equivalente al contenido no textual? nombre: ""UCAB VIRTUAL"" | src: ",sin CMP detectada
83,ecuador,UNESUM,https://unesum.edu.ec/,1.1.1,23a2a8,Image has non-empty accessible name,66,div.swiper-wrapper > div.swiper-slide > a > div.elementor-carousel-image,si,cumple,,,R04,2026-09-09,,"nombre accesible: ""Corporacion Universitaria""",sin CMP detectada
83,ecuador,UNESUM,https://unesum.edu.ec/,1.1.1,qt1vmo,Image accessible name is descriptive,66,div.swiper-wrapper > div.swiper-slide > a > div.elementor-carousel-image,si,REVISAR,,,R04,2026-09-09,,"JUICIO HUMANO. ¿El nombre sirve un proposito equivalente al contenido no textual? nombre: ""Corporacion Universitaria"" | src: ",sin CMP detectada
83,ecuador,UNESUM,https://unesum.edu.ec/,1.1.1,23a2a8,Image has non-empty accessible name,67,div.elementor-main-swiper > div.swiper-wrapper > div.swiper-slide > div.elementor-carousel-image,si,cumple,,,R04,2026-09-09,,"nombre accesible: ""Movilidad Emovies 2026""",sin CMP detectada
83,ecuador,UNESUM,https://unesum.edu.ec/,1.1.1,qt1vmo,Image accessible name is descriptive,67,div.elementor-main-swiper > div.swiper-wrapper > div.swiper-slide > div.elementor-carousel-image,si,REVISAR,,,R04,2026-09-09,,"JUICIO HUMANO. ¿El nombre sirve un proposito equivalente al contenido no textual? nombre: ""Movilidad Emovies 2026"" | src: ",sin CMP detectada
83,ecuador,UNESUM,https://unesum.edu.ec/,1.1.1,23a2a8,Image has non-empty accessible name,68,div.swiper-wrapper > div.swiper-slide > a > div.elementor-carousel-image,si,cumple,,,R04,2026-09-09,,"nombre accesible: ""CalendarioAcademicoPI2026""",sin CMP detectada
83,ecuador,UNESUM,https://unesum.edu.ec/,1.1.1,qt1vmo,Image accessible name is descriptive,68,div.swiper-wrapper > div.swiper-slide > a > div.elementor-carousel-image,si,REVISAR,,,R04,2026-09-09,,"JUICIO HUMANO. ¿El nombre sirve un proposito equivalente al contenido no textual? nombre: ""CalendarioAcademicoPI2026"" | src: ",sin CMP detectada
83,ecuador,UNESUM,https://unesum.edu.ec/,1.1.1,23a2a8,Image has non-empty accessible name,69,div.swiper-wrapper > div.swiper-slide > a > div.elementor-carousel-image,si,cumple,,,R04,2026-09-09,,"nombre accesible: ""C.agropecuaria""",sin CMP detectada
83,ecuador,UNESUM,https://unesum.edu.ec/,1.1.1,qt1vmo,Image accessible name is descriptive,69,div.swiper-wrapper > div.swiper-slide > a > div.elementor-carousel-image,si,REVISAR,,,R04,2026-09-09,,"JUICIO HUMANO. ¿El nombre sirve un proposito equivalente al contenido no textual? nombre: ""C.agropecuaria"" | src: ",sin CMP detectada
83,ecuador,UNESUM,https://unesum.edu.ec/,1.1.1,23a2a8,Image has non-empty accessible name,70,div.swiper-wrapper > div.swiper-slide > a > div.elementor-carousel-image,si,cumple,,,R04,2026-09-09,,"nombre accesible: ""Clases Espejo UCH""",sin CMP detectada
83,ecuador,UNESUM,https://unesum.edu.ec/,1.1.1,qt1vmo,Image accessible name is descriptive,70,div.swiper-wrapper > div.swiper-slide > a > div.elementor-carousel-image,si,REVISAR,,,R04,2026-09-09,,"JUICIO HUMANO. ¿El nombre sirve un proposito equivalente al contenido no textual? nombre: ""Clases Espejo UCH"" | src: ",sin CMP detectada
83,ecuador,UNESUM,https://unesum.edu.ec/,1.1.1,e88epe,Image not in the accessibility tree is decorative,71,div.elementor-element > div.elementor-main-swiper > div.elementor-swiper-button > svg,no,,,,R04,2026-09-09,,Fuera del arbol de accesibilidad: se trata como decorativa.,sin CMP detectada
83,ecuador,UNESUM,https://unesum.edu.ec/,1.1.1,e88epe,Image not in the accessibility tree is decorative,72,div.elementor-element > div.elementor-main-swiper > div.elementor-swiper-button > svg,no,,,,R04,2026-09-09,,Fuera del arbol de accesibilidad: se trata como decorativa.,sin CMP detectada
83,ecuador,UNESUM,https://unesum.edu.ec/,1.1.1,e88epe,Image not in the accessibility tree is decorative,73,div.elementor-element > div.elementor-icon-wrapper > a.elementor-icon > svg,no,,,,R04,2026-09-09,,Fuera del arbol de accesibilidad: se trata como decorativa.,sin CMP detectada
83,ecuador,UNESUM,https://unesum.edu.ec/,1.1.1,e88epe,Image not in the accessibility tree is decorative,74,div.elementor-element > div.elementor-icon-wrapper > a.elementor-icon > svg,no,,,,R04,2026-09-09,,Fuera del arbol de accesibilidad: se trata como decorativa.,sin CMP detectada
83,ecuador,UNESUM,https://unesum.edu.ec/,1.1.1,e88epe,Image not in the accessibility tree is decorative,75,div.elementor-element > div.elementor-icon-wrapper > a.elementor-icon > svg,no,,,,R04,2026-09-09,,Fuera del arbol de accesibilidad: se trata como decorativa.,sin CMP detectada
83,ecuador,UNESUM,https://unesum.edu.ec/,1.1.1,e88epe,Image not in the accessibility tree is decorative,76,div.elementor-element > div.elementor-icon-wrapper > a.elementor-icon > svg,no,,,,R04,2026-09-09,,Fuera del arbol de accesibilidad: se trata como decorativa.,sin CMP detectada
83,ecuador,UNESUM,https://unesum.edu.ec/,1.1.1,e88epe,Image not in the accessibility tree is decorative,77,div.elementor-element > div.elementor-icon-wrapper > a.elementor-icon > svg,no,,,,R04,2026-09-09,,Fuera del arbol de accesibilidad: se trata como decorativa.,sin CMP detectada
83,ecuador,UNESUM,https://unesum.edu.ec/,1.1.1,e88epe,Image not in the accessibility tree is decorative,78,div.elementor-element > div.elementor-icon-wrapper > a.elementor-icon > svg,no,,,,R04,2026-09-09,,Fuera del arbol de accesibilidad: se trata como decorativa.,sin CMP detectada
83,ecuador,UNESUM,https://unesum.edu.ec/,1.1.1,e88epe,Image not in the accessibility tree is decorative,79,div.elementor-element > div.elementor-element > div.elementor-element > img.attachment-large,no,,,,R04,2026-09-09,,Fuera del arbol de accesibilidad: se trata como decorativa.,sin CMP detectada
83,ecuador,UNESUM,https://unesum.edu.ec/,1.1.1,e88epe,Image not in the accessibility tree is decorative,80,div.elementor-element > div.elementor-element > div.elementor-element > img.attachment-large,no,,,,R04,2026-09-09,,Fuera del arbol de accesibilidad: se trata como decorativa.,sin CMP detectada
83,ecuador,UNESUM,https://unesum.edu.ec/,1.1.1,e88epe,Image not in the accessibility tree is decorative,81,div.elementor-element > div.elementor-element > div.elementor-element > img.attachment-large,no,,,,R04,2026-09-09,,Fuera del arbol de accesibilidad: se trata como decorativa.,sin CMP detectada
83,ecuador,UNESUM,https://unesum.edu.ec/,1.1.1,e88epe,Image not in the accessibility tree is decorative,82,div.elementor-element > div.elementor-element > a > img.attachment-large,no,,,,R04,2026-09-09,,Fuera del arbol de accesibilidad: se trata como decorativa.,sin CMP detectada
83,ecuador,UNESUM,https://unesum.edu.ec/,1.1.1,e88epe,Image not in the accessibility tree is decorative,83,div.elementor-element > div.elementor-icon-wrapper > div.elementor-icon > svg,no,,,,R04,2026-09-09,,Fuera del arbol de accesibilidad: se trata como decorativa.,sin CMP detectada
83,ecuador,UNESUM,https://unesum.edu.ec/,1.1.1,e88epe,Image not in the accessibility tree is decorative,84,div.elementor-element > div.elementor-icon-wrapper > div.elementor-icon > svg,no,,,,R04,2026-09-09,,Fuera del arbol de accesibilidad: se trata como decorativa.,sin CMP detectada
83,ecuador,UNESUM,https://unesum.edu.ec/,1.1.1,e88epe,Image not in the accessibility tree is decorative,85,div.elementor-element > div.elementor-icon-wrapper > div.elementor-icon > svg,no,,,,R04,2026-09-09,,Fuera del arbol de accesibilidad: se trata como decorativa.,sin CMP detectada
83,ecuador,UNESUM,https://unesum.edu.ec/,1.1.1,e88epe,Image not in the accessibility tree is decorative,86,ul.elementor-icon-list-items > li.elementor-icon-list-item > span.elementor-icon-list-icon > svg,no,,,,R04,2026-09-09,,Fuera del arbol de accesibilidad: se trata como decorativa.,sin CMP detectada
83,ecuador,UNESUM,https://unesum.edu.ec/,1.1.1,e88epe,Image not in the accessibility tree is decorative,87,ul.elementor-icon-list-items > li.elementor-icon-list-item > span.elementor-icon-list-icon > svg,no,,,,R04,2026-09-09,,Fuera del arbol de accesibilidad: se trata como decorativa.,sin CMP detectada
83,ecuador,UNESUM,https://unesum.edu.ec/,1.1.1,e88epe,Image not in the accessibility tree is decorative,88,ul.elementor-icon-list-items > li.elementor-icon-list-item > span.elementor-icon-list-icon > svg,no,,,,R04,2026-09-09,,Fuera del arbol de accesibilidad: se trata como decorativa.,sin CMP detectada
83,ecuador,UNESUM,https://unesum.edu.ec/,1.1.1,e88epe,Image not in the accessibility tree is decorative,89,div.swiper-wrapper > div.swiper-slide > a > div.elementor-carousel-image,no,,,,R04,2026-09-09,,Fuera del arbol de accesibilidad: se trata como decorativa.,sin CMP detectada
83,ecuador,UNESUM,https://unesum.edu.ec/,1.1.1,e88epe,Image not in the accessibility tree is decorative,90,div.swiper-wrapper > div.swiper-slide > a > div.elementor-carousel-image,no,,,,R04,2026-09-09,,Fuera del arbol de accesibilidad: se trata como decorativa.,sin CMP detectada
83,ecuador,UNESUM,https://unesum.edu.ec/,1.1.1,e88epe,Image not in the accessibility tree is decorative,91,div.swiper-wrapper > div.swiper-slide > a > div.elementor-carousel-image,no,,,,R04,2026-09-09,,Fuera del arbol de accesibilidad: se trata como decorativa.,sin CMP detectada
83,ecuador,UNESUM,https://unesum.edu.ec/,1.1.1,e88epe,Image not in the accessibility tree is decorative,92,div.swiper-wrapper > div.swiper-slide > a > div.elementor-carousel-image,no,,,,R04,2026-09-09,,Fuera del arbol de accesibilidad: se trata como decorativa.,sin CMP detectada
83,ecuador,UNESUM,https://unesum.edu.ec/,1.1.1,e88epe,Image not in the accessibility tree is decorative,93,div.swiper-wrapper > div.swiper-slide > a > div.elementor-carousel-image,no,,,,R04,2026-09-09,,Fuera del arbol de accesibilidad: se trata como decorativa.,sin CMP detectada
83,ecuador,UNESUM,https://unesum.edu.ec/,1.1.1,e88epe,Image not in the accessibility tree is decorative,94,div.swiper-wrapper > div.swiper-slide > a > div.elementor-carousel-image,no,,,,R04,2026-09-09,,Fuera del arbol de accesibilidad: se trata como decorativa.,sin CMP detectada
83,ecuador,UNESUM,https://unesum.edu.ec/,1.1.1,e88epe,Image not in the accessibility tree is decorative,95,div.swiper-wrapper > div.swiper-slide > a > div.elementor-carousel-image,no,,,,R04,2026-09-09,,Fuera del arbol de accesibilidad: se trata como decorativa.,sin CMP detectada
83,ecuador,UNESUM,https://unesum.edu.ec/,1.1.1,e88epe,Image not in the accessibility tree is decorative,96,div.elementor-element > div.elementor-main-swiper > div.elementor-swiper-button > svg,no,,,,R04,2026-09-09,,Fuera del arbol de accesibilidad: se trata como decorativa.,sin CMP detectada
83,ecuador,UNESUM,https://unesum.edu.ec/,1.1.1,e88epe,Image not in the accessibility tree is decorative,97,div.elementor-element > div.elementor-main-swiper > div.elementor-swiper-button > svg,no,,,,R04,2026-09-09,,Fuera del arbol de accesibilidad: se trata como decorativa.,sin CMP detectada
83,ecuador,UNESUM,https://unesum.edu.ec/,1.1.1,e88epe,Image not in the accessibility tree is decorative,98,div.elementor-element > div.e-con-inner > div.elementor-shape > svg,no,,,,R04,2026-09-09,,Fuera del arbol de accesibilidad: se trata como decorativa.,sin CMP detectada
83,ecuador,UNESUM,https://unesum.edu.ec/,1.1.1,e88epe,Image not in the accessibility tree is decorative,99,li.elementor-icon-list-item > a > span.elementor-icon-list-icon > svg,no,,,,R04,2026-09-09,,Fuera del arbol de accesibilidad: se trata como decorativa.,sin CMP detectada
83,ecuador,UNESUM,https://unesum.edu.ec/,1.1.1,e88epe,Image not in the accessibility tree is decorative,100,li.elementor-icon-list-item > a > span.elementor-icon-list-icon > svg,no,,,,R04,2026-09-09,,Fuera del arbol de accesibilidad: se trata como decorativa.,sin CMP detectada
83,ecuador,UNESUM,https://unesum.edu.ec/,1.1.1,e88epe,Image not in the accessibility tree is decorative,101,li.elementor-icon-list-item > a > span.elementor-icon-list-icon > svg,no,,,,R04,2026-09-09,,Fuera del arbol de accesibilidad: se trata como decorativa.,sin CMP detectada
83,ecuador,UNESUM,https://unesum.edu.ec/,1.1.1,e88epe,Image not in the accessibility tree is decorative,102,li.elementor-icon-list-item > a > span.elementor-icon-list-icon > svg,no,,,,R04,2026-09-09,,Fuera del arbol de accesibilidad: se trata como decorativa.,sin CMP detectada
83,ecuador,UNESUM,https://unesum.edu.ec/,1.1.1,e88epe,Image not in the accessibility tree is decorative,103,li.elementor-icon-list-item > a > span.elementor-icon-list-icon > svg,no,,,,R04,2026-09-09,,Fuera del arbol de accesibilidad: se trata como decorativa.,sin CMP detectada
83,ecuador,UNESUM,https://unesum.edu.ec/,1.1.1,e88epe,Image not in the accessibility tree is decorative,104,li.elementor-icon-list-item > a > span.elementor-icon-list-icon > svg,no,,,,R04,2026-09-09,,Fuera del arbol de accesibilidad: se trata como decorativa.,sin CMP detectada
83,ecuador,UNESUM,https://unesum.edu.ec/,1.1.1,e88epe,Image not in the accessibility tree is decorative,105,li.elementor-icon-list-item > a > span.elementor-icon-list-icon > svg,no,,,,R04,2026-09-09,,Fuera del arbol de accesibilidad: se trata como decorativa.,sin CMP detectada
83,ecuador,UNESUM,https://unesum.edu.ec/,1.1.1,e88epe,Image not in the accessibility tree is decorative,106,li.elementor-icon-list-item > a > span.elementor-icon-list-icon > svg,no,,,,R04,2026-09-09,,Fuera del arbol de accesibilidad: se trata como decorativa.,sin CMP detectada
83,ecuador,UNESUM,https://unesum.edu.ec/,1.1.1,e88epe,Image not in the accessibility tree is decorative,107,ul.elementor-icon-list-items > li.elementor-icon-list-item > span.elementor-icon-list-icon > svg,no,,,,R04,2026-09-09,,Fuera del arbol de accesibilidad: se trata como decorativa.,sin CMP detectada
83,ecuador,UNESUM,https://unesum.edu.ec/,1.1.1,e88epe,Image not in the accessibility tree is decorative,108,ul.elementor-icon-list-items > li.elementor-icon-list-item > span.elementor-icon-list-icon > svg,no,,,,R04,2026-09-09,,Fuera del arbol de accesibilidad: se trata como decorativa.,sin CMP detectada
83,ecuador,UNESUM,https://unesum.edu.ec/,1.1.1,e88epe,Image not in the accessibility tree is decorative,109,ul.elementor-icon-list-items > li.elementor-icon-list-item > span.elementor-icon-list-icon > svg,no,,,,R04,2026-09-09,,Fuera del arbol de accesibilidad: se trata como decorativa.,sin CMP detectada
83,ecuador,UNESUM,https://unesum.edu.ec/,1.1.1,e88epe,Image not in the accessibility tree is decorative,110,ul.elementor-icon-list-items > li.elementor-icon-list-item > span.elementor-icon-list-icon > svg,no,,,,R04,2026-09-09,,Fuera del arbol de accesibilidad: se trata como decorativa.,sin CMP detectada
83,ecuador,UNESUM,https://unesum.edu.ec/,1.1.1,e88epe,Image not in the accessibility tree is decorative,111,div.elementor-element > div.elementor-element > a > img.elementor-animation-shrink,no,,,,R04,2026-09-09,,Fuera del arbol de accesibilidad: se trata como decorativa.,sin CMP detectada
83,ecuador,UNESUM,https://unesum.edu.ec/,1.1.1,e88epe,Image not in the accessibility tree is decorative,112,div.elementor-social-icons-wrapper > span.elementor-grid-item > a.elementor-icon > svg,no,,,,R04,2026-09-09,,Fuera del arbol de accesibilidad: se trata como decorativa.,sin CMP detectada
83,ecuador,UNESUM,https://unesum.edu.ec/,1.1.1,e88epe,Image not in the accessibility tree is decorative,113,div.elementor-social-icons-wrapper > span.elementor-grid-item > a.elementor-icon > svg,no,,,,R04,2026-09-09,,Fuera del arbol de accesibilidad: se trata como decorativa.,sin CMP detectada
83,ecuador,UNESUM,https://unesum.edu.ec/,1.1.1,e88epe,Image not in the accessibility tree is decorative,114,div.elementor-social-icons-wrapper > span.elementor-grid-item > a.elementor-icon > svg,no,,,,R04,2026-09-09,,Fuera del arbol de accesibilidad: se trata como decorativa.,sin CMP detectada
83,ecuador,UNESUM,https://unesum.edu.ec/,1.1.1,e88epe,Image not in the accessibility tree is decorative,115,div.elementor-social-icons-wrapper > span.elementor-grid-item > a.elementor-icon > svg,no,,,,R04,2026-09-09,,Fuera del arbol de accesibilidad: se trata como decorativa.,sin CMP detectada
83,ecuador,UNESUM,https://unesum.edu.ec/,1.1.1,e88epe,Image not in the accessibility tree is decorative,116,div.elementor-social-icons-wrapper > span.elementor-grid-item > a.elementor-icon > svg,no,,,,R04,2026-09-09,,Fuera del arbol de accesibilidad: se trata como decorativa.,sin CMP detectada
83,ecuador,UNESUM,https://unesum.edu.ec/,1.1.1,e88epe,Image not in the accessibility tree is decorative,117,div.elementor-social-icons-wrapper > span.elementor-grid-item > a.elementor-icon > svg,no,,,,R04,2026-09-09,,Fuera del arbol de accesibilidad: se trata como decorativa.,sin CMP detectada
83,ecuador,UNESUM,https://unesum.edu.ec/,1.1.1,e88epe,Image not in the accessibility tree is decorative,118,html > body.home > svg,no,,,,R04,2026-09-09,,Fuera del arbol de accesibilidad: se trata como decorativa.,sin CMP detectada
83,ecuador,UNESUM,https://unesum.edu.ec/,2.4.4,c487ae,Link has non-empty accessible name,1,div.elementor-element > div.elementor-social-icons-wrapper > span.elementor-grid-item > a.elementor-icon,si,cumple,,,R04,2026-09-09,,"nombre: ""Facebook""",sin CMP detectada
83,ecuador,UNESUM,https://unesum.edu.ec/,2.4.4,5effbb,Link in context is descriptive,1,div.elementor-element > div.elementor-social-icons-wrapper > span.elementor-grid-item > a.elementor-icon,si,REVISAR,,SIN CONTEXTO PROGRAMATICO,R04,2026-09-09,,"JUICIO HUMANO. ¿Nombre + contexto describen el proposito? nombre: ""Facebook"" | href: https://www.facebook.com/UniversidadEstataldelSurdeManabi | AVISO: no hay parrafo, elemento de lista ni celda que lo contenga. Un div o article envolvente NO es contexto programatico.",sin CMP detectada
83,ecuador,UNESUM,https://unesum.edu.ec/,2.4.4,c487ae,Link has non-empty accessible name,2,div.elementor-element > div.elementor-social-icons-wrapper > span.elementor-grid-item > a.elementor-icon,si,cumple,,,R04,2026-09-09,,"nombre: ""Instagram""",sin CMP detectada
83,ecuador,UNESUM,https://unesum.edu.ec/,2.4.4,5effbb,Link in context is descriptive,2,div.elementor-element > div.elementor-social-icons-wrapper > span.elementor-grid-item > a.elementor-icon,si,REVISAR,,SIN CONTEXTO PROGRAMATICO,R04,2026-09-09,,"JUICIO HUMANO. ¿Nombre + contexto describen el proposito? nombre: ""Instagram"" | href: https://www.instagram.com/unesumoficial/ | AVISO: no hay parrafo, elemento de lista ni celda que lo contenga. Un div o article envolvente NO es contexto programatico.",sin CMP detectada
83,ecuador,UNESUM,https://unesum.edu.ec/,2.4.4,c487ae,Link has non-empty accessible name,3,div.elementor-element > div.elementor-social-icons-wrapper > span.elementor-grid-item > a.elementor-icon,si,cumple,,,R04,2026-09-09,,"nombre: ""X-twitter""",sin CMP detectada
83,ecuador,UNESUM,https://unesum.edu.ec/,2.4.4,5effbb,Link in context is descriptive,3,div.elementor-element > div.elementor-social-icons-wrapper > span.elementor-grid-item > a.elementor-icon,si,REVISAR,,SIN CONTEXTO PROGRAMATICO,R04,2026-09-09,,"JUICIO HUMANO. ¿Nombre + contexto describen el proposito? nombre: ""X-twitter"" | href: https://x.com/unesumoficial | AVISO: no hay parrafo, elemento de lista ni celda que lo contenga. Un div o article envolvente NO es contexto programatico.",sin CMP detectada
83,ecuador,UNESUM,https://unesum.edu.ec/,2.4.4,c487ae,Link has non-empty accessible name,4,div.elementor-element > div.elementor-social-icons-wrapper > span.elementor-grid-item > a.elementor-icon,si,cumple,,,R04,2026-09-09,,"nombre: ""Tiktok""",sin CMP detectada
83,ecuador,UNESUM,https://unesum.edu.ec/,2.4.4,5effbb,Link in context is descriptive,4,div.elementor-element > div.elementor-social-icons-wrapper > span.elementor-grid-item > a.elementor-icon,si,REVISAR,,SIN CONTEXTO PROGRAMATICO,R04,2026-09-09,,"JUICIO HUMANO. ¿Nombre + contexto describen el proposito? nombre: ""Tiktok"" | href: https://www.tiktok.com/@unesumoficial | AVISO: no hay parrafo, elemento de lista ni celda que lo contenga. Un div o article envolvente NO es contexto programatico.",sin CMP detectada
83,ecuador,UNESUM,https://unesum.edu.ec/,2.4.4,c487ae,Link has non-empty accessible name,5,div.elementor-element > div.elementor-social-icons-wrapper > span.elementor-grid-item > a.elementor-icon,si,cumple,,,R04,2026-09-09,,"nombre: ""Youtube""",sin CMP detectada
83,ecuador,UNESUM,https://unesum.edu.ec/,2.4.4,5effbb,Link in context is descriptive,5,div.elementor-element > div.elementor-social-icons-wrapper > span.elementor-grid-item > a.elementor-icon,si,REVISAR,,SIN CONTEXTO PROGRAMATICO,R04,2026-09-09,,"JUICIO HUMANO. ¿Nombre + contexto describen el proposito? nombre: ""Youtube"" | href: https://www.youtube.com/@unesumoficial | AVISO: no hay parrafo, elemento de lista ni celda que lo contenga. Un div o article envolvente NO es contexto programatico.",sin CMP detectada
83,ecuador,UNESUM,https://unesum.edu.ec/,2.4.4,c487ae,Link has non-empty accessible name,6,div.elementor-element > div.elementor-social-icons-wrapper > span.elementor-grid-item > a.elementor-icon,si,cumple,,,R04,2026-09-09,,"nombre: ""Linkedin""",sin CMP detectada
83,ecuador,UNESUM,https://unesum.edu.ec/,2.4.4,5effbb,Link in context is descriptive,6,div.elementor-element > div.elementor-social-icons-wrapper > span.elementor-grid-item > a.elementor-icon,si,REVISAR,,SIN CONTEXTO PROGRAMATICO,R04,2026-09-09,,"JUICIO HUMANO. ¿Nombre + contexto describen el proposito? nombre: ""Linkedin"" | href: https://www.linkedin.com/company/universidad-estatal-del-sur | AVISO: no hay parrafo, elemento de lista ni celda que lo contenga. Un div o article envolvente NO es contexto programatico.",sin CMP detectada
83,ecuador,UNESUM,https://unesum.edu.ec/,2.4.4,c487ae,Link has non-empty accessible name,7,div.elementor-main-swiper > div.swiper-wrapper > div.swiper-slide > a,si,falla,,,R04,2026-09-09,,href: https://drive.google.com/file/d/1-uWkPoYXYOI9dfVW4DepA6pHgNheGazl/view?usp=shari,sin CMP detectada
83,ecuador,UNESUM,https://unesum.edu.ec/,2.4.4,c487ae,Link has non-empty accessible name,8,div.elementor-main-swiper > div.swiper-wrapper > div.swiper-slide > a,si,falla,,,R04,2026-09-09,,href: https://docs.google.com/document/d/1rSGRPfO-0ChEO3c24hyVKDsR_Scyk4Ac/edit?usp=dr,sin CMP detectada
83,ecuador,UNESUM,https://unesum.edu.ec/,2.4.4,c487ae,Link has non-empty accessible name,9,div.elementor-main-swiper > div.swiper-wrapper > div.swiper-slide > a,si,falla,,,R04,2026-09-09,,href: https://docs.google.com/spreadsheets/d/1OMa_Kiu-F-OinPQYaROQH0LzwNuBV3GqbVz9zbJF,sin CMP detectada
83,ecuador,UNESUM,https://unesum.edu.ec/,2.4.4,c487ae,Link has non-empty accessible name,10,div.elementor-main-swiper > div.swiper-wrapper > div.swiper-slide > a,si,falla,,,R04,2026-09-09,,href: https://drive.google.com/file/d/1meTNWb-8_dBv3icFUOXCpQsIfgWrNUIl/view?usp=shari,sin CMP detectada
83,ecuador,UNESUM,https://unesum.edu.ec/,2.4.4,c487ae,Link has non-empty accessible name,11,div.elementor-main-swiper > div.swiper-wrapper > div.swiper-slide > a,si,falla,,,R04,2026-09-09,,href: https://drive.google.com/drive/folders/1jOGAmi3R7EQ2FVGllR9WfaH5l0g-2URD?usp=sha,sin CMP detectada
83,ecuador,UNESUM,https://unesum.edu.ec/,2.4.4,c487ae,Link has non-empty accessible name,12,div.elementor-main-swiper > div.swiper-wrapper > div.swiper-slide > a,si,falla,,,R04,2026-09-09,,href: https://reima-ec.org/xiiscicuds-xviteima-2026,sin CMP detectada
83,ecuador,UNESUM,https://unesum.edu.ec/,2.4.4,c487ae,Link has non-empty accessible name,13,div.elementor-main-swiper > div.swiper-wrapper > div.swiper-slide > a,si,falla,,,R04,2026-09-09,,href: https://reima-ec.org/xiiscicuds-xviteima-2026/,sin CMP detectada
83,ecuador,UNESUM,https://unesum.edu.ec/,2.4.4,c487ae,Link has non-empty accessible name,14,div.elementor-main-swiper > div.swiper-wrapper > div.swiper-slide > a,si,falla,,,R04,2026-09-09,,href: https://reima-ec.org/xiiscicuds-xviteima-2026/,sin CMP detectada
83,ecuador,UNESUM,https://unesum.edu.ec/,2.4.4,c487ae,Link has non-empty accessible name,15,div.elementor-main-swiper > div.swiper-wrapper > div.swiper-slide > a,si,falla,,,R04,2026-09-09,,href: https://forms.gle/GHFjo589tfK2kY4M6,sin CMP detectada
83,ecuador,UNESUM,https://unesum.edu.ec/,2.4.4,c487ae,Link has non-empty accessible name,16,div.elementor-main-swiper > div.swiper-wrapper > div.swiper-slide > a,si,falla,,,R04,2026-09-09,,href: https://drive.google.com/file/d/1XrUxvaSsFWAW00X2oaeHlqOvxY40dk9a/view?usp=drive,sin CMP detectada
83,ecuador,UNESUM,https://unesum.edu.ec/,2.4.4,c487ae,Link has non-empty accessible name,17,div.elementor-main-swiper > div.swiper-wrapper > div.swiper-slide > a,si,falla,,,R04,2026-09-09,,href: https://ciclo-webinar-realcup-2026.anahenriquezorrego.chatgpt.site/#programa,sin CMP detectada
83,ecuador,UNESUM,https://unesum.edu.ec/,2.4.4,c487ae,Link has non-empty accessible name,18,div.elementor-main-swiper > div.swiper-wrapper > div.swiper-slide > a,si,falla,,,R04,2026-09-09,,href: https://uno.edu.br/,sin CMP detectada
83,ecuador,UNESUM,https://unesum.edu.ec/,2.4.4,c487ae,Link has non-empty accessible name,19,div.elementor-main-swiper > div.swiper-wrapper > div.swiper-slide > a,si,falla,,,R04,2026-09-09,,href: https://rercie.ups.edu.ec/cuarto-encuentro-rercie/,sin CMP detectada
83,ecuador,UNESUM,https://unesum.edu.ec/,2.4.4,c487ae,Link has non-empty accessible name,20,div.elementor-main-swiper > div.swiper-wrapper > div.swiper-slide > a,si,falla,,,R04,2026-09-09,,href: https://drive.google.com/file/d/1HbN3M2Q8-45mPGyudEHsAlQII_nPCgfO/view?usp=shari,sin CMP detectada
83,ecuador,UNESUM,https://unesum.edu.ec/,2.4.4,c487ae,Link has non-empty accessible name,21,div.elementor-main-swiper > div.swiper-wrapper > div.swiper-slide > a,si,falla,,,R04,2026-09-09,,href: https://estudiar.unir.net/ec/ec-gen-bec-gene-programa-colectivos-becas-docentes/,sin CMP detectada
83,ecuador,UNESUM,https://unesum.edu.ec/,2.4.4,c487ae,Link has non-empty accessible name,22,div.elementor-main-swiper > div.swiper-wrapper > div.swiper-slide > a,si,falla,,,R04,2026-09-09,,href: https://docs.google.com/forms/d/e/1FAIpQLScdgYXqirWbTfrBUZA66zsAUWcDtoXmSyUBJITu,sin CMP detectada
83,ecuador,UNESUM,https://unesum.edu.ec/,2.4.4,c487ae,Link has non-empty accessible name,23,div.elementor-main-swiper > div.swiper-wrapper > div.swiper-slide > a,si,falla,,,R04,2026-09-09,,href: https://unitec.edu.co/,sin CMP detectada
83,ecuador,UNESUM,https://unesum.edu.ec/,2.4.4,c487ae,Link has non-empty accessible name,24,div.elementor-main-swiper > div.swiper-wrapper > div.swiper-slide > a,si,falla,,,R04,2026-09-09,,href: https://drive.google.com/file/d/1-uWkPoYXYOI9dfVW4DepA6pHgNheGazl/view?usp=shari,sin CMP detectada
83,ecuador,UNESUM,https://unesum.edu.ec/,2.4.4,c487ae,Link has non-empty accessible name,25,div.elementor-main-swiper > div.swiper-wrapper > div.swiper-slide > a,si,falla,,,R04,2026-09-09,,href: https://docs.google.com/document/d/1rSGRPfO-0ChEO3c24hyVKDsR_Scyk4Ac/edit?usp=dr,sin CMP detectada
83,ecuador,UNESUM,https://unesum.edu.ec/,2.4.4,c487ae,Link has non-empty accessible name,26,div.elementor-main-swiper > div.swiper-wrapper > div.swiper-slide > a,si,falla,,,R04,2026-09-09,,href: https://docs.google.com/spreadsheets/d/1OMa_Kiu-F-OinPQYaROQH0LzwNuBV3GqbVz9zbJF,sin CMP detectada
83,ecuador,UNESUM,https://unesum.edu.ec/,2.4.4,c487ae,Link has non-empty accessible name,27,div.elementor-element > div.elementor-element > div.elementor-icon-wrapper > a.elementor-icon,si,falla,,,R04,2026-09-09,,href: https://unesum.edu.ec/rectora/,sin CMP detectada
83,ecuador,UNESUM,https://unesum.edu.ec/,2.4.4,c487ae,Link has non-empty accessible name,28,div.elementor-element > div.elementor-element > h2.elementor-heading-title > a,si,cumple,,,R04,2026-09-09,,"nombre: ""Rectora""",sin CMP detectada
83,ecuador,UNESUM,https://unesum.edu.ec/,2.4.4,5effbb,Link in context is descriptive,28,div.elementor-element > div.elementor-element > h2.elementor-heading-title > a,si,REVISAR,,SIN CONTEXTO PROGRAMATICO,R04,2026-09-09,,"JUICIO HUMANO. ¿Nombre + contexto describen el proposito? nombre: ""Rectora"" | href: https://unesum.edu.ec/rectora/ | AVISO: no hay parrafo, elemento de lista ni celda que lo contenga. Un div o article envolvente NO es contexto programatico.",sin CMP detectada
83,ecuador,UNESUM,https://unesum.edu.ec/,2.4.4,c487ae,Link has non-empty accessible name,29,div.elementor-element > div.elementor-element > div.elementor-icon-wrapper > a.elementor-icon,si,falla,,,R04,2026-09-09,,href: https://unesum.edu.ec/plataformas/,sin CMP detectada
83,ecuador,UNESUM,https://unesum.edu.ec/,2.4.4,c487ae,Link has non-empty accessible name,30,div.elementor-element > div.elementor-element > h2.elementor-heading-title > a,si,cumple,,,R04,2026-09-09,,"nombre: ""Plataformas""",sin CMP detectada
83,ecuador,UNESUM,https://unesum.edu.ec/,2.4.4,5effbb,Link in context is descriptive,30,div.elementor-element > div.elementor-element > h2.elementor-heading-title > a,si,REVISAR,,SIN CONTEXTO PROGRAMATICO,R04,2026-09-09,,"JUICIO HUMANO. ¿Nombre + contexto describen el proposito? nombre: ""Plataformas"" | href: https://unesum.edu.ec/plataformas/ | AVISO: no hay parrafo, elemento de lista ni celda que lo contenga. Un div o article envolvente NO es contexto programatico.",sin CMP detectada
83,ecuador,UNESUM,https://unesum.edu.ec/,2.4.4,c487ae,Link has non-empty accessible name,31,div.elementor-element > div.elementor-element > div.elementor-icon-wrapper > a.elementor-icon,si,falla,,,R04,2026-09-09,,href: https://unesum.edu.ec/investigacion/,sin CMP detectada
83,ecuador,UNESUM,https://unesum.edu.ec/,2.4.4,c487ae,Link has non-empty accessible name,32,div.elementor-element > div.elementor-element > h2.elementor-heading-title > a,si,cumple,,,R04,2026-09-09,,"nombre: ""Investigación""",sin CMP detectada
83,ecuador,UNESUM,https://unesum.edu.ec/,2.4.4,5effbb,Link in context is descriptive,32,div.elementor-element > div.elementor-element > h2.elementor-heading-title > a,si,REVISAR,,SIN CONTEXTO PROGRAMATICO,R04,2026-09-09,,"JUICIO HUMANO. ¿Nombre + contexto describen el proposito? nombre: ""Investigación"" | href: https://unesum.edu.ec/investigacion/ | AVISO: no hay parrafo, elemento de lista ni celda que lo contenga. Un div o article envolvente NO es contexto programatico.",sin CMP detectada
83,ecuador,UNESUM,https://unesum.edu.ec/,2.4.4,c487ae,Link has non-empty accessible name,33,div.elementor-element > div.elementor-element > div.elementor-icon-wrapper > a.elementor-icon,si,falla,,,R04,2026-09-09,,href: https://unesum.edu.ec/vicerrector/,sin CMP detectada
83,ecuador,UNESUM,https://unesum.edu.ec/,2.4.4,c487ae,Link has non-empty accessible name,34,div.elementor-element > div.elementor-element > h2.elementor-heading-title > a,si,cumple,,,R04,2026-09-09,,"nombre: ""Vicerrector""",sin CMP detectada
83,ecuador,UNESUM,https://unesum.edu.ec/,2.4.4,5effbb,Link in context is descriptive,34,div.elementor-element > div.elementor-element > h2.elementor-heading-title > a,si,REVISAR,,SIN CONTEXTO PROGRAMATICO,R04,2026-09-09,,"JUICIO HUMANO. ¿Nombre + contexto describen el proposito? nombre: ""Vicerrector"" | href: https://unesum.edu.ec/vicerrector/ | AVISO: no hay parrafo, elemento de lista ni celda que lo contenga. Un div o article envolvente NO es contexto programatico.",sin CMP detectada
83,ecuador,UNESUM,https://unesum.edu.ec/,2.4.4,c487ae,Link has non-empty accessible name,35,div.elementor-element > div.elementor-element > div.elementor-icon-wrapper > a.elementor-icon,si,falla,,,R04,2026-09-09,,href: https://unesum.edu.ec/gestion-documental-y-archivos/,sin CMP detectada
83,ecuador,UNESUM,https://unesum.edu.ec/,2.4.4,c487ae,Link has non-empty accessible name,36,div.elementor-element > div.elementor-element > h2.elementor-heading-title > a,si,cumple,,,R04,2026-09-09,,"nombre: ""Gestión documental""",sin CMP detectada
83,ecuador,UNESUM,https://unesum.edu.ec/,2.4.4,5effbb,Link in context is descriptive,36,div.elementor-element > div.elementor-element > h2.elementor-heading-title > a,si,REVISAR,,SIN CONTEXTO PROGRAMATICO,R04,2026-09-09,,"JUICIO HUMANO. ¿Nombre + contexto describen el proposito? nombre: ""Gestión documental"" | href: https://unesum.edu.ec/gestion-documental-y-archivos/ | AVISO: no hay parrafo, elemento de lista ni celda que lo contenga. Un div o article envolvente NO es contexto programatico.",sin CMP detectada
83,ecuador,UNESUM,https://unesum.edu.ec/,2.4.4,c487ae,Link has non-empty accessible name,37,div.elementor-element > div.elementor-element > div.elementor-icon-wrapper > a.elementor-icon,si,falla,,,R04,2026-09-09,,href: https://unesum.edu.ec/vinculacion/,sin CMP detectada
83,ecuador,UNESUM,https://unesum.edu.ec/,2.4.4,c487ae,Link has non-empty accessible name,38,div.elementor-element > div.elementor-element > h2.elementor-heading-title > a,si,cumple,,,R04,2026-09-09,,"nombre: ""Vinculación""",sin CMP detectada
83,ecuador,UNESUM,https://unesum.edu.ec/,2.4.4,5effbb,Link in context is descriptive,38,div.elementor-element > div.elementor-element > h2.elementor-heading-title > a,si,REVISAR,,SIN CONTEXTO PROGRAMATICO,R04,2026-09-09,,"JUICIO HUMANO. ¿Nombre + contexto describen el proposito? nombre: ""Vinculación"" | href: https://unesum.edu.ec/vinculacion/ | AVISO: no hay parrafo, elemento de lista ni celda que lo contenga. Un div o article envolvente NO es contexto programatico.",sin CMP detectada
83,ecuador,UNESUM,https://unesum.edu.ec/,2.4.4,c487ae,Link has non-empty accessible name,39,div.elementor-widget-container > div.elementor-loop-container > div.elementor > a.elementor-element,si,cumple,,,R04,2026-09-09,,"nombre: ""septiembre 7, 2026 La UNESUM incorpora a 127 nuevos profesionales de la primera """,sin CMP detectada
83,ecuador,UNESUM,https://unesum.edu.ec/,2.4.4,5effbb,Link in context is descriptive,39,div.elementor-widget-container > div.elementor-loop-container > div.elementor > a.elementor-element,si,REVISAR,,SIN CONTEXTO PROGRAMATICO,R04,2026-09-09,,"JUICIO HUMANO. ¿Nombre + contexto describen el proposito? nombre: ""septiembre 7, 2026 La UNESUM incorpora a 127 nuevos profesionales de la primera "" | href: https://unesum.edu.ec/la-unesum-incorpora-a-127-nuevos-profe | AVISO: no hay parrafo, elemento de lista ni celda que lo contenga. Un div o article envolvente NO es contexto programatico.",sin CMP detectada
83,ecuador,UNESUM,https://unesum.edu.ec/,2.4.4,c487ae,Link has non-empty accessible name,40,div.elementor-widget-container > div.elementor-loop-container > div.elementor > a.elementor-element,si,cumple,,,R04,2026-09-09,,"nombre: ""septiembre 4, 2026 La UNESUM fortalece la expresión oral, el arte y la cultura u""",sin CMP detectada
83,ecuador,UNESUM,https://unesum.edu.ec/,2.4.4,5effbb,Link in context is descriptive,40,div.elementor-widget-container > div.elementor-loop-container > div.elementor > a.elementor-element,si,REVISAR,,SIN CONTEXTO PROGRAMATICO,R04,2026-09-09,,"JUICIO HUMANO. ¿Nombre + contexto describen el proposito? nombre: ""septiembre 4, 2026 La UNESUM fortalece la expresión oral, el arte y la cultura u"" | href: https://unesum.edu.ec/la-unesum-fortalece-la-expresion-oral- | AVISO: no hay parrafo, elemento de lista ni celda que lo contenga. Un div o article envolvente NO es contexto programatico.",sin CMP detectada
83,ecuador,UNESUM,https://unesum.edu.ec/,2.4.4,c487ae,Link has non-empty accessible name,41,div.elementor-widget-container > div.elementor-loop-container > div.elementor > a.elementor-element,si,cumple,,,R04,2026-09-09,,"nombre: ""septiembre 4, 2026 II Feria Sport Pedagogía PAFIDE – UNESUM 2026""",sin CMP detectada
83,ecuador,UNESUM,https://unesum.edu.ec/,2.4.4,5effbb,Link in context is descriptive,41,div.elementor-widget-container > div.elementor-loop-container > div.elementor > a.elementor-element,si,REVISAR,,SIN CONTEXTO PROGRAMATICO,R04,2026-09-09,,"JUICIO HUMANO. ¿Nombre + contexto describen el proposito? nombre: ""septiembre 4, 2026 II Feria Sport Pedagogía PAFIDE – UNESUM 2026"" | href: https://unesum.edu.ec/ii-feria-sport-pedagogia-pafide-unesum | AVISO: no hay parrafo, elemento de lista ni celda que lo contenga. Un div o article envolvente NO es contexto programatico.",sin CMP detectada
