id,group,abbr,url,criterion,act_rule,rule_name,element_n,selector_or_description,applicable,outcome,measured_value,programmatic_context,evaluator_code,date,capture,notes,dialog_state
15,mundo,Cornell,https://www.cornell.edu/,1.4.3,afw4f7,Text has minimum contrast,1,html.js > body.home > nav > a,si,cumple,6.80:1,,R02,2026-09-08,,"umbral 4.5:1 (texto normal, 16.0px); texto: ""Skip to content""",sin CMP detectada
15,mundo,Cornell,https://www.cornell.edu/,1.4.3,afw4f7,Text has minimum contrast,2,header.hdr-embeddedsearch > div.cu-hdr-inner > a > div.cu-logotype,no,,,,R02,2026-09-08,,"No es un caracter visible: la regla no aplica. Texto oculto visualmente, de tamano cero o desplazado fuera de pantalla.",sin CMP detectada
15,mundo,Cornell,https://www.cornell.edu/,1.4.3,afw4f7,Text has minimum contrast,3,header.hdr-embeddedsearch > div.cu-hdr-inner > button.icon-search > span.off-screen,no,,,,R02,2026-09-08,,"No es un caracter visible: la regla no aplica. Texto oculto visualmente, de tamano cero o desplazado fuera de pantalla.",sin CMP detectada
15,mundo,Cornell,https://www.cornell.edu/,1.4.3,afw4f7,Text has minimum contrast,4,header.hdr-embeddedsearch > div.cu-hdr-inner > button.icon-menu > span.off-screen,no,,,,R02,2026-09-08,,"No es un caracter visible: la regla no aplica. Texto oculto visualmente, de tamano cero o desplazado fuera de pantalla.",sin CMP detectada
15,mundo,Cornell,https://www.cornell.edu/,1.4.3,afw4f7,Text has minimum contrast,5,#nav-close,no,,,,R02,2026-09-08,,"No es un caracter visible: la regla no aplica. Texto oculto visualmente, de tamano cero o desplazado fuera de pantalla.",sin CMP detectada
15,mundo,Cornell,https://www.cornell.edu/,1.4.3,afw4f7,Text has minimum contrast,6,ul.nav-menu > li.cu-nav-about > span.menu-item-wrap > a.menu-item,si,cumple,21.00:1,,R02,2026-09-08,,"umbral 4.5:1 (texto normal, 20.0px); texto: ""About Cornell""",sin CMP detectada
15,mundo,Cornell,https://www.cornell.edu/,1.4.3,afw4f7,Text has minimum contrast,7,ul.nav-menu > li.cu-nav-about > a.submenu-trigger > span.off-screen,no,,,,R02,2026-09-08,,"No es un caracter visible: la regla no aplica. Texto oculto visualmente, de tamano cero o desplazado fuera de pantalla.",sin CMP detectada
15,mundo,Cornell,https://www.cornell.edu/,1.4.3,afw4f7,Text has minimum contrast,8,div.submenu > div.submenu-overview > a > span,no,,,,R02,2026-09-08,,"No es un caracter visible: la regla no aplica. Texto oculto visualmente, de tamano cero o desplazado fuera de pantalla.",sin CMP detectada
15,mundo,Cornell,https://www.cornell.edu/,1.4.3,afw4f7,Text has minimum contrast,9,div.submenu > ul.submenu-links > li > a,no,,,,R02,2026-09-08,,"No es un caracter visible: la regla no aplica. Texto oculto visualmente, de tamano cero o desplazado fuera de pantalla.",sin CMP detectada
15,mundo,Cornell,https://www.cornell.edu/,1.4.3,afw4f7,Text has minimum contrast,10,div.submenu > ul.submenu-links > li > a,no,,,,R02,2026-09-08,,"No es un caracter visible: la regla no aplica. Texto oculto visualmente, de tamano cero o desplazado fuera de pantalla.",sin CMP detectada
15,mundo,Cornell,https://www.cornell.edu/,1.4.3,afw4f7,Text has minimum contrast,11,div.submenu > ul.submenu-links > li > a,no,,,,R02,2026-09-08,,"No es un caracter visible: la regla no aplica. Texto oculto visualmente, de tamano cero o desplazado fuera de pantalla.",sin CMP detectada
15,mundo,Cornell,https://www.cornell.edu/,1.4.3,afw4f7,Text has minimum contrast,12,div.submenu > ul.submenu-links > li > a,no,,,,R02,2026-09-08,,"No es un caracter visible: la regla no aplica. Texto oculto visualmente, de tamano cero o desplazado fuera de pantalla.",sin CMP detectada
15,mundo,Cornell,https://www.cornell.edu/,1.4.3,afw4f7,Text has minimum contrast,13,div.submenu > ul.submenu-links > li > a,no,,,,R02,2026-09-08,,"No es un caracter visible: la regla no aplica. Texto oculto visualmente, de tamano cero o desplazado fuera de pantalla.",sin CMP detectada
15,mundo,Cornell,https://www.cornell.edu/,1.4.3,afw4f7,Text has minimum contrast,14,div.submenu > ul.submenu-links > li.submenu-secondary > a,no,,,,R02,2026-09-08,,"No es un caracter visible: la regla no aplica. Texto oculto visualmente, de tamano cero o desplazado fuera de pantalla.",sin CMP detectada
15,mundo,Cornell,https://www.cornell.edu/,1.4.3,afw4f7,Text has minimum contrast,15,div.submenu > ul.submenu-links > li.submenu-secondary > a,no,,,,R02,2026-09-08,,"No es un caracter visible: la regla no aplica. Texto oculto visualmente, de tamano cero o desplazado fuera de pantalla.",sin CMP detectada
15,mundo,Cornell,https://www.cornell.edu/,1.4.3,afw4f7,Text has minimum contrast,16,li.cu-nav-about > div.submenu > div.submenu-related > h2.submenu-title,no,,,,R02,2026-09-08,,"No es un caracter visible: la regla no aplica. Texto oculto visualmente, de tamano cero o desplazado fuera de pantalla.",sin CMP detectada
15,mundo,Cornell,https://www.cornell.edu/,1.4.3,afw4f7,Text has minimum contrast,17,div.submenu-related > ul.sub-nav-group > li > a,no,,,,R02,2026-09-08,,"No es un caracter visible: la regla no aplica. Texto oculto visualmente, de tamano cero o desplazado fuera de pantalla.",sin CMP detectada
15,mundo,Cornell,https://www.cornell.edu/,1.4.3,afw4f7,Text has minimum contrast,18,div.submenu-related > ul.sub-nav-group > li > a,no,,,,R02,2026-09-08,,"No es un caracter visible: la regla no aplica. Texto oculto visualmente, de tamano cero o desplazado fuera de pantalla.",sin CMP detectada
15,mundo,Cornell,https://www.cornell.edu/,1.4.3,afw4f7,Text has minimum contrast,19,div.submenu-related > ul.sub-nav-group > li > a,no,,,,R02,2026-09-08,,"No es un caracter visible: la regla no aplica. Texto oculto visualmente, de tamano cero o desplazado fuera de pantalla.",sin CMP detectada
15,mundo,Cornell,https://www.cornell.edu/,1.4.3,afw4f7,Text has minimum contrast,20,div.submenu-related > ul.sub-nav-group > li > a,no,,,,R02,2026-09-08,,"No es un caracter visible: la regla no aplica. Texto oculto visualmente, de tamano cero o desplazado fuera de pantalla.",sin CMP detectada
15,mundo,Cornell,https://www.cornell.edu/,1.4.3,afw4f7,Text has minimum contrast,21,div.submenu-related > ul.sub-nav-group > li > a,no,,,,R02,2026-09-08,,"No es un caracter visible: la regla no aplica. Texto oculto visualmente, de tamano cero o desplazado fuera de pantalla.",sin CMP detectada
15,mundo,Cornell,https://www.cornell.edu/,1.4.3,afw4f7,Text has minimum contrast,22,div.submenu-related > ul.sub-nav-group > li > a,no,,,,R02,2026-09-08,,"No es un caracter visible: la regla no aplica. Texto oculto visualmente, de tamano cero o desplazado fuera de pantalla.",sin CMP detectada
15,mundo,Cornell,https://www.cornell.edu/,1.4.3,afw4f7,Text has minimum contrast,23,ul.nav-menu > li.cu-nav-admissions > span.menu-item-wrap > a.menu-item,si,cumple,21.00:1,,R02,2026-09-08,,"umbral 4.5:1 (texto normal, 20.0px); texto: ""Admissions""",sin CMP detectada
15,mundo,Cornell,https://www.cornell.edu/,1.4.3,afw4f7,Text has minimum contrast,24,div.submenu > div.submenu-overview > a > span,no,,,,R02,2026-09-08,,"No es un caracter visible: la regla no aplica. Texto oculto visualmente, de tamano cero o desplazado fuera de pantalla.",sin CMP detectada
15,mundo,Cornell,https://www.cornell.edu/,1.4.3,afw4f7,Text has minimum contrast,25,li.cu-nav-admissions > div.submenu > div.submenu-related > h2.submenu-title,no,,,,R02,2026-09-08,,"No es un caracter visible: la regla no aplica. Texto oculto visualmente, de tamano cero o desplazado fuera de pantalla.",sin CMP detectada
15,mundo,Cornell,https://www.cornell.edu/,1.4.3,afw4f7,Text has minimum contrast,26,div.submenu-related > ul.sub-nav-group > li > a,no,,,,R02,2026-09-08,,"No es un caracter visible: la regla no aplica. Texto oculto visualmente, de tamano cero o desplazado fuera de pantalla.",sin CMP detectada
15,mundo,Cornell,https://www.cornell.edu/,1.4.3,afw4f7,Text has minimum contrast,27,div.submenu-related > ul.sub-nav-group > li > a,no,,,,R02,2026-09-08,,"No es un caracter visible: la regla no aplica. Texto oculto visualmente, de tamano cero o desplazado fuera de pantalla.",sin CMP detectada
15,mundo,Cornell,https://www.cornell.edu/,1.4.3,afw4f7,Text has minimum contrast,28,div.submenu-related > ul.sub-nav-group > li > a,no,,,,R02,2026-09-08,,"No es un caracter visible: la regla no aplica. Texto oculto visualmente, de tamano cero o desplazado fuera de pantalla.",sin CMP detectada
15,mundo,Cornell,https://www.cornell.edu/,1.4.3,afw4f7,Text has minimum contrast,29,div.submenu-related > ul.sub-nav-group > li > a,no,,,,R02,2026-09-08,,"No es un caracter visible: la regla no aplica. Texto oculto visualmente, de tamano cero o desplazado fuera de pantalla.",sin CMP detectada
15,mundo,Cornell,https://www.cornell.edu/,1.4.3,afw4f7,Text has minimum contrast,30,li.cu-nav-admissions > div.submenu > div.submenu-related > h2.submenu-title,no,,,,R02,2026-09-08,,"No es un caracter visible: la regla no aplica. Texto oculto visualmente, de tamano cero o desplazado fuera de pantalla.",sin CMP detectada
15,mundo,Cornell,https://www.cornell.edu/,1.4.3,afw4f7,Text has minimum contrast,31,div.submenu-related > ul.sub-nav-group > li > a,no,,,,R02,2026-09-08,,"No es un caracter visible: la regla no aplica. Texto oculto visualmente, de tamano cero o desplazado fuera de pantalla.",sin CMP detectada
15,mundo,Cornell,https://www.cornell.edu/,1.4.3,afw4f7,Text has minimum contrast,32,div.submenu-related > ul.sub-nav-group > li > a,no,,,,R02,2026-09-08,,"No es un caracter visible: la regla no aplica. Texto oculto visualmente, de tamano cero o desplazado fuera de pantalla.",sin CMP detectada
15,mundo,Cornell,https://www.cornell.edu/,1.4.3,afw4f7,Text has minimum contrast,33,div.submenu-related > ul.sub-nav-group > li > a,no,,,,R02,2026-09-08,,"No es un caracter visible: la regla no aplica. Texto oculto visualmente, de tamano cero o desplazado fuera de pantalla.",sin CMP detectada
15,mundo,Cornell,https://www.cornell.edu/,1.4.3,afw4f7,Text has minimum contrast,34,li.cu-nav-admissions > div.submenu > div.submenu-related > h2.submenu-title,no,,,,R02,2026-09-08,,"No es un caracter visible: la regla no aplica. Texto oculto visualmente, de tamano cero o desplazado fuera de pantalla.",sin CMP detectada
15,mundo,Cornell,https://www.cornell.edu/,1.4.3,afw4f7,Text has minimum contrast,35,div.submenu-related > ul.sub-nav-group > li > a,no,,,,R02,2026-09-08,,"No es un caracter visible: la regla no aplica. Texto oculto visualmente, de tamano cero o desplazado fuera de pantalla.",sin CMP detectada
15,mundo,Cornell,https://www.cornell.edu/,1.4.3,afw4f7,Text has minimum contrast,36,div.submenu-related > ul.sub-nav-group > li > a,no,,,,R02,2026-09-08,,"No es un caracter visible: la regla no aplica. Texto oculto visualmente, de tamano cero o desplazado fuera de pantalla.",sin CMP detectada
15,mundo,Cornell,https://www.cornell.edu/,1.4.3,afw4f7,Text has minimum contrast,37,div.submenu-related > ul.sub-nav-group > li > a,no,,,,R02,2026-09-08,,"No es un caracter visible: la regla no aplica. Texto oculto visualmente, de tamano cero o desplazado fuera de pantalla.",sin CMP detectada
15,mundo,Cornell,https://www.cornell.edu/,1.4.3,afw4f7,Text has minimum contrast,38,ul.nav-menu > li.cu-nav-academics > span.menu-item-wrap > a.menu-item,si,cumple,21.00:1,,R02,2026-09-08,,"umbral 4.5:1 (texto normal, 20.0px); texto: ""Academics""",sin CMP detectada
15,mundo,Cornell,https://www.cornell.edu/,1.4.3,afw4f7,Text has minimum contrast,39,ul.nav-menu > li.cu-nav-academics > a.submenu-trigger > span.off-screen,no,,,,R02,2026-09-08,,"No es un caracter visible: la regla no aplica. Texto oculto visualmente, de tamano cero o desplazado fuera de pantalla.",sin CMP detectada
15,mundo,Cornell,https://www.cornell.edu/,1.4.3,afw4f7,Text has minimum contrast,40,div.submenu > div.submenu-overview > a > span,no,,,,R02,2026-09-08,,"No es un caracter visible: la regla no aplica. Texto oculto visualmente, de tamano cero o desplazado fuera de pantalla.",sin CMP detectada
15,mundo,Cornell,https://www.cornell.edu/,1.4.3,afw4f7,Text has minimum contrast,41,div.submenu > ul.submenu-links > li > a,no,,,,R02,2026-09-08,,"No es un caracter visible: la regla no aplica. Texto oculto visualmente, de tamano cero o desplazado fuera de pantalla.",sin CMP detectada
15,mundo,Cornell,https://www.cornell.edu/,1.4.3,afw4f7,Text has minimum contrast,42,div.submenu > ul.submenu-links > li > a,no,,,,R02,2026-09-08,,"No es un caracter visible: la regla no aplica. Texto oculto visualmente, de tamano cero o desplazado fuera de pantalla.",sin CMP detectada
15,mundo,Cornell,https://www.cornell.edu/,1.4.3,afw4f7,Text has minimum contrast,43,div.submenu > ul.submenu-links > li > a,no,,,,R02,2026-09-08,,"No es un caracter visible: la regla no aplica. Texto oculto visualmente, de tamano cero o desplazado fuera de pantalla.",sin CMP detectada
15,mundo,Cornell,https://www.cornell.edu/,1.4.3,afw4f7,Text has minimum contrast,44,div.submenu > ul.submenu-links > li > a,no,,,,R02,2026-09-08,,"No es un caracter visible: la regla no aplica. Texto oculto visualmente, de tamano cero o desplazado fuera de pantalla.",sin CMP detectada
15,mundo,Cornell,https://www.cornell.edu/,1.4.3,afw4f7,Text has minimum contrast,45,div.submenu > ul.submenu-links > li > a,no,,,,R02,2026-09-08,,"No es un caracter visible: la regla no aplica. Texto oculto visualmente, de tamano cero o desplazado fuera de pantalla.",sin CMP detectada
15,mundo,Cornell,https://www.cornell.edu/,1.4.3,afw4f7,Text has minimum contrast,46,li.cu-nav-academics > div.submenu > div.submenu-related > h2.submenu-title,no,,,,R02,2026-09-08,,"No es un caracter visible: la regla no aplica. Texto oculto visualmente, de tamano cero o desplazado fuera de pantalla.",sin CMP detectada
15,mundo,Cornell,https://www.cornell.edu/,1.4.3,afw4f7,Text has minimum contrast,47,div.submenu-related > ul.sub-nav-group > li > a,no,,,,R02,2026-09-08,,"No es un caracter visible: la regla no aplica. Texto oculto visualmente, de tamano cero o desplazado fuera de pantalla.",sin CMP detectada
15,mundo,Cornell,https://www.cornell.edu/,1.4.3,afw4f7,Text has minimum contrast,48,div.submenu-related > ul.sub-nav-group > li > a,no,,,,R02,2026-09-08,,"No es un caracter visible: la regla no aplica. Texto oculto visualmente, de tamano cero o desplazado fuera de pantalla.",sin CMP detectada
15,mundo,Cornell,https://www.cornell.edu/,1.4.3,afw4f7,Text has minimum contrast,49,div.submenu-related > ul.sub-nav-group > li > a,no,,,,R02,2026-09-08,,"No es un caracter visible: la regla no aplica. Texto oculto visualmente, de tamano cero o desplazado fuera de pantalla.",sin CMP detectada
15,mundo,Cornell,https://www.cornell.edu/,1.4.3,afw4f7,Text has minimum contrast,50,div.submenu-related > ul.sub-nav-group > li > a,no,,,,R02,2026-09-08,,"No es un caracter visible: la regla no aplica. Texto oculto visualmente, de tamano cero o desplazado fuera de pantalla.",sin CMP detectada
15,mundo,Cornell,https://www.cornell.edu/,1.4.3,afw4f7,Text has minimum contrast,51,div.submenu-related > ul.sub-nav-group > li > a,no,,,,R02,2026-09-08,,"No es un caracter visible: la regla no aplica. Texto oculto visualmente, de tamano cero o desplazado fuera de pantalla.",sin CMP detectada
15,mundo,Cornell,https://www.cornell.edu/,1.4.3,afw4f7,Text has minimum contrast,52,div.submenu-related > ul.sub-nav-group > li > a,no,,,,R02,2026-09-08,,"No es un caracter visible: la regla no aplica. Texto oculto visualmente, de tamano cero o desplazado fuera de pantalla.",sin CMP detectada
15,mundo,Cornell,https://www.cornell.edu/,1.4.3,afw4f7,Text has minimum contrast,53,ul.nav-menu > li.cu-nav-research > span.menu-item-wrap > a.menu-item,si,cumple,21.00:1,,R02,2026-09-08,,"umbral 4.5:1 (texto normal, 20.0px); texto: ""Research""",sin CMP detectada
15,mundo,Cornell,https://www.cornell.edu/,1.4.3,afw4f7,Text has minimum contrast,54,div.submenu > div.submenu-overview > a > span,no,,,,R02,2026-09-08,,"No es un caracter visible: la regla no aplica. Texto oculto visualmente, de tamano cero o desplazado fuera de pantalla.",sin CMP detectada
15,mundo,Cornell,https://www.cornell.edu/,1.4.3,afw4f7,Text has minimum contrast,55,li.cu-nav-research > div.submenu > div.submenu-stories > h2.submenu-title,no,,,,R02,2026-09-08,,"No es un caracter visible: la regla no aplica. Texto oculto visualmente, de tamano cero o desplazado fuera de pantalla.",sin CMP detectada
15,mundo,Cornell,https://www.cornell.edu/,1.4.3,afw4f7,Text has minimum contrast,56,div.submenu-stories > ul > li > a.img160x90,no,,,,R02,2026-09-08,,"No es un caracter visible: la regla no aplica. Texto oculto visualmente, de tamano cero o desplazado fuera de pantalla.",sin CMP detectada
15,mundo,Cornell,https://www.cornell.edu/,1.4.3,afw4f7,Text has minimum contrast,57,li.cu-nav-research > div.submenu > div.submenu-related > h2.submenu-title,no,,,,R02,2026-09-08,,"No es un caracter visible: la regla no aplica. Texto oculto visualmente, de tamano cero o desplazado fuera de pantalla.",sin CMP detectada
15,mundo,Cornell,https://www.cornell.edu/,1.4.3,afw4f7,Text has minimum contrast,58,div.submenu-related > ul.sub-nav-group > li > a,no,,,,R02,2026-09-08,,"No es un caracter visible: la regla no aplica. Texto oculto visualmente, de tamano cero o desplazado fuera de pantalla.",sin CMP detectada
15,mundo,Cornell,https://www.cornell.edu/,1.4.3,afw4f7,Text has minimum contrast,59,div.submenu-related > ul.sub-nav-group > li > a,no,,,,R02,2026-09-08,,"No es un caracter visible: la regla no aplica. Texto oculto visualmente, de tamano cero o desplazado fuera de pantalla.",sin CMP detectada
15,mundo,Cornell,https://www.cornell.edu/,1.4.3,afw4f7,Text has minimum contrast,60,div.submenu-related > ul.sub-nav-group > li > a,no,,,,R02,2026-09-08,,"No es un caracter visible: la regla no aplica. Texto oculto visualmente, de tamano cero o desplazado fuera de pantalla.",sin CMP detectada
15,mundo,Cornell,https://www.cornell.edu/,1.4.3,afw4f7,Text has minimum contrast,61,div.submenu-related > ul.sub-nav-group > li > a,no,,,,R02,2026-09-08,,"No es un caracter visible: la regla no aplica. Texto oculto visualmente, de tamano cero o desplazado fuera de pantalla.",sin CMP detectada
15,mundo,Cornell,https://www.cornell.edu/,1.4.3,afw4f7,Text has minimum contrast,62,div.submenu-related > ul.sub-nav-group > li > a,no,,,,R02,2026-09-08,,"No es un caracter visible: la regla no aplica. Texto oculto visualmente, de tamano cero o desplazado fuera de pantalla.",sin CMP detectada
15,mundo,Cornell,https://www.cornell.edu/,1.4.3,afw4f7,Text has minimum contrast,63,ul.nav-menu > li.cu-nav-engagement > span.menu-item-wrap > a.menu-item,si,cumple,21.00:1,,R02,2026-09-08,,"umbral 4.5:1 (texto normal, 20.0px); texto: ""Public Engagement""",sin CMP detectada
15,mundo,Cornell,https://www.cornell.edu/,1.4.3,afw4f7,Text has minimum contrast,64,div.submenu > div.submenu-overview > a > span,no,,,,R02,2026-09-08,,"No es un caracter visible: la regla no aplica. Texto oculto visualmente, de tamano cero o desplazado fuera de pantalla.",sin CMP detectada
15,mundo,Cornell,https://www.cornell.edu/,1.4.3,afw4f7,Text has minimum contrast,65,li.cu-nav-engagement > div.submenu > div.submenu-stories > h2.submenu-title,no,,,,R02,2026-09-08,,"No es un caracter visible: la regla no aplica. Texto oculto visualmente, de tamano cero o desplazado fuera de pantalla.",sin CMP detectada
15,mundo,Cornell,https://www.cornell.edu/,1.4.3,afw4f7,Text has minimum contrast,66,div.submenu-stories > ul > li > a,no,,,,R02,2026-09-08,,"No es un caracter visible: la regla no aplica. Texto oculto visualmente, de tamano cero o desplazado fuera de pantalla.",sin CMP detectada
15,mundo,Cornell,https://www.cornell.edu/,1.4.3,afw4f7,Text has minimum contrast,67,li.cu-nav-engagement > div.submenu > div.submenu-related > h2.submenu-title,no,,,,R02,2026-09-08,,"No es un caracter visible: la regla no aplica. Texto oculto visualmente, de tamano cero o desplazado fuera de pantalla.",sin CMP detectada
15,mundo,Cornell,https://www.cornell.edu/,1.4.3,afw4f7,Text has minimum contrast,68,div.submenu-related > ul.sub-nav-group > li > a,no,,,,R02,2026-09-08,,"No es un caracter visible: la regla no aplica. Texto oculto visualmente, de tamano cero o desplazado fuera de pantalla.",sin CMP detectada
15,mundo,Cornell,https://www.cornell.edu/,1.4.3,afw4f7,Text has minimum contrast,69,div.submenu-related > ul.sub-nav-group > li > a,no,,,,R02,2026-09-08,,"No es un caracter visible: la regla no aplica. Texto oculto visualmente, de tamano cero o desplazado fuera de pantalla.",sin CMP detectada
15,mundo,Cornell,https://www.cornell.edu/,1.4.3,afw4f7,Text has minimum contrast,70,div.submenu-related > ul.sub-nav-group > li > a,no,,,,R02,2026-09-08,,"No es un caracter visible: la regla no aplica. Texto oculto visualmente, de tamano cero o desplazado fuera de pantalla.",sin CMP detectada
15,mundo,Cornell,https://www.cornell.edu/,1.4.3,afw4f7,Text has minimum contrast,71,div.submenu-related > ul.sub-nav-group > li > a,no,,,,R02,2026-09-08,,"No es un caracter visible: la regla no aplica. Texto oculto visualmente, de tamano cero o desplazado fuera de pantalla.",sin CMP detectada
15,mundo,Cornell,https://www.cornell.edu/,1.4.3,afw4f7,Text has minimum contrast,72,ul.nav-menu > li.cu-nav-student > span.menu-item-wrap > a.menu-item,si,cumple,21.00:1,,R02,2026-09-08,,"umbral 4.5:1 (texto normal, 20.0px); texto: ""Life at Cornell""",sin CMP detectada
15,mundo,Cornell,https://www.cornell.edu/,1.4.3,afw4f7,Text has minimum contrast,73,ul.nav-menu > li.cu-nav-student > a.submenu-trigger > span.off-screen,no,,,,R02,2026-09-08,,"No es un caracter visible: la regla no aplica. Texto oculto visualmente, de tamano cero o desplazado fuera de pantalla.",sin CMP detectada
15,mundo,Cornell,https://www.cornell.edu/,1.4.3,afw4f7,Text has minimum contrast,74,div.submenu > div.submenu-overview > a > span,no,,,,R02,2026-09-08,,"No es un caracter visible: la regla no aplica. Texto oculto visualmente, de tamano cero o desplazado fuera de pantalla.",sin CMP detectada
15,mundo,Cornell,https://www.cornell.edu/,1.4.3,afw4f7,Text has minimum contrast,75,div.submenu > ul.submenu-links > li > a,no,,,,R02,2026-09-08,,"No es un caracter visible: la regla no aplica. Texto oculto visualmente, de tamano cero o desplazado fuera de pantalla.",sin CMP detectada
15,mundo,Cornell,https://www.cornell.edu/,1.4.3,afw4f7,Text has minimum contrast,76,div.submenu > ul.submenu-links > li > a,no,,,,R02,2026-09-08,,"No es un caracter visible: la regla no aplica. Texto oculto visualmente, de tamano cero o desplazado fuera de pantalla.",sin CMP detectada
15,mundo,Cornell,https://www.cornell.edu/,1.4.3,afw4f7,Text has minimum contrast,77,div.submenu > ul.submenu-links > li > a,no,,,,R02,2026-09-08,,"No es un caracter visible: la regla no aplica. Texto oculto visualmente, de tamano cero o desplazado fuera de pantalla.",sin CMP detectada
15,mundo,Cornell,https://www.cornell.edu/,1.4.3,afw4f7,Text has minimum contrast,78,div.submenu > ul.submenu-links > li > a,no,,,,R02,2026-09-08,,"No es un caracter visible: la regla no aplica. Texto oculto visualmente, de tamano cero o desplazado fuera de pantalla.",sin CMP detectada
15,mundo,Cornell,https://www.cornell.edu/,1.4.3,afw4f7,Text has minimum contrast,79,div.submenu > ul.submenu-links > li > a,no,,,,R02,2026-09-08,,"No es un caracter visible: la regla no aplica. Texto oculto visualmente, de tamano cero o desplazado fuera de pantalla.",sin CMP detectada
15,mundo,Cornell,https://www.cornell.edu/,1.4.3,afw4f7,Text has minimum contrast,80,div.submenu > ul.submenu-links > li > a,no,,,,R02,2026-09-08,,"No es un caracter visible: la regla no aplica. Texto oculto visualmente, de tamano cero o desplazado fuera de pantalla.",sin CMP detectada
15,mundo,Cornell,https://www.cornell.edu/,1.4.3,afw4f7,Text has minimum contrast,81,li.cu-nav-student > div.submenu > div.submenu-related > h2.submenu-title,no,,,,R02,2026-09-08,,"No es un caracter visible: la regla no aplica. Texto oculto visualmente, de tamano cero o desplazado fuera de pantalla.",sin CMP detectada
15,mundo,Cornell,https://www.cornell.edu/,1.4.3,afw4f7,Text has minimum contrast,82,div.submenu-related > ul.sub-nav-group > li > a,no,,,,R02,2026-09-08,,"No es un caracter visible: la regla no aplica. Texto oculto visualmente, de tamano cero o desplazado fuera de pantalla.",sin CMP detectada
15,mundo,Cornell,https://www.cornell.edu/,1.4.3,afw4f7,Text has minimum contrast,83,div.submenu-related > ul.sub-nav-group > li > a,no,,,,R02,2026-09-08,,"No es un caracter visible: la regla no aplica. Texto oculto visualmente, de tamano cero o desplazado fuera de pantalla.",sin CMP detectada
15,mundo,Cornell,https://www.cornell.edu/,1.4.3,afw4f7,Text has minimum contrast,84,div.submenu-related > ul.sub-nav-group > li > a,no,,,,R02,2026-09-08,,"No es un caracter visible: la regla no aplica. Texto oculto visualmente, de tamano cero o desplazado fuera de pantalla.",sin CMP detectada
15,mundo,Cornell,https://www.cornell.edu/,1.4.3,afw4f7,Text has minimum contrast,85,div.submenu-related > ul.sub-nav-group > li > a,no,,,,R02,2026-09-08,,"No es un caracter visible: la regla no aplica. Texto oculto visualmente, de tamano cero o desplazado fuera de pantalla.",sin CMP detectada
15,mundo,Cornell,https://www.cornell.edu/,1.4.3,afw4f7,Text has minimum contrast,86,nav > div > ul > button.menu-item,no,,,,R02,2026-09-08,,"No es un caracter visible: la regla no aplica. Texto oculto visualmente, de tamano cero o desplazado fuera de pantalla.",sin CMP detectada
15,mundo,Cornell,https://www.cornell.edu/,1.4.3,afw4f7,Text has minimum contrast,87,div > ul > button.submenu-trigger > span.off-screen,no,,,,R02,2026-09-08,,"No es un caracter visible: la regla no aplica. Texto oculto visualmente, de tamano cero o desplazado fuera de pantalla.",sin CMP detectada
15,mundo,Cornell,https://www.cornell.edu/,1.4.3,afw4f7,Text has minimum contrast,88,#applyButton,si,cumple,6.80:1,,R02,2026-09-08,,"umbral 4.5:1 (texto normal, 12.0px negrita); texto: ""Apply""",sin CMP detectada
15,mundo,Cornell,https://www.cornell.edu/,1.4.3,afw4f7,Text has minimum contrast,89,li.cu-nav-actions > ul > li.applyChildLi > a.applyChild,no,,,,R02,2026-09-08,,"No es un caracter visible: la regla no aplica. Texto oculto visualmente, de tamano cero o desplazado fuera de pantalla.",sin CMP detectada
15,mundo,Cornell,https://www.cornell.edu/,1.4.3,afw4f7,Text has minimum contrast,90,li.cu-nav-actions > ul > li.applyChildLi > a.applyChild,no,,,,R02,2026-09-08,,"No es un caracter visible: la regla no aplica. Texto oculto visualmente, de tamano cero o desplazado fuera de pantalla.",sin CMP detectada
15,mundo,Cornell,https://www.cornell.edu/,1.4.3,afw4f7,Text has minimum contrast,91,li.cu-nav-actions > ul > li > a,si,cumple,6.80:1,,R02,2026-09-08,,"umbral 4.5:1 (texto normal, 12.0px negrita); texto: ""Visit""",sin CMP detectada
15,mundo,Cornell,https://www.cornell.edu/,1.4.3,afw4f7,Text has minimum contrast,92,li.cu-nav-actions > ul > li > a,si,cumple,6.80:1,,R02,2026-09-08,,"umbral 4.5:1 (texto normal, 12.0px negrita); texto: ""Give""",sin CMP detectada
15,mundo,Cornell,https://www.cornell.edu/,1.4.3,afw4f7,Text has minimum contrast,93,li.cu-nav-people > ul > li > a,si,cumple,6.80:1,,R02,2026-09-08,,"umbral 4.5:1 (texto normal, 12.0px); texto: ""Students""",sin CMP detectada
15,mundo,Cornell,https://www.cornell.edu/,1.4.3,afw4f7,Text has minimum contrast,94,li.cu-nav-people > ul > li > a,si,cumple,6.80:1,,R02,2026-09-08,,"umbral 4.5:1 (texto normal, 12.0px); texto: ""Families""",sin CMP detectada
15,mundo,Cornell,https://www.cornell.edu/,1.4.3,afw4f7,Text has minimum contrast,95,li.cu-nav-people > ul > li > a,si,cumple,6.80:1,,R02,2026-09-08,,"umbral 4.5:1 (texto normal, 12.0px); texto: ""Faculty & Staff""",sin CMP detectada
15,mundo,Cornell,https://www.cornell.edu/,1.4.3,afw4f7,Text has minimum contrast,96,li.cu-nav-people > ul > li > a,si,cumple,6.80:1,,R02,2026-09-08,,"umbral 4.5:1 (texto normal, 12.0px); texto: ""Alumni""",sin CMP detectada
15,mundo,Cornell,https://www.cornell.edu/,1.4.3,afw4f7,Text has minimum contrast,97,div > form.search-main > div.container > label.offscreen,si,falla,1.00:1,,R02,2026-09-08,,"umbral 4.5:1 (texto normal, 18.0px); texto: ""Search""",sin CMP detectada
15,mundo,Cornell,https://www.cornell.edu/,1.4.3,afw4f7,Text has minimum contrast,98,form.search-main > div.container > button.icon-search > span.off-screen,si,cumple,9.81:1,,R02,2026-09-08,,"umbral 4.5:1 (texto normal, 16.0px); texto: ""Search""",sin CMP detectada
15,mundo,Cornell,https://www.cornell.edu/,1.4.3,afw4f7,Text has minimum contrast,99,html.js > body.home > div > h1.off-screen,si,cumple,13.39:1,,R02,2026-09-08,,"umbral 3:1 (texto grande, 32.0px); texto: ""Cornell University""",sin CMP detectada
15,mundo,Cornell,https://www.cornell.edu/,1.4.3,afw4f7,Text has minimum contrast,100,div.marquee-copy > a > div.marquee-heading > span,si,cumple,20.24:1,,R02,2026-09-08,,"umbral 3:1 (texto grande, 48.0px); texto: ""‘Find your farmer, fill your freezer’""",sin CMP detectada
15,mundo,Cornell,https://www.cornell.edu/,1.4.3,afw4f7,Text has minimum contrast,101,div.marquee-copy > a > p.marquee-subheading > span,si,cumple,20.24:1,,R02,2026-09-08,,"umbral 4.5:1 (texto normal, 22.0px); texto: ""Cornell connects meat producers with consumers""",sin CMP detectada
15,mundo,Cornell,https://www.cornell.edu/,1.4.3,afw4f7,Text has minimum contrast,102,div.marquee-copy > a > div.marquee-heading > span,no,,,,R02,2026-09-08,,"No es un caracter visible: la regla no aplica. Texto oculto visualmente, de tamano cero o desplazado fuera de pantalla.",sin CMP detectada
15,mundo,Cornell,https://www.cornell.edu/,1.4.3,afw4f7,Text has minimum contrast,103,div.marquee-controls > nav.slide-controls > button.prev > span.off-screen,si,cumple,21.00:1,,R02,2026-09-08,,"umbral 4.5:1 (texto normal, 13.0px); texto: ""previous slide""",sin CMP detectada
15,mundo,Cornell,https://www.cornell.edu/,1.4.3,afw4f7,Text has minimum contrast,104,div.marquee-controls > nav.slide-controls > button.next > span.off-screen,si,cumple,21.00:1,,R02,2026-09-08,,"umbral 4.5:1 (texto normal, 13.0px); texto: ""next slide""",sin CMP detectada
15,mundo,Cornell,https://www.cornell.edu/,1.4.3,afw4f7,Text has minimum contrast,105,div.container > div.marquee-controls > nav.pager > a.active,no,,,,R02,2026-09-08,,"No es un caracter visible: la regla no aplica. Texto oculto visualmente, de tamano cero o desplazado fuera de pantalla.",sin CMP detectada
15,mundo,Cornell,https://www.cornell.edu/,1.4.3,afw4f7,Text has minimum contrast,106,div.container > div.marquee-controls > nav.pager > a,no,,,,R02,2026-09-08,,"No es un caracter visible: la regla no aplica. Texto oculto visualmente, de tamano cero o desplazado fuera de pantalla.",sin CMP detectada
15,mundo,Cornell,https://www.cornell.edu/,1.4.3,afw4f7,Text has minimum contrast,107,div.container > div.cu-tower > h2.cu-tower-title > a,si,cumple,21.00:1,,R02,2026-09-08,,"umbral 3:1 (texto grande, 26.0px); texto: ""Cornell Chronicle""",sin CMP detectada
15,mundo,Cornell,https://www.cornell.edu/,1.4.3,afw4f7,Text has minimum contrast,108,div.container > div.cu-tower > div.chronicle-entry > div.tag,si,cumple,6.80:1,,R02,2026-09-08,,"umbral 4.5:1 (texto normal, 12.0px negrita); texto: ""Administration""",sin CMP detectada
15,mundo,Cornell,https://www.cornell.edu/,1.4.3,afw4f7,Text has minimum contrast,109,div.container > div.cu-tower > div.chronicle-entry > a.chronicle-entry-title,si,cumple,21.00:1,,R02,2026-09-08,,"umbral 4.5:1 (texto normal, 20.0px); texto: ""Edouard Kopp named director of the Johnson Museum""",sin CMP detectada
15,mundo,Cornell,https://www.cornell.edu/,1.4.3,afw4f7,Text has minimum contrast,110,div.container > div.cu-tower > div.chronicle-entry > div.tag,si,cumple,6.80:1,,R02,2026-09-08,,"umbral 4.5:1 (texto normal, 12.0px negrita); texto: ""Science & Tech""",sin CMP detectada
15,mundo,Cornell,https://www.cornell.edu/,1.4.3,afw4f7,Text has minimum contrast,111,div.container > div.cu-tower > div.chronicle-entry > a.chronicle-entry-title,si,cumple,21.00:1,,R02,2026-09-08,,"umbral 4.5:1 (texto normal, 20.0px); texto: ""Cornell leads project putting robots to work in US orchards""",sin CMP detectada
15,mundo,Cornell,https://www.cornell.edu/,1.4.3,afw4f7,Text has minimum contrast,112,div.container > div.cu-tower > div.chronicle-entry > div.tag,si,cumple,6.80:1,,R02,2026-09-08,,"umbral 4.5:1 (texto normal, 12.0px negrita); texto: ""Research""",sin CMP detectada
15,mundo,Cornell,https://www.cornell.edu/,1.4.3,afw4f7,Text has minimum contrast,113,div.container > div.cu-tower > div.chronicle-entry > a.chronicle-entry-title,si,cumple,21.00:1,,R02,2026-09-08,,"umbral 4.5:1 (texto normal, 20.0px); texto: ""Antifungal therapy restores gut microbiome in IBD patients""",sin CMP detectada
15,mundo,Cornell,https://www.cornell.edu/,1.4.3,afw4f7,Text has minimum contrast,114,div.container > div.cu-tower > div.chronicle-links > a,si,cumple,6.25:1,,R02,2026-09-08,,"umbral 4.5:1 (texto normal, 16.0px); texto: ""More news""",sin CMP detectada
15,mundo,Cornell,https://www.cornell.edu/,1.4.3,afw4f7,Text has minimum contrast,115,div.container > div.cu-tower > div.chronicle-links > a,si,cumple,6.25:1,,R02,2026-09-08,,"umbral 4.5:1 (texto normal, 16.0px); texto: ""For media""",sin CMP detectada
15,mundo,Cornell,https://www.cornell.edu/,1.4.3,afw4f7,Text has minimum contrast,116,div.container > div.home-block > div.block-header > h2.cu-title,no,,,,R02,2026-09-08,,"No es un caracter visible: la regla no aplica. Texto oculto visualmente, de tamano cero o desplazado fuera de pantalla.",sin CMP detectada
15,mundo,Cornell,https://www.cornell.edu/,1.4.3,afw4f7,Text has minimum contrast,117,div.home-block > ol.link-blocks > li > a,no,,,,R02,2026-09-08,,"No es un caracter visible: la regla no aplica. Texto oculto visualmente, de tamano cero o desplazado fuera de pantalla.",sin CMP detectada
15,mundo,Cornell,https://www.cornell.edu/,1.4.3,afw4f7,Text has minimum contrast,118,div.home-block > ol.link-blocks > li > a,no,,,,R02,2026-09-08,,"No es un caracter visible: la regla no aplica. Texto oculto visualmente, de tamano cero o desplazado fuera de pantalla.",sin CMP detectada
15,mundo,Cornell,https://www.cornell.edu/,1.4.3,afw4f7,Text has minimum contrast,119,div.home-block > ol.link-blocks > li > a,no,,,,R02,2026-09-08,,"No es un caracter visible: la regla no aplica. Texto oculto visualmente, de tamano cero o desplazado fuera de pantalla.",sin CMP detectada
15,mundo,Cornell,https://www.cornell.edu/,1.4.3,afw4f7,Text has minimum contrast,120,div.home-block > ol.link-blocks > li > a,no,,,,R02,2026-09-08,,"No es un caracter visible: la regla no aplica. Texto oculto visualmente, de tamano cero o desplazado fuera de pantalla.",sin CMP detectada
15,mundo,Cornell,https://www.cornell.edu/,1.4.3,afw4f7,Text has minimum contrast,121,div.home-block > ol.link-blocks > li > a,no,,,,R02,2026-09-08,,"No es un caracter visible: la regla no aplica. Texto oculto visualmente, de tamano cero o desplazado fuera de pantalla.",sin CMP detectada
15,mundo,Cornell,https://www.cornell.edu/,1.4.3,afw4f7,Text has minimum contrast,122,div.home-block > ol.link-blocks > li > a,no,,,,R02,2026-09-08,,"No es un caracter visible: la regla no aplica. Texto oculto visualmente, de tamano cero o desplazado fuera de pantalla.",sin CMP detectada
15,mundo,Cornell,https://www.cornell.edu/,1.4.3,afw4f7,Text has minimum contrast,123,div.home-block > ol.link-blocks > li > a,no,,,,R02,2026-09-08,,"No es un caracter visible: la regla no aplica. Texto oculto visualmente, de tamano cero o desplazado fuera de pantalla.",sin CMP detectada
15,mundo,Cornell,https://www.cornell.edu/,1.4.3,afw4f7,Text has minimum contrast,124,div.slide-mask > div.slideshow > a.grid-box > div.grid-title,si,cumple,21.00:1,,R02,2026-09-08,,"umbral 3:1 (texto grande, 26.0px); texto: ""Research Matters Podcast: Who gets to decide where free spee""",sin CMP detectada
15,mundo,Cornell,https://www.cornell.edu/,1.4.3,afw4f7,Text has minimum contrast,125,div.slide-mask > div.slideshow > a.grid-box > div.grid-title,si,cumple,21.00:1,,R02,2026-09-08,,"umbral 3:1 (texto grande, 26.0px); texto: ""Lab of Ornithology to host annual Migration Celebration""",sin CMP detectada
15,mundo,Cornell,https://www.cornell.edu/,1.4.3,afw4f7,Text has minimum contrast,126,div.container > div.home-block > div.cu-tabs > h2.cu-title,si,cumple,21.00:1,,R02,2026-09-08,,"umbral 4.5:1 (texto normal, 14.0px negrita); texto: ""Important dates""",sin CMP detectada
15,mundo,Cornell,https://www.cornell.edu/,1.4.3,afw4f7,Text has minimum contrast,127,ol.event-list > li.event-item > time.event-date > span.event-month,si,cumple,4.81:1,,R02,2026-09-08,,"umbral 4.5:1 (texto normal, 12.0px negrita); texto: ""Sep""",sin CMP detectada
15,mundo,Cornell,https://www.cornell.edu/,1.4.3,afw4f7,Text has minimum contrast,128,ol.event-list > li.event-item > time.event-date > span.event-day,si,cumple,13.39:1,,R02,2026-09-08,,"umbral 3:1 (texto grande, 38.0px); texto: ""7""",sin CMP detectada
15,mundo,Cornell,https://www.cornell.edu/,1.4.3,afw4f7,Text has minimum contrast,129,div.tab-panels > ol.event-list > li.event-item > a.event-name,si,cumple,6.25:1,,R02,2026-09-08,,"umbral 4.5:1 (texto normal, 18.0px); texto: ""Labor Day - No Classes""",sin CMP detectada
15,mundo,Cornell,https://www.cornell.edu/,1.4.3,afw4f7,Text has minimum contrast,130,ol.event-list > li.event-item > time.event-date > span.event-month,si,cumple,4.81:1,,R02,2026-09-08,,"umbral 4.5:1 (texto normal, 12.0px negrita); texto: ""Oct""",sin CMP detectada
15,mundo,Cornell,https://www.cornell.edu/,1.4.3,afw4f7,Text has minimum contrast,131,ol.event-list > li.event-item > time.event-date > span.event-day,si,cumple,13.39:1,,R02,2026-09-08,,"umbral 3:1 (texto grande, 38.0px); texto: ""10""",sin CMP detectada
15,mundo,Cornell,https://www.cornell.edu/,1.4.3,afw4f7,Text has minimum contrast,132,div.tab-panels > ol.event-list > li.event-item > a.event-name,si,cumple,6.25:1,,R02,2026-09-08,,"umbral 4.5:1 (texto normal, 18.0px); texto: ""Fall Break Begins""",sin CMP detectada
15,mundo,Cornell,https://www.cornell.edu/,1.4.3,afw4f7,Text has minimum contrast,133,ol.event-list > li.event-item > time.event-date > span.event-month,si,cumple,4.81:1,,R02,2026-09-08,,"umbral 4.5:1 (texto normal, 12.0px negrita); texto: ""Oct""",sin CMP detectada
15,mundo,Cornell,https://www.cornell.edu/,1.4.3,afw4f7,Text has minimum contrast,134,ol.event-list > li.event-item > time.event-date > span.event-day,si,cumple,13.39:1,,R02,2026-09-08,,"umbral 3:1 (texto grande, 38.0px); texto: ""12""",sin CMP detectada
15,mundo,Cornell,https://www.cornell.edu/,1.4.3,afw4f7,Text has minimum contrast,135,div.tab-panels > ol.event-list > li.event-item > a.event-name,si,cumple,6.25:1,,R02,2026-09-08,,"umbral 4.5:1 (texto normal, 18.0px); texto: ""Indigenous Peoples' Day""",sin CMP detectada
15,mundo,Cornell,https://www.cornell.edu/,1.4.3,afw4f7,Text has minimum contrast,136,div > div > video > p,no,,,,R02,2026-09-08,,"No es un caracter visible: la regla no aplica. Texto oculto visualmente, de tamano cero o desplazado fuera de pantalla.",sin CMP detectada
15,mundo,Cornell,https://www.cornell.edu/,1.4.3,afw4f7,Text has minimum contrast,137,div.vcenter2 > div.container > div.typing-container > span.constant,si,falla,1.00:1,,R02,2026-09-08,,"umbral 3:1 (texto grande, 56.0px negrita); texto: ""Research""",sin CMP detectada
15,mundo,Cornell,https://www.cornell.edu/,1.4.3,afw4f7,Text has minimum contrast,138,#typedText,si,falla,1.00:1,,R02,2026-09-08,,"umbral 3:1 (texto grande, 56.0px); texto: ""matters.""",sin CMP detectada
15,mundo,Cornell,https://www.cornell.edu/,1.4.3,afw4f7,Text has minimum contrast,139,div.dark-gray > div.intro-container > div.cu-intro > p,si,cumple,15.91:1,,R02,2026-09-08,,"umbral 3:1 (texto grande, 28.0px); texto: ""Discovery with purpose. Innovation with impact. Cornellians """,sin CMP detectada
15,mundo,Cornell,https://www.cornell.edu/,1.4.3,afw4f7,Text has minimum contrast,140,div.intro-container > div.cu-intro > div > a.btn,si,cumple,6.25:1,,R02,2026-09-08,,"umbral 4.5:1 (texto normal, 14.0px negrita); texto: ""Research in action""",sin CMP detectada
15,mundo,Cornell,https://www.cornell.edu/,1.4.3,afw4f7,Text has minimum contrast,141,a.hc-item > div.hc-overlay > div.vcenter > div.hc-title,si,cumple,21.00:1,,R02,2026-09-08,,"umbral 3:1 (texto grande, 25.0px); texto: ""Deep connections drive psychedelic research""",sin CMP detectada
15,mundo,Cornell,https://www.cornell.edu/,1.4.3,afw4f7,Text has minimum contrast,142,a.hc-item > div.hc-rollover > div.vcenter > p,si,cumple,21.00:1,,R02,2026-09-08,,"umbral 3:1 (texto grande, 27.0px); texto: ""Deep connections drive psychedelic research""",sin CMP detectada
15,mundo,Cornell,https://www.cornell.edu/,1.4.3,afw4f7,Text has minimum contrast,143,a.hc-item > div.hc-rollover > div.vcenter > div.hc-cta,si,cumple,6.70:1,,R02,2026-09-08,,"umbral 4.5:1 (texto normal, 18.0px); texto: ""Keep reading""",sin CMP detectada
15,mundo,Cornell,https://www.cornell.edu/,1.4.3,afw4f7,Text has minimum contrast,144,a.hc-item > div.hc-overlay > div.vcenter > div.hc-title,si,cumple,21.00:1,,R02,2026-09-08,,"umbral 3:1 (texto grande, 25.0px); texto: ""Cornell, City of Ithaca seek ‘unified vision’ for parks""",sin CMP detectada
15,mundo,Cornell,https://www.cornell.edu/,1.4.3,afw4f7,Text has minimum contrast,145,a.hc-item > div.hc-rollover > div.vcenter > p,si,cumple,21.00:1,,R02,2026-09-08,,"umbral 3:1 (texto grande, 27.0px); texto: ""Cornell, City of Ithaca seek ‘unified vision’ for parks""",sin CMP detectada
15,mundo,Cornell,https://www.cornell.edu/,1.4.3,afw4f7,Text has minimum contrast,146,a.hc-item > div.hc-rollover > div.vcenter > div.hc-cta,si,cumple,6.70:1,,R02,2026-09-08,,"umbral 4.5:1 (texto normal, 18.0px); texto: ""Keep reading""",sin CMP detectada
15,mundo,Cornell,https://www.cornell.edu/,1.4.3,afw4f7,Text has minimum contrast,147,a.hc-item > div.hc-overlay > div.vcenter > div.hc-title,si,cumple,21.00:1,,R02,2026-09-08,,"umbral 3:1 (texto grande, 25.0px); texto: ""This simple, low-cost activity reduces depression in young a""",sin CMP detectada
15,mundo,Cornell,https://www.cornell.edu/,1.4.3,afw4f7,Text has minimum contrast,148,a.hc-item > div.hc-rollover > div.vcenter > p,si,cumple,21.00:1,,R02,2026-09-08,,"umbral 3:1 (texto grande, 27.0px); texto: ""This simple, low-cost activity reduces depression in young a""",sin CMP detectada
15,mundo,Cornell,https://www.cornell.edu/,1.4.3,afw4f7,Text has minimum contrast,149,a.hc-item > div.hc-rollover > div.vcenter > div.hc-cta,si,cumple,6.70:1,,R02,2026-09-08,,"umbral 4.5:1 (texto normal, 18.0px); texto: ""Keep reading""",sin CMP detectada
15,mundo,Cornell,https://www.cornell.edu/,1.4.3,afw4f7,Text has minimum contrast,150,a.hc-item > div.hc-overlay > div.vcenter > div.hc-title,si,cumple,21.00:1,,R02,2026-09-08,,"umbral 3:1 (texto grande, 25.0px); texto: ""Today’s clicks can reveal tomorrow’s breakthroughs""",sin CMP detectada
15,mundo,Cornell,https://www.cornell.edu/,1.4.3,afw4f7,Text has minimum contrast,151,a.hc-item > div.hc-rollover > div.vcenter > p,si,cumple,21.00:1,,R02,2026-09-08,,"umbral 3:1 (texto grande, 27.0px); texto: ""Today’s clicks can reveal tomorrow’s breakthroughs""",sin CMP detectada
15,mundo,Cornell,https://www.cornell.edu/,1.4.3,afw4f7,Text has minimum contrast,152,a.hc-item > div.hc-rollover > div.vcenter > div.hc-cta,si,cumple,6.70:1,,R02,2026-09-08,,"umbral 4.5:1 (texto normal, 18.0px); texto: ""Keep reading""",sin CMP detectada
15,mundo,Cornell,https://www.cornell.edu/,1.4.3,afw4f7,Text has minimum contrast,153,a.hc-item > div.hc-overlay > div.vcenter > div.hc-title,no,,,,R02,2026-09-08,,"No es un caracter visible: la regla no aplica. Texto oculto visualmente, de tamano cero o desplazado fuera de pantalla.",sin CMP detectada
15,mundo,Cornell,https://www.cornell.edu/,1.4.3,afw4f7,Text has minimum contrast,154,a.hc-item > div.hc-rollover > div.vcenter > p,no,,,,R02,2026-09-08,,"No es un caracter visible: la regla no aplica. Texto oculto visualmente, de tamano cero o desplazado fuera de pantalla.",sin CMP detectada
15,mundo,Cornell,https://www.cornell.edu/,1.4.3,afw4f7,Text has minimum contrast,155,a.hc-item > div.hc-rollover > div.vcenter > div.hc-cta,no,,,,R02,2026-09-08,,"No es un caracter visible: la regla no aplica. Texto oculto visualmente, de tamano cero o desplazado fuera de pantalla.",sin CMP detectada
15,mundo,Cornell,https://www.cornell.edu/,1.4.3,afw4f7,Text has minimum contrast,156,a.hc-item > div.hc-overlay > div.vcenter > div.hc-title,no,,,,R02,2026-09-08,,"No es un caracter visible: la regla no aplica. Texto oculto visualmente, de tamano cero o desplazado fuera de pantalla.",sin CMP detectada
15,mundo,Cornell,https://www.cornell.edu/,1.4.3,afw4f7,Text has minimum contrast,157,a.hc-item > div.hc-rollover > div.vcenter > p,no,,,,R02,2026-09-08,,"No es un caracter visible: la regla no aplica. Texto oculto visualmente, de tamano cero o desplazado fuera de pantalla.",sin CMP detectada
15,mundo,Cornell,https://www.cornell.edu/,1.4.3,afw4f7,Text has minimum contrast,158,a.hc-item > div.hc-rollover > div.vcenter > div.hc-cta,no,,,,R02,2026-09-08,,"No es un caracter visible: la regla no aplica. Texto oculto visualmente, de tamano cero o desplazado fuera de pantalla.",sin CMP detectada
15,mundo,Cornell,https://www.cornell.edu/,1.4.3,afw4f7,Text has minimum contrast,159,a.hc-item > div.hc-overlay > div.vcenter > div.hc-title,no,,,,R02,2026-09-08,,"No es un caracter visible: la regla no aplica. Texto oculto visualmente, de tamano cero o desplazado fuera de pantalla.",sin CMP detectada
15,mundo,Cornell,https://www.cornell.edu/,1.4.3,afw4f7,Text has minimum contrast,160,a.hc-item > div.hc-rollover > div.vcenter > p,no,,,,R02,2026-09-08,,"No es un caracter visible: la regla no aplica. Texto oculto visualmente, de tamano cero o desplazado fuera de pantalla.",sin CMP detectada
15,mundo,Cornell,https://www.cornell.edu/,1.4.3,afw4f7,Text has minimum contrast,161,a.hc-item > div.hc-rollover > div.vcenter > div.hc-cta,no,,,,R02,2026-09-08,,"No es un caracter visible: la regla no aplica. Texto oculto visualmente, de tamano cero o desplazado fuera de pantalla.",sin CMP detectada
15,mundo,Cornell,https://www.cornell.edu/,1.4.3,afw4f7,Text has minimum contrast,162,a.hc-item > div.hc-overlay > div.vcenter > div.hc-title,no,,,,R02,2026-09-08,,"No es un caracter visible: la regla no aplica. Texto oculto visualmente, de tamano cero o desplazado fuera de pantalla.",sin CMP detectada
15,mundo,Cornell,https://www.cornell.edu/,1.4.3,afw4f7,Text has minimum contrast,163,a.hc-item > div.hc-rollover > div.vcenter > p,no,,,,R02,2026-09-08,,"No es un caracter visible: la regla no aplica. Texto oculto visualmente, de tamano cero o desplazado fuera de pantalla.",sin CMP detectada
15,mundo,Cornell,https://www.cornell.edu/,1.4.3,afw4f7,Text has minimum contrast,164,a.hc-item > div.hc-rollover > div.vcenter > div.hc-cta,no,,,,R02,2026-09-08,,"No es un caracter visible: la regla no aplica. Texto oculto visualmente, de tamano cero o desplazado fuera de pantalla.",sin CMP detectada
15,mundo,Cornell,https://www.cornell.edu/,1.4.3,afw4f7,Text has minimum contrast,165,a.hc-item > div.hc-overlay > div.vcenter > div.hc-title,no,,,,R02,2026-09-08,,"No es un caracter visible: la regla no aplica. Texto oculto visualmente, de tamano cero o desplazado fuera de pantalla.",sin CMP detectada
15,mundo,Cornell,https://www.cornell.edu/,1.4.3,afw4f7,Text has minimum contrast,166,a.hc-item > div.hc-rollover > div.vcenter > p,no,,,,R02,2026-09-08,,"No es un caracter visible: la regla no aplica. Texto oculto visualmente, de tamano cero o desplazado fuera de pantalla.",sin CMP detectada
15,mundo,Cornell,https://www.cornell.edu/,1.4.3,afw4f7,Text has minimum contrast,167,a.hc-item > div.hc-rollover > div.vcenter > div.hc-cta,no,,,,R02,2026-09-08,,"No es un caracter visible: la regla no aplica. Texto oculto visualmente, de tamano cero o desplazado fuera de pantalla.",sin CMP detectada
15,mundo,Cornell,https://www.cornell.edu/,1.4.3,afw4f7,Text has minimum contrast,168,a.hc-item > div.hc-overlay > div.vcenter > div.hc-title,no,,,,R02,2026-09-08,,"No es un caracter visible: la regla no aplica. Texto oculto visualmente, de tamano cero o desplazado fuera de pantalla.",sin CMP detectada
15,mundo,Cornell,https://www.cornell.edu/,1.4.3,afw4f7,Text has minimum contrast,169,a.hc-item > div.hc-rollover > div.vcenter > p,no,,,,R02,2026-09-08,,"No es un caracter visible: la regla no aplica. Texto oculto visualmente, de tamano cero o desplazado fuera de pantalla.",sin CMP detectada
15,mundo,Cornell,https://www.cornell.edu/,1.4.3,afw4f7,Text has minimum contrast,170,a.hc-item > div.hc-rollover > div.vcenter > div.hc-cta,no,,,,R02,2026-09-08,,"No es un caracter visible: la regla no aplica. Texto oculto visualmente, de tamano cero o desplazado fuera de pantalla.",sin CMP detectada
15,mundo,Cornell,https://www.cornell.edu/,1.4.3,afw4f7,Text has minimum contrast,171,div.section > div.socialmedia-stripe-intro > div.container > h2,si,cumple,7.08:1,,R02,2026-09-08,,"umbral 3:1 (texto grande, 32.0px); texto: ""Explore #Cornell on Social Media""",sin CMP detectada
15,mundo,Cornell,https://www.cornell.edu/,1.4.3,afw4f7,Text has minimum contrast,172,div.section > div.socialmedia-stripe-intro > div.container > a.btn,si,cumple,6.46:1,,R02,2026-09-08,,"umbral 4.5:1 (texto normal, 14.0px negrita); texto: ""Social Media Directory""",sin CMP detectada
15,mundo,Cornell,https://www.cornell.edu/,1.4.3,afw4f7,Text has minimum contrast,173,body.home > div.cornelliansPurpose > div.cu-ftr-inner > span.campaign-title,si,falla,1.00:1,,R02,2026-09-08,,"umbral 3:1 (texto grande, 60.0px); texto: ""Cornellians are united by""",sin CMP detectada
15,mundo,Cornell,https://www.cornell.edu/,1.4.3,afw4f7,Text has minimum contrast,174,div.cornelliansPurpose > div.cu-ftr-inner > div > a.btn,si,cumple,21.00:1,,R02,2026-09-08,,"umbral 4.5:1 (texto normal, 14.0px negrita); texto: ""Explore""",sin CMP detectada
15,mundo,Cornell,https://www.cornell.edu/,1.4.3,afw4f7,Text has minimum contrast,175,div.grid-boxes > div.grid-box > p > a,si,falla,1.00:1,,R02,2026-09-08,,"umbral 3:1 (texto grande, 40.0px); texto: ""“I would found an institution where any person can find inst""",sin CMP detectada
15,mundo,Cornell,https://www.cornell.edu/,1.4.3,afw4f7,Text has minimum contrast,176,div.grid-boxes > div.grid-box > p.attribution > a,si,falla,1.00:1,,R02,2026-09-08,,"umbral 4.5:1 (texto normal, 20.0px); texto: ""Ezra Cornell, 1868""",sin CMP detectada
15,mundo,Cornell,https://www.cornell.edu/,1.4.3,afw4f7,Text has minimum contrast,177,div.grid-box > a.play-btn > div.media-play-overlay > span.off-screen,si,falla,3.36:1,,R02,2026-09-08,,"umbral 4.5:1 (texto normal, 16.0px); texto: ""Glorious to View Video""",sin CMP detectada
15,mundo,Cornell,https://www.cornell.edu/,1.4.3,afw4f7,Text has minimum contrast,178,div.grid-boxes > div.grid-box > div.cu-title > a,si,falla,1.00:1,,R02,2026-09-08,,"umbral 4.5:1 (texto normal, 14.0px negrita); texto: ""Experience Cornell""",sin CMP detectada
15,mundo,Cornell,https://www.cornell.edu/,1.4.3,afw4f7,Text has minimum contrast,179,#find_fast,si,cumple,15.91:1,,R02,2026-09-08,,"umbral 4.5:1 (texto normal, 11.0px negrita); texto: ""Helpful Links""",sin CMP detectada
15,mundo,Cornell,https://www.cornell.edu/,1.4.3,afw4f7,Text has minimum contrast,180,ul > li.ftr-item > a.submenu-trigger > span.off-screen,no,,,,R02,2026-09-08,,"No es un caracter visible: la regla no aplica. Texto oculto visualmente, de tamano cero o desplazado fuera de pantalla.",sin CMP detectada
15,mundo,Cornell,https://www.cornell.edu/,1.4.3,afw4f7,Text has minimum contrast,181,div.submenu > ul.ftr-links > li > a,si,cumple,9.91:1,,R02,2026-09-08,,"umbral 4.5:1 (texto normal, 18.0px); texto: ""Academic Calendar""",sin CMP detectada
15,mundo,Cornell,https://www.cornell.edu/,1.4.3,afw4f7,Text has minimum contrast,182,div.submenu > ul.ftr-links > li > a,si,cumple,9.91:1,,R02,2026-09-08,,"umbral 4.5:1 (texto normal, 18.0px); texto: ""Leadership""",sin CMP detectada
15,mundo,Cornell,https://www.cornell.edu/,1.4.3,afw4f7,Text has minimum contrast,183,div.submenu > ul.ftr-links > li > a,si,cumple,9.91:1,,R02,2026-09-08,,"umbral 4.5:1 (texto normal, 18.0px); texto: ""Careers""",sin CMP detectada
15,mundo,Cornell,https://www.cornell.edu/,1.4.3,afw4f7,Text has minimum contrast,184,div.submenu > ul.ftr-links > li > a,si,cumple,9.91:1,,R02,2026-09-08,,"umbral 4.5:1 (texto normal, 18.0px); texto: ""Events""",sin CMP detectada
15,mundo,Cornell,https://www.cornell.edu/,1.4.3,afw4f7,Text has minimum contrast,185,div.submenu > ul.ftr-links > li > a,si,cumple,9.91:1,,R02,2026-09-08,,"umbral 4.5:1 (texto normal, 18.0px); texto: ""News""",sin CMP detectada
15,mundo,Cornell,https://www.cornell.edu/,1.4.3,afw4f7,Text has minimum contrast,186,div.submenu > ul.ftr-links > li > a,si,cumple,9.91:1,,R02,2026-09-08,,"umbral 4.5:1 (texto normal, 18.0px); texto: ""Cornell Office of Civil Rights""",sin CMP detectada
15,mundo,Cornell,https://www.cornell.edu/,1.4.3,afw4f7,Text has minimum contrast,187,div.submenu > ul.ftr-links > li > a,si,cumple,9.91:1,,R02,2026-09-08,,"umbral 4.5:1 (texto normal, 18.0px); texto: ""Consumer Information""",sin CMP detectada
15,mundo,Cornell,https://www.cornell.edu/,1.4.3,afw4f7,Text has minimum contrast,188,div.submenu > ul.ftr-links > li > a,si,cumple,9.91:1,,R02,2026-09-08,,"umbral 4.5:1 (texto normal, 18.0px); texto: ""Emergency Preparedness""",sin CMP detectada
15,mundo,Cornell,https://www.cornell.edu/,1.4.3,afw4f7,Text has minimum contrast,189,div.submenu > ul.ftr-links > li > a,si,cumple,9.91:1,,R02,2026-09-08,,"umbral 4.5:1 (texto normal, 18.0px); texto: ""University Statements""",sin CMP detectada
15,mundo,Cornell,https://www.cornell.edu/,1.4.3,afw4f7,Text has minimum contrast,190,#visiting_cornell,si,cumple,15.91:1,,R02,2026-09-08,,"umbral 4.5:1 (texto normal, 11.0px negrita); texto: ""Visiting Cornell""",sin CMP detectada
15,mundo,Cornell,https://www.cornell.edu/,1.4.3,afw4f7,Text has minimum contrast,191,ul > li.ftr-item > a.submenu-trigger > span.off-screen,no,,,,R02,2026-09-08,,"No es un caracter visible: la regla no aplica. Texto oculto visualmente, de tamano cero o desplazado fuera de pantalla.",sin CMP detectada
15,mundo,Cornell,https://www.cornell.edu/,1.4.3,afw4f7,Text has minimum contrast,192,div.submenu > ul.ftr-links > li > a,si,cumple,9.91:1,,R02,2026-09-08,,"umbral 4.5:1 (texto normal, 18.0px); texto: ""Campus and Virtual Tours""",sin CMP detectada
15,mundo,Cornell,https://www.cornell.edu/,1.4.3,afw4f7,Text has minimum contrast,193,div.submenu > ul.ftr-links > li > a,si,cumple,9.91:1,,R02,2026-09-08,,"umbral 4.5:1 (texto normal, 18.0px); texto: ""Maps & Directions""",sin CMP detectada
15,mundo,Cornell,https://www.cornell.edu/,1.4.3,afw4f7,Text has minimum contrast,194,div.submenu > ul.ftr-links > li > a,si,cumple,9.91:1,,R02,2026-09-08,,"umbral 4.5:1 (texto normal, 18.0px); texto: ""Ithaca-NYC Travel""",sin CMP detectada
15,mundo,Cornell,https://www.cornell.edu/,1.4.3,afw4f7,Text has minimum contrast,195,div.submenu > ul.ftr-links > li > a,si,cumple,9.91:1,,R02,2026-09-08,,"umbral 4.5:1 (texto normal, 18.0px); texto: ""Johnson Museum""",sin CMP detectada
15,mundo,Cornell,https://www.cornell.edu/,1.4.3,afw4f7,Text has minimum contrast,196,div.submenu > ul.ftr-links > li > a,si,cumple,9.91:1,,R02,2026-09-08,,"umbral 4.5:1 (texto normal, 18.0px); texto: ""Botanic Gardens""",sin CMP detectada
15,mundo,Cornell,https://www.cornell.edu/,1.4.3,afw4f7,Text has minimum contrast,197,div.submenu > ul.ftr-links > li > a,si,cumple,9.91:1,,R02,2026-09-08,,"umbral 4.5:1 (texto normal, 18.0px); texto: ""Ithaca""",sin CMP detectada
15,mundo,Cornell,https://www.cornell.edu/,1.4.3,afw4f7,Text has minimum contrast,198,#ithaca_today,si,cumple,15.91:1,,R02,2026-09-08,,"umbral 4.5:1 (texto normal, 11.0px negrita); texto: ""Ithaca Today""",sin CMP detectada
15,mundo,Cornell,https://www.cornell.edu/,1.4.3,afw4f7,Text has minimum contrast,199,ul > li.ftr-item > a.submenu-trigger > span.off-screen,no,,,,R02,2026-09-08,,"No es un caracter visible: la regla no aplica. Texto oculto visualmente, de tamano cero o desplazado fuera de pantalla.",sin CMP detectada
15,mundo,Cornell,https://www.cornell.edu/,1.4.3,afw4f7,Text has minimum contrast,200,ul.ftr-links > li.ftr-liveview > a > span,si,cumple,7.87:1,,R02,2026-09-08,,"umbral 4.5:1 (texto normal, 14.0px); texto: ""Live View""",sin CMP detectada
15,mundo,Cornell,https://www.cornell.edu/,1.4.3,afw4f7,Text has minimum contrast,201,div.submenu > ul.ftr-links > li.ftr-weather-item > a,si,cumple,7.87:1,,R02,2026-09-08,,"umbral 4.5:1 (texto normal, 14.0px); texto: ""Weather""",sin CMP detectada
15,mundo,Cornell,https://www.cornell.edu/,1.4.3,afw4f7,Text has minimum contrast,202,#currentTempIthacaF,si,cumple,12.63:1,,R02,2026-09-08,,"umbral 4.5:1 (texto normal, 20.0px); texto: ""53""",sin CMP detectada
15,mundo,Cornell,https://www.cornell.edu/,1.4.3,afw4f7,Text has minimum contrast,203,li.ftr-weather-item > a > div.ftr-weather > div.ftr-weather-temp,si,cumple,12.63:1,,R02,2026-09-08,,"umbral 4.5:1 (texto normal, 20.0px); texto: ""°F /""",sin CMP detectada
15,mundo,Cornell,https://www.cornell.edu/,1.4.3,afw4f7,Text has minimum contrast,204,#currentTempIthacaC,si,cumple,12.63:1,,R02,2026-09-08,,"umbral 4.5:1 (texto normal, 20.0px); texto: ""12""",sin CMP detectada
15,mundo,Cornell,https://www.cornell.edu/,1.4.3,afw4f7,Text has minimum contrast,205,div.ftr-info > ul.ftr-utility > li > a,si,cumple,9.91:1,,R02,2026-09-08,,"umbral 4.5:1 (texto normal, 14.0px); texto: ""University Relations""",sin CMP detectada
15,mundo,Cornell,https://www.cornell.edu/,1.4.3,afw4f7,Text has minimum contrast,206,div.ftr-info > ul.ftr-utility > li > a,si,cumple,9.91:1,,R02,2026-09-08,,"umbral 4.5:1 (texto normal, 14.0px); texto: ""University Privacy""",sin CMP detectada
15,mundo,Cornell,https://www.cornell.edu/,1.4.3,afw4f7,Text has minimum contrast,207,div.ftr-info > ul.ftr-utility > li > a,si,cumple,9.91:1,,R02,2026-09-08,,"umbral 4.5:1 (texto normal, 14.0px); texto: ""Equal Education & Employment""",sin CMP detectada
15,mundo,Cornell,https://www.cornell.edu/,1.4.3,afw4f7,Text has minimum contrast,208,div.ftr-info > ul.ftr-utility > li > a,si,cumple,9.91:1,,R02,2026-09-08,,"umbral 4.5:1 (texto normal, 14.0px); texto: ""Web Accessibility Assistance""",sin CMP detectada
15,mundo,Cornell,https://www.cornell.edu/,1.4.3,afw4f7,Text has minimum contrast,209,div.ftr-info > ul.ftr-utility > li > a,si,cumple,9.91:1,,R02,2026-09-08,,"umbral 4.5:1 (texto normal, 14.0px); texto: ""Copyright""",sin CMP detectada
15,mundo,Cornell,https://www.cornell.edu/,1.4.3,afw4f7,Text has minimum contrast,210,div.ftr-info > ul.ftr-utility > li > a,si,cumple,9.91:1,,R02,2026-09-08,,"umbral 4.5:1 (texto normal, 14.0px); texto: ""Site Information""",sin CMP detectada
15,mundo,Cornell,https://www.cornell.edu/,1.4.3,afw4f7,Text has minimum contrast,211,div.ftr-info > ul.ftr-utility > li > a,si,cumple,9.91:1,,R02,2026-09-08,,"umbral 4.5:1 (texto normal, 14.0px); texto: ""Contact""",sin CMP detectada
15,mundo,Cornell,https://www.cornell.edu/,1.4.3,afw4f7,Text has minimum contrast,212,footer > div.cu-ftr-inner > div.ftr-info > a.ftr-location-link,si,cumple,9.91:1,,R02,2026-09-08,,"umbral 4.5:1 (texto normal, 14.0px); texto: ""Ithaca, New York""",sin CMP detectada
15,mundo,Cornell,https://www.cornell.edu/,1.4.3,afw4f7,Text has minimum contrast,213,ul.ftr-social > li > a > span.social-label,no,,,,R02,2026-09-08,,"No es un caracter visible: la regla no aplica. Texto oculto visualmente, de tamano cero o desplazado fuera de pantalla.",sin CMP detectada
15,mundo,Cornell,https://www.cornell.edu/,1.4.3,afw4f7,Text has minimum contrast,214,ul.ftr-social > li > a > span.social-label,no,,,,R02,2026-09-08,,"No es un caracter visible: la regla no aplica. Texto oculto visualmente, de tamano cero o desplazado fuera de pantalla.",sin CMP detectada
15,mundo,Cornell,https://www.cornell.edu/,1.4.3,afw4f7,Text has minimum contrast,215,ul.ftr-social > li > a > span.social-label,no,,,,R02,2026-09-08,,"No es un caracter visible: la regla no aplica. Texto oculto visualmente, de tamano cero o desplazado fuera de pantalla.",sin CMP detectada
15,mundo,Cornell,https://www.cornell.edu/,1.4.3,afw4f7,Text has minimum contrast,216,ul.ftr-social > li > a > span.social-label,no,,,,R02,2026-09-08,,"No es un caracter visible: la regla no aplica. Texto oculto visualmente, de tamano cero o desplazado fuera de pantalla.",sin CMP detectada
15,mundo,Cornell,https://www.cornell.edu/,1.4.3,afw4f7,Text has minimum contrast,217,ul.ftr-social > li > a > span.social-label,no,,,,R02,2026-09-08,,"No es un caracter visible: la regla no aplica. Texto oculto visualmente, de tamano cero o desplazado fuera de pantalla.",sin CMP detectada
15,mundo,Cornell,https://www.cornell.edu/,1.1.1,e88epe,Image not in the accessibility tree is decorative,1,div.submenu > div.submenu-overview > a > img.image-replace,no,,,,R02,2026-09-08,,Fuera del arbol de accesibilidad: se trata como decorativa.,sin CMP detectada
15,mundo,Cornell,https://www.cornell.edu/,1.1.1,e88epe,Image not in the accessibility tree is decorative,2,div.submenu > div.submenu-overview > a > img.image-replace,no,,,,R02,2026-09-08,,Fuera del arbol de accesibilidad: se trata como decorativa.,sin CMP detectada
15,mundo,Cornell,https://www.cornell.edu/,1.1.1,e88epe,Image not in the accessibility tree is decorative,3,div.submenu > div.submenu-overview > a > img.image-replace,no,,,,R02,2026-09-08,,Fuera del arbol de accesibilidad: se trata como decorativa.,sin CMP detectada
15,mundo,Cornell,https://www.cornell.edu/,1.1.1,e88epe,Image not in the accessibility tree is decorative,4,div.submenu > div.submenu-overview > a > img.image-replace,no,,,,R02,2026-09-08,,Fuera del arbol de accesibilidad: se trata como decorativa.,sin CMP detectada
15,mundo,Cornell,https://www.cornell.edu/,1.1.1,e88epe,Image not in the accessibility tree is decorative,5,ul > li > a.img160x90 > img.image-replace,no,,,,R02,2026-09-08,,Fuera del arbol de accesibilidad: se trata como decorativa.,sin CMP detectada
15,mundo,Cornell,https://www.cornell.edu/,1.1.1,e88epe,Image not in the accessibility tree is decorative,6,div.submenu > div.submenu-overview > a > img.image-replace,no,,,,R02,2026-09-08,,Fuera del arbol de accesibilidad: se trata como decorativa.,sin CMP detectada
15,mundo,Cornell,https://www.cornell.edu/,1.1.1,e88epe,Image not in the accessibility tree is decorative,7,ul > li > a > img.image-replace,no,,,,R02,2026-09-08,,Fuera del arbol de accesibilidad: se trata como decorativa.,sin CMP detectada
15,mundo,Cornell,https://www.cornell.edu/,1.1.1,e88epe,Image not in the accessibility tree is decorative,8,div.submenu > div.submenu-overview > a > img.image-replace,no,,,,R02,2026-09-08,,Fuera del arbol de accesibilidad: se trata como decorativa.,sin CMP detectada
15,mundo,Cornell,https://www.cornell.edu/,1.1.1,e88epe,Image not in the accessibility tree is decorative,9,body.home > div > div.marquee-mask > img.image-replace,no,,,,R02,2026-09-08,,Fuera del arbol de accesibilidad: se trata como decorativa.,sin CMP detectada
15,mundo,Cornell,https://www.cornell.edu/,1.1.1,23a2a8,Image has non-empty accessible name,10,div.marquee-mask > div.marquee > span.marquee-item > img.marquee-img,si,cumple,,,R02,2026-09-08,,"nombre accesible: ""Matthew LeRoux talks with Bill Morse of Bottomland Farm at the East Hill Plaza F""",sin CMP detectada
15,mundo,Cornell,https://www.cornell.edu/,1.1.1,qt1vmo,Image accessible name is descriptive,10,div.marquee-mask > div.marquee > span.marquee-item > img.marquee-img,si,REVISAR,,,R02,2026-09-08,,"JUICIO HUMANO. ¿El nombre sirve un proposito equivalente al contenido no textual? nombre: ""Matthew LeRoux talks with Bill Morse of Bottomland Farm at the East Hill Plaza Farmers’ Market."" | src: mm.cornell.edu/photos/1280x720/441AEF88-CCD8-94A0-29118F715FF67A86.jpg",sin CMP detectada
15,mundo,Cornell,https://www.cornell.edu/,1.1.1,23a2a8,Image has non-empty accessible name,11,div.slide-mask > div.slideshow > a.grid-box > img.image-replace,si,cumple,,,R02,2026-09-08,,"nombre accesible: ""Gautam Hans and Laura Riley.""",sin CMP detectada
15,mundo,Cornell,https://www.cornell.edu/,1.1.1,qt1vmo,Image accessible name is descriptive,11,div.slide-mask > div.slideshow > a.grid-box > img.image-replace,si,REVISAR,,,R02,2026-09-08,,"JUICIO HUMANO. ¿El nombre sirve un proposito equivalente al contenido no textual? nombre: ""Gautam Hans and Laura Riley."" | src: omm.cornell.edu/photos/400x225/AE87A46B-F8D9-E3EE-7CEDF61EDF369CF1.jpg",sin CMP detectada
15,mundo,Cornell,https://www.cornell.edu/,1.1.1,23a2a8,Image has non-empty accessible name,12,div.slide-mask > div.slideshow > a.grid-box > img.image-replace,si,cumple,,,R02,2026-09-08,,"nombre accesible: ""Visitors learning about birds at Migration Celebration.""",sin CMP detectada
15,mundo,Cornell,https://www.cornell.edu/,1.1.1,qt1vmo,Image accessible name is descriptive,12,div.slide-mask > div.slideshow > a.grid-box > img.image-replace,si,REVISAR,,,R02,2026-09-08,,"JUICIO HUMANO. ¿El nombre sirve un proposito equivalente al contenido no textual? nombre: ""Visitors learning about birds at Migration Celebration."" | src: omm.cornell.edu/photos/400x225/B0530151-A738-F9C9-6EC9481FD6F8CA01.jpg",sin CMP detectada
15,mundo,Cornell,https://www.cornell.edu/,1.1.1,23a2a8,Image has non-empty accessible name,13,div.home-honeycomb > div > a.hc-item > img.image-replace,si,cumple,,,R02,2026-09-08,,Marcada como decorativa: alt vacio o rol none/presentation. La expectativa lo admite.,sin CMP detectada
15,mundo,Cornell,https://www.cornell.edu/,1.1.1,23a2a8,Image has non-empty accessible name,14,div.home-honeycomb > div > a.hc-item > img.image-replace,si,cumple,,,R02,2026-09-08,,Marcada como decorativa: alt vacio o rol none/presentation. La expectativa lo admite.,sin CMP detectada
15,mundo,Cornell,https://www.cornell.edu/,1.1.1,23a2a8,Image has non-empty accessible name,15,div.home-honeycomb > div > a.hc-item > img.image-replace,si,cumple,,,R02,2026-09-08,,Marcada como decorativa: alt vacio o rol none/presentation. La expectativa lo admite.,sin CMP detectada
15,mundo,Cornell,https://www.cornell.edu/,1.1.1,23a2a8,Image has non-empty accessible name,16,div.home-honeycomb > div > a.hc-item > img.image-replace,si,cumple,,,R02,2026-09-08,,Marcada como decorativa: alt vacio o rol none/presentation. La expectativa lo admite.,sin CMP detectada
15,mundo,Cornell,https://www.cornell.edu/,1.1.1,e88epe,Image not in the accessibility tree is decorative,17,div.home-honeycomb > div > a.hc-item > img.image-replace,no,,,,R02,2026-09-08,,Fuera del arbol de accesibilidad: se trata como decorativa.,sin CMP detectada
15,mundo,Cornell,https://www.cornell.edu/,1.1.1,e88epe,Image not in the accessibility tree is decorative,18,div.home-honeycomb > div > a.hc-item > img.image-replace,no,,,,R02,2026-09-08,,Fuera del arbol de accesibilidad: se trata como decorativa.,sin CMP detectada
15,mundo,Cornell,https://www.cornell.edu/,1.1.1,e88epe,Image not in the accessibility tree is decorative,19,div.home-honeycomb > div > a.hc-item > img.image-replace,no,,,,R02,2026-09-08,,Fuera del arbol de accesibilidad: se trata como decorativa.,sin CMP detectada
15,mundo,Cornell,https://www.cornell.edu/,1.1.1,e88epe,Image not in the accessibility tree is decorative,20,div.home-honeycomb > div > a.hc-item > img.image-replace,no,,,,R02,2026-09-08,,Fuera del arbol de accesibilidad: se trata como decorativa.,sin CMP detectada
15,mundo,Cornell,https://www.cornell.edu/,1.1.1,e88epe,Image not in the accessibility tree is decorative,21,div.home-honeycomb > div > a.hc-item > img.image-replace,no,,,,R02,2026-09-08,,Fuera del arbol de accesibilidad: se trata como decorativa.,sin CMP detectada
15,mundo,Cornell,https://www.cornell.edu/,1.1.1,e88epe,Image not in the accessibility tree is decorative,22,div.home-honeycomb > div > a.hc-item > img.image-replace,no,,,,R02,2026-09-08,,Fuera del arbol de accesibilidad: se trata como decorativa.,sin CMP detectada
15,mundo,Cornell,https://www.cornell.edu/,1.1.1,23a2a8,Image has non-empty accessible name,23,a.socialmedia-grid-link > div.socialmedia-grid > div.socialmedia-item > img,si,cumple,,,R02,2026-09-08,,"nombre accesible: ""Cornell's Song of the Vowels statue, as seen through leafty trees with students """,sin CMP detectada
15,mundo,Cornell,https://www.cornell.edu/,1.1.1,qt1vmo,Image accessible name is descriptive,23,a.socialmedia-grid-link > div.socialmedia-grid > div.socialmedia-item > img,si,REVISAR,,,R02,2026-09-08,,"JUICIO HUMANO. ¿El nombre sirve un proposito equivalente al contenido no textual? nombre: ""Cornell's Song of the Vowels statue, as seen through leafty trees with students walking along a path on the Cornell Arts"" | src: omm.cornell.edu/photos/360x360/073D2BCF-C7D7-34E9-3C24C512A67D0FAE.jpg",sin CMP detectada
15,mundo,Cornell,https://www.cornell.edu/,1.1.1,23a2a8,Image has non-empty accessible name,24,a.socialmedia-grid-link > div.socialmedia-grid > div.socialmedia-item > img,si,cumple,,,R02,2026-09-08,,"nombre accesible: ""A crowded lecture hall at Cornell University, with students paying close attenti""",sin CMP detectada
15,mundo,Cornell,https://www.cornell.edu/,1.1.1,qt1vmo,Image accessible name is descriptive,24,a.socialmedia-grid-link > div.socialmedia-grid > div.socialmedia-item > img,si,REVISAR,,,R02,2026-09-08,,"JUICIO HUMANO. ¿El nombre sirve un proposito equivalente al contenido no textual? nombre: ""A crowded lecture hall at Cornell University, with students paying close attention."" | src: omm.cornell.edu/photos/360x360/074CA0F2-9EBB-5861-8946B5E244D81EA5.jpg",sin CMP detectada
15,mundo,Cornell,https://www.cornell.edu/,1.1.1,23a2a8,Image has non-empty accessible name,25,a.socialmedia-grid-link > div.socialmedia-grid > div.socialmedia-item > img,si,cumple,,,R02,2026-09-08,,"nombre accesible: ""Cornellians attend class outside and are sitting in a circle. One individual in """,sin CMP detectada
15,mundo,Cornell,https://www.cornell.edu/,1.1.1,qt1vmo,Image accessible name is descriptive,25,a.socialmedia-grid-link > div.socialmedia-grid > div.socialmedia-item > img,si,REVISAR,,,R02,2026-09-08,,"JUICIO HUMANO. ¿El nombre sirve un proposito equivalente al contenido no textual? nombre: ""Cornellians attend class outside and are sitting in a circle. One individual in the middle is talking. A laptop can be s"" | src: omm.cornell.edu/photos/360x360/07591FDC-A274-7AFC-5429233D3D4BBE0E.jpg",sin CMP detectada
15,mundo,Cornell,https://www.cornell.edu/,1.1.1,23a2a8,Image has non-empty accessible name,26,a.socialmedia-grid-link > div.socialmedia-grid > div.socialmedia-item > img,si,cumple,,,R02,2026-09-08,,"nombre accesible: ""Cornellians walk along a path near Cornell's Ho Plaza, with Cornell's McGraw Tow""",sin CMP detectada
15,mundo,Cornell,https://www.cornell.edu/,1.1.1,qt1vmo,Image accessible name is descriptive,26,a.socialmedia-grid-link > div.socialmedia-grid > div.socialmedia-item > img,si,REVISAR,,,R02,2026-09-08,,"JUICIO HUMANO. ¿El nombre sirve un proposito equivalente al contenido no textual? nombre: ""Cornellians walk along a path near Cornell's Ho Plaza, with Cornell's McGraw Tower seen in the distance."" | src: omm.cornell.edu/photos/400x225/0767B630-A2F8-F79E-F984B5500B3DEE26.jpg",sin CMP detectada
15,mundo,Cornell,https://www.cornell.edu/,1.1.1,23a2a8,Image has non-empty accessible name,27,a.socialmedia-grid-link > div.socialmedia-grid > div.socialmedia-item > img,si,cumple,,,R02,2026-09-08,,"nombre accesible: ""Cornellians walk to class on a well-lit Cornell Arts Quad, with Cornell's Goldwi""",sin CMP detectada
15,mundo,Cornell,https://www.cornell.edu/,1.1.1,qt1vmo,Image accessible name is descriptive,27,a.socialmedia-grid-link > div.socialmedia-grid > div.socialmedia-item > img,si,REVISAR,,,R02,2026-09-08,,"JUICIO HUMANO. ¿El nombre sirve un proposito equivalente al contenido no textual? nombre: ""Cornellians walk to class on a well-lit Cornell Arts Quad, with Cornell's Goldwin Smith Hall seen in the distance. A pro"" | src: omm.cornell.edu/photos/400x225/098C4C82-B343-E263-95549D1E187983DC.jpg",sin CMP detectada
15,mundo,Cornell,https://www.cornell.edu/,1.1.1,23a2a8,Image has non-empty accessible name,28,a.socialmedia-grid-link > div.socialmedia-grid > div.socialmedia-item > img,si,cumple,,,R02,2026-09-08,,"nombre accesible: ""As seen through flowering bushes, Cornellians walk along a path near the Cornell""",sin CMP detectada
15,mundo,Cornell,https://www.cornell.edu/,1.1.1,qt1vmo,Image accessible name is descriptive,28,a.socialmedia-grid-link > div.socialmedia-grid > div.socialmedia-item > img,si,REVISAR,,,R02,2026-09-08,,"JUICIO HUMANO. ¿El nombre sirve un proposito equivalente al contenido no textual? nombre: ""As seen through flowering bushes, Cornellians walk along a path near the Cornell University College of Veterinary Medici"" | src: omm.cornell.edu/photos/360x360/08D506DA-B0CC-69E0-70F2971735C1E0E7.jpg",sin CMP detectada
15,mundo,Cornell,https://www.cornell.edu/,1.1.1,23a2a8,Image has non-empty accessible name,29,a.socialmedia-grid-link > div.socialmedia-grid > div.socialmedia-item > img,si,cumple,,,R02,2026-09-08,,"nombre accesible: ""A Cornellian sits on the stairs in front of Cornell's Bailey Hall, holding a cli""",sin CMP detectada
15,mundo,Cornell,https://www.cornell.edu/,1.1.1,qt1vmo,Image accessible name is descriptive,29,a.socialmedia-grid-link > div.socialmedia-grid > div.socialmedia-item > img,si,REVISAR,,,R02,2026-09-08,,"JUICIO HUMANO. ¿El nombre sirve un proposito equivalente al contenido no textual? nombre: ""A Cornellian sits on the stairs in front of Cornell's Bailey Hall, holding a clipboard while writing."" | src: omm.cornell.edu/photos/360x360/078CAE08-E985-6ADA-5820E075329494FE.jpg",sin CMP detectada
15,mundo,Cornell,https://www.cornell.edu/,1.1.1,23a2a8,Image has non-empty accessible name,30,a.socialmedia-grid-link > div.socialmedia-grid > div.socialmedia-item > img,si,cumple,,,R02,2026-09-08,,"nombre accesible: ""A Cornell student and a Cornell professor are in deep conversation, discussing a""",sin CMP detectada
15,mundo,Cornell,https://www.cornell.edu/,1.1.1,qt1vmo,Image accessible name is descriptive,30,a.socialmedia-grid-link > div.socialmedia-grid > div.socialmedia-item > img,si,REVISAR,,,R02,2026-09-08,,"JUICIO HUMANO. ¿El nombre sirve un proposito equivalente al contenido no textual? nombre: ""A Cornell student and a Cornell professor are in deep conversation, discussing a satellite array that can be seen behind"" | src: omm.cornell.edu/photos/360x360/097B30A0-9244-E7CE-CAC72FE8C536E5BC.jpg",sin CMP detectada
15,mundo,Cornell,https://www.cornell.edu/,1.1.1,23a2a8,Image has non-empty accessible name,31,#campaignCoverImg,si,cumple,,,R02,2026-09-08,,"nombre accesible: ""Ezra Cornell statue imposed over a red background in front of a large floating l""",sin CMP detectada
15,mundo,Cornell,https://www.cornell.edu/,1.1.1,qt1vmo,Image accessible name is descriptive,31,#campaignCoverImg,si,REVISAR,,,R02,2026-09-08,,"JUICIO HUMANO. ¿El nombre sirve un proposito equivalente al contenido no textual? nombre: ""Ezra Cornell statue imposed over a red background in front of a large floating letter C (for Cornell). Text in the backg"" | src: https://www.cornell.edu/assets/images/campaign/ezra.jpg",sin CMP detectada
15,mundo,Cornell,https://www.cornell.edu/,1.1.1,23a2a8,Image has non-empty accessible name,32,li.ftr-item > div.ftr-item-campaign > a > img,si,cumple,,,R02,2026-09-08,,"nombre accesible: ""To do he greatest good: The Campaign for Cornell University""",sin CMP detectada
15,mundo,Cornell,https://www.cornell.edu/,1.1.1,qt1vmo,Image accessible name is descriptive,32,li.ftr-item > div.ftr-item-campaign > a > img,si,REVISAR,,,R02,2026-09-08,,"JUICIO HUMANO. ¿El nombre sirve un proposito equivalente al contenido no textual? nombre: ""To do he greatest good: The Campaign for Cornell University"" | src: https://media.univcomm.cornell.edu/photos/campaign/TDTGG.png",sin CMP detectada
15,mundo,Cornell,https://www.cornell.edu/,2.4.4,c487ae,Link has non-empty accessible name,1,html.js > body.home > nav > a,si,cumple,,,R02,2026-09-08,,"nombre: ""Skip to content""",sin CMP detectada
15,mundo,Cornell,https://www.cornell.edu/,2.4.4,5effbb,Link in context is descriptive,1,html.js > body.home > nav > a,si,REVISAR,,SIN CONTEXTO PROGRAMATICO,R02,2026-09-08,,"JUICIO HUMANO. ¿Nombre + contexto describen el proposito? nombre: ""Skip to content"" | href: #main | AVISO: no hay parrafo, elemento de lista ni celda que lo contenga. Un div o article envolvente NO es contexto programatico.",sin CMP detectada
15,mundo,Cornell,https://www.cornell.edu/,2.4.4,c487ae,Link has non-empty accessible name,2,#cu-brand,si,cumple,,,R02,2026-09-08,,"nombre: ""Cornell University""",sin CMP detectada
15,mundo,Cornell,https://www.cornell.edu/,2.4.4,5effbb,Link in context is descriptive,2,#cu-brand,si,REVISAR,,SIN CONTEXTO PROGRAMATICO,R02,2026-09-08,,"JUICIO HUMANO. ¿Nombre + contexto describen el proposito? nombre: ""Cornell University"" | href: / | AVISO: no hay parrafo, elemento de lista ni celda que lo contenga. Un div o article envolvente NO es contexto programatico.",sin CMP detectada
15,mundo,Cornell,https://www.cornell.edu/,2.4.4,c487ae,Link has non-empty accessible name,3,ul.nav-menu > li.cu-nav-about > span.menu-item-wrap > a.menu-item,si,cumple,,,R02,2026-09-08,,"nombre: ""About Cornell""",sin CMP detectada
15,mundo,Cornell,https://www.cornell.edu/,2.4.4,5effbb,Link in context is descriptive,3,ul.nav-menu > li.cu-nav-about > span.menu-item-wrap > a.menu-item,si,REVISAR,,About Cornell About Cornell Overview Cornell History Maps & Directions Mission & Vision Core Values Locations Ithaca New York City Related Links Cornell Leaders,R02,2026-09-08,,"JUICIO HUMANO. ¿Nombre + contexto describen el proposito? nombre: ""About Cornell"" | href: /about",sin CMP detectada
15,mundo,Cornell,https://www.cornell.edu/,2.4.4,c487ae,Link has non-empty accessible name,4,ul.nav-menu > li.cu-nav-admissions > span.menu-item-wrap > a.menu-item,si,cumple,,,R02,2026-09-08,,"nombre: ""Admissions""",sin CMP detectada
15,mundo,Cornell,https://www.cornell.edu/,2.4.4,5effbb,Link in context is descriptive,4,ul.nav-menu > li.cu-nav-admissions > span.menu-item-wrap > a.menu-item,si,REVISAR,,Admissions Overview Undergraduate Apply Admissions Dates and Deadlines Costs and Aid Graduate Admissions Fields of Study Financial Support Continuing Education ,R02,2026-09-08,,"JUICIO HUMANO. ¿Nombre + contexto describen el proposito? nombre: ""Admissions"" | href: /admissions/",sin CMP detectada
15,mundo,Cornell,https://www.cornell.edu/,2.4.4,c487ae,Link has non-empty accessible name,5,ul.nav-menu > li.cu-nav-academics > span.menu-item-wrap > a.menu-item,si,cumple,,,R02,2026-09-08,,"nombre: ""Academics""",sin CMP detectada
15,mundo,Cornell,https://www.cornell.edu/,2.4.4,5effbb,Link in context is descriptive,5,ul.nav-menu > li.cu-nav-academics > span.menu-item-wrap > a.menu-item,si,REVISAR,,Academics Academics Overview Fields of Study Colleges & Schools Departments Library Continuing Education Related Links Office of the Provost Undergraduate Educa,R02,2026-09-08,,"JUICIO HUMANO. ¿Nombre + contexto describen el proposito? nombre: ""Academics"" | href: /academics/",sin CMP detectada
15,mundo,Cornell,https://www.cornell.edu/,2.4.4,c487ae,Link has non-empty accessible name,6,ul.nav-menu > li.cu-nav-research > span.menu-item-wrap > a.menu-item,si,cumple,,,R02,2026-09-08,,"nombre: ""Research""",sin CMP detectada
15,mundo,Cornell,https://www.cornell.edu/,2.4.4,5effbb,Link in context is descriptive,6,ul.nav-menu > li.cu-nav-research > span.menu-item-wrap > a.menu-item,si,REVISAR,,Research Overview Explore Cornell Research Keep up with research and innovation in the Cornell Chronicle Related Links Cornell Research & Innovation Centers & I,R02,2026-09-08,,"JUICIO HUMANO. ¿Nombre + contexto describen el proposito? nombre: ""Research"" | href: /research",sin CMP detectada
15,mundo,Cornell,https://www.cornell.edu/,2.4.4,c487ae,Link has non-empty accessible name,7,ul.nav-menu > li.cu-nav-engagement > span.menu-item-wrap > a.menu-item,si,cumple,,,R02,2026-09-08,,"nombre: ""Public Engagement""",sin CMP detectada
15,mundo,Cornell,https://www.cornell.edu/,2.4.4,5effbb,Link in context is descriptive,7,ul.nav-menu > li.cu-nav-engagement > span.menu-item-wrap > a.menu-item,si,REVISAR,,Public Engagement Overview Featured CCE helps Buffalo get school food truck rolling Related Links Cornell Cooperative Extension Engaged Cornell Hub Land Grant t,R02,2026-09-08,,"JUICIO HUMANO. ¿Nombre + contexto describen el proposito? nombre: ""Public Engagement"" | href: /engagement/",sin CMP detectada
15,mundo,Cornell,https://www.cornell.edu/,2.4.4,c487ae,Link has non-empty accessible name,8,ul.nav-menu > li.cu-nav-student > span.menu-item-wrap > a.menu-item,si,cumple,,,R02,2026-09-08,,"nombre: ""Life at Cornell""",sin CMP detectada
15,mundo,Cornell,https://www.cornell.edu/,2.4.4,5effbb,Link in context is descriptive,8,ul.nav-menu > li.cu-nav-student > span.menu-item-wrap > a.menu-item,si,REVISAR,,"Life at Cornell Life at Cornell Overview Athletics & Recreation Arts & Culture Health & Safety Live, Work, Travel Student Life Cornell in a Day Related Links Fi",R02,2026-09-08,,"JUICIO HUMANO. ¿Nombre + contexto describen el proposito? nombre: ""Life at Cornell"" | href: /life-at-cornell/",sin CMP detectada
15,mundo,Cornell,https://www.cornell.edu/,2.4.4,c487ae,Link has non-empty accessible name,9,#applyButton,si,cumple,,,R02,2026-09-08,,"nombre: ""Expand Apply Menu""",sin CMP detectada
15,mundo,Cornell,https://www.cornell.edu/,2.4.4,5effbb,Link in context is descriptive,9,#applyButton,si,REVISAR,,Apply,R02,2026-09-08,,"JUICIO HUMANO. ¿Nombre + contexto describen el proposito? nombre: ""Expand Apply Menu"" | href: #",sin CMP detectada
15,mundo,Cornell,https://www.cornell.edu/,2.4.4,c487ae,Link has non-empty accessible name,10,li.cu-nav-actions > ul > li > a,si,cumple,,,R02,2026-09-08,,"nombre: ""Visit""",sin CMP detectada
15,mundo,Cornell,https://www.cornell.edu/,2.4.4,5effbb,Link in context is descriptive,10,li.cu-nav-actions > ul > li > a,si,REVISAR,,Visit,R02,2026-09-08,,"JUICIO HUMANO. ¿Nombre + contexto describen el proposito? nombre: ""Visit"" | href: //www.cornell.edu/visit",sin CMP detectada
15,mundo,Cornell,https://www.cornell.edu/,2.4.4,c487ae,Link has non-empty accessible name,11,li.cu-nav-actions > ul > li > a,si,cumple,,,R02,2026-09-08,,"nombre: ""Give""",sin CMP detectada
15,mundo,Cornell,https://www.cornell.edu/,2.4.4,5effbb,Link in context is descriptive,11,li.cu-nav-actions > ul > li > a,si,REVISAR,,Give,R02,2026-09-08,,"JUICIO HUMANO. ¿Nombre + contexto describen el proposito? nombre: ""Give"" | href: http://www.giving.cornell.edu/",sin CMP detectada
15,mundo,Cornell,https://www.cornell.edu/,2.4.4,c487ae,Link has non-empty accessible name,12,li.cu-nav-people > ul > li > a,si,cumple,,,R02,2026-09-08,,"nombre: ""Students""",sin CMP detectada
15,mundo,Cornell,https://www.cornell.edu/,2.4.4,5effbb,Link in context is descriptive,12,li.cu-nav-people > ul > li > a,si,REVISAR,,Students,R02,2026-09-08,,"JUICIO HUMANO. ¿Nombre + contexto describen el proposito? nombre: ""Students"" | href: https://scl.cornell.edu/families/resources-support-your-stud",sin CMP detectada
15,mundo,Cornell,https://www.cornell.edu/,2.4.4,c487ae,Link has non-empty accessible name,13,li.cu-nav-people > ul > li > a,si,cumple,,,R02,2026-09-08,,"nombre: ""Families""",sin CMP detectada
15,mundo,Cornell,https://www.cornell.edu/,2.4.4,5effbb,Link in context is descriptive,13,li.cu-nav-people > ul > li > a,si,REVISAR,,Families,R02,2026-09-08,,"JUICIO HUMANO. ¿Nombre + contexto describen el proposito? nombre: ""Families"" | href: https://families.cornell.edu/",sin CMP detectada
15,mundo,Cornell,https://www.cornell.edu/,2.4.4,c487ae,Link has non-empty accessible name,14,li.cu-nav-people > ul > li > a,si,cumple,,,R02,2026-09-08,,"nombre: ""Faculty & Staff""",sin CMP detectada
15,mundo,Cornell,https://www.cornell.edu/,2.4.4,5effbb,Link in context is descriptive,14,li.cu-nav-people > ul > li > a,si,REVISAR,,Faculty & Staff,R02,2026-09-08,,"JUICIO HUMANO. ¿Nombre + contexto describen el proposito? nombre: ""Faculty & Staff"" | href: https://cuinfo.cornell.edu/",sin CMP detectada
15,mundo,Cornell,https://www.cornell.edu/,2.4.4,c487ae,Link has non-empty accessible name,15,li.cu-nav-people > ul > li > a,si,cumple,,,R02,2026-09-08,,"nombre: ""Alumni""",sin CMP detectada
15,mundo,Cornell,https://www.cornell.edu/,2.4.4,5effbb,Link in context is descriptive,15,li.cu-nav-people > ul > li > a,si,REVISAR,,Alumni,R02,2026-09-08,,"JUICIO HUMANO. ¿Nombre + contexto describen el proposito? nombre: ""Alumni"" | href: https://alumni.cornell.edu/",sin CMP detectada
15,mundo,Cornell,https://www.cornell.edu/,2.4.4,c487ae,Link has non-empty accessible name,16,span.marquee-item > div.container > div.marquee-copy > a,si,cumple,,,R02,2026-09-08,,"nombre: ""‘Find your farmer, fill your freezer’ Cornell connects meat producers with consu""",sin CMP detectada
15,mundo,Cornell,https://www.cornell.edu/,2.4.4,5effbb,Link in context is descriptive,16,span.marquee-item > div.container > div.marquee-copy > a,si,REVISAR,,SIN CONTEXTO PROGRAMATICO,R02,2026-09-08,,"JUICIO HUMANO. ¿Nombre + contexto describen el proposito? nombre: ""‘Find your farmer, fill your freezer’ Cornell connects meat producers with consu"" | href: https://news.cornell.edu/stories/2026/08/find-your-farmer-fi | AVISO: no hay parrafo, elemento de lista ni celda que lo contenga. Un div o article envolvente NO es contexto programatico.",sin CMP detectada
15,mundo,Cornell,https://www.cornell.edu/,2.4.4,c487ae,Link has non-empty accessible name,17,div.container > div.cu-tower > h2.cu-tower-title > a,si,cumple,,,R02,2026-09-08,,"nombre: ""Cornell Chronicle""",sin CMP detectada
15,mundo,Cornell,https://www.cornell.edu/,2.4.4,5effbb,Link in context is descriptive,17,div.container > div.cu-tower > h2.cu-tower-title > a,si,REVISAR,,SIN CONTEXTO PROGRAMATICO,R02,2026-09-08,,"JUICIO HUMANO. ¿Nombre + contexto describen el proposito? nombre: ""Cornell Chronicle"" | href: http://news.cornell.edu | AVISO: no hay parrafo, elemento de lista ni celda que lo contenga. Un div o article envolvente NO es contexto programatico.",sin CMP detectada
15,mundo,Cornell,https://www.cornell.edu/,2.4.4,c487ae,Link has non-empty accessible name,18,div.container > div.cu-tower > div.chronicle-entry > a.chronicle-entry-title,si,cumple,,,R02,2026-09-08,,"nombre: ""Edouard Kopp named director of the Johnson Museum""",sin CMP detectada
15,mundo,Cornell,https://www.cornell.edu/,2.4.4,5effbb,Link in context is descriptive,18,div.container > div.cu-tower > div.chronicle-entry > a.chronicle-entry-title,si,REVISAR,,SIN CONTEXTO PROGRAMATICO,R02,2026-09-08,,"JUICIO HUMANO. ¿Nombre + contexto describen el proposito? nombre: ""Edouard Kopp named director of the Johnson Museum"" | href: https://news.cornell.edu/stories/2026/09/edouard-kopp-named- | AVISO: no hay parrafo, elemento de lista ni celda que lo contenga. Un div o article envolvente NO es contexto programatico.",sin CMP detectada
15,mundo,Cornell,https://www.cornell.edu/,2.4.4,c487ae,Link has non-empty accessible name,19,div.container > div.cu-tower > div.chronicle-entry > a.chronicle-entry-title,si,cumple,,,R02,2026-09-08,,"nombre: ""Cornell leads project putting robots to work in US orchards""",sin CMP detectada
15,mundo,Cornell,https://www.cornell.edu/,2.4.4,5effbb,Link in context is descriptive,19,div.container > div.cu-tower > div.chronicle-entry > a.chronicle-entry-title,si,REVISAR,,SIN CONTEXTO PROGRAMATICO,R02,2026-09-08,,"JUICIO HUMANO. ¿Nombre + contexto describen el proposito? nombre: ""Cornell leads project putting robots to work in US orchards"" | href: https://news.cornell.edu/stories/2026/09/cornell-leads-proje | AVISO: no hay parrafo, elemento de lista ni celda que lo contenga. Un div o article envolvente NO es contexto programatico.",sin CMP detectada
15,mundo,Cornell,https://www.cornell.edu/,2.4.4,c487ae,Link has non-empty accessible name,20,div.container > div.cu-tower > div.chronicle-entry > a.chronicle-entry-title,si,cumple,,,R02,2026-09-08,,"nombre: ""Antifungal therapy restores gut microbiome in IBD patients""",sin CMP detectada
15,mundo,Cornell,https://www.cornell.edu/,2.4.4,5effbb,Link in context is descriptive,20,div.container > div.cu-tower > div.chronicle-entry > a.chronicle-entry-title,si,REVISAR,,SIN CONTEXTO PROGRAMATICO,R02,2026-09-08,,"JUICIO HUMANO. ¿Nombre + contexto describen el proposito? nombre: ""Antifungal therapy restores gut microbiome in IBD patients"" | href: https://news.cornell.edu/stories/2026/09/antifungal-therapy- | AVISO: no hay parrafo, elemento de lista ni celda que lo contenga. Un div o article envolvente NO es contexto programatico.",sin CMP detectada
15,mundo,Cornell,https://www.cornell.edu/,2.4.4,c487ae,Link has non-empty accessible name,21,div.container > div.cu-tower > div.chronicle-links > a,si,cumple,,,R02,2026-09-08,,"nombre: ""More news""",sin CMP detectada
15,mundo,Cornell,https://www.cornell.edu/,2.4.4,5effbb,Link in context is descriptive,21,div.container > div.cu-tower > div.chronicle-links > a,si,REVISAR,,SIN CONTEXTO PROGRAMATICO,R02,2026-09-08,,"JUICIO HUMANO. ¿Nombre + contexto describen el proposito? nombre: ""More news"" | href: http://news.cornell.edu/ | AVISO: no hay parrafo, elemento de lista ni celda que lo contenga. Un div o article envolvente NO es contexto programatico.",sin CMP detectada
15,mundo,Cornell,https://www.cornell.edu/,2.4.4,c487ae,Link has non-empty accessible name,22,div.container > div.cu-tower > div.chronicle-links > a,si,cumple,,,R02,2026-09-08,,"nombre: ""For media""",sin CMP detectada
15,mundo,Cornell,https://www.cornell.edu/,2.4.4,5effbb,Link in context is descriptive,22,div.container > div.cu-tower > div.chronicle-links > a,si,REVISAR,,SIN CONTEXTO PROGRAMATICO,R02,2026-09-08,,"JUICIO HUMANO. ¿Nombre + contexto describen el proposito? nombre: ""For media"" | href: http://news.cornell.edu/media-relations/work-with-us | AVISO: no hay parrafo, elemento de lista ni celda que lo contenga. Un div o article envolvente NO es contexto programatico.",sin CMP detectada
15,mundo,Cornell,https://www.cornell.edu/,2.4.4,c487ae,Link has non-empty accessible name,23,div.grid-box > div.slide-mask > div.slideshow > a.grid-box,si,cumple,,,R02,2026-09-08,,"nombre: ""Research Matters Podcast: Who gets to decide where free speech ends?""",sin CMP detectada
15,mundo,Cornell,https://www.cornell.edu/,2.4.4,5effbb,Link in context is descriptive,23,div.grid-box > div.slide-mask > div.slideshow > a.grid-box,si,REVISAR,,SIN CONTEXTO PROGRAMATICO,R02,2026-09-08,,"JUICIO HUMANO. ¿Nombre + contexto describen el proposito? nombre: ""Research Matters Podcast: Who gets to decide where free speech ends?"" | href: https://youtu.be/8kVy6f-b1Ok | AVISO: no hay parrafo, elemento de lista ni celda que lo contenga. Un div o article envolvente NO es contexto programatico.",sin CMP detectada
15,mundo,Cornell,https://www.cornell.edu/,2.4.4,c487ae,Link has non-empty accessible name,24,div.grid-box > div.slide-mask > div.slideshow > a.grid-box,si,cumple,,,R02,2026-09-08,,"nombre: ""Lab of Ornithology to host annual Migration Celebration""",sin CMP detectada
15,mundo,Cornell,https://www.cornell.edu/,2.4.4,5effbb,Link in context is descriptive,24,div.grid-box > div.slide-mask > div.slideshow > a.grid-box,si,REVISAR,,SIN CONTEXTO PROGRAMATICO,R02,2026-09-08,,"JUICIO HUMANO. ¿Nombre + contexto describen el proposito? nombre: ""Lab of Ornithology to host annual Migration Celebration"" | href: https://news.cornell.edu/stories/2026/08/lab-ornithology-hos | AVISO: no hay parrafo, elemento de lista ni celda que lo contenga. Un div o article envolvente NO es contexto programatico.",sin CMP detectada
15,mundo,Cornell,https://www.cornell.edu/,2.4.4,c487ae,Link has non-empty accessible name,25,div.tab-panels > ol.event-list > li.event-item > a.event-name,si,cumple,,,R02,2026-09-08,,"nombre: ""Labor Day - No Classes""",sin CMP detectada
15,mundo,Cornell,https://www.cornell.edu/,2.4.4,5effbb,Link in context is descriptive,25,div.tab-panels > ol.event-list > li.event-item > a.event-name,si,REVISAR,,Sep 7 Labor Day - No Classes,R02,2026-09-08,,"JUICIO HUMANO. ¿Nombre + contexto describen el proposito? nombre: ""Labor Day - No Classes"" | href: https://events.cornell.edu/event/labor_day_holiday_-_no_clas",sin CMP detectada
15,mundo,Cornell,https://www.cornell.edu/,2.4.4,c487ae,Link has non-empty accessible name,26,div.tab-panels > ol.event-list > li.event-item > a.event-name,si,cumple,,,R02,2026-09-08,,"nombre: ""Fall Break Begins""",sin CMP detectada
15,mundo,Cornell,https://www.cornell.edu/,2.4.4,5effbb,Link in context is descriptive,26,div.tab-panels > ol.event-list > li.event-item > a.event-name,si,REVISAR,,Oct 10 Fall Break Begins,R02,2026-09-08,,"JUICIO HUMANO. ¿Nombre + contexto describen el proposito? nombre: ""Fall Break Begins"" | href: https://events.cornell.edu/event/fall_break_begins_3401",sin CMP detectada
15,mundo,Cornell,https://www.cornell.edu/,2.4.4,c487ae,Link has non-empty accessible name,27,div.tab-panels > ol.event-list > li.event-item > a.event-name,si,cumple,,,R02,2026-09-08,,"nombre: ""Indigenous Peoples' Day""",sin CMP detectada
15,mundo,Cornell,https://www.cornell.edu/,2.4.4,5effbb,Link in context is descriptive,27,div.tab-panels > ol.event-list > li.event-item > a.event-name,si,REVISAR,,Oct 12 Indigenous Peoples' Day,R02,2026-09-08,,"JUICIO HUMANO. ¿Nombre + contexto describen el proposito? nombre: ""Indigenous Peoples' Day"" | href: https://events.cornell.edu/event/indigenous_peoples_day_-_cl",sin CMP detectada
15,mundo,Cornell,https://www.cornell.edu/,2.4.4,c487ae,Link has non-empty accessible name,28,div.intro-container > div.cu-intro > div > a.btn,si,cumple,,,R02,2026-09-08,,"nombre: ""Research in action""",sin CMP detectada
15,mundo,Cornell,https://www.cornell.edu/,2.4.4,5effbb,Link in context is descriptive,28,div.intro-container > div.cu-intro > div > a.btn,si,REVISAR,,SIN CONTEXTO PROGRAMATICO,R02,2026-09-08,,"JUICIO HUMANO. ¿Nombre + contexto describen el proposito? nombre: ""Research in action"" | href: /research/ | AVISO: no hay parrafo, elemento de lista ni celda que lo contenga. Un div o article envolvente NO es contexto programatico.",sin CMP detectada
15,mundo,Cornell,https://www.cornell.edu/,2.4.4,c487ae,Link has non-empty accessible name,29,div.dark-gray > div.home-honeycomb > div > a.hc-item,si,cumple,,,R02,2026-09-08,,"nombre: ""Deep connections drive psychedelic research Deep connections drive psychedelic r""",sin CMP detectada
15,mundo,Cornell,https://www.cornell.edu/,2.4.4,5effbb,Link in context is descriptive,29,div.dark-gray > div.home-honeycomb > div > a.hc-item,si,REVISAR,,SIN CONTEXTO PROGRAMATICO,R02,2026-09-08,,"JUICIO HUMANO. ¿Nombre + contexto describen el proposito? nombre: ""Deep connections drive psychedelic research Deep connections drive psychedelic r"" | href: https://news.cornell.edu/stories/2026/07/deep-connections-dr | AVISO: no hay parrafo, elemento de lista ni celda que lo contenga. Un div o article envolvente NO es contexto programatico.",sin CMP detectada
15,mundo,Cornell,https://www.cornell.edu/,2.4.4,c487ae,Link has non-empty accessible name,30,div.dark-gray > div.home-honeycomb > div > a.hc-item,si,cumple,,,R02,2026-09-08,,"nombre: ""Cornell, City of Ithaca seek ‘unified vision’ for parks Cornell, City of Ithaca """,sin CMP detectada
15,mundo,Cornell,https://www.cornell.edu/,2.4.4,5effbb,Link in context is descriptive,30,div.dark-gray > div.home-honeycomb > div > a.hc-item,si,REVISAR,,SIN CONTEXTO PROGRAMATICO,R02,2026-09-08,,"JUICIO HUMANO. ¿Nombre + contexto describen el proposito? nombre: ""Cornell, City of Ithaca seek ‘unified vision’ for parks Cornell, City of Ithaca "" | href: https://news.cornell.edu/stories/2026/07/cornell-city-ithaca | AVISO: no hay parrafo, elemento de lista ni celda que lo contenga. Un div o article envolvente NO es contexto programatico.",sin CMP detectada
15,mundo,Cornell,https://www.cornell.edu/,2.4.4,c487ae,Link has non-empty accessible name,31,div.dark-gray > div.home-honeycomb > div > a.hc-item,si,cumple,,,R02,2026-09-08,,"nombre: ""This simple, low-cost activity reduces depression in young adults This simple, l""",sin CMP detectada
15,mundo,Cornell,https://www.cornell.edu/,2.4.4,5effbb,Link in context is descriptive,31,div.dark-gray > div.home-honeycomb > div > a.hc-item,si,REVISAR,,SIN CONTEXTO PROGRAMATICO,R02,2026-09-08,,"JUICIO HUMANO. ¿Nombre + contexto describen el proposito? nombre: ""This simple, low-cost activity reduces depression in young adults This simple, l"" | href: https://news.cornell.edu/stories/2026/06/simple-low-cost-act | AVISO: no hay parrafo, elemento de lista ni celda que lo contenga. Un div o article envolvente NO es contexto programatico.",sin CMP detectada
15,mundo,Cornell,https://www.cornell.edu/,2.4.4,c487ae,Link has non-empty accessible name,32,div.dark-gray > div.home-honeycomb > div > a.hc-item,si,cumple,,,R02,2026-09-08,,"nombre: ""Today’s clicks can reveal tomorrow’s breakthroughs Today’s clicks can reveal tom""",sin CMP detectada
15,mundo,Cornell,https://www.cornell.edu/,2.4.4,5effbb,Link in context is descriptive,32,div.dark-gray > div.home-honeycomb > div > a.hc-item,si,REVISAR,,SIN CONTEXTO PROGRAMATICO,R02,2026-09-08,,"JUICIO HUMANO. ¿Nombre + contexto describen el proposito? nombre: ""Today’s clicks can reveal tomorrow’s breakthroughs Today’s clicks can reveal tom"" | href: https://news.cornell.edu/stories/2026/08/todays-clicks-can-r | AVISO: no hay parrafo, elemento de lista ni celda que lo contenga. Un div o article envolvente NO es contexto programatico.",sin CMP detectada
15,mundo,Cornell,https://www.cornell.edu/,2.4.4,c487ae,Link has non-empty accessible name,33,div.section > div.socialmedia-stripe-intro > div.container > a.btn,si,cumple,,,R02,2026-09-08,,"nombre: ""Social Media Directory""",sin CMP detectada
15,mundo,Cornell,https://www.cornell.edu/,2.4.4,5effbb,Link in context is descriptive,33,div.section > div.socialmedia-stripe-intro > div.container > a.btn,si,REVISAR,,SIN CONTEXTO PROGRAMATICO,R02,2026-09-08,,"JUICIO HUMANO. ¿Nombre + contexto describen el proposito? nombre: ""Social Media Directory"" | href: https://socialmedia.cornell.edu/?utm_source=cornelledu&utm_m | AVISO: no hay parrafo, elemento de lista ni celda que lo contenga. Un div o article envolvente NO es contexto programatico.",sin CMP detectada
15,mundo,Cornell,https://www.cornell.edu/,2.4.4,c487ae,Link has non-empty accessible name,34,body.home > div > div.section > a.socialmedia-grid-link,si,cumple,,,R02,2026-09-08,,"nombre: ""Social Media Directory""",sin CMP detectada
15,mundo,Cornell,https://www.cornell.edu/,2.4.4,5effbb,Link in context is descriptive,34,body.home > div > div.section > a.socialmedia-grid-link,si,REVISAR,,SIN CONTEXTO PROGRAMATICO,R02,2026-09-08,,"JUICIO HUMANO. ¿Nombre + contexto describen el proposito? nombre: ""Social Media Directory"" | href: https://socialmedia.cornell.edu/?utm_source=cornelledu&utm_m | AVISO: no hay parrafo, elemento de lista ni celda que lo contenga. Un div o article envolvente NO es contexto programatico.",sin CMP detectada
15,mundo,Cornell,https://www.cornell.edu/,2.4.4,c487ae,Link has non-empty accessible name,35,div.cornelliansPurpose > div.cu-ftr-inner > div > a.btn,si,cumple,,,R02,2026-09-08,,"nombre: ""Explore the greatest good campaign.""",sin CMP detectada
15,mundo,Cornell,https://www.cornell.edu/,2.4.4,5effbb,Link in context is descriptive,35,div.cornelliansPurpose > div.cu-ftr-inner > div > a.btn,si,REVISAR,,SIN CONTEXTO PROGRAMATICO,R02,2026-09-08,,"JUICIO HUMANO. ¿Nombre + contexto describen el proposito? nombre: ""Explore the greatest good campaign."" | href: https://greatestgood.cornell.edu/ | AVISO: no hay parrafo, elemento de lista ni celda que lo contenga. Un div o article envolvente NO es contexto programatico.",sin CMP detectada
15,mundo,Cornell,https://www.cornell.edu/,2.4.4,c487ae,Link has non-empty accessible name,36,div.grid-boxes > div.grid-box > p > a,si,cumple,,,R02,2026-09-08,,"nombre: ""“I would found an institution where any person can find instruction in any study""",sin CMP detectada
15,mundo,Cornell,https://www.cornell.edu/,2.4.4,5effbb,Link in context is descriptive,36,div.grid-boxes > div.grid-box > p > a,si,REVISAR,,“I would found an institution where any person can find instruction in any study.”,R02,2026-09-08,,"JUICIO HUMANO. ¿Nombre + contexto describen el proposito? nombre: ""“I would found an institution where any person can find instruction in any study"" | href: /about/mission.cfm",sin CMP detectada
15,mundo,Cornell,https://www.cornell.edu/,2.4.4,c487ae,Link has non-empty accessible name,37,div.grid-boxes > div.grid-box > p.attribution > a,si,cumple,,,R02,2026-09-08,,"nombre: ""Ezra Cornell, 1868""",sin CMP detectada
15,mundo,Cornell,https://www.cornell.edu/,2.4.4,5effbb,Link in context is descriptive,37,div.grid-boxes > div.grid-box > p.attribution > a,si,REVISAR,,"Ezra Cornell, 1868",R02,2026-09-08,,"JUICIO HUMANO. ¿Nombre + contexto describen el proposito? nombre: ""Ezra Cornell, 1868"" | href: /about/mission.cfm",sin CMP detectada
15,mundo,Cornell,https://www.cornell.edu/,2.4.4,c487ae,Link has non-empty accessible name,38,div.cu-ftr-inner > div.grid-boxes > div.grid-box > a.play-btn,si,cumple,,,R02,2026-09-08,,"nombre: ""Glorious to View Video""",sin CMP detectada
15,mundo,Cornell,https://www.cornell.edu/,2.4.4,5effbb,Link in context is descriptive,38,div.cu-ftr-inner > div.grid-boxes > div.grid-box > a.play-btn,si,REVISAR,,SIN CONTEXTO PROGRAMATICO,R02,2026-09-08,,"JUICIO HUMANO. ¿Nombre + contexto describen el proposito? nombre: ""Glorious to View Video"" | href: https://vod.video.cornell.edu/media/1_bsw084v2 | AVISO: no hay parrafo, elemento de lista ni celda que lo contenga. Un div o article envolvente NO es contexto programatico.",sin CMP detectada
15,mundo,Cornell,https://www.cornell.edu/,2.4.4,c487ae,Link has non-empty accessible name,39,div.grid-boxes > div.grid-box > div.cu-title > a,si,cumple,,,R02,2026-09-08,,"nombre: ""Experience Cornell""",sin CMP detectada
15,mundo,Cornell,https://www.cornell.edu/,2.4.4,5effbb,Link in context is descriptive,39,div.grid-boxes > div.grid-box > div.cu-title > a,si,REVISAR,,SIN CONTEXTO PROGRAMATICO,R02,2026-09-08,,"JUICIO HUMANO. ¿Nombre + contexto describen el proposito? nombre: ""Experience Cornell"" | href: https://vod.video.cornell.edu/media/1_bsw084v2 | AVISO: no hay parrafo, elemento de lista ni celda que lo contenga. Un div o article envolvente NO es contexto programatico.",sin CMP detectada
15,mundo,Cornell,https://www.cornell.edu/,2.4.4,c487ae,Link has non-empty accessible name,40,div.submenu > ul.ftr-links > li > a,si,cumple,,,R02,2026-09-08,,"nombre: ""Academic Calendar""",sin CMP detectada
15,mundo,Cornell,https://www.cornell.edu/,2.4.4,5effbb,Link in context is descriptive,40,div.submenu > ul.ftr-links > li > a,si,REVISAR,,Academic Calendar,R02,2026-09-08,,"JUICIO HUMANO. ¿Nombre + contexto describen el proposito? nombre: ""Academic Calendar"" | href: https://registrar.cornell.edu/calendar/",sin CMP detectada
15,mundo,Cornell,https://www.cornell.edu/,2.4.4,c487ae,Link has non-empty accessible name,41,div.submenu > ul.ftr-links > li > a,si,cumple,,,R02,2026-09-08,,"nombre: ""Leadership""",sin CMP detectada
15,mundo,Cornell,https://www.cornell.edu/,2.4.4,5effbb,Link in context is descriptive,41,div.submenu > ul.ftr-links > li > a,si,REVISAR,,Leadership,R02,2026-09-08,,"JUICIO HUMANO. ¿Nombre + contexto describen el proposito? nombre: ""Leadership"" | href: https://leadership.cornell.edu",sin CMP detectada
15,mundo,Cornell,https://www.cornell.edu/,2.4.4,c487ae,Link has non-empty accessible name,42,div.submenu > ul.ftr-links > li > a,si,cumple,,,R02,2026-09-08,,"nombre: ""Careers""",sin CMP detectada
15,mundo,Cornell,https://www.cornell.edu/,2.4.4,5effbb,Link in context is descriptive,42,div.submenu > ul.ftr-links > li > a,si,REVISAR,,Careers,R02,2026-09-08,,"JUICIO HUMANO. ¿Nombre + contexto describen el proposito? nombre: ""Careers"" | href: https://hr.cornell.edu",sin CMP detectada
15,mundo,Cornell,https://www.cornell.edu/,2.4.4,c487ae,Link has non-empty accessible name,43,div.submenu > ul.ftr-links > li > a,si,cumple,,,R02,2026-09-08,,"nombre: ""Events""",sin CMP detectada
15,mundo,Cornell,https://www.cornell.edu/,2.4.4,5effbb,Link in context is descriptive,43,div.submenu > ul.ftr-links > li > a,si,REVISAR,,Events,R02,2026-09-08,,"JUICIO HUMANO. ¿Nombre + contexto describen el proposito? nombre: ""Events"" | href: https://events.cornell.edu/",sin CMP detectada
15,mundo,Cornell,https://www.cornell.edu/,2.4.4,c487ae,Link has non-empty accessible name,44,div.submenu > ul.ftr-links > li > a,si,cumple,,,R02,2026-09-08,,"nombre: ""News""",sin CMP detectada
15,mundo,Cornell,https://www.cornell.edu/,2.4.4,5effbb,Link in context is descriptive,44,div.submenu > ul.ftr-links > li > a,si,REVISAR,,News,R02,2026-09-08,,"JUICIO HUMANO. ¿Nombre + contexto describen el proposito? nombre: ""News"" | href: https://news.cornell.edu",sin CMP detectada
15,mundo,Cornell,https://www.cornell.edu/,2.4.4,c487ae,Link has non-empty accessible name,45,div.submenu > ul.ftr-links > li > a,si,cumple,,,R02,2026-09-08,,"nombre: ""Cornell Office of Civil Rights""",sin CMP detectada
15,mundo,Cornell,https://www.cornell.edu/,2.4.4,5effbb,Link in context is descriptive,45,div.submenu > ul.ftr-links > li > a,si,REVISAR,,Cornell Office of Civil Rights,R02,2026-09-08,,"JUICIO HUMANO. ¿Nombre + contexto describen el proposito? nombre: ""Cornell Office of Civil Rights"" | href: https://officeofcivilrights.cornell.edu/",sin CMP detectada
15,mundo,Cornell,https://www.cornell.edu/,2.4.4,c487ae,Link has non-empty accessible name,46,div.submenu > ul.ftr-links > li > a,si,cumple,,,R02,2026-09-08,,"nombre: ""Consumer Information""",sin CMP detectada
15,mundo,Cornell,https://www.cornell.edu/,2.4.4,5effbb,Link in context is descriptive,46,div.submenu > ul.ftr-links > li > a,si,REVISAR,,Consumer Information,R02,2026-09-08,,"JUICIO HUMANO. ¿Nombre + contexto describen el proposito? nombre: ""Consumer Information"" | href: https://compliance.enrollment.cornell.edu/consumer-informati",sin CMP detectada
15,mundo,Cornell,https://www.cornell.edu/,2.4.4,c487ae,Link has non-empty accessible name,47,div.submenu > ul.ftr-links > li > a,si,cumple,,,R02,2026-09-08,,"nombre: ""Emergency Preparedness""",sin CMP detectada
15,mundo,Cornell,https://www.cornell.edu/,2.4.4,5effbb,Link in context is descriptive,47,div.submenu > ul.ftr-links > li > a,si,REVISAR,,Emergency Preparedness,R02,2026-09-08,,"JUICIO HUMANO. ¿Nombre + contexto describen el proposito? nombre: ""Emergency Preparedness"" | href: https://emergency.cornell.edu/",sin CMP detectada
15,mundo,Cornell,https://www.cornell.edu/,2.4.4,c487ae,Link has non-empty accessible name,48,div.submenu > ul.ftr-links > li > a,si,cumple,,,R02,2026-09-08,,"nombre: ""University Statements""",sin CMP detectada
15,mundo,Cornell,https://www.cornell.edu/,2.4.4,5effbb,Link in context is descriptive,48,div.submenu > ul.ftr-links > li > a,si,REVISAR,,University Statements,R02,2026-09-08,,"JUICIO HUMANO. ¿Nombre + contexto describen el proposito? nombre: ""University Statements"" | href: https://statements.cornell.edu/",sin CMP detectada
15,mundo,Cornell,https://www.cornell.edu/,2.4.4,c487ae,Link has non-empty accessible name,49,div.submenu > ul.ftr-links > li > a,si,cumple,,,R02,2026-09-08,,"nombre: ""Campus and Virtual Tours""",sin CMP detectada
15,mundo,Cornell,https://www.cornell.edu/,2.4.4,5effbb,Link in context is descriptive,49,div.submenu > ul.ftr-links > li > a,si,REVISAR,,Campus and Virtual Tours,R02,2026-09-08,,"JUICIO HUMANO. ¿Nombre + contexto describen el proposito? nombre: ""Campus and Virtual Tours"" | href: //www.cornell.edu/visit/#section_tours",sin CMP detectada
15,mundo,Cornell,https://www.cornell.edu/,2.4.4,c487ae,Link has non-empty accessible name,50,div.submenu > ul.ftr-links > li > a,si,cumple,,,R02,2026-09-08,,"nombre: ""Maps & Directions""",sin CMP detectada
15,mundo,Cornell,https://www.cornell.edu/,2.4.4,5effbb,Link in context is descriptive,50,div.submenu > ul.ftr-links > li > a,si,REVISAR,,Maps & Directions,R02,2026-09-08,,"JUICIO HUMANO. ¿Nombre + contexto describen el proposito? nombre: ""Maps & Directions"" | href: //www.cornell.edu/about/maps/",sin CMP detectada
15,mundo,Cornell,https://www.cornell.edu/,2.4.4,c487ae,Link has non-empty accessible name,51,div.submenu > ul.ftr-links > li > a,si,cumple,,,R02,2026-09-08,,"nombre: ""Ithaca-NYC Travel""",sin CMP detectada
15,mundo,Cornell,https://www.cornell.edu/,2.4.4,5effbb,Link in context is descriptive,51,div.submenu > ul.ftr-links > li > a,si,REVISAR,,Ithaca-NYC Travel,R02,2026-09-08,,"JUICIO HUMANO. ¿Nombre + contexto describen el proposito? nombre: ""Ithaca-NYC Travel"" | href: //www.cornell.edu/about/locations/nyc/travel-resources.cfm",sin CMP detectada
15,mundo,Cornell,https://www.cornell.edu/,2.4.4,c487ae,Link has non-empty accessible name,52,div.submenu > ul.ftr-links > li > a,si,cumple,,,R02,2026-09-08,,"nombre: ""Johnson Museum""",sin CMP detectada
15,mundo,Cornell,https://www.cornell.edu/,2.4.4,5effbb,Link in context is descriptive,52,div.submenu > ul.ftr-links > li > a,si,REVISAR,,Johnson Museum,R02,2026-09-08,,"JUICIO HUMANO. ¿Nombre + contexto describen el proposito? nombre: ""Johnson Museum"" | href: https://museum.cornell.edu/",sin CMP detectada
15,mundo,Cornell,https://www.cornell.edu/,2.4.4,c487ae,Link has non-empty accessible name,53,div.submenu > ul.ftr-links > li > a,si,cumple,,,R02,2026-09-08,,"nombre: ""Botanic Gardens""",sin CMP detectada
15,mundo,Cornell,https://www.cornell.edu/,2.4.4,5effbb,Link in context is descriptive,53,div.submenu > ul.ftr-links > li > a,si,REVISAR,,Botanic Gardens,R02,2026-09-08,,"JUICIO HUMANO. ¿Nombre + contexto describen el proposito? nombre: ""Botanic Gardens"" | href: https://cornellbotanicgardens.org/",sin CMP detectada
15,mundo,Cornell,https://www.cornell.edu/,2.4.4,c487ae,Link has non-empty accessible name,54,div.submenu > ul.ftr-links > li > a,si,cumple,,,R02,2026-09-08,,"nombre: ""Ithaca""",sin CMP detectada
15,mundo,Cornell,https://www.cornell.edu/,2.4.4,5effbb,Link in context is descriptive,54,div.submenu > ul.ftr-links > li > a,si,REVISAR,,Ithaca,R02,2026-09-08,,"JUICIO HUMANO. ¿Nombre + contexto describen el proposito? nombre: ""Ithaca"" | href: //www.cornell.edu/about/locations/ithaca/",sin CMP detectada
15,mundo,Cornell,https://www.cornell.edu/,2.4.4,c487ae,Link has non-empty accessible name,55,div.submenu > ul.ftr-links > li.ftr-liveview > a,si,cumple,,,R02,2026-09-08,,"nombre: ""Live View""",sin CMP detectada
15,mundo,Cornell,https://www.cornell.edu/,2.4.4,5effbb,Link in context is descriptive,55,div.submenu > ul.ftr-links > li.ftr-liveview > a,si,REVISAR,,Live View,R02,2026-09-08,,"JUICIO HUMANO. ¿Nombre + contexto describen el proposito? nombre: ""Live View"" | href: //www.cornell.edu/live-view/",sin CMP detectada
15,mundo,Cornell,https://www.cornell.edu/,2.4.4,c487ae,Link has non-empty accessible name,56,div.submenu > ul.ftr-links > li.ftr-weather-item > a,si,cumple,,,R02,2026-09-08,,"nombre: ""Weather 53°F / 12°C""",sin CMP detectada
15,mundo,Cornell,https://www.cornell.edu/,2.4.4,5effbb,Link in context is descriptive,56,div.submenu > ul.ftr-links > li.ftr-weather-item > a,si,REVISAR,,Weather 53°F / 12°C,R02,2026-09-08,,"JUICIO HUMANO. ¿Nombre + contexto describen el proposito? nombre: ""Weather 53°F / 12°C"" | href: //www.cornell.edu/weather/",sin CMP detectada
15,mundo,Cornell,https://www.cornell.edu/,2.4.4,c487ae,Link has non-empty accessible name,57,ul > li.ftr-item > div.ftr-item-campaign > a,si,falla,,,R02,2026-09-08,,href: https://greatestgood.cornell.edu/,sin CMP detectada
15,mundo,Cornell,https://www.cornell.edu/,2.4.4,c487ae,Link has non-empty accessible name,58,div.ftr-info > ul.ftr-utility > li > a,si,cumple,,,R02,2026-09-08,,"nombre: ""University Relations""",sin CMP detectada
15,mundo,Cornell,https://www.cornell.edu/,2.4.4,5effbb,Link in context is descriptive,58,div.ftr-info > ul.ftr-utility > li > a,si,REVISAR,,University Relations,R02,2026-09-08,,"JUICIO HUMANO. ¿Nombre + contexto describen el proposito? nombre: ""University Relations"" | href: https://universityrelations.cornell.edu",sin CMP detectada
15,mundo,Cornell,https://www.cornell.edu/,2.4.4,c487ae,Link has non-empty accessible name,59,div.ftr-info > ul.ftr-utility > li > a,si,cumple,,,R02,2026-09-08,,"nombre: ""University Privacy""",sin CMP detectada
15,mundo,Cornell,https://www.cornell.edu/,2.4.4,5effbb,Link in context is descriptive,59,div.ftr-info > ul.ftr-utility > li > a,si,REVISAR,,University Privacy,R02,2026-09-08,,"JUICIO HUMANO. ¿Nombre + contexto describen el proposito? nombre: ""University Privacy"" | href: https://privacy.cornell.edu/",sin CMP detectada
15,mundo,Cornell,https://www.cornell.edu/,2.4.4,c487ae,Link has non-empty accessible name,60,div.ftr-info > ul.ftr-utility > li > a,si,cumple,,,R02,2026-09-08,,"nombre: ""Equal Education & Employment""",sin CMP detectada
15,mundo,Cornell,https://www.cornell.edu/,2.4.4,5effbb,Link in context is descriptive,60,div.ftr-info > ul.ftr-utility > li > a,si,REVISAR,,Equal Education & Employment,R02,2026-09-08,,"JUICIO HUMANO. ¿Nombre + contexto describen el proposito? nombre: ""Equal Education & Employment"" | href: https://hr.cornell.edu/about/workplace-rights/equal-educatio",sin CMP detectada
15,mundo,Cornell,https://www.cornell.edu/,2.4.4,c487ae,Link has non-empty accessible name,61,div.ftr-info > ul.ftr-utility > li > a,si,cumple,,,R02,2026-09-08,,"nombre: ""Web Accessibility Assistance""",sin CMP detectada
15,mundo,Cornell,https://www.cornell.edu/,2.4.4,5effbb,Link in context is descriptive,61,div.ftr-info > ul.ftr-utility > li > a,si,REVISAR,,Web Accessibility Assistance,R02,2026-09-08,,"JUICIO HUMANO. ¿Nombre + contexto describen el proposito? nombre: ""Web Accessibility Assistance"" | href: //www.cornell.edu/accessibility-assistance.cfm",sin CMP detectada
15,mundo,Cornell,https://www.cornell.edu/,2.4.4,c487ae,Link has non-empty accessible name,62,div.ftr-info > ul.ftr-utility > li > a,si,cumple,,,R02,2026-09-08,,"nombre: ""Copyright""",sin CMP detectada
15,mundo,Cornell,https://www.cornell.edu/,2.4.4,5effbb,Link in context is descriptive,62,div.ftr-info > ul.ftr-utility > li > a,si,REVISAR,,Copyright,R02,2026-09-08,,"JUICIO HUMANO. ¿Nombre + contexto describen el proposito? nombre: ""Copyright"" | href: //www.cornell.edu/copyright.cfm",sin CMP detectada
15,mundo,Cornell,https://www.cornell.edu/,2.4.4,c487ae,Link has non-empty accessible name,63,div.ftr-info > ul.ftr-utility > li > a,si,cumple,,,R02,2026-09-08,,"nombre: ""Site Information""",sin CMP detectada
15,mundo,Cornell,https://www.cornell.edu/,2.4.4,5effbb,Link in context is descriptive,63,div.ftr-info > ul.ftr-utility > li > a,si,REVISAR,,Site Information,R02,2026-09-08,,"JUICIO HUMANO. ¿Nombre + contexto describen el proposito? nombre: ""Site Information"" | href: //www.cornell.edu/site-info.cfm",sin CMP detectada
15,mundo,Cornell,https://www.cornell.edu/,2.4.4,c487ae,Link has non-empty accessible name,64,div.ftr-info > ul.ftr-utility > li > a,si,cumple,,,R02,2026-09-08,,"nombre: ""Contact""",sin CMP detectada
15,mundo,Cornell,https://www.cornell.edu/,2.4.4,5effbb,Link in context is descriptive,64,div.ftr-info > ul.ftr-utility > li > a,si,REVISAR,,Contact,R02,2026-09-08,,"JUICIO HUMANO. ¿Nombre + contexto describen el proposito? nombre: ""Contact"" | href: //www.cornell.edu/contact",sin CMP detectada
15,mundo,Cornell,https://www.cornell.edu/,2.4.4,c487ae,Link has non-empty accessible name,65,footer > div.cu-ftr-inner > div.ftr-info > a.ftr-location-link,si,cumple,,,R02,2026-09-08,,"nombre: ""Ithaca, New York""",sin CMP detectada
15,mundo,Cornell,https://www.cornell.edu/,2.4.4,5effbb,Link in context is descriptive,65,footer > div.cu-ftr-inner > div.ftr-info > a.ftr-location-link,si,REVISAR,,SIN CONTEXTO PROGRAMATICO,R02,2026-09-08,,"JUICIO HUMANO. ¿Nombre + contexto describen el proposito? nombre: ""Ithaca, New York"" | href: https://www.cornell.edu/about/locations/ithaca/ | AVISO: no hay parrafo, elemento de lista ni celda que lo contenga. Un div o article envolvente NO es contexto programatico.",sin CMP detectada
15,mundo,Cornell,https://www.cornell.edu/,2.4.4,c487ae,Link has non-empty accessible name,66,div.ftr-info > ul.ftr-social > li > a,si,cumple,,,R02,2026-09-08,,"nombre: ""Facebook""",sin CMP detectada
15,mundo,Cornell,https://www.cornell.edu/,2.4.4,5effbb,Link in context is descriptive,66,div.ftr-info > ul.ftr-social > li > a,si,REVISAR,,Facebook,R02,2026-09-08,,"JUICIO HUMANO. ¿Nombre + contexto describen el proposito? nombre: ""Facebook"" | href: https://www.facebook.com/Cornell",sin CMP detectada
15,mundo,Cornell,https://www.cornell.edu/,2.4.4,c487ae,Link has non-empty accessible name,67,div.ftr-info > ul.ftr-social > li > a,si,cumple,,,R02,2026-09-08,,"nombre: ""Twitter""",sin CMP detectada
15,mundo,Cornell,https://www.cornell.edu/,2.4.4,5effbb,Link in context is descriptive,67,div.ftr-info > ul.ftr-social > li > a,si,REVISAR,,Twitter,R02,2026-09-08,,"JUICIO HUMANO. ¿Nombre + contexto describen el proposito? nombre: ""Twitter"" | href: https://twitter.com/Cornell",sin CMP detectada
15,mundo,Cornell,https://www.cornell.edu/,2.4.4,c487ae,Link has non-empty accessible name,68,div.ftr-info > ul.ftr-social > li > a,si,cumple,,,R02,2026-09-08,,"nombre: ""Instagram""",sin CMP detectada
15,mundo,Cornell,https://www.cornell.edu/,2.4.4,5effbb,Link in context is descriptive,68,div.ftr-info > ul.ftr-social > li > a,si,REVISAR,,Instagram,R02,2026-09-08,,"JUICIO HUMANO. ¿Nombre + contexto describen el proposito? nombre: ""Instagram"" | href: https://instagram.com/cornelluniversity",sin CMP detectada
15,mundo,Cornell,https://www.cornell.edu/,2.4.4,c487ae,Link has non-empty accessible name,69,div.ftr-info > ul.ftr-social > li > a,si,cumple,,,R02,2026-09-08,,"nombre: ""YouTube""",sin CMP detectada
15,mundo,Cornell,https://www.cornell.edu/,2.4.4,5effbb,Link in context is descriptive,69,div.ftr-info > ul.ftr-social > li > a,si,REVISAR,,YouTube,R02,2026-09-08,,"JUICIO HUMANO. ¿Nombre + contexto describen el proposito? nombre: ""YouTube"" | href: https://www.youtube.com/c/Cornell",sin CMP detectada
15,mundo,Cornell,https://www.cornell.edu/,2.4.4,c487ae,Link has non-empty accessible name,70,div.ftr-info > ul.ftr-social > li > a,si,cumple,,,R02,2026-09-08,,"nombre: ""LinkedIn""",sin CMP detectada
15,mundo,Cornell,https://www.cornell.edu/,2.4.4,5effbb,Link in context is descriptive,70,div.ftr-info > ul.ftr-social > li > a,si,REVISAR,,LinkedIn,R02,2026-09-08,,"JUICIO HUMANO. ¿Nombre + contexto describen el proposito? nombre: ""LinkedIn"" | href: https://www.linkedin.com/school/cornell-university/",sin CMP detectada
15,mundo,Cornell,https://www.cornell.edu/,2.4.4,fd3a94,Links with identical accessible names and same context serve equivalent purpose,33+34,div.section > div.socialmedia-stripe-intro > div.container > a.btn ; body.home > div > div.section > a.socialmedia-grid-link,si,REVISAR,,,R02,2026-09-08,,JUICIO HUMANO. 2 enlaces con el mismo nombre accesible y el mismo contexto apuntan a 2 destinos distintos. ¿Sirven un proposito equivalente? destinos: lledu&utm_medium=social_stripe&utm_campaign=button | lledu&utm_medium=social_stripe&utm_campaign=images,sin CMP detectada
