id,group,abbr,url,criterion,act_rule,rule_name,element_n,selector_or_description,applicable,outcome,measured_value,programmatic_context,evaluator_code,date,capture,notes,dialog_state
40,mundo,Manchester,https://www.manchester.ac.uk/,1.4.3,afw4f7,Text has minimum contrast,1,body.uom-home > header.headerContainer > div > a.screenreader,no,,,,R02,2026-09-08,,"No es un caracter visible: la regla no aplica. Texto oculto visualmente, de tamano cero o desplazado fuera de pantalla.",modal cerrado
40,mundo,Manchester,https://www.manchester.ac.uk/,1.4.3,afw4f7,Text has minimum contrast,2,body.uom-home > header.headerContainer > div > span.screenreader,no,,,,R02,2026-09-08,,"No es un caracter visible: la regla no aplica. Texto oculto visualmente, de tamano cero o desplazado fuera de pantalla.",modal cerrado
40,mundo,Manchester,https://www.manchester.ac.uk/,1.4.3,afw4f7,Text has minimum contrast,3,body.uom-home > header.headerContainer > div > a.screenreader,no,,,,R02,2026-09-08,,"No es un caracter visible: la regla no aplica. Texto oculto visualmente, de tamano cero o desplazado fuera de pantalla.",modal cerrado
40,mundo,Manchester,https://www.manchester.ac.uk/,1.4.3,afw4f7,Text has minimum contrast,4,body.uom-home > header.headerContainer > div > span.screenreader,no,,,,R02,2026-09-08,,"No es un caracter visible: la regla no aplica. Texto oculto visualmente, de tamano cero o desplazado fuera de pantalla.",modal cerrado
40,mundo,Manchester,https://www.manchester.ac.uk/,1.4.3,afw4f7,Text has minimum contrast,5,body.uom-home > header.headerContainer > div > a.screenreader,no,,,,R02,2026-09-08,,"No es un caracter visible: la regla no aplica. Texto oculto visualmente, de tamano cero o desplazado fuera de pantalla.",modal cerrado
40,mundo,Manchester,https://www.manchester.ac.uk/,1.4.3,afw4f7,Text has minimum contrast,6,nav.primaryNav > ul.megaMenu > li.menuItem > a.home,si,cumple,9.40:1,,R02,2026-09-08,,"umbral 4.5:1 (texto normal, 17.5px); texto: ""Home""",modal cerrado
40,mundo,Manchester,https://www.manchester.ac.uk/,1.4.3,afw4f7,Text has minimum contrast,7,#megaLink-study,si,cumple,12.63:1,,R02,2026-09-08,,"umbral 4.5:1 (texto normal, 20.0px); texto: ""Study""",modal cerrado
40,mundo,Manchester,https://www.manchester.ac.uk/,1.4.3,afw4f7,Text has minimum contrast,8,div.row > div.megaSubPanel > p > a.first-link,no,,,,R02,2026-09-08,,"No es un caracter visible: la regla no aplica. Texto oculto visualmente, de tamano cero o desplazado fuera de pantalla.",modal cerrado
40,mundo,Manchester,https://www.manchester.ac.uk/,1.4.3,afw4f7,Text has minimum contrast,9,ul > li > a > span.screenreader,no,,,,R02,2026-09-08,,"No es un caracter visible: la regla no aplica. Texto oculto visualmente, de tamano cero o desplazado fuera de pantalla.",modal cerrado
40,mundo,Manchester,https://www.manchester.ac.uk/,1.4.3,afw4f7,Text has minimum contrast,10,div.megaSubPanel > ul > li > a,no,,,,R02,2026-09-08,,"No es un caracter visible: la regla no aplica. Texto oculto visualmente, de tamano cero o desplazado fuera de pantalla.",modal cerrado
40,mundo,Manchester,https://www.manchester.ac.uk/,1.4.3,afw4f7,Text has minimum contrast,11,div.megaSubPanel > ul > li > a,no,,,,R02,2026-09-08,,"No es un caracter visible: la regla no aplica. Texto oculto visualmente, de tamano cero o desplazado fuera de pantalla.",modal cerrado
40,mundo,Manchester,https://www.manchester.ac.uk/,1.4.3,afw4f7,Text has minimum contrast,12,ul > li > a > span.screenreader,no,,,,R02,2026-09-08,,"No es un caracter visible: la regla no aplica. Texto oculto visualmente, de tamano cero o desplazado fuera de pantalla.",modal cerrado
40,mundo,Manchester,https://www.manchester.ac.uk/,1.4.3,afw4f7,Text has minimum contrast,13,div.megaSubPanel > ul > li > a,no,,,,R02,2026-09-08,,"No es un caracter visible: la regla no aplica. Texto oculto visualmente, de tamano cero o desplazado fuera de pantalla.",modal cerrado
40,mundo,Manchester,https://www.manchester.ac.uk/,1.4.3,afw4f7,Text has minimum contrast,14,ul > li > a > span.screenreader,no,,,,R02,2026-09-08,,"No es un caracter visible: la regla no aplica. Texto oculto visualmente, de tamano cero o desplazado fuera de pantalla.",modal cerrado
40,mundo,Manchester,https://www.manchester.ac.uk/,1.4.3,afw4f7,Text has minimum contrast,15,div.megaSubPanel > ul > li > a,no,,,,R02,2026-09-08,,"No es un caracter visible: la regla no aplica. Texto oculto visualmente, de tamano cero o desplazado fuera de pantalla.",modal cerrado
40,mundo,Manchester,https://www.manchester.ac.uk/,1.4.3,afw4f7,Text has minimum contrast,16,div.megaSubPanel > ul > li > a,no,,,,R02,2026-09-08,,"No es un caracter visible: la regla no aplica. Texto oculto visualmente, de tamano cero o desplazado fuera de pantalla.",modal cerrado
40,mundo,Manchester,https://www.manchester.ac.uk/,1.4.3,afw4f7,Text has minimum contrast,17,ul > li > a > span.screenreader,no,,,,R02,2026-09-08,,"No es un caracter visible: la regla no aplica. Texto oculto visualmente, de tamano cero o desplazado fuera de pantalla.",modal cerrado
40,mundo,Manchester,https://www.manchester.ac.uk/,1.4.3,afw4f7,Text has minimum contrast,18,div.megaSubPanel > ul > li > a,no,,,,R02,2026-09-08,,"No es un caracter visible: la regla no aplica. Texto oculto visualmente, de tamano cero o desplazado fuera de pantalla.",modal cerrado
40,mundo,Manchester,https://www.manchester.ac.uk/,1.4.3,afw4f7,Text has minimum contrast,19,div.megaSubPanel > ul > li > a,no,,,,R02,2026-09-08,,"No es un caracter visible: la regla no aplica. Texto oculto visualmente, de tamano cero o desplazado fuera de pantalla.",modal cerrado
40,mundo,Manchester,https://www.manchester.ac.uk/,1.4.3,afw4f7,Text has minimum contrast,20,ul > li > a > span.screenreader,no,,,,R02,2026-09-08,,"No es un caracter visible: la regla no aplica. Texto oculto visualmente, de tamano cero o desplazado fuera de pantalla.",modal cerrado
40,mundo,Manchester,https://www.manchester.ac.uk/,1.4.3,afw4f7,Text has minimum contrast,21,div.megaSubPanel > ul > li > a,no,,,,R02,2026-09-08,,"No es un caracter visible: la regla no aplica. Texto oculto visualmente, de tamano cero o desplazado fuera de pantalla.",modal cerrado
40,mundo,Manchester,https://www.manchester.ac.uk/,1.4.3,afw4f7,Text has minimum contrast,22,ul > li > a > span.screenreader,no,,,,R02,2026-09-08,,"No es un caracter visible: la regla no aplica. Texto oculto visualmente, de tamano cero o desplazado fuera de pantalla.",modal cerrado
40,mundo,Manchester,https://www.manchester.ac.uk/,1.4.3,afw4f7,Text has minimum contrast,23,div.megaSubPanel > ul > li > a,no,,,,R02,2026-09-08,,"No es un caracter visible: la regla no aplica. Texto oculto visualmente, de tamano cero o desplazado fuera de pantalla.",modal cerrado
40,mundo,Manchester,https://www.manchester.ac.uk/,1.4.3,afw4f7,Text has minimum contrast,24,ul > li > a > span.screenreader,no,,,,R02,2026-09-08,,"No es un caracter visible: la regla no aplica. Texto oculto visualmente, de tamano cero o desplazado fuera de pantalla.",modal cerrado
40,mundo,Manchester,https://www.manchester.ac.uk/,1.4.3,afw4f7,Text has minimum contrast,25,div.row > div.megaSubPanel > p > a,no,,,,R02,2026-09-08,,"No es un caracter visible: la regla no aplica. Texto oculto visualmente, de tamano cero o desplazado fuera de pantalla.",modal cerrado
40,mundo,Manchester,https://www.manchester.ac.uk/,1.4.3,afw4f7,Text has minimum contrast,26,ul > li > a > span.screenreader,no,,,,R02,2026-09-08,,"No es un caracter visible: la regla no aplica. Texto oculto visualmente, de tamano cero o desplazado fuera de pantalla.",modal cerrado
40,mundo,Manchester,https://www.manchester.ac.uk/,1.4.3,afw4f7,Text has minimum contrast,27,div.megaSubPanel > ul > li > a,no,,,,R02,2026-09-08,,"No es un caracter visible: la regla no aplica. Texto oculto visualmente, de tamano cero o desplazado fuera de pantalla.",modal cerrado
40,mundo,Manchester,https://www.manchester.ac.uk/,1.4.3,afw4f7,Text has minimum contrast,28,div.megaSubPanel > ul > li > a,no,,,,R02,2026-09-08,,"No es un caracter visible: la regla no aplica. Texto oculto visualmente, de tamano cero o desplazado fuera de pantalla.",modal cerrado
40,mundo,Manchester,https://www.manchester.ac.uk/,1.4.3,afw4f7,Text has minimum contrast,29,ul > li > a > span.screenreader,no,,,,R02,2026-09-08,,"No es un caracter visible: la regla no aplica. Texto oculto visualmente, de tamano cero o desplazado fuera de pantalla.",modal cerrado
40,mundo,Manchester,https://www.manchester.ac.uk/,1.4.3,afw4f7,Text has minimum contrast,30,div.megaSubPanel > ul > li > a,no,,,,R02,2026-09-08,,"No es un caracter visible: la regla no aplica. Texto oculto visualmente, de tamano cero o desplazado fuera de pantalla.",modal cerrado
40,mundo,Manchester,https://www.manchester.ac.uk/,1.4.3,afw4f7,Text has minimum contrast,31,ul > li > a > span.screenreader,no,,,,R02,2026-09-08,,"No es un caracter visible: la regla no aplica. Texto oculto visualmente, de tamano cero o desplazado fuera de pantalla.",modal cerrado
40,mundo,Manchester,https://www.manchester.ac.uk/,1.4.3,afw4f7,Text has minimum contrast,32,div.megaSubPanel > ul > li > a,no,,,,R02,2026-09-08,,"No es un caracter visible: la regla no aplica. Texto oculto visualmente, de tamano cero o desplazado fuera de pantalla.",modal cerrado
40,mundo,Manchester,https://www.manchester.ac.uk/,1.4.3,afw4f7,Text has minimum contrast,33,div.megaSubPanel > ul > li > a,no,,,,R02,2026-09-08,,"No es un caracter visible: la regla no aplica. Texto oculto visualmente, de tamano cero o desplazado fuera de pantalla.",modal cerrado
40,mundo,Manchester,https://www.manchester.ac.uk/,1.4.3,afw4f7,Text has minimum contrast,34,ul > li > a > span.screenreader,no,,,,R02,2026-09-08,,"No es un caracter visible: la regla no aplica. Texto oculto visualmente, de tamano cero o desplazado fuera de pantalla.",modal cerrado
40,mundo,Manchester,https://www.manchester.ac.uk/,1.4.3,afw4f7,Text has minimum contrast,35,div.megaSubPanel > ul > li > a,no,,,,R02,2026-09-08,,"No es un caracter visible: la regla no aplica. Texto oculto visualmente, de tamano cero o desplazado fuera de pantalla.",modal cerrado
40,mundo,Manchester,https://www.manchester.ac.uk/,1.4.3,afw4f7,Text has minimum contrast,36,ul > li > a > span.screenreader,no,,,,R02,2026-09-08,,"No es un caracter visible: la regla no aplica. Texto oculto visualmente, de tamano cero o desplazado fuera de pantalla.",modal cerrado
40,mundo,Manchester,https://www.manchester.ac.uk/,1.4.3,afw4f7,Text has minimum contrast,37,div.megaSubPanel > ul > li > a,no,,,,R02,2026-09-08,,"No es un caracter visible: la regla no aplica. Texto oculto visualmente, de tamano cero o desplazado fuera de pantalla.",modal cerrado
40,mundo,Manchester,https://www.manchester.ac.uk/,1.4.3,afw4f7,Text has minimum contrast,38,ul > li > a > span.screenreader,no,,,,R02,2026-09-08,,"No es un caracter visible: la regla no aplica. Texto oculto visualmente, de tamano cero o desplazado fuera de pantalla.",modal cerrado
40,mundo,Manchester,https://www.manchester.ac.uk/,1.4.3,afw4f7,Text has minimum contrast,39,div.megaSubPanel > ul > li > a,no,,,,R02,2026-09-08,,"No es un caracter visible: la regla no aplica. Texto oculto visualmente, de tamano cero o desplazado fuera de pantalla.",modal cerrado
40,mundo,Manchester,https://www.manchester.ac.uk/,1.4.3,afw4f7,Text has minimum contrast,40,ul > li > a > span.screenreader,no,,,,R02,2026-09-08,,"No es un caracter visible: la regla no aplica. Texto oculto visualmente, de tamano cero o desplazado fuera de pantalla.",modal cerrado
40,mundo,Manchester,https://www.manchester.ac.uk/,1.4.3,afw4f7,Text has minimum contrast,41,div.megaSubPanel > ul > li > a,no,,,,R02,2026-09-08,,"No es un caracter visible: la regla no aplica. Texto oculto visualmente, de tamano cero o desplazado fuera de pantalla.",modal cerrado
40,mundo,Manchester,https://www.manchester.ac.uk/,1.4.3,afw4f7,Text has minimum contrast,42,ul > li > a > span.screenreader,no,,,,R02,2026-09-08,,"No es un caracter visible: la regla no aplica. Texto oculto visualmente, de tamano cero o desplazado fuera de pantalla.",modal cerrado
40,mundo,Manchester,https://www.manchester.ac.uk/,1.4.3,afw4f7,Text has minimum contrast,43,div.row > div.megaSubPanel > p > a,no,,,,R02,2026-09-08,,"No es un caracter visible: la regla no aplica. Texto oculto visualmente, de tamano cero o desplazado fuera de pantalla.",modal cerrado
40,mundo,Manchester,https://www.manchester.ac.uk/,1.4.3,afw4f7,Text has minimum contrast,44,div.megaSubPanel > ul > li > a,no,,,,R02,2026-09-08,,"No es un caracter visible: la regla no aplica. Texto oculto visualmente, de tamano cero o desplazado fuera de pantalla.",modal cerrado
40,mundo,Manchester,https://www.manchester.ac.uk/,1.4.3,afw4f7,Text has minimum contrast,45,ul > li > a > span.screenreader,no,,,,R02,2026-09-08,,"No es un caracter visible: la regla no aplica. Texto oculto visualmente, de tamano cero o desplazado fuera de pantalla.",modal cerrado
40,mundo,Manchester,https://www.manchester.ac.uk/,1.4.3,afw4f7,Text has minimum contrast,46,div.megaSubPanel > ul > li > a,no,,,,R02,2026-09-08,,"No es un caracter visible: la regla no aplica. Texto oculto visualmente, de tamano cero o desplazado fuera de pantalla.",modal cerrado
40,mundo,Manchester,https://www.manchester.ac.uk/,1.4.3,afw4f7,Text has minimum contrast,47,ul > li > a > span.screenreader,no,,,,R02,2026-09-08,,"No es un caracter visible: la regla no aplica. Texto oculto visualmente, de tamano cero o desplazado fuera de pantalla.",modal cerrado
40,mundo,Manchester,https://www.manchester.ac.uk/,1.4.3,afw4f7,Text has minimum contrast,48,div.megaSubPanel > ul > li > a,no,,,,R02,2026-09-08,,"No es un caracter visible: la regla no aplica. Texto oculto visualmente, de tamano cero o desplazado fuera de pantalla.",modal cerrado
40,mundo,Manchester,https://www.manchester.ac.uk/,1.4.3,afw4f7,Text has minimum contrast,49,div.megaSubPanel > ul > li > a,no,,,,R02,2026-09-08,,"No es un caracter visible: la regla no aplica. Texto oculto visualmente, de tamano cero o desplazado fuera de pantalla.",modal cerrado
40,mundo,Manchester,https://www.manchester.ac.uk/,1.4.3,afw4f7,Text has minimum contrast,50,ul > li > a > span.screenreader,no,,,,R02,2026-09-08,,"No es un caracter visible: la regla no aplica. Texto oculto visualmente, de tamano cero o desplazado fuera de pantalla.",modal cerrado
40,mundo,Manchester,https://www.manchester.ac.uk/,1.4.3,afw4f7,Text has minimum contrast,51,div.megaSubPanel > ul > li > a,no,,,,R02,2026-09-08,,"No es un caracter visible: la regla no aplica. Texto oculto visualmente, de tamano cero o desplazado fuera de pantalla.",modal cerrado
40,mundo,Manchester,https://www.manchester.ac.uk/,1.4.3,afw4f7,Text has minimum contrast,52,ul > li > a > span.screenreader,no,,,,R02,2026-09-08,,"No es un caracter visible: la regla no aplica. Texto oculto visualmente, de tamano cero o desplazado fuera de pantalla.",modal cerrado
40,mundo,Manchester,https://www.manchester.ac.uk/,1.4.3,afw4f7,Text has minimum contrast,53,div.megaSubPanel > ul > li > a,no,,,,R02,2026-09-08,,"No es un caracter visible: la regla no aplica. Texto oculto visualmente, de tamano cero o desplazado fuera de pantalla.",modal cerrado
40,mundo,Manchester,https://www.manchester.ac.uk/,1.4.3,afw4f7,Text has minimum contrast,54,ul > li > a > span.screenreader,no,,,,R02,2026-09-08,,"No es un caracter visible: la regla no aplica. Texto oculto visualmente, de tamano cero o desplazado fuera de pantalla.",modal cerrado
40,mundo,Manchester,https://www.manchester.ac.uk/,1.4.3,afw4f7,Text has minimum contrast,55,div.megaSubPanel > ul > li > a,no,,,,R02,2026-09-08,,"No es un caracter visible: la regla no aplica. Texto oculto visualmente, de tamano cero o desplazado fuera de pantalla.",modal cerrado
40,mundo,Manchester,https://www.manchester.ac.uk/,1.4.3,afw4f7,Text has minimum contrast,56,ul > li > a > span.screenreader,no,,,,R02,2026-09-08,,"No es un caracter visible: la regla no aplica. Texto oculto visualmente, de tamano cero o desplazado fuera de pantalla.",modal cerrado
40,mundo,Manchester,https://www.manchester.ac.uk/,1.4.3,afw4f7,Text has minimum contrast,57,div.megaSubPanel > ul > li > a,no,,,,R02,2026-09-08,,"No es un caracter visible: la regla no aplica. Texto oculto visualmente, de tamano cero o desplazado fuera de pantalla.",modal cerrado
40,mundo,Manchester,https://www.manchester.ac.uk/,1.4.3,afw4f7,Text has minimum contrast,58,ul > li > a > span.screenreader,no,,,,R02,2026-09-08,,"No es un caracter visible: la regla no aplica. Texto oculto visualmente, de tamano cero o desplazado fuera de pantalla.",modal cerrado
40,mundo,Manchester,https://www.manchester.ac.uk/,1.4.3,afw4f7,Text has minimum contrast,59,div.row > div.megaSubPanel > p > a,no,,,,R02,2026-09-08,,"No es un caracter visible: la regla no aplica. Texto oculto visualmente, de tamano cero o desplazado fuera de pantalla.",modal cerrado
40,mundo,Manchester,https://www.manchester.ac.uk/,1.4.3,afw4f7,Text has minimum contrast,60,div.row > div.megaSubPanel > p > a,no,,,,R02,2026-09-08,,"No es un caracter visible: la regla no aplica. Texto oculto visualmente, de tamano cero o desplazado fuera de pantalla.",modal cerrado
40,mundo,Manchester,https://www.manchester.ac.uk/,1.4.3,afw4f7,Text has minimum contrast,61,div.row > div.megaSubPanel > p > a,no,,,,R02,2026-09-08,,"No es un caracter visible: la regla no aplica. Texto oculto visualmente, de tamano cero o desplazado fuera de pantalla.",modal cerrado
40,mundo,Manchester,https://www.manchester.ac.uk/,1.4.3,afw4f7,Text has minimum contrast,62,div.megaSubPanel > p > a > span.screenreader,no,,,,R02,2026-09-08,,"No es un caracter visible: la regla no aplica. Texto oculto visualmente, de tamano cero o desplazado fuera de pantalla.",modal cerrado
40,mundo,Manchester,https://www.manchester.ac.uk/,1.4.3,afw4f7,Text has minimum contrast,63,div.row > div.megaSubPanel > p > a,no,,,,R02,2026-09-08,,"No es un caracter visible: la regla no aplica. Texto oculto visualmente, de tamano cero o desplazado fuera de pantalla.",modal cerrado
40,mundo,Manchester,https://www.manchester.ac.uk/,1.4.3,afw4f7,Text has minimum contrast,64,div.row > div.megaSubPanel > p > a,no,,,,R02,2026-09-08,,"No es un caracter visible: la regla no aplica. Texto oculto visualmente, de tamano cero o desplazado fuera de pantalla.",modal cerrado
40,mundo,Manchester,https://www.manchester.ac.uk/,1.4.3,afw4f7,Text has minimum contrast,65,div.megaSubPanel > ul > li > a,no,,,,R02,2026-09-08,,"No es un caracter visible: la regla no aplica. Texto oculto visualmente, de tamano cero o desplazado fuera de pantalla.",modal cerrado
40,mundo,Manchester,https://www.manchester.ac.uk/,1.4.3,afw4f7,Text has minimum contrast,66,div.megaSubPanel > ul > li > a,no,,,,R02,2026-09-08,,"No es un caracter visible: la regla no aplica. Texto oculto visualmente, de tamano cero o desplazado fuera de pantalla.",modal cerrado
40,mundo,Manchester,https://www.manchester.ac.uk/,1.4.3,afw4f7,Text has minimum contrast,67,div.megaSubPanel > ul > li > a,no,,,,R02,2026-09-08,,"No es un caracter visible: la regla no aplica. Texto oculto visualmente, de tamano cero o desplazado fuera de pantalla.",modal cerrado
40,mundo,Manchester,https://www.manchester.ac.uk/,1.4.3,afw4f7,Text has minimum contrast,68,div.row > div.megaSubPanel > p > a,no,,,,R02,2026-09-08,,"No es un caracter visible: la regla no aplica. Texto oculto visualmente, de tamano cero o desplazado fuera de pantalla.",modal cerrado
40,mundo,Manchester,https://www.manchester.ac.uk/,1.4.3,afw4f7,Text has minimum contrast,69,div.row > div.megaSubPanel > p > a,no,,,,R02,2026-09-08,,"No es un caracter visible: la regla no aplica. Texto oculto visualmente, de tamano cero o desplazado fuera de pantalla.",modal cerrado
40,mundo,Manchester,https://www.manchester.ac.uk/,1.4.3,afw4f7,Text has minimum contrast,70,div.row > div.megaSubPanel > p > a,no,,,,R02,2026-09-08,,"No es un caracter visible: la regla no aplica. Texto oculto visualmente, de tamano cero o desplazado fuera de pantalla.",modal cerrado
40,mundo,Manchester,https://www.manchester.ac.uk/,1.4.3,afw4f7,Text has minimum contrast,71,div.row > div.megaSubPanel > p > a,no,,,,R02,2026-09-08,,"No es un caracter visible: la regla no aplica. Texto oculto visualmente, de tamano cero o desplazado fuera de pantalla.",modal cerrado
40,mundo,Manchester,https://www.manchester.ac.uk/,1.4.3,afw4f7,Text has minimum contrast,72,div.row > div.megaSubPanel > p > a,no,,,,R02,2026-09-08,,"No es un caracter visible: la regla no aplica. Texto oculto visualmente, de tamano cero o desplazado fuera de pantalla.",modal cerrado
40,mundo,Manchester,https://www.manchester.ac.uk/,1.4.3,afw4f7,Text has minimum contrast,73,div.row > div.megaSubPanel > p > a,no,,,,R02,2026-09-08,,"No es un caracter visible: la regla no aplica. Texto oculto visualmente, de tamano cero o desplazado fuera de pantalla.",modal cerrado
40,mundo,Manchester,https://www.manchester.ac.uk/,1.4.3,afw4f7,Text has minimum contrast,74,div.row > div.megaSubPanel > p > a,no,,,,R02,2026-09-08,,"No es un caracter visible: la regla no aplica. Texto oculto visualmente, de tamano cero o desplazado fuera de pantalla.",modal cerrado
40,mundo,Manchester,https://www.manchester.ac.uk/,1.4.3,afw4f7,Text has minimum contrast,75,div.megaSubPanel > ul > li > a,no,,,,R02,2026-09-08,,"No es un caracter visible: la regla no aplica. Texto oculto visualmente, de tamano cero o desplazado fuera de pantalla.",modal cerrado
40,mundo,Manchester,https://www.manchester.ac.uk/,1.4.3,afw4f7,Text has minimum contrast,76,ul > li > a > span.screenreader,no,,,,R02,2026-09-08,,"No es un caracter visible: la regla no aplica. Texto oculto visualmente, de tamano cero o desplazado fuera de pantalla.",modal cerrado
40,mundo,Manchester,https://www.manchester.ac.uk/,1.4.3,afw4f7,Text has minimum contrast,77,div.megaSubPanel > ul > li > a,no,,,,R02,2026-09-08,,"No es un caracter visible: la regla no aplica. Texto oculto visualmente, de tamano cero o desplazado fuera de pantalla.",modal cerrado
40,mundo,Manchester,https://www.manchester.ac.uk/,1.4.3,afw4f7,Text has minimum contrast,78,ul > li > a > span.screenreader,no,,,,R02,2026-09-08,,"No es un caracter visible: la regla no aplica. Texto oculto visualmente, de tamano cero o desplazado fuera de pantalla.",modal cerrado
40,mundo,Manchester,https://www.manchester.ac.uk/,1.4.3,afw4f7,Text has minimum contrast,79,div.megaSubPanel > ul > li > a,no,,,,R02,2026-09-08,,"No es un caracter visible: la regla no aplica. Texto oculto visualmente, de tamano cero o desplazado fuera de pantalla.",modal cerrado
40,mundo,Manchester,https://www.manchester.ac.uk/,1.4.3,afw4f7,Text has minimum contrast,80,div.megaSubPanel > ul > li > a,no,,,,R02,2026-09-08,,"No es un caracter visible: la regla no aplica. Texto oculto visualmente, de tamano cero o desplazado fuera de pantalla.",modal cerrado
40,mundo,Manchester,https://www.manchester.ac.uk/,1.4.3,afw4f7,Text has minimum contrast,81,div.megaSubPanel > ul > li > a,no,,,,R02,2026-09-08,,"No es un caracter visible: la regla no aplica. Texto oculto visualmente, de tamano cero o desplazado fuera de pantalla.",modal cerrado
40,mundo,Manchester,https://www.manchester.ac.uk/,1.4.3,afw4f7,Text has minimum contrast,82,ul > li > a > span.screenreader,no,,,,R02,2026-09-08,,"No es un caracter visible: la regla no aplica. Texto oculto visualmente, de tamano cero o desplazado fuera de pantalla.",modal cerrado
40,mundo,Manchester,https://www.manchester.ac.uk/,1.4.3,afw4f7,Text has minimum contrast,83,div.megaSubPanel > ul > li > a,no,,,,R02,2026-09-08,,"No es un caracter visible: la regla no aplica. Texto oculto visualmente, de tamano cero o desplazado fuera de pantalla.",modal cerrado
40,mundo,Manchester,https://www.manchester.ac.uk/,1.4.3,afw4f7,Text has minimum contrast,84,div.megaSubPanel > ul > li > a,no,,,,R02,2026-09-08,,"No es un caracter visible: la regla no aplica. Texto oculto visualmente, de tamano cero o desplazado fuera de pantalla.",modal cerrado
40,mundo,Manchester,https://www.manchester.ac.uk/,1.4.3,afw4f7,Text has minimum contrast,85,div.megaSubPanel > ul > li > a,no,,,,R02,2026-09-08,,"No es un caracter visible: la regla no aplica. Texto oculto visualmente, de tamano cero o desplazado fuera de pantalla.",modal cerrado
40,mundo,Manchester,https://www.manchester.ac.uk/,1.4.3,afw4f7,Text has minimum contrast,86,div.megaSubPanel > ul > li > a.last-link,no,,,,R02,2026-09-08,,"No es un caracter visible: la regla no aplica. Texto oculto visualmente, de tamano cero o desplazado fuera de pantalla.",modal cerrado
40,mundo,Manchester,https://www.manchester.ac.uk/,1.4.3,afw4f7,Text has minimum contrast,87,#megaLink-research,si,cumple,12.63:1,,R02,2026-09-08,,"umbral 4.5:1 (texto normal, 20.0px); texto: ""Research""",modal cerrado
40,mundo,Manchester,https://www.manchester.ac.uk/,1.4.3,afw4f7,Text has minimum contrast,88,div.row > div.megaSubPanel > p > a.first-link,no,,,,R02,2026-09-08,,"No es un caracter visible: la regla no aplica. Texto oculto visualmente, de tamano cero o desplazado fuera de pantalla.",modal cerrado
40,mundo,Manchester,https://www.manchester.ac.uk/,1.4.3,afw4f7,Text has minimum contrast,89,div.megaSubPanel > ul > li > a,no,,,,R02,2026-09-08,,"No es un caracter visible: la regla no aplica. Texto oculto visualmente, de tamano cero o desplazado fuera de pantalla.",modal cerrado
40,mundo,Manchester,https://www.manchester.ac.uk/,1.4.3,afw4f7,Text has minimum contrast,90,ul > li > a > span.screenreader,no,,,,R02,2026-09-08,,"No es un caracter visible: la regla no aplica. Texto oculto visualmente, de tamano cero o desplazado fuera de pantalla.",modal cerrado
40,mundo,Manchester,https://www.manchester.ac.uk/,1.4.3,afw4f7,Text has minimum contrast,91,div.megaSubPanel > ul > li > a,no,,,,R02,2026-09-08,,"No es un caracter visible: la regla no aplica. Texto oculto visualmente, de tamano cero o desplazado fuera de pantalla.",modal cerrado
40,mundo,Manchester,https://www.manchester.ac.uk/,1.4.3,afw4f7,Text has minimum contrast,92,ul > li > a > span.screenreader,no,,,,R02,2026-09-08,,"No es un caracter visible: la regla no aplica. Texto oculto visualmente, de tamano cero o desplazado fuera de pantalla.",modal cerrado
40,mundo,Manchester,https://www.manchester.ac.uk/,1.4.3,afw4f7,Text has minimum contrast,93,div.megaSubPanel > ul > li > a,no,,,,R02,2026-09-08,,"No es un caracter visible: la regla no aplica. Texto oculto visualmente, de tamano cero o desplazado fuera de pantalla.",modal cerrado
40,mundo,Manchester,https://www.manchester.ac.uk/,1.4.3,afw4f7,Text has minimum contrast,94,ul > li > a > span.screenreader,no,,,,R02,2026-09-08,,"No es un caracter visible: la regla no aplica. Texto oculto visualmente, de tamano cero o desplazado fuera de pantalla.",modal cerrado
40,mundo,Manchester,https://www.manchester.ac.uk/,1.4.3,afw4f7,Text has minimum contrast,95,div.megaSubPanel > ul > li > a,no,,,,R02,2026-09-08,,"No es un caracter visible: la regla no aplica. Texto oculto visualmente, de tamano cero o desplazado fuera de pantalla.",modal cerrado
40,mundo,Manchester,https://www.manchester.ac.uk/,1.4.3,afw4f7,Text has minimum contrast,96,ul > li > a > span.screenreader,no,,,,R02,2026-09-08,,"No es un caracter visible: la regla no aplica. Texto oculto visualmente, de tamano cero o desplazado fuera de pantalla.",modal cerrado
40,mundo,Manchester,https://www.manchester.ac.uk/,1.4.3,afw4f7,Text has minimum contrast,97,div.megaSubPanel > ul > li > a,no,,,,R02,2026-09-08,,"No es un caracter visible: la regla no aplica. Texto oculto visualmente, de tamano cero o desplazado fuera de pantalla.",modal cerrado
40,mundo,Manchester,https://www.manchester.ac.uk/,1.4.3,afw4f7,Text has minimum contrast,98,ul > li > a > span.screenreader,no,,,,R02,2026-09-08,,"No es un caracter visible: la regla no aplica. Texto oculto visualmente, de tamano cero o desplazado fuera de pantalla.",modal cerrado
40,mundo,Manchester,https://www.manchester.ac.uk/,1.4.3,afw4f7,Text has minimum contrast,99,div.row > div.megaSubPanel > p > a,no,,,,R02,2026-09-08,,"No es un caracter visible: la regla no aplica. Texto oculto visualmente, de tamano cero o desplazado fuera de pantalla.",modal cerrado
40,mundo,Manchester,https://www.manchester.ac.uk/,1.4.3,afw4f7,Text has minimum contrast,100,div.megaSubPanel > ul > li > a,no,,,,R02,2026-09-08,,"No es un caracter visible: la regla no aplica. Texto oculto visualmente, de tamano cero o desplazado fuera de pantalla.",modal cerrado
40,mundo,Manchester,https://www.manchester.ac.uk/,1.4.3,afw4f7,Text has minimum contrast,101,div.megaSubPanel > ul > li > a,no,,,,R02,2026-09-08,,"No es un caracter visible: la regla no aplica. Texto oculto visualmente, de tamano cero o desplazado fuera de pantalla.",modal cerrado
40,mundo,Manchester,https://www.manchester.ac.uk/,1.4.3,afw4f7,Text has minimum contrast,102,div.megaSubPanel > ul > li > a,no,,,,R02,2026-09-08,,"No es un caracter visible: la regla no aplica. Texto oculto visualmente, de tamano cero o desplazado fuera de pantalla.",modal cerrado
40,mundo,Manchester,https://www.manchester.ac.uk/,1.4.3,afw4f7,Text has minimum contrast,103,div.megaSubPanel > ul > li > a,no,,,,R02,2026-09-08,,"No es un caracter visible: la regla no aplica. Texto oculto visualmente, de tamano cero o desplazado fuera de pantalla.",modal cerrado
40,mundo,Manchester,https://www.manchester.ac.uk/,1.4.3,afw4f7,Text has minimum contrast,104,div.row > div.megaSubPanel > p > a,no,,,,R02,2026-09-08,,"No es un caracter visible: la regla no aplica. Texto oculto visualmente, de tamano cero o desplazado fuera de pantalla.",modal cerrado
40,mundo,Manchester,https://www.manchester.ac.uk/,1.4.3,afw4f7,Text has minimum contrast,105,div.row > div.megaSubPanel > p > a,no,,,,R02,2026-09-08,,"No es un caracter visible: la regla no aplica. Texto oculto visualmente, de tamano cero o desplazado fuera de pantalla.",modal cerrado
40,mundo,Manchester,https://www.manchester.ac.uk/,1.4.3,afw4f7,Text has minimum contrast,106,div.megaSubPanel > ul > li > a,no,,,,R02,2026-09-08,,"No es un caracter visible: la regla no aplica. Texto oculto visualmente, de tamano cero o desplazado fuera de pantalla.",modal cerrado
40,mundo,Manchester,https://www.manchester.ac.uk/,1.4.3,afw4f7,Text has minimum contrast,107,div.megaSubPanel > ul > li > a,no,,,,R02,2026-09-08,,"No es un caracter visible: la regla no aplica. Texto oculto visualmente, de tamano cero o desplazado fuera de pantalla.",modal cerrado
40,mundo,Manchester,https://www.manchester.ac.uk/,1.4.3,afw4f7,Text has minimum contrast,108,div.megaSubPanel > ul > li > a,no,,,,R02,2026-09-08,,"No es un caracter visible: la regla no aplica. Texto oculto visualmente, de tamano cero o desplazado fuera de pantalla.",modal cerrado
40,mundo,Manchester,https://www.manchester.ac.uk/,1.4.3,afw4f7,Text has minimum contrast,109,div.row > div.megaSubPanel > p > a,no,,,,R02,2026-09-08,,"No es un caracter visible: la regla no aplica. Texto oculto visualmente, de tamano cero o desplazado fuera de pantalla.",modal cerrado
40,mundo,Manchester,https://www.manchester.ac.uk/,1.4.3,afw4f7,Text has minimum contrast,110,div.megaSubPanel > ul > li > a,no,,,,R02,2026-09-08,,"No es un caracter visible: la regla no aplica. Texto oculto visualmente, de tamano cero o desplazado fuera de pantalla.",modal cerrado
40,mundo,Manchester,https://www.manchester.ac.uk/,1.4.3,afw4f7,Text has minimum contrast,111,ul > li > a > span.screenreader,no,,,,R02,2026-09-08,,"No es un caracter visible: la regla no aplica. Texto oculto visualmente, de tamano cero o desplazado fuera de pantalla.",modal cerrado
40,mundo,Manchester,https://www.manchester.ac.uk/,1.4.3,afw4f7,Text has minimum contrast,112,div.megaSubPanel > ul > li > a,no,,,,R02,2026-09-08,,"No es un caracter visible: la regla no aplica. Texto oculto visualmente, de tamano cero o desplazado fuera de pantalla.",modal cerrado
40,mundo,Manchester,https://www.manchester.ac.uk/,1.4.3,afw4f7,Text has minimum contrast,113,ul > li > a > span.screenreader,no,,,,R02,2026-09-08,,"No es un caracter visible: la regla no aplica. Texto oculto visualmente, de tamano cero o desplazado fuera de pantalla.",modal cerrado
40,mundo,Manchester,https://www.manchester.ac.uk/,1.4.3,afw4f7,Text has minimum contrast,114,div.megaSubPanel > ul > li > a,no,,,,R02,2026-09-08,,"No es un caracter visible: la regla no aplica. Texto oculto visualmente, de tamano cero o desplazado fuera de pantalla.",modal cerrado
40,mundo,Manchester,https://www.manchester.ac.uk/,1.4.3,afw4f7,Text has minimum contrast,115,ul > li > a > span.screenreader,no,,,,R02,2026-09-08,,"No es un caracter visible: la regla no aplica. Texto oculto visualmente, de tamano cero o desplazado fuera de pantalla.",modal cerrado
40,mundo,Manchester,https://www.manchester.ac.uk/,1.4.3,afw4f7,Text has minimum contrast,116,div.row > div.megaSubPanel > p > a,no,,,,R02,2026-09-08,,"No es un caracter visible: la regla no aplica. Texto oculto visualmente, de tamano cero o desplazado fuera de pantalla.",modal cerrado
40,mundo,Manchester,https://www.manchester.ac.uk/,1.4.3,afw4f7,Text has minimum contrast,117,div.row > div.megaSubPanel > p > a,no,,,,R02,2026-09-08,,"No es un caracter visible: la regla no aplica. Texto oculto visualmente, de tamano cero o desplazado fuera de pantalla.",modal cerrado
40,mundo,Manchester,https://www.manchester.ac.uk/,1.4.3,afw4f7,Text has minimum contrast,118,div.row > div.megaSubPanel > p > a,no,,,,R02,2026-09-08,,"No es un caracter visible: la regla no aplica. Texto oculto visualmente, de tamano cero o desplazado fuera de pantalla.",modal cerrado
40,mundo,Manchester,https://www.manchester.ac.uk/,1.4.3,afw4f7,Text has minimum contrast,119,div.row > div.megaSubPanel > p > a,no,,,,R02,2026-09-08,,"No es un caracter visible: la regla no aplica. Texto oculto visualmente, de tamano cero o desplazado fuera de pantalla.",modal cerrado
40,mundo,Manchester,https://www.manchester.ac.uk/,1.4.3,afw4f7,Text has minimum contrast,120,div.row > div.megaSubPanel > p > a,no,,,,R02,2026-09-08,,"No es un caracter visible: la regla no aplica. Texto oculto visualmente, de tamano cero o desplazado fuera de pantalla.",modal cerrado
40,mundo,Manchester,https://www.manchester.ac.uk/,1.4.3,afw4f7,Text has minimum contrast,121,div.row > div.megaSubPanel > p > a.last-link,no,,,,R02,2026-09-08,,"No es un caracter visible: la regla no aplica. Texto oculto visualmente, de tamano cero o desplazado fuera de pantalla.",modal cerrado
40,mundo,Manchester,https://www.manchester.ac.uk/,1.4.3,afw4f7,Text has minimum contrast,122,#megaLink-collaborate,si,cumple,12.63:1,,R02,2026-09-08,,"umbral 4.5:1 (texto normal, 20.0px); texto: ""Collaborate""",modal cerrado
40,mundo,Manchester,https://www.manchester.ac.uk/,1.4.3,afw4f7,Text has minimum contrast,123,div.row > div.megaSubPanel > p > a.first-link,no,,,,R02,2026-09-08,,"No es un caracter visible: la regla no aplica. Texto oculto visualmente, de tamano cero o desplazado fuera de pantalla.",modal cerrado
40,mundo,Manchester,https://www.manchester.ac.uk/,1.4.3,afw4f7,Text has minimum contrast,124,div.row > div.megaSubPanel > p > a,no,,,,R02,2026-09-08,,"No es un caracter visible: la regla no aplica. Texto oculto visualmente, de tamano cero o desplazado fuera de pantalla.",modal cerrado
40,mundo,Manchester,https://www.manchester.ac.uk/,1.4.3,afw4f7,Text has minimum contrast,125,div.row > div.megaSubPanel > p > a,no,,,,R02,2026-09-08,,"No es un caracter visible: la regla no aplica. Texto oculto visualmente, de tamano cero o desplazado fuera de pantalla.",modal cerrado
40,mundo,Manchester,https://www.manchester.ac.uk/,1.4.3,afw4f7,Text has minimum contrast,126,div.row > div.megaSubPanel > p > a,no,,,,R02,2026-09-08,,"No es un caracter visible: la regla no aplica. Texto oculto visualmente, de tamano cero o desplazado fuera de pantalla.",modal cerrado
40,mundo,Manchester,https://www.manchester.ac.uk/,1.4.3,afw4f7,Text has minimum contrast,127,div.row > div.megaSubPanel > p > a,no,,,,R02,2026-09-08,,"No es un caracter visible: la regla no aplica. Texto oculto visualmente, de tamano cero o desplazado fuera de pantalla.",modal cerrado
40,mundo,Manchester,https://www.manchester.ac.uk/,1.4.3,afw4f7,Text has minimum contrast,128,div.row > div.megaSubPanel > p > a,no,,,,R02,2026-09-08,,"No es un caracter visible: la regla no aplica. Texto oculto visualmente, de tamano cero o desplazado fuera de pantalla.",modal cerrado
40,mundo,Manchester,https://www.manchester.ac.uk/,1.4.3,afw4f7,Text has minimum contrast,129,div.row > div.megaSubPanel > p > a.last-link,no,,,,R02,2026-09-08,,"No es un caracter visible: la regla no aplica. Texto oculto visualmente, de tamano cero o desplazado fuera de pantalla.",modal cerrado
40,mundo,Manchester,https://www.manchester.ac.uk/,1.4.3,afw4f7,Text has minimum contrast,130,#megaLink-about,si,cumple,12.63:1,,R02,2026-09-08,,"umbral 4.5:1 (texto normal, 20.0px); texto: ""About""",modal cerrado
40,mundo,Manchester,https://www.manchester.ac.uk/,1.4.3,afw4f7,Text has minimum contrast,131,div.row > div.megaSubPanel > p > a.first-link,no,,,,R02,2026-09-08,,"No es un caracter visible: la regla no aplica. Texto oculto visualmente, de tamano cero o desplazado fuera de pantalla.",modal cerrado
40,mundo,Manchester,https://www.manchester.ac.uk/,1.4.3,afw4f7,Text has minimum contrast,132,div.row > div.megaSubPanel > p > a,no,,,,R02,2026-09-08,,"No es un caracter visible: la regla no aplica. Texto oculto visualmente, de tamano cero o desplazado fuera de pantalla.",modal cerrado
40,mundo,Manchester,https://www.manchester.ac.uk/,1.4.3,afw4f7,Text has minimum contrast,133,div.row > div.megaSubPanel > p > a,no,,,,R02,2026-09-08,,"No es un caracter visible: la regla no aplica. Texto oculto visualmente, de tamano cero o desplazado fuera de pantalla.",modal cerrado
40,mundo,Manchester,https://www.manchester.ac.uk/,1.4.3,afw4f7,Text has minimum contrast,134,div.row > div.megaSubPanel > p > a,no,,,,R02,2026-09-08,,"No es un caracter visible: la regla no aplica. Texto oculto visualmente, de tamano cero o desplazado fuera de pantalla.",modal cerrado
40,mundo,Manchester,https://www.manchester.ac.uk/,1.4.3,afw4f7,Text has minimum contrast,135,div.row > div.megaSubPanel > p > a,no,,,,R02,2026-09-08,,"No es un caracter visible: la regla no aplica. Texto oculto visualmente, de tamano cero o desplazado fuera de pantalla.",modal cerrado
40,mundo,Manchester,https://www.manchester.ac.uk/,1.4.3,afw4f7,Text has minimum contrast,136,div.row > div.megaSubPanel > p > a,no,,,,R02,2026-09-08,,"No es un caracter visible: la regla no aplica. Texto oculto visualmente, de tamano cero o desplazado fuera de pantalla.",modal cerrado
40,mundo,Manchester,https://www.manchester.ac.uk/,1.4.3,afw4f7,Text has minimum contrast,137,div.row > div.megaSubPanel > p > a,no,,,,R02,2026-09-08,,"No es un caracter visible: la regla no aplica. Texto oculto visualmente, de tamano cero o desplazado fuera de pantalla.",modal cerrado
40,mundo,Manchester,https://www.manchester.ac.uk/,1.4.3,afw4f7,Text has minimum contrast,138,div.row > div.megaSubPanel > p > a,no,,,,R02,2026-09-08,,"No es un caracter visible: la regla no aplica. Texto oculto visualmente, de tamano cero o desplazado fuera de pantalla.",modal cerrado
40,mundo,Manchester,https://www.manchester.ac.uk/,1.4.3,afw4f7,Text has minimum contrast,139,div.row > div.megaSubPanel > p > a,no,,,,R02,2026-09-08,,"No es un caracter visible: la regla no aplica. Texto oculto visualmente, de tamano cero o desplazado fuera de pantalla.",modal cerrado
40,mundo,Manchester,https://www.manchester.ac.uk/,1.4.3,afw4f7,Text has minimum contrast,140,div.row > div.megaSubPanel > p > a,no,,,,R02,2026-09-08,,"No es un caracter visible: la regla no aplica. Texto oculto visualmente, de tamano cero o desplazado fuera de pantalla.",modal cerrado
40,mundo,Manchester,https://www.manchester.ac.uk/,1.4.3,afw4f7,Text has minimum contrast,141,div.row > div.megaSubPanel > p > a,no,,,,R02,2026-09-08,,"No es un caracter visible: la regla no aplica. Texto oculto visualmente, de tamano cero o desplazado fuera de pantalla.",modal cerrado
40,mundo,Manchester,https://www.manchester.ac.uk/,1.4.3,afw4f7,Text has minimum contrast,142,div.row > div.megaSubPanel > p > a,no,,,,R02,2026-09-08,,"No es un caracter visible: la regla no aplica. Texto oculto visualmente, de tamano cero o desplazado fuera de pantalla.",modal cerrado
40,mundo,Manchester,https://www.manchester.ac.uk/,1.4.3,afw4f7,Text has minimum contrast,143,div.row > div.megaSubPanel > p > a,no,,,,R02,2026-09-08,,"No es un caracter visible: la regla no aplica. Texto oculto visualmente, de tamano cero o desplazado fuera de pantalla.",modal cerrado
40,mundo,Manchester,https://www.manchester.ac.uk/,1.4.3,afw4f7,Text has minimum contrast,144,div.row > div.megaSubPanel > p > a,no,,,,R02,2026-09-08,,"No es un caracter visible: la regla no aplica. Texto oculto visualmente, de tamano cero o desplazado fuera de pantalla.",modal cerrado
40,mundo,Manchester,https://www.manchester.ac.uk/,1.4.3,afw4f7,Text has minimum contrast,145,div.row > div.megaSubPanel > p > a,no,,,,R02,2026-09-08,,"No es un caracter visible: la regla no aplica. Texto oculto visualmente, de tamano cero o desplazado fuera de pantalla.",modal cerrado
40,mundo,Manchester,https://www.manchester.ac.uk/,1.4.3,afw4f7,Text has minimum contrast,146,div.row > div.megaSubPanel > p > a,no,,,,R02,2026-09-08,,"No es un caracter visible: la regla no aplica. Texto oculto visualmente, de tamano cero o desplazado fuera de pantalla.",modal cerrado
40,mundo,Manchester,https://www.manchester.ac.uk/,1.4.3,afw4f7,Text has minimum contrast,147,div.row > div.megaSubPanel > p > a,no,,,,R02,2026-09-08,,"No es un caracter visible: la regla no aplica. Texto oculto visualmente, de tamano cero o desplazado fuera de pantalla.",modal cerrado
40,mundo,Manchester,https://www.manchester.ac.uk/,1.4.3,afw4f7,Text has minimum contrast,148,div.row > div.megaSubPanel > p > a,no,,,,R02,2026-09-08,,"No es un caracter visible: la regla no aplica. Texto oculto visualmente, de tamano cero o desplazado fuera de pantalla.",modal cerrado
40,mundo,Manchester,https://www.manchester.ac.uk/,1.4.3,afw4f7,Text has minimum contrast,149,div.row > div.megaSubPanel > p > a,no,,,,R02,2026-09-08,,"No es un caracter visible: la regla no aplica. Texto oculto visualmente, de tamano cero o desplazado fuera de pantalla.",modal cerrado
40,mundo,Manchester,https://www.manchester.ac.uk/,1.4.3,afw4f7,Text has minimum contrast,150,div.row > div.megaSubPanel > p > a,no,,,,R02,2026-09-08,,"No es un caracter visible: la regla no aplica. Texto oculto visualmente, de tamano cero o desplazado fuera de pantalla.",modal cerrado
40,mundo,Manchester,https://www.manchester.ac.uk/,1.4.3,afw4f7,Text has minimum contrast,151,div.row > div.megaSubPanel > p > a.last-link,no,,,,R02,2026-09-08,,"No es un caracter visible: la regla no aplica. Texto oculto visualmente, de tamano cero o desplazado fuera de pantalla.",modal cerrado
40,mundo,Manchester,https://www.manchester.ac.uk/,1.4.3,afw4f7,Text has minimum contrast,152,#megaLink-connect,si,cumple,12.63:1,,R02,2026-09-08,,"umbral 4.5:1 (texto normal, 20.0px); texto: ""Connect""",modal cerrado
40,mundo,Manchester,https://www.manchester.ac.uk/,1.4.3,afw4f7,Text has minimum contrast,153,div.row > div.megaSubPanel > p > a.first-link,no,,,,R02,2026-09-08,,"No es un caracter visible: la regla no aplica. Texto oculto visualmente, de tamano cero o desplazado fuera de pantalla.",modal cerrado
40,mundo,Manchester,https://www.manchester.ac.uk/,1.4.3,afw4f7,Text has minimum contrast,154,div.row > div.megaSubPanel > p > a,no,,,,R02,2026-09-08,,"No es un caracter visible: la regla no aplica. Texto oculto visualmente, de tamano cero o desplazado fuera de pantalla.",modal cerrado
40,mundo,Manchester,https://www.manchester.ac.uk/,1.4.3,afw4f7,Text has minimum contrast,155,div.row > div.megaSubPanel > p > a,no,,,,R02,2026-09-08,,"No es un caracter visible: la regla no aplica. Texto oculto visualmente, de tamano cero o desplazado fuera de pantalla.",modal cerrado
40,mundo,Manchester,https://www.manchester.ac.uk/,1.4.3,afw4f7,Text has minimum contrast,156,div.row > div.megaSubPanel > p > a,no,,,,R02,2026-09-08,,"No es un caracter visible: la regla no aplica. Texto oculto visualmente, de tamano cero o desplazado fuera de pantalla.",modal cerrado
40,mundo,Manchester,https://www.manchester.ac.uk/,1.4.3,afw4f7,Text has minimum contrast,157,div.row > div.megaSubPanel > p > a.last-link,no,,,,R02,2026-09-08,,"No es un caracter visible: la regla no aplica. Texto oculto visualmente, de tamano cero o desplazado fuera de pantalla.",modal cerrado
40,mundo,Manchester,https://www.manchester.ac.uk/,1.4.3,afw4f7,Text has minimum contrast,158,#megaLink-give,si,cumple,12.63:1,,R02,2026-09-08,,"umbral 4.5:1 (texto normal, 20.0px); texto: ""Give""",modal cerrado
40,mundo,Manchester,https://www.manchester.ac.uk/,1.4.3,afw4f7,Text has minimum contrast,159,div > div.menu-search-icons > button.search-icon > span,si,cumple,12.63:1,,R02,2026-09-08,,"umbral 4.5:1 (texto normal, 22.0px); texto: ""Search""",modal cerrado
40,mundo,Manchester,https://www.manchester.ac.uk/,1.4.3,afw4f7,Text has minimum contrast,160,div.searchContainer2 > form > div.searchInputWrapper2 > label.offScreen,no,,,,R02,2026-09-08,,"No es un caracter visible: la regla no aplica. Texto oculto visualmente, de tamano cero o desplazado fuera de pantalla.",modal cerrado
40,mundo,Manchester,https://www.manchester.ac.uk/,1.4.3,afw4f7,Text has minimum contrast,161,div.menu-search-icons > div.search-options > div.row > p.button,no,,,,R02,2026-09-08,,"No es un caracter visible: la regla no aplica. Texto oculto visualmente, de tamano cero o desplazado fuera de pantalla.",modal cerrado
40,mundo,Manchester,https://www.manchester.ac.uk/,1.4.3,afw4f7,Text has minimum contrast,162,div.search-options > div.row > p.button > a.black,no,,,,R02,2026-09-08,,"No es un caracter visible: la regla no aplica. Texto oculto visualmente, de tamano cero o desplazado fuera de pantalla.",modal cerrado
40,mundo,Manchester,https://www.manchester.ac.uk/,1.4.3,afw4f7,Text has minimum contrast,163,nav.initial > ul > li.closeMenuItem > button.closeMenuLink,si,cumple,8.77:1,,R02,2026-09-08,,"umbral 4.5:1 (texto normal, 17.5px); texto: ""Close menu""",modal cerrado
40,mundo,Manchester,https://www.manchester.ac.uk/,1.4.3,afw4f7,Text has minimum contrast,164,nav.initial > ul > li.sectionHeader > a,si,cumple,8.48:1,,R02,2026-09-08,,"umbral 4.5:1 (texto normal, 17.5px); texto: ""Home""",modal cerrado
40,mundo,Manchester,https://www.manchester.ac.uk/,1.4.3,afw4f7,Text has minimum contrast,165,li.sectionHeader > ul.sectionMenu > li > a,si,cumple,14.78:1,,R02,2026-09-08,,"umbral 4.5:1 (texto normal, 17.5px); texto: ""Study""",modal cerrado
40,mundo,Manchester,https://www.manchester.ac.uk/,1.4.3,afw4f7,Text has minimum contrast,166,li.sectionHeader > ul.sectionMenu > li > a,si,cumple,14.78:1,,R02,2026-09-08,,"umbral 4.5:1 (texto normal, 17.5px); texto: ""Research""",modal cerrado
40,mundo,Manchester,https://www.manchester.ac.uk/,1.4.3,afw4f7,Text has minimum contrast,167,li.sectionHeader > ul.sectionMenu > li > a,si,cumple,14.78:1,,R02,2026-09-08,,"umbral 4.5:1 (texto normal, 17.5px); texto: ""Collaborate""",modal cerrado
40,mundo,Manchester,https://www.manchester.ac.uk/,1.4.3,afw4f7,Text has minimum contrast,168,li.sectionHeader > ul.sectionMenu > li > a,si,cumple,14.78:1,,R02,2026-09-08,,"umbral 4.5:1 (texto normal, 17.5px); texto: ""About""",modal cerrado
40,mundo,Manchester,https://www.manchester.ac.uk/,1.4.3,afw4f7,Text has minimum contrast,169,li.sectionHeader > ul.sectionMenu > li > a,si,cumple,14.78:1,,R02,2026-09-08,,"umbral 4.5:1 (texto normal, 17.5px); texto: ""Connect""",modal cerrado
40,mundo,Manchester,https://www.manchester.ac.uk/,1.4.3,afw4f7,Text has minimum contrast,170,html.csscolumns > body.uom-home > main.uom-wrapper > h1.visually-hidden,no,,,,R02,2026-09-08,,"No es un caracter visible: la regla no aplica. Texto oculto visualmente, de tamano cero o desplazado fuera de pantalla.",modal cerrado
40,mundo,Manchester,https://www.manchester.ac.uk/,1.4.3,afw4f7,Text has minimum contrast,171,div.uom-co-hero__content > div.uom-l-stack > div.uom-l-stack > div.uom-c-eyebrow,si,cumple,15.52:1,,R02,2026-09-08,,"umbral 4.5:1 (texto normal, 14.6px); texto: ""Your Manchester""",modal cerrado
40,mundo,Manchester,https://www.manchester.ac.uk/,1.4.3,afw4f7,Text has minimum contrast,172,div.uom-co-hero__content > div.uom-l-stack > div.uom-l-stack > h2.uom-co-hero__heading,si,cumple,15.52:1,,R02,2026-09-08,,"umbral 3:1 (texto grande, 30.2px negrita); texto: ""Welcome""",modal cerrado
40,mundo,Manchester,https://www.manchester.ac.uk/,1.4.3,afw4f7,Text has minimum contrast,173,div.uom-co-hero__content > div.uom-l-stack > div.uom-l-stack > p,si,cumple,15.52:1,,R02,2026-09-08,,"umbral 4.5:1 (texto normal, 17.5px); texto: ""Find everything you need to prepare for university, settle i""",modal cerrado
40,mundo,Manchester,https://www.manchester.ac.uk/,1.4.3,afw4f7,Text has minimum contrast,174,div.uom-co-hero__content > div.uom-l-stack > div.uom-c-button-group > a.uom-c-button,si,cumple,13.94:1,,R02,2026-09-08,,"umbral 4.5:1 (texto normal, 17.5px); texto: ""Find out what to expect""",modal cerrado
40,mundo,Manchester,https://www.manchester.ac.uk/,1.4.3,afw4f7,Text has minimum contrast,175,div.uom-l-stack > form.uom-c-course-search > div.uom-l-cluster > h2.step-2,si,cumple,21.00:1,,R02,2026-09-08,,"umbral 3:1 (texto grande, 25.2px negrita); texto: ""Find your course""",modal cerrado
40,mundo,Manchester,https://www.manchester.ac.uk/,1.4.3,afw4f7,Text has minimum contrast,176,form.uom-c-course-search > div.uom-l-cluster > div.uom-c-select > label.visually-hidden,no,,,,R02,2026-09-08,,"No es un caracter visible: la regla no aplica. Texto oculto visualmente, de tamano cero o desplazado fuera de pantalla.",modal cerrado
40,mundo,Manchester,https://www.manchester.ac.uk/,1.4.3,afw4f7,Text has minimum contrast,177,div.uom-l-cluster > div.uom-c-select > select > option,no,,,,R02,2026-09-08,,"No es un caracter visible: la regla no aplica. Texto oculto visualmente, de tamano cero o desplazado fuera de pantalla.",modal cerrado
40,mundo,Manchester,https://www.manchester.ac.uk/,1.4.3,afw4f7,Text has minimum contrast,178,div.uom-l-cluster > div.uom-c-select > select > option,no,,,,R02,2026-09-08,,"No es un caracter visible: la regla no aplica. Texto oculto visualmente, de tamano cero o desplazado fuera de pantalla.",modal cerrado
40,mundo,Manchester,https://www.manchester.ac.uk/,1.4.3,afw4f7,Text has minimum contrast,179,div.uom-l-cluster > div.uom-c-select > select > option,no,,,,R02,2026-09-08,,"No es un caracter visible: la regla no aplica. Texto oculto visualmente, de tamano cero o desplazado fuera de pantalla.",modal cerrado
40,mundo,Manchester,https://www.manchester.ac.uk/,1.4.3,afw4f7,Text has minimum contrast,180,div.uom-l-cluster > div.uom-c-select > select > option,no,,,,R02,2026-09-08,,"No es un caracter visible: la regla no aplica. Texto oculto visualmente, de tamano cero o desplazado fuera de pantalla.",modal cerrado
40,mundo,Manchester,https://www.manchester.ac.uk/,1.4.3,afw4f7,Text has minimum contrast,181,div.uom-l-stack > form.uom-c-course-search > div.uom-l-cluster > label.visually-hidden,no,,,,R02,2026-09-08,,"No es un caracter visible: la regla no aplica. Texto oculto visualmente, de tamano cero o desplazado fuera de pantalla.",modal cerrado
40,mundo,Manchester,https://www.manchester.ac.uk/,1.4.3,afw4f7,Text has minimum contrast,182,div.uom-l-stack > form.uom-c-course-search > div.uom-l-cluster > button.uom-c-button,si,cumple,8.77:1,,R02,2026-09-08,,"umbral 4.5:1 (texto normal, 17.5px); texto: ""Search""",modal cerrado
40,mundo,Manchester,https://www.manchester.ac.uk/,1.4.3,afw4f7,Text has minimum contrast,183,div.uom-wrapper > section.uom-l-split > div.uom-c-quick-links > h2,si,cumple,21.00:1,,R02,2026-09-08,,"umbral 3:1 (texto grande, 36.2px negrita); texto: ""Study with us""",modal cerrado
40,mundo,Manchester,https://www.manchester.ac.uk/,1.4.3,afw4f7,Text has minimum contrast,184,li > div.uom-c-quick-links--callout > p > strong,si,cumple,8.77:1,,R02,2026-09-08,,"umbral 4.5:1 (texto normal, 17.5px negrita); texto: ""Undergraduate open days | 3 and 10 October""",modal cerrado
40,mundo,Manchester,https://www.manchester.ac.uk/,1.4.3,afw4f7,Text has minimum contrast,185,ul > li > div.uom-c-quick-links--callout > p,si,cumple,21.00:1,,R02,2026-09-08,,"umbral 4.5:1 (texto normal, 17.5px); texto: ""Get a feel for campus and join information sessions on your """,modal cerrado
40,mundo,Manchester,https://www.manchester.ac.uk/,1.4.3,afw4f7,Text has minimum contrast,186,div.uom-c-quick-links--callout > a.uom-c-twi > span > strong,si,cumple,21.00:1,,R02,2026-09-08,,"umbral 4.5:1 (texto normal, 17.5px negrita); texto: ""Register now""",modal cerrado
40,mundo,Manchester,https://www.manchester.ac.uk/,1.4.3,afw4f7,Text has minimum contrast,187,li > a.uom-c-twi > span > strong,si,cumple,21.00:1,,R02,2026-09-08,,"umbral 4.5:1 (texto normal, 17.5px negrita); texto: ""Undergraduate study""",modal cerrado
40,mundo,Manchester,https://www.manchester.ac.uk/,1.4.3,afw4f7,Text has minimum contrast,188,li > a.uom-c-twi > span > strong,si,cumple,21.00:1,,R02,2026-09-08,,"umbral 4.5:1 (texto normal, 17.5px negrita); texto: ""Master's study""",modal cerrado
40,mundo,Manchester,https://www.manchester.ac.uk/,1.4.3,afw4f7,Text has minimum contrast,189,li > a.uom-c-twi > span > strong,si,cumple,21.00:1,,R02,2026-09-08,,"umbral 4.5:1 (texto normal, 17.5px negrita); texto: ""International study""",modal cerrado
40,mundo,Manchester,https://www.manchester.ac.uk/,1.4.3,afw4f7,Text has minimum contrast,190,section > div.uom-l-sidebar > div.uom-l-stack > h2,si,cumple,21.00:1,,R02,2026-09-08,,"umbral 3:1 (texto grande, 36.2px negrita); texto: ""Discover Manchester""",modal cerrado
40,mundo,Manchester,https://www.manchester.ac.uk/,1.4.3,afw4f7,Text has minimum contrast,191,section > div.uom-l-sidebar > div.uom-l-stack > p,si,cumple,21.00:1,,R02,2026-09-08,,"umbral 4.5:1 (texto normal, 17.5px); texto: ""Learn from our students what it's like to live, study and th""",modal cerrado
40,mundo,Manchester,https://www.manchester.ac.uk/,1.4.3,afw4f7,Text has minimum contrast,192,div.uom-l-sidebar > div.uom-l-stack > div.uom-c-social-icons > a.uom-c-social-icons__link,si,cumple,8.77:1,,R02,2026-09-08,,"umbral 4.5:1 (texto normal, 14.6px); texto: ""Instagram""",modal cerrado
40,mundo,Manchester,https://www.manchester.ac.uk/,1.4.3,afw4f7,Text has minimum contrast,193,div.uom-l-sidebar > div.uom-l-stack > div.uom-c-social-icons > a.uom-c-social-icons__link,si,cumple,8.77:1,,R02,2026-09-08,,"umbral 4.5:1 (texto normal, 14.6px); texto: ""TikTok""",modal cerrado
40,mundo,Manchester,https://www.manchester.ac.uk/,1.4.3,afw4f7,Text has minimum contrast,194,div.uom-l-sidebar > div.uom-l-stack > div.uom-c-social-icons > a.uom-c-social-icons__link,si,cumple,8.77:1,,R02,2026-09-08,,"umbral 4.5:1 (texto normal, 14.6px); texto: ""LinkedIn""",modal cerrado
40,mundo,Manchester,https://www.manchester.ac.uk/,1.4.3,afw4f7,Text has minimum contrast,195,div.uom-l-sidebar > div.uom-l-stack > div.uom-c-social-icons > a.uom-c-social-icons__link,si,cumple,8.77:1,,R02,2026-09-08,,"umbral 4.5:1 (texto normal, 14.6px); texto: ""YouTube""",modal cerrado
40,mundo,Manchester,https://www.manchester.ac.uk/,1.4.3,afw4f7,Text has minimum contrast,196,section > div.uom-l-sidebar > div.uom-l-stack > a.uom-c-button,si,cumple,8.77:1,,R02,2026-09-08,,"umbral 4.5:1 (texto normal, 17.5px); texto: ""Explore student life""",modal cerrado
40,mundo,Manchester,https://www.manchester.ac.uk/,1.4.3,afw4f7,Text has minimum contrast,197,div.uom-c-feature__content > div.uom-l-stack > div.uom-l-stack > h2.uom-c-eyebrow,si,falla,1.00:1,,R02,2026-09-08,,"umbral 4.5:1 (texto normal, 14.6px negrita); texto: ""Feature""",modal cerrado
40,mundo,Manchester,https://www.manchester.ac.uk/,1.4.3,afw4f7,Text has minimum contrast,198,div.uom-c-feature__content > div.uom-l-stack > div.uom-l-stack > a.uom-c-feature__heading,si,falla,1.00:1,,R02,2026-09-08,,"umbral 3:1 (texto grande, 36.2px negrita); texto: ""Innovation Festival 2026""",modal cerrado
40,mundo,Manchester,https://www.manchester.ac.uk/,1.4.3,afw4f7,Text has minimum contrast,199,div.uom-c-feature__content > div.uom-l-stack > div.uom-l-stack > p,si,falla,1.00:1,,R02,2026-09-08,,"umbral 4.5:1 (texto normal, 17.5px); texto: ""Join communities from across Manchester, 5–9 October, to dis""",modal cerrado
40,mundo,Manchester,https://www.manchester.ac.uk/,1.4.3,afw4f7,Text has minimum contrast,200,div.uom-wrapper > div.uom-c-feature__content > div.uom-l-stack > a.uom-c-button,si,falla,1.00:1,,R02,2026-09-08,,"umbral 4.5:1 (texto normal, 17.5px); texto: ""Search events and book your place""",modal cerrado
40,mundo,Manchester,https://www.manchester.ac.uk/,1.4.3,afw4f7,Text has minimum contrast,201,div.uom-l-stack > section.uom-l-stack > div.uom-wrapper > h2.visually-hidden,no,,,,R02,2026-09-08,,"No es un caracter visible: la regla no aplica. Texto oculto visualmente, de tamano cero o desplazado fuera de pantalla.",modal cerrado
40,mundo,Manchester,https://www.manchester.ac.uk/,1.4.3,afw4f7,Text has minimum contrast,202,div.uom-l-reel-grid > a.uom-c-news-card > div.uom-c-news-card__inner > div.uom-c-eyebrow,si,falla,1.00:1,,R02,2026-09-08,,"umbral 4.5:1 (texto normal, 14.6px); texto: ""Graduate employability""",modal cerrado
40,mundo,Manchester,https://www.manchester.ac.uk/,1.4.3,afw4f7,Text has minimum contrast,203,div.uom-l-reel-grid > a.uom-c-news-card > div.uom-c-news-card__inner > h3.uom-c-news-card__title,si,falla,1.00:1,,R02,2026-09-08,,"umbral 3:1 (texto grande, 25.2px negrita); texto: ""The UK's top choice for employers""",modal cerrado
40,mundo,Manchester,https://www.manchester.ac.uk/,1.4.3,afw4f7,Text has minimum contrast,204,div.uom-l-reel-grid > a.uom-c-news-card > div.uom-c-news-card__inner > div.uom-c-eyebrow,si,falla,1.00:1,,R02,2026-09-08,,"umbral 4.5:1 (texto normal, 14.6px); texto: ""Social and environmental impact""",modal cerrado
40,mundo,Manchester,https://www.manchester.ac.uk/,1.4.3,afw4f7,Text has minimum contrast,205,div.uom-l-reel-grid > a.uom-c-news-card > div.uom-c-news-card__inner > h3.uom-c-news-card__title,si,falla,1.00:1,,R02,2026-09-08,,"umbral 3:1 (texto grande, 25.2px negrita); texto: ""We’re number one in the world""",modal cerrado
40,mundo,Manchester,https://www.manchester.ac.uk/,1.4.3,afw4f7,Text has minimum contrast,206,div.uom-l-reel-grid > a.uom-c-news-card > div.uom-c-news-card__inner > div.uom-c-eyebrow,si,falla,1.00:1,,R02,2026-09-08,,"umbral 4.5:1 (texto normal, 14.6px); texto: ""Research""",modal cerrado
40,mundo,Manchester,https://www.manchester.ac.uk/,1.4.3,afw4f7,Text has minimum contrast,207,div.uom-l-reel-grid > a.uom-c-news-card > div.uom-c-news-card__inner > h3.uom-c-news-card__title,si,falla,1.00:1,,R02,2026-09-08,,"umbral 3:1 (texto grande, 25.2px negrita); texto: ""How canals could help cool our cities""",modal cerrado
40,mundo,Manchester,https://www.manchester.ac.uk/,1.4.3,afw4f7,Text has minimum contrast,208,section.uom-l-stack > div.uom-wrapper > div.uom-l-stack > a.uom-c-button,si,cumple,8.77:1,,R02,2026-09-08,,"umbral 4.5:1 (texto normal, 17.5px); texto: ""Latest news""",modal cerrado
40,mundo,Manchester,https://www.manchester.ac.uk/,1.4.3,afw4f7,Text has minimum contrast,209,div.uom-l-stack > div.uom-l-stack > h2 > a,si,cumple,21.00:1,,R02,2026-09-08,,"umbral 3:1 (texto grande, 36.2px negrita); texto: ""Student inclusion and success""",modal cerrado
40,mundo,Manchester,https://www.manchester.ac.uk/,1.4.3,afw4f7,Text has minimum contrast,210,section.uom-co-campaign-banner > div.uom-l-stack > div.uom-l-stack > p,si,cumple,21.00:1,,R02,2026-09-08,,"umbral 4.5:1 (texto normal, 17.5px); texto: ""We’re unlocking fair chances for every student, creating opp""",modal cerrado
40,mundo,Manchester,https://www.manchester.ac.uk/,1.4.3,afw4f7,Text has minimum contrast,211,div.uom-l-stack > section.uom-co-campaign-banner > div.uom-l-stack > a.uom-c-button,si,cumple,21.00:1,,R02,2026-09-08,,"umbral 4.5:1 (texto normal, 17.5px); texto: ""Shape what's next""",modal cerrado
40,mundo,Manchester,https://www.manchester.ac.uk/,1.4.3,afw4f7,Text has minimum contrast,212,body.uom-home > main.uom-wrapper > section.uom-l-slat > h2.visually-hidden,no,,,,R02,2026-09-08,,"No es un caracter visible: la regla no aplica. Texto oculto visualmente, de tamano cero o desplazado fuera de pantalla.",modal cerrado
40,mundo,Manchester,https://www.manchester.ac.uk/,1.4.3,afw4f7,Text has minimum contrast,213,div.uom-wrapper > div.uom-l-grid > figure.uom-c-key-fact > p.uom-c-key-fact__figure,si,cumple,21.00:1,,R02,2026-09-08,,"umbral 3:1 (texto grande, 114.7px negrita); texto: ""40""",modal cerrado
40,mundo,Manchester,https://www.manchester.ac.uk/,1.4.3,afw4f7,Text has minimum contrast,214,div.uom-l-grid > figure.uom-c-key-fact > figcaption.uom-l-stack > span,si,cumple,21.00:1,,R02,2026-09-08,,"umbral 4.5:1 (texto normal, 17.5px negrita); texto: ""Ranked 40th best university in the world""",modal cerrado
40,mundo,Manchester,https://www.manchester.ac.uk/,1.4.3,afw4f7,Text has minimum contrast,215,div.uom-l-grid > figure.uom-c-key-fact > figcaption.uom-l-stack > cite,si,cumple,21.00:1,,R02,2026-09-08,,"umbral 4.5:1 (texto normal, 14.6px); texto: ""QS World University Rankings 2027""",modal cerrado
40,mundo,Manchester,https://www.manchester.ac.uk/,1.4.3,afw4f7,Text has minimum contrast,216,figure.uom-c-key-fact > figcaption.uom-l-stack > a.uom-c-twi > span,si,cumple,21.00:1,,R02,2026-09-08,,"umbral 4.5:1 (texto normal, 14.6px); texto: ""Our rankings""",modal cerrado
40,mundo,Manchester,https://www.manchester.ac.uk/,1.4.3,afw4f7,Text has minimum contrast,217,div.uom-wrapper > div.uom-l-grid > figure.uom-c-key-fact > p.uom-c-key-fact__figure,si,cumple,21.00:1,,R02,2026-09-08,,"umbral 3:1 (texto grande, 114.7px negrita); texto: ""1""",modal cerrado
40,mundo,Manchester,https://www.manchester.ac.uk/,1.4.3,afw4f7,Text has minimum contrast,218,div.uom-l-grid > figure.uom-c-key-fact > figcaption.uom-l-stack > span,si,cumple,21.00:1,,R02,2026-09-08,,"umbral 4.5:1 (texto normal, 17.5px negrita); texto: ""First in the world for social and environmental impact""",modal cerrado
40,mundo,Manchester,https://www.manchester.ac.uk/,1.4.3,afw4f7,Text has minimum contrast,219,div.uom-l-grid > figure.uom-c-key-fact > figcaption.uom-l-stack > cite,si,cumple,21.00:1,,R02,2026-09-08,,"umbral 4.5:1 (texto normal, 14.6px); texto: ""THE Sustainability Impact Ratings 2026""",modal cerrado
40,mundo,Manchester,https://www.manchester.ac.uk/,1.4.3,afw4f7,Text has minimum contrast,220,figure.uom-c-key-fact > figcaption.uom-l-stack > a.uom-c-twi > span,si,cumple,21.00:1,,R02,2026-09-08,,"umbral 4.5:1 (texto normal, 14.6px); texto: ""Our impact""",modal cerrado
40,mundo,Manchester,https://www.manchester.ac.uk/,1.4.3,afw4f7,Text has minimum contrast,221,div.uom-wrapper > div.uom-l-grid > figure.uom-c-key-fact > p.uom-c-key-fact__figure,si,cumple,21.00:1,,R02,2026-09-08,,"umbral 3:1 (texto grande, 114.7px negrita); texto: ""26""",modal cerrado
40,mundo,Manchester,https://www.manchester.ac.uk/,1.4.3,afw4f7,Text has minimum contrast,222,div.uom-l-grid > figure.uom-c-key-fact > figcaption.uom-l-stack > span,si,cumple,21.00:1,,R02,2026-09-08,,"umbral 4.5:1 (texto normal, 17.5px negrita); texto: ""26 Nobel laureates among our current and former colleagues a""",modal cerrado
40,mundo,Manchester,https://www.manchester.ac.uk/,1.4.3,afw4f7,Text has minimum contrast,223,figure.uom-c-key-fact > figcaption.uom-l-stack > a.uom-c-twi > span,si,cumple,21.00:1,,R02,2026-09-08,,"umbral 4.5:1 (texto normal, 14.6px); texto: ""Our laureates""",modal cerrado
40,mundo,Manchester,https://www.manchester.ac.uk/,1.4.3,afw4f7,Text has minimum contrast,224,section.uom-l-slat > div.uom-wrapper > div.uom-c-quick-links > h2.step-2,si,cumple,16.86:1,,R02,2026-09-08,,"umbral 3:1 (texto grande, 25.2px negrita); texto: ""Quick links""",modal cerrado
40,mundo,Manchester,https://www.manchester.ac.uk/,1.4.3,afw4f7,Text has minimum contrast,225,ul > li > a.uom-c-twi > span,si,cumple,16.86:1,,R02,2026-09-08,,"umbral 4.5:1 (texto normal, 17.5px); texto: ""Jobs""",modal cerrado
40,mundo,Manchester,https://www.manchester.ac.uk/,1.4.3,afw4f7,Text has minimum contrast,226,ul > li > a.uom-c-twi > span,si,cumple,16.86:1,,R02,2026-09-08,,"umbral 4.5:1 (texto normal, 17.5px); texto: ""Alumni""",modal cerrado
40,mundo,Manchester,https://www.manchester.ac.uk/,1.4.3,afw4f7,Text has minimum contrast,227,ul > li > a.uom-c-twi > span,si,cumple,16.86:1,,R02,2026-09-08,,"umbral 4.5:1 (texto normal, 17.5px); texto: ""Maps""",modal cerrado
40,mundo,Manchester,https://www.manchester.ac.uk/,1.4.3,afw4f7,Text has minimum contrast,228,ul > li > a.uom-c-twi > span,si,cumple,16.86:1,,R02,2026-09-08,,"umbral 4.5:1 (texto normal, 17.5px); texto: ""Modern Slavery Act statement""",modal cerrado
40,mundo,Manchester,https://www.manchester.ac.uk/,1.4.3,afw4f7,Text has minimum contrast,229,ul > li > a.uom-c-twi > span,si,cumple,16.86:1,,R02,2026-09-08,,"umbral 4.5:1 (texto normal, 17.5px); texto: ""Policy on Freedom of Speech and Academic Freedom""",modal cerrado
40,mundo,Manchester,https://www.manchester.ac.uk/,1.4.3,afw4f7,Text has minimum contrast,230,ul > li > a.uom-c-twi > span,si,cumple,16.86:1,,R02,2026-09-08,,"umbral 4.5:1 (texto normal, 17.5px); texto: ""Student terms and conditions""",modal cerrado
40,mundo,Manchester,https://www.manchester.ac.uk/,1.4.3,afw4f7,Text has minimum contrast,231,div.uom-wrapper > div.footer-row > div.footer-cell > h2,si,cumple,16.86:1,,R02,2026-09-08,,"umbral 4.5:1 (texto normal, 18.0px); texto: ""Contact us""",modal cerrado
40,mundo,Manchester,https://www.manchester.ac.uk/,1.4.3,afw4f7,Text has minimum contrast,232,div.footer-cell > ul > li > a,si,cumple,7.26:1,,R02,2026-09-08,,"umbral 4.5:1 (texto normal, 16.0px); texto: ""+44 (0) 161 306 6000""",modal cerrado
40,mundo,Manchester,https://www.manchester.ac.uk/,1.4.3,afw4f7,Text has minimum contrast,233,div.footer-cell > ul > li > a,si,cumple,7.26:1,,R02,2026-09-08,,"umbral 4.5:1 (texto normal, 16.0px); texto: ""Call recording policy""",modal cerrado
40,mundo,Manchester,https://www.manchester.ac.uk/,1.4.3,afw4f7,Text has minimum contrast,234,div.footer-cell > ul > li > a,si,cumple,7.26:1,,R02,2026-09-08,,"umbral 4.5:1 (texto normal, 16.0px); texto: ""Contact details""",modal cerrado
40,mundo,Manchester,https://www.manchester.ac.uk/,1.4.3,afw4f7,Text has minimum contrast,235,div.uom-wrapper > div.footer-row > div.footer-cell > h2,si,cumple,16.86:1,,R02,2026-09-08,,"umbral 4.5:1 (texto normal, 18.0px); texto: ""Find us""",modal cerrado
40,mundo,Manchester,https://www.manchester.ac.uk/,1.4.3,afw4f7,Text has minimum contrast,236,div.footer-row > div.footer-cell > address > a,si,cumple,7.26:1,,R02,2026-09-08,,"umbral 4.5:1 (texto normal, 16.0px); texto: ""The University of Manchester""",modal cerrado
40,mundo,Manchester,https://www.manchester.ac.uk/,1.4.3,afw4f7,Text has minimum contrast,237,div.uom-wrapper > div.footer-row > div.footer-cell > h2,si,cumple,16.86:1,,R02,2026-09-08,,"umbral 4.5:1 (texto normal, 18.0px); texto: ""Connect with us""",modal cerrado
40,mundo,Manchester,https://www.manchester.ac.uk/,1.4.3,afw4f7,Text has minimum contrast,238,div.footer-row > div.footer-cell > p.socialmediadirectory > a,si,cumple,7.26:1,,R02,2026-09-08,,"umbral 4.5:1 (texto normal, 16.0px); texto: ""Social media directory""",modal cerrado
40,mundo,Manchester,https://www.manchester.ac.uk/,1.4.3,afw4f7,Text has minimum contrast,239,div.footer-row > ul > li > a,si,cumple,7.26:1,,R02,2026-09-08,,"umbral 4.5:1 (texto normal, 14.0px); texto: ""Disclaimer""",modal cerrado
40,mundo,Manchester,https://www.manchester.ac.uk/,1.4.3,afw4f7,Text has minimum contrast,240,div.footer-row > ul > li > a,si,cumple,7.26:1,,R02,2026-09-08,,"umbral 4.5:1 (texto normal, 14.0px); texto: ""Data Protection""",modal cerrado
40,mundo,Manchester,https://www.manchester.ac.uk/,1.4.3,afw4f7,Text has minimum contrast,241,div.footer-row > ul > li > a,si,cumple,7.26:1,,R02,2026-09-08,,"umbral 4.5:1 (texto normal, 14.0px); texto: ""Copyright notice""",modal cerrado
40,mundo,Manchester,https://www.manchester.ac.uk/,1.4.3,afw4f7,Text has minimum contrast,242,div.footer-row > ul > li > a,si,cumple,7.26:1,,R02,2026-09-08,,"umbral 4.5:1 (texto normal, 14.0px); texto: ""Web accessibility""",modal cerrado
40,mundo,Manchester,https://www.manchester.ac.uk/,1.4.3,afw4f7,Text has minimum contrast,243,div.footer-row > ul > li > a,si,cumple,7.26:1,,R02,2026-09-08,,"umbral 4.5:1 (texto normal, 14.0px); texto: ""Freedom of information""",modal cerrado
40,mundo,Manchester,https://www.manchester.ac.uk/,1.4.3,afw4f7,Text has minimum contrast,244,div.footer-row > ul > li > a,si,cumple,7.26:1,,R02,2026-09-08,,"umbral 4.5:1 (texto normal, 14.0px); texto: ""Charitable status""",modal cerrado
40,mundo,Manchester,https://www.manchester.ac.uk/,1.4.3,afw4f7,Text has minimum contrast,245,div.footer-row > ul > li > span,si,cumple,7.26:1,,R02,2026-09-08,,"umbral 4.5:1 (texto normal, 14.0px); texto: ""Royal Charter Number: RC000797""",modal cerrado
40,mundo,Manchester,https://www.manchester.ac.uk/,1.1.1,e88epe,Image not in the accessibility tree is decorative,1,header.headerContainer > div.secondMenuBar > button.mobile-menu-icon > img,no,,,,R02,2026-09-08,,Fuera del arbol de accesibilidad: se trata como decorativa.,modal cerrado
40,mundo,Manchester,https://www.manchester.ac.uk/,1.1.1,23a2a8,Image has non-empty accessible name,2,#logo,si,cumple,,,R02,2026-09-08,,"nombre accesible: ""The University of Manchester home""",modal cerrado
40,mundo,Manchester,https://www.manchester.ac.uk/,1.1.1,qt1vmo,Image accessible name is descriptive,2,#logo,si,REVISAR,,,R02,2026-09-08,,"JUICIO HUMANO. ¿El nombre sirve un proposito equivalente al contenido no textual? nombre: ""The University of Manchester home"" | src: hester.ac.uk/corporate/images/design/logo-university-of-manchester.png",modal cerrado
40,mundo,Manchester,https://www.manchester.ac.uk/,1.1.1,23a2a8,Image has non-empty accessible name,3,div > div.menu-search-icons > button.search-icon > img,si,cumple,,,R02,2026-09-08,,Marcada como decorativa: alt vacio o rol none/presentation. La expectativa lo admite.,modal cerrado
40,mundo,Manchester,https://www.manchester.ac.uk/,1.1.1,e88epe,Image not in the accessibility tree is decorative,4,div > div.menu-search-icons > button.mobile-menu-icon > img,no,,,,R02,2026-09-08,,Fuera del arbol de accesibilidad: se trata como decorativa.,modal cerrado
40,mundo,Manchester,https://www.manchester.ac.uk/,1.1.1,e88epe,Image not in the accessibility tree is decorative,5,div > div.uom-co-hero > picture.uom-co-hero__media > img,no,,,,R02,2026-09-08,,Fuera del arbol de accesibilidad: se trata como decorativa.,modal cerrado
40,mundo,Manchester,https://www.manchester.ac.uk/,1.1.1,23a2a8,Image has non-empty accessible name,6,div.uom-l-stack > div.uom-c-button-group > a.uom-c-button > svg,si,falla,,,R02,2026-09-08,,Sin nombre accesible y sin rol none/presentation.,modal cerrado
40,mundo,Manchester,https://www.manchester.ac.uk/,1.1.1,e88epe,Image not in the accessibility tree is decorative,7,div.uom-wrapper > section.uom-l-split > picture.uom-u-rounded > img.uom-u-rounded,no,,,,R02,2026-09-08,,Fuera del arbol de accesibilidad: se trata como decorativa.,modal cerrado
40,mundo,Manchester,https://www.manchester.ac.uk/,1.1.1,e88epe,Image not in the accessibility tree is decorative,8,li > div.uom-c-quick-links--callout > a.uom-c-twi > svg,no,,,,R02,2026-09-08,,Fuera del arbol de accesibilidad: se trata como decorativa.,modal cerrado
40,mundo,Manchester,https://www.manchester.ac.uk/,1.1.1,e88epe,Image not in the accessibility tree is decorative,9,ul > li > a.uom-c-twi > svg,no,,,,R02,2026-09-08,,Fuera del arbol de accesibilidad: se trata como decorativa.,modal cerrado
40,mundo,Manchester,https://www.manchester.ac.uk/,1.1.1,e88epe,Image not in the accessibility tree is decorative,10,ul > li > a.uom-c-twi > svg,no,,,,R02,2026-09-08,,Fuera del arbol de accesibilidad: se trata como decorativa.,modal cerrado
40,mundo,Manchester,https://www.manchester.ac.uk/,1.1.1,e88epe,Image not in the accessibility tree is decorative,11,ul > li > a.uom-c-twi > svg,no,,,,R02,2026-09-08,,Fuera del arbol de accesibilidad: se trata como decorativa.,modal cerrado
40,mundo,Manchester,https://www.manchester.ac.uk/,1.1.1,e88epe,Image not in the accessibility tree is decorative,12,div.uom-l-stack > div.uom-c-social-icons > a.uom-c-social-icons__link > svg,no,,,,R02,2026-09-08,,Fuera del arbol de accesibilidad: se trata como decorativa.,modal cerrado
40,mundo,Manchester,https://www.manchester.ac.uk/,1.1.1,23a2a8,Image has non-empty accessible name,13,div.uom-l-stack > div.uom-c-social-icons > a.uom-c-social-icons__link > svg,si,falla,,,R02,2026-09-08,,Sin nombre accesible y sin rol none/presentation.,modal cerrado
40,mundo,Manchester,https://www.manchester.ac.uk/,1.1.1,23a2a8,Image has non-empty accessible name,14,div.uom-l-stack > div.uom-c-social-icons > a.uom-c-social-icons__link > svg,si,falla,,,R02,2026-09-08,,Sin nombre accesible y sin rol none/presentation.,modal cerrado
40,mundo,Manchester,https://www.manchester.ac.uk/,1.1.1,23a2a8,Image has non-empty accessible name,15,div.uom-l-stack > div.uom-c-social-icons > a.uom-c-social-icons__link > svg,si,falla,,,R02,2026-09-08,,Sin nombre accesible y sin rol none/presentation.,modal cerrado
40,mundo,Manchester,https://www.manchester.ac.uk/,1.1.1,e88epe,Image not in the accessibility tree is decorative,16,div.uom-l-sidebar > div.uom-l-stack > a.uom-c-button > svg,no,,,,R02,2026-09-08,,Fuera del arbol de accesibilidad: se trata como decorativa.,modal cerrado
40,mundo,Manchester,https://www.manchester.ac.uk/,1.1.1,23a2a8,Image has non-empty accessible name,17,section.uom-l-stack > div.uom-c-feature > picture.uom-c-picture > img.uom-c-feature__media,si,cumple,,,R02,2026-09-08,,"nombre accesible: ""People smiling at a University event.""",modal cerrado
40,mundo,Manchester,https://www.manchester.ac.uk/,1.1.1,qt1vmo,Image accessible name is descriptive,17,section.uom-l-stack > div.uom-c-feature > picture.uom-c-picture > img.uom-c-feature__media,si,REVISAR,,,R02,2026-09-08,,"JUICIO HUMANO. ¿El nombre sirve un proposito equivalente al contenido no textual? nombre: ""People smiling at a University event."" | src: https://www.manchester.ac.uk/Research-banner-small-800x571.jpg",modal cerrado
40,mundo,Manchester,https://www.manchester.ac.uk/,1.1.1,e88epe,Image not in the accessibility tree is decorative,18,div.uom-c-feature__content > div.uom-l-stack > a.uom-c-button > svg,no,,,,R02,2026-09-08,,Fuera del arbol de accesibilidad: se trata como decorativa.,modal cerrado
40,mundo,Manchester,https://www.manchester.ac.uk/,1.1.1,23a2a8,Image has non-empty accessible name,19,div.uom-l-stack > div.uom-l-reel-grid > a.uom-c-news-card > img.uom-c-news-card__image,si,cumple,,,R02,2026-09-08,,"nombre accesible: ""A student stood in John Rylands.""",modal cerrado
40,mundo,Manchester,https://www.manchester.ac.uk/,1.1.1,qt1vmo,Image accessible name is descriptive,19,div.uom-l-stack > div.uom-l-reel-grid > a.uom-c-news-card > img.uom-c-news-card__image,si,REVISAR,,,R02,2026-09-08,,"JUICIO HUMANO. ¿El nombre sirve un proposito equivalente al contenido no textual? nombre: ""A student stood in John Rylands."" | src: https://www.manchester.ac.uk/rylands_430x600.jpg",modal cerrado
40,mundo,Manchester,https://www.manchester.ac.uk/,1.1.1,23a2a8,Image has non-empty accessible name,20,div.uom-l-stack > div.uom-l-reel-grid > a.uom-c-news-card > img.uom-c-news-card__image,si,cumple,,,R02,2026-09-08,,"nombre accesible: ""A graphic reading '1st in the world'.""",modal cerrado
40,mundo,Manchester,https://www.manchester.ac.uk/,1.1.1,qt1vmo,Image accessible name is descriptive,20,div.uom-l-stack > div.uom-l-reel-grid > a.uom-c-news-card > img.uom-c-news-card__image,si,REVISAR,,,R02,2026-09-08,,"JUICIO HUMANO. ¿El nombre sirve un proposito equivalente al contenido no textual? nombre: ""A graphic reading '1st in the world'."" | src: https://www.manchester.ac.uk/THE-homepage-news-430x600.jpg",modal cerrado
40,mundo,Manchester,https://www.manchester.ac.uk/,1.1.1,23a2a8,Image has non-empty accessible name,21,div.uom-l-stack > div.uom-l-reel-grid > a.uom-c-news-card > img.uom-c-news-card__image,si,cumple,,,R02,2026-09-08,,"nombre accesible: ""People sat around a canal going through Manchester city centre.""",modal cerrado
40,mundo,Manchester,https://www.manchester.ac.uk/,1.1.1,qt1vmo,Image accessible name is descriptive,21,div.uom-l-stack > div.uom-l-reel-grid > a.uom-c-news-card > img.uom-c-news-card__image,si,REVISAR,,,R02,2026-09-08,,"JUICIO HUMANO. ¿El nombre sirve un proposito equivalente al contenido no textual? nombre: ""People sat around a canal going through Manchester city centre."" | src: https://www.manchester.ac.uk/Canal-430x600.jpg",modal cerrado
40,mundo,Manchester,https://www.manchester.ac.uk/,1.1.1,e88epe,Image not in the accessibility tree is decorative,22,div.uom-wrapper > div.uom-l-stack > a.uom-c-button > svg,no,,,,R02,2026-09-08,,Fuera del arbol de accesibilidad: se trata como decorativa.,modal cerrado
40,mundo,Manchester,https://www.manchester.ac.uk/,1.1.1,23a2a8,Image has non-empty accessible name,23,main.uom-wrapper > div.uom-l-stack > section.uom-co-campaign-banner > img,si,cumple,,,R02,2026-09-08,,"nombre accesible: ""Manchester graduate Ben""",modal cerrado
40,mundo,Manchester,https://www.manchester.ac.uk/,1.1.1,qt1vmo,Image accessible name is descriptive,23,main.uom-wrapper > div.uom-l-stack > section.uom-co-campaign-banner > img,si,REVISAR,,,R02,2026-09-08,,"JUICIO HUMANO. ¿El nombre sirve un proposito equivalente al contenido no textual? nombre: ""Manchester graduate Ben"" | src: www.manchester.ac.uk/Student-inclusion-and-success-graphic-680x393.jpg",modal cerrado
40,mundo,Manchester,https://www.manchester.ac.uk/,1.1.1,23a2a8,Image has non-empty accessible name,24,div.uom-l-stack > div.uom-l-stack > p.uom-c-eyebrow > img,si,cumple,,,R02,2026-09-08,,"nombre accesible: ""Challenge accepted""",modal cerrado
40,mundo,Manchester,https://www.manchester.ac.uk/,1.1.1,qt1vmo,Image accessible name is descriptive,24,div.uom-l-stack > div.uom-l-stack > p.uom-c-eyebrow > img,si,REVISAR,,,R02,2026-09-08,,"JUICIO HUMANO. ¿El nombre sirve un proposito equivalente al contenido no textual? nombre: ""Challenge accepted"" | src: ester.ac.uk/medialibrary/edewp/give/images/challenge-accepted-logo.png",modal cerrado
40,mundo,Manchester,https://www.manchester.ac.uk/,1.1.1,23a2a8,Image has non-empty accessible name,25,section.uom-co-campaign-banner > div.uom-l-stack > a.uom-c-button > svg,si,falla,,,R02,2026-09-08,,Sin nombre accesible y sin rol none/presentation.,modal cerrado
40,mundo,Manchester,https://www.manchester.ac.uk/,1.1.1,23a2a8,Image has non-empty accessible name,26,body.uom-home > main.uom-wrapper > picture > img,si,cumple,,,R02,2026-09-08,,"nombre accesible: ""Whitworth Building and Manchester Museum""",modal cerrado
40,mundo,Manchester,https://www.manchester.ac.uk/,1.1.1,qt1vmo,Image accessible name is descriptive,26,body.uom-home > main.uom-wrapper > picture > img,si,REVISAR,,,R02,2026-09-08,,"JUICIO HUMANO. ¿El nombre sirve un proposito equivalente al contenido no textual? nombre: ""Whitworth Building and Manchester Museum"" | src: https://www.manchester.ac.uk/uom-buildings-740.webp",modal cerrado
40,mundo,Manchester,https://www.manchester.ac.uk/,1.1.1,e88epe,Image not in the accessibility tree is decorative,27,figure.uom-c-key-fact > figcaption.uom-l-stack > a.uom-c-twi > svg,no,,,,R02,2026-09-08,,Fuera del arbol de accesibilidad: se trata como decorativa.,modal cerrado
40,mundo,Manchester,https://www.manchester.ac.uk/,1.1.1,e88epe,Image not in the accessibility tree is decorative,28,figure.uom-c-key-fact > figcaption.uom-l-stack > a.uom-c-twi > svg,no,,,,R02,2026-09-08,,Fuera del arbol de accesibilidad: se trata como decorativa.,modal cerrado
40,mundo,Manchester,https://www.manchester.ac.uk/,1.1.1,e88epe,Image not in the accessibility tree is decorative,29,figure.uom-c-key-fact > figcaption.uom-l-stack > a.uom-c-twi > svg,no,,,,R02,2026-09-08,,Fuera del arbol de accesibilidad: se trata como decorativa.,modal cerrado
40,mundo,Manchester,https://www.manchester.ac.uk/,1.1.1,e88epe,Image not in the accessibility tree is decorative,30,ul > li > a.uom-c-twi > svg,no,,,,R02,2026-09-08,,Fuera del arbol de accesibilidad: se trata como decorativa.,modal cerrado
40,mundo,Manchester,https://www.manchester.ac.uk/,1.1.1,e88epe,Image not in the accessibility tree is decorative,31,ul > li > a.uom-c-twi > svg,no,,,,R02,2026-09-08,,Fuera del arbol de accesibilidad: se trata como decorativa.,modal cerrado
40,mundo,Manchester,https://www.manchester.ac.uk/,1.1.1,e88epe,Image not in the accessibility tree is decorative,32,ul > li > a.uom-c-twi > svg,no,,,,R02,2026-09-08,,Fuera del arbol de accesibilidad: se trata como decorativa.,modal cerrado
40,mundo,Manchester,https://www.manchester.ac.uk/,1.1.1,e88epe,Image not in the accessibility tree is decorative,33,ul > li > a.uom-c-twi > svg,no,,,,R02,2026-09-08,,Fuera del arbol de accesibilidad: se trata como decorativa.,modal cerrado
40,mundo,Manchester,https://www.manchester.ac.uk/,1.1.1,e88epe,Image not in the accessibility tree is decorative,34,ul > li > a.uom-c-twi > svg,no,,,,R02,2026-09-08,,Fuera del arbol de accesibilidad: se trata como decorativa.,modal cerrado
40,mundo,Manchester,https://www.manchester.ac.uk/,1.1.1,e88epe,Image not in the accessibility tree is decorative,35,ul > li > a.uom-c-twi > svg,no,,,,R02,2026-09-08,,Fuera del arbol de accesibilidad: se trata como decorativa.,modal cerrado
40,mundo,Manchester,https://www.manchester.ac.uk/,1.1.1,23a2a8,Image has non-empty accessible name,36,ul > li > a.socialMediaLinks > img,si,cumple,,,R02,2026-09-08,,"nombre accesible: ""LinkedIn page for The University of Manchester""",modal cerrado
40,mundo,Manchester,https://www.manchester.ac.uk/,1.1.1,qt1vmo,Image accessible name is descriptive,36,ul > li > a.socialMediaLinks > img,si,REVISAR,,,R02,2026-09-08,,"JUICIO HUMANO. ¿El nombre sirve un proposito equivalente al contenido no textual? nombre: ""LinkedIn page for The University of Manchester"" | src: hester.ac.uk/shared/images/design/social-media-icons/icon-linkedin.svg",modal cerrado
40,mundo,Manchester,https://www.manchester.ac.uk/,1.1.1,23a2a8,Image has non-empty accessible name,37,ul > li > a.socialMediaLinks > img,si,cumple,,,R02,2026-09-08,,"nombre accesible: ""Instagram page for The University of Manchester""",modal cerrado
40,mundo,Manchester,https://www.manchester.ac.uk/,1.1.1,qt1vmo,Image accessible name is descriptive,37,ul > li > a.socialMediaLinks > img,si,REVISAR,,,R02,2026-09-08,,"JUICIO HUMANO. ¿El nombre sirve un proposito equivalente al contenido no textual? nombre: ""Instagram page for The University of Manchester"" | src: er.ac.uk/shared/images/design/social-media-icons/icon-instagram-50.svg",modal cerrado
40,mundo,Manchester,https://www.manchester.ac.uk/,1.1.1,23a2a8,Image has non-empty accessible name,38,ul > li > a.socialMediaLinks > img,si,cumple,,,R02,2026-09-08,,"nombre accesible: ""YouTube page for The University of Manchester""",modal cerrado
40,mundo,Manchester,https://www.manchester.ac.uk/,1.1.1,qt1vmo,Image accessible name is descriptive,38,ul > li > a.socialMediaLinks > img,si,REVISAR,,,R02,2026-09-08,,"JUICIO HUMANO. ¿El nombre sirve un proposito equivalente al contenido no textual? nombre: ""YouTube page for The University of Manchester"" | src: ster.ac.uk/shared/images/design/social-media-icons/icon-youtube-50.png",modal cerrado
40,mundo,Manchester,https://www.manchester.ac.uk/,1.1.1,23a2a8,Image has non-empty accessible name,39,ul > li > a.socialMediaLinks > img,si,cumple,,,R02,2026-09-08,,"nombre accesible: ""TikTok page for The University of Manchester""",modal cerrado
40,mundo,Manchester,https://www.manchester.ac.uk/,1.1.1,qt1vmo,Image accessible name is descriptive,39,ul > li > a.socialMediaLinks > img,si,REVISAR,,,R02,2026-09-08,,"JUICIO HUMANO. ¿El nombre sirve un proposito equivalente al contenido no textual? nombre: ""TikTok page for The University of Manchester"" | src: nchester.ac.uk/shared/images/design/social-media-icons/icon-tiktok.svg",modal cerrado
40,mundo,Manchester,https://www.manchester.ac.uk/,1.1.1,23a2a8,Image has non-empty accessible name,40,ul > li > a.socialMediaLinks > img,si,cumple,,,R02,2026-09-08,,"nombre accesible: ""Facebook page for The University of Manchester""",modal cerrado
40,mundo,Manchester,https://www.manchester.ac.uk/,1.1.1,qt1vmo,Image accessible name is descriptive,40,ul > li > a.socialMediaLinks > img,si,REVISAR,,,R02,2026-09-08,,"JUICIO HUMANO. ¿El nombre sirve un proposito equivalente al contenido no textual? nombre: ""Facebook page for The University of Manchester"" | src: ter.ac.uk/shared/images/design/social-media-icons/icon-facebook-50.png",modal cerrado
40,mundo,Manchester,https://www.manchester.ac.uk/,1.1.1,23a2a8,Image has non-empty accessible name,41,ul > li > a.socialMediaLinks > img,si,cumple,,,R02,2026-09-08,,"nombre accesible: ""Bluesky page for The University of Manchester""",modal cerrado
40,mundo,Manchester,https://www.manchester.ac.uk/,1.1.1,qt1vmo,Image accessible name is descriptive,41,ul > li > a.socialMediaLinks > img,si,REVISAR,,,R02,2026-09-08,,"JUICIO HUMANO. ¿El nombre sirve un proposito equivalente al contenido no textual? nombre: ""Bluesky page for The University of Manchester"" | src: ster.ac.uk/shared/images/design/social-media-icons/icon-bluesky-50.png",modal cerrado
40,mundo,Manchester,https://www.manchester.ac.uk/,1.1.1,e88epe,Image not in the accessibility tree is decorative,42,html.csscolumns > body.uom-home > div > img.optanon-category-C0004,no,,,,R02,2026-09-08,,Fuera del arbol de accesibilidad: se trata como decorativa.,modal cerrado
40,mundo,Manchester,https://www.manchester.ac.uk/,1.1.1,e88epe,Image not in the accessibility tree is decorative,43,#batBeacon995781081028,no,,,,R02,2026-09-08,,Fuera del arbol de accesibilidad: se trata como decorativa.,modal cerrado
40,mundo,Manchester,https://www.manchester.ac.uk/,2.4.4,c487ae,Link has non-empty accessible name,1,body.uom-home > header.headerContainer > div > a.screenreader,si,cumple,,,R02,2026-09-08,,"nombre: ""Skip to navigation""",modal cerrado
40,mundo,Manchester,https://www.manchester.ac.uk/,2.4.4,5effbb,Link in context is descriptive,1,body.uom-home > header.headerContainer > div > a.screenreader,si,REVISAR,,SIN CONTEXTO PROGRAMATICO,R02,2026-09-08,,"JUICIO HUMANO. ¿Nombre + contexto describen el proposito? nombre: ""Skip to navigation"" | href: #navigation | AVISO: no hay parrafo, elemento de lista ni celda que lo contenga. Un div o article envolvente NO es contexto programatico.",modal cerrado
40,mundo,Manchester,https://www.manchester.ac.uk/,2.4.4,c487ae,Link has non-empty accessible name,2,body.uom-home > header.headerContainer > div > a.screenreader,si,cumple,,,R02,2026-09-08,,"nombre: ""Skip to main content""",modal cerrado
40,mundo,Manchester,https://www.manchester.ac.uk/,2.4.4,5effbb,Link in context is descriptive,2,body.uom-home > header.headerContainer > div > a.screenreader,si,REVISAR,,SIN CONTEXTO PROGRAMATICO,R02,2026-09-08,,"JUICIO HUMANO. ¿Nombre + contexto describen el proposito? nombre: ""Skip to main content"" | href: #content | AVISO: no hay parrafo, elemento de lista ni celda que lo contenga. Un div o article envolvente NO es contexto programatico.",modal cerrado
40,mundo,Manchester,https://www.manchester.ac.uk/,2.4.4,c487ae,Link has non-empty accessible name,3,body.uom-home > header.headerContainer > div > a.screenreader,si,cumple,,,R02,2026-09-08,,"nombre: ""Skip to footer""",modal cerrado
40,mundo,Manchester,https://www.manchester.ac.uk/,2.4.4,5effbb,Link in context is descriptive,3,body.uom-home > header.headerContainer > div > a.screenreader,si,REVISAR,,SIN CONTEXTO PROGRAMATICO,R02,2026-09-08,,"JUICIO HUMANO. ¿Nombre + contexto describen el proposito? nombre: ""Skip to footer"" | href: #footer | AVISO: no hay parrafo, elemento de lista ni celda que lo contenga. Un div o article envolvente NO es contexto programatico.",modal cerrado
40,mundo,Manchester,https://www.manchester.ac.uk/,2.4.4,c487ae,Link has non-empty accessible name,4,#logolink,si,falla,,,R02,2026-09-08,,href: /,modal cerrado
40,mundo,Manchester,https://www.manchester.ac.uk/,2.4.4,c487ae,Link has non-empty accessible name,5,nav.primaryNav > ul.megaMenu > li.menuItem > a.home,si,cumple,,,R02,2026-09-08,,"nombre: ""Home""",modal cerrado
40,mundo,Manchester,https://www.manchester.ac.uk/,2.4.4,5effbb,Link in context is descriptive,5,nav.primaryNav > ul.megaMenu > li.menuItem > a.home,si,REVISAR,,Home,R02,2026-09-08,,"JUICIO HUMANO. ¿Nombre + contexto describen el proposito? nombre: ""Home"" | href: /",modal cerrado
40,mundo,Manchester,https://www.manchester.ac.uk/,2.4.4,c487ae,Link has non-empty accessible name,6,#megaLink-study,si,cumple,,,R02,2026-09-08,,"nombre: ""Study""",modal cerrado
40,mundo,Manchester,https://www.manchester.ac.uk/,2.4.4,5effbb,Link in context is descriptive,6,#megaLink-study,si,REVISAR,,Study Undergraduate Undergraduate Courses Prospectus (undergraduate) Applying (undergraduate) Offer-holders Fees and funding (undergraduate) Widening participat,R02,2026-09-08,,"JUICIO HUMANO. ¿Nombre + contexto describen el proposito? nombre: ""Study"" | href: /study/",modal cerrado
40,mundo,Manchester,https://www.manchester.ac.uk/,2.4.4,c487ae,Link has non-empty accessible name,7,#megaLink-research,si,cumple,,,R02,2026-09-08,,"nombre: ""Research""",modal cerrado
40,mundo,Manchester,https://www.manchester.ac.uk/,2.4.4,5effbb,Link in context is descriptive,7,#megaLink-research,si,REVISAR,,Research Research highlights Advanced materials – research highlights Biotechnology – research highlights Cancer – research highlights Energy – research highlig,R02,2026-09-08,,"JUICIO HUMANO. ¿Nombre + contexto describen el proposito? nombre: ""Research"" | href: /research/",modal cerrado
40,mundo,Manchester,https://www.manchester.ac.uk/,2.4.4,c487ae,Link has non-empty accessible name,8,#megaLink-collaborate,si,cumple,,,R02,2026-09-08,,"nombre: ""Collaborate""",modal cerrado
40,mundo,Manchester,https://www.manchester.ac.uk/,2.4.4,5effbb,Link in context is descriptive,8,#megaLink-collaborate,si,REVISAR,,Collaborate Business engagement and knowledge exchange Innovation Factory Policy Innovation Festival Make a donation Inspiring local communities Global influenc,R02,2026-09-08,,"JUICIO HUMANO. ¿Nombre + contexto describen el proposito? nombre: ""Collaborate"" | href: /collaborate/",modal cerrado
40,mundo,Manchester,https://www.manchester.ac.uk/,2.4.4,c487ae,Link has non-empty accessible name,9,#megaLink-about,si,cumple,,,R02,2026-09-08,,"nombre: ""About The University of Manchester""",modal cerrado
40,mundo,Manchester,https://www.manchester.ac.uk/,2.4.4,5effbb,Link in context is descriptive,9,#megaLink-about,si,REVISAR,,About Our story Strategy to 2035 University structure People Key dates Rankings Our campus Maps and travel Open to the public (visitor attractions) Facilities C,R02,2026-09-08,,"JUICIO HUMANO. ¿Nombre + contexto describen el proposito? nombre: ""About The University of Manchester"" | href: /about/",modal cerrado
40,mundo,Manchester,https://www.manchester.ac.uk/,2.4.4,c487ae,Link has non-empty accessible name,10,#megaLink-connect,si,cumple,,,R02,2026-09-08,,"nombre: ""Connect""",modal cerrado
40,mundo,Manchester,https://www.manchester.ac.uk/,2.4.4,5effbb,Link in context is descriptive,10,#megaLink-connect,si,REVISAR,,Connect Jobs Alumni Teachers and careers advisers Social media Contact us,R02,2026-09-08,,"JUICIO HUMANO. ¿Nombre + contexto describen el proposito? nombre: ""Connect"" | href: /connect/",modal cerrado
40,mundo,Manchester,https://www.manchester.ac.uk/,2.4.4,c487ae,Link has non-empty accessible name,11,#megaLink-give,si,cumple,,,R02,2026-09-08,,"nombre: ""Give""",modal cerrado
40,mundo,Manchester,https://www.manchester.ac.uk/,2.4.4,5effbb,Link in context is descriptive,11,#megaLink-give,si,REVISAR,,Give,R02,2026-09-08,,"JUICIO HUMANO. ¿Nombre + contexto describen el proposito? nombre: ""Give"" | href: /give/",modal cerrado
40,mundo,Manchester,https://www.manchester.ac.uk/,2.4.4,c487ae,Link has non-empty accessible name,12,nav.initial > ul > li.sectionHeader > a,si,cumple,,,R02,2026-09-08,,"nombre: ""Home""",modal cerrado
40,mundo,Manchester,https://www.manchester.ac.uk/,2.4.4,5effbb,Link in context is descriptive,12,nav.initial > ul > li.sectionHeader > a,si,REVISAR,,Home Study Research Collaborate About Connect,R02,2026-09-08,,"JUICIO HUMANO. ¿Nombre + contexto describen el proposito? nombre: ""Home"" | href: /",modal cerrado
40,mundo,Manchester,https://www.manchester.ac.uk/,2.4.4,c487ae,Link has non-empty accessible name,13,li.sectionHeader > ul.sectionMenu > li > a,si,cumple,,,R02,2026-09-08,,"nombre: ""Study""",modal cerrado
40,mundo,Manchester,https://www.manchester.ac.uk/,2.4.4,5effbb,Link in context is descriptive,13,li.sectionHeader > ul.sectionMenu > li > a,si,REVISAR,,Study,R02,2026-09-08,,"JUICIO HUMANO. ¿Nombre + contexto describen el proposito? nombre: ""Study"" | href: /study/",modal cerrado
40,mundo,Manchester,https://www.manchester.ac.uk/,2.4.4,c487ae,Link has non-empty accessible name,14,li.sectionHeader > ul.sectionMenu > li > a,si,cumple,,,R02,2026-09-08,,"nombre: ""Research""",modal cerrado
40,mundo,Manchester,https://www.manchester.ac.uk/,2.4.4,5effbb,Link in context is descriptive,14,li.sectionHeader > ul.sectionMenu > li > a,si,REVISAR,,Research,R02,2026-09-08,,"JUICIO HUMANO. ¿Nombre + contexto describen el proposito? nombre: ""Research"" | href: /research/",modal cerrado
40,mundo,Manchester,https://www.manchester.ac.uk/,2.4.4,c487ae,Link has non-empty accessible name,15,li.sectionHeader > ul.sectionMenu > li > a,si,cumple,,,R02,2026-09-08,,"nombre: ""Collaborate""",modal cerrado
40,mundo,Manchester,https://www.manchester.ac.uk/,2.4.4,5effbb,Link in context is descriptive,15,li.sectionHeader > ul.sectionMenu > li > a,si,REVISAR,,Collaborate,R02,2026-09-08,,"JUICIO HUMANO. ¿Nombre + contexto describen el proposito? nombre: ""Collaborate"" | href: /collaborate/",modal cerrado
40,mundo,Manchester,https://www.manchester.ac.uk/,2.4.4,c487ae,Link has non-empty accessible name,16,li.sectionHeader > ul.sectionMenu > li > a,si,cumple,,,R02,2026-09-08,,"nombre: ""About""",modal cerrado
40,mundo,Manchester,https://www.manchester.ac.uk/,2.4.4,5effbb,Link in context is descriptive,16,li.sectionHeader > ul.sectionMenu > li > a,si,REVISAR,,About,R02,2026-09-08,,"JUICIO HUMANO. ¿Nombre + contexto describen el proposito? nombre: ""About"" | href: /about/",modal cerrado
40,mundo,Manchester,https://www.manchester.ac.uk/,2.4.4,c487ae,Link has non-empty accessible name,17,li.sectionHeader > ul.sectionMenu > li > a,si,cumple,,,R02,2026-09-08,,"nombre: ""Connect""",modal cerrado
40,mundo,Manchester,https://www.manchester.ac.uk/,2.4.4,5effbb,Link in context is descriptive,17,li.sectionHeader > ul.sectionMenu > li > a,si,REVISAR,,Connect,R02,2026-09-08,,"JUICIO HUMANO. ¿Nombre + contexto describen el proposito? nombre: ""Connect"" | href: /connect/",modal cerrado
40,mundo,Manchester,https://www.manchester.ac.uk/,2.4.4,c487ae,Link has non-empty accessible name,18,div.uom-co-hero__content > div.uom-l-stack > div.uom-c-button-group > a.uom-c-button,si,cumple,,,R02,2026-09-08,,"nombre: ""Find out what to expect""",modal cerrado
40,mundo,Manchester,https://www.manchester.ac.uk/,2.4.4,5effbb,Link in context is descriptive,18,div.uom-co-hero__content > div.uom-l-stack > div.uom-c-button-group > a.uom-c-button,si,REVISAR,,SIN CONTEXTO PROGRAMATICO,R02,2026-09-08,,"JUICIO HUMANO. ¿Nombre + contexto describen el proposito? nombre: ""Find out what to expect"" | href: https://www.welcome.manchester.ac.uk/welcome-and-induction/ | AVISO: no hay parrafo, elemento de lista ni celda que lo contenga. Un div o article envolvente NO es contexto programatico.",modal cerrado
40,mundo,Manchester,https://www.manchester.ac.uk/,2.4.4,c487ae,Link has non-empty accessible name,19,ul > li > div.uom-c-quick-links--callout > a.uom-c-twi,si,cumple,,,R02,2026-09-08,,"nombre: ""Register now""",modal cerrado
40,mundo,Manchester,https://www.manchester.ac.uk/,2.4.4,5effbb,Link in context is descriptive,19,ul > li > div.uom-c-quick-links--callout > a.uom-c-twi,si,REVISAR,,Undergraduate open days | 3 and 10 October Get a feel for campus and join information sessions on your chosen subjects at our in-person open days. Register now,R02,2026-09-08,,"JUICIO HUMANO. ¿Nombre + contexto describen el proposito? nombre: ""Register now"" | href: /study/undergraduate/open-days-visits/open-days/",modal cerrado
40,mundo,Manchester,https://www.manchester.ac.uk/,2.4.4,c487ae,Link has non-empty accessible name,20,div.uom-c-quick-links > ul > li > a.uom-c-twi,si,cumple,,,R02,2026-09-08,,"nombre: ""Undergraduate study""",modal cerrado
40,mundo,Manchester,https://www.manchester.ac.uk/,2.4.4,5effbb,Link in context is descriptive,20,div.uom-c-quick-links > ul > li > a.uom-c-twi,si,REVISAR,,Undergraduate study,R02,2026-09-08,,"JUICIO HUMANO. ¿Nombre + contexto describen el proposito? nombre: ""Undergraduate study"" | href: /study/undergraduate/",modal cerrado
40,mundo,Manchester,https://www.manchester.ac.uk/,2.4.4,c487ae,Link has non-empty accessible name,21,div.uom-c-quick-links > ul > li > a.uom-c-twi,si,cumple,,,R02,2026-09-08,,"nombre: ""Master's study""",modal cerrado
40,mundo,Manchester,https://www.manchester.ac.uk/,2.4.4,5effbb,Link in context is descriptive,21,div.uom-c-quick-links > ul > li > a.uom-c-twi,si,REVISAR,,Master's study,R02,2026-09-08,,"JUICIO HUMANO. ¿Nombre + contexto describen el proposito? nombre: ""Master's study"" | href: /study/masters/",modal cerrado
40,mundo,Manchester,https://www.manchester.ac.uk/,2.4.4,c487ae,Link has non-empty accessible name,22,div.uom-c-quick-links > ul > li > a.uom-c-twi,si,cumple,,,R02,2026-09-08,,"nombre: ""International study""",modal cerrado
40,mundo,Manchester,https://www.manchester.ac.uk/,2.4.4,5effbb,Link in context is descriptive,22,div.uom-c-quick-links > ul > li > a.uom-c-twi,si,REVISAR,,International study,R02,2026-09-08,,"JUICIO HUMANO. ¿Nombre + contexto describen el proposito? nombre: ""International study"" | href: /study/international/",modal cerrado
40,mundo,Manchester,https://www.manchester.ac.uk/,2.4.4,c487ae,Link has non-empty accessible name,23,div.uom-l-sidebar > div.uom-l-stack > div.uom-c-social-icons > a.uom-c-social-icons__link,si,cumple,,,R02,2026-09-08,,"nombre: ""Instagram""",modal cerrado
40,mundo,Manchester,https://www.manchester.ac.uk/,2.4.4,5effbb,Link in context is descriptive,23,div.uom-l-sidebar > div.uom-l-stack > div.uom-c-social-icons > a.uom-c-social-icons__link,si,REVISAR,,SIN CONTEXTO PROGRAMATICO,R02,2026-09-08,,"JUICIO HUMANO. ¿Nombre + contexto describen el proposito? nombre: ""Instagram"" | href: https://instagram.com/officialuom/ | AVISO: no hay parrafo, elemento de lista ni celda que lo contenga. Un div o article envolvente NO es contexto programatico.",modal cerrado
40,mundo,Manchester,https://www.manchester.ac.uk/,2.4.4,c487ae,Link has non-empty accessible name,24,div.uom-l-sidebar > div.uom-l-stack > div.uom-c-social-icons > a.uom-c-social-icons__link,si,cumple,,,R02,2026-09-08,,"nombre: ""TikTok""",modal cerrado
40,mundo,Manchester,https://www.manchester.ac.uk/,2.4.4,5effbb,Link in context is descriptive,24,div.uom-l-sidebar > div.uom-l-stack > div.uom-c-social-icons > a.uom-c-social-icons__link,si,REVISAR,,SIN CONTEXTO PROGRAMATICO,R02,2026-09-08,,"JUICIO HUMANO. ¿Nombre + contexto describen el proposito? nombre: ""TikTok"" | href: https://www.tiktok.com/@officialuom/ | AVISO: no hay parrafo, elemento de lista ni celda que lo contenga. Un div o article envolvente NO es contexto programatico.",modal cerrado
40,mundo,Manchester,https://www.manchester.ac.uk/,2.4.4,c487ae,Link has non-empty accessible name,25,div.uom-l-sidebar > div.uom-l-stack > div.uom-c-social-icons > a.uom-c-social-icons__link,si,cumple,,,R02,2026-09-08,,"nombre: ""LinkedIn""",modal cerrado
40,mundo,Manchester,https://www.manchester.ac.uk/,2.4.4,5effbb,Link in context is descriptive,25,div.uom-l-sidebar > div.uom-l-stack > div.uom-c-social-icons > a.uom-c-social-icons__link,si,REVISAR,,SIN CONTEXTO PROGRAMATICO,R02,2026-09-08,,"JUICIO HUMANO. ¿Nombre + contexto describen el proposito? nombre: ""LinkedIn"" | href: https://www.linkedin.com/school/university-of-manchester/ | AVISO: no hay parrafo, elemento de lista ni celda que lo contenga. Un div o article envolvente NO es contexto programatico.",modal cerrado
40,mundo,Manchester,https://www.manchester.ac.uk/,2.4.4,c487ae,Link has non-empty accessible name,26,div.uom-l-sidebar > div.uom-l-stack > div.uom-c-social-icons > a.uom-c-social-icons__link,si,cumple,,,R02,2026-09-08,,"nombre: ""YouTube""",modal cerrado
40,mundo,Manchester,https://www.manchester.ac.uk/,2.4.4,5effbb,Link in context is descriptive,26,div.uom-l-sidebar > div.uom-l-stack > div.uom-c-social-icons > a.uom-c-social-icons__link,si,REVISAR,,SIN CONTEXTO PROGRAMATICO,R02,2026-09-08,,"JUICIO HUMANO. ¿Nombre + contexto describen el proposito? nombre: ""YouTube"" | href: https://www.youtube.com/universitymanchester | AVISO: no hay parrafo, elemento de lista ni celda que lo contenga. Un div o article envolvente NO es contexto programatico.",modal cerrado
40,mundo,Manchester,https://www.manchester.ac.uk/,2.4.4,c487ae,Link has non-empty accessible name,27,section > div.uom-l-sidebar > div.uom-l-stack > a.uom-c-button,si,cumple,,,R02,2026-09-08,,"nombre: ""Explore student life""",modal cerrado
40,mundo,Manchester,https://www.manchester.ac.uk/,2.4.4,5effbb,Link in context is descriptive,27,section > div.uom-l-sidebar > div.uom-l-stack > a.uom-c-button,si,REVISAR,,SIN CONTEXTO PROGRAMATICO,R02,2026-09-08,,"JUICIO HUMANO. ¿Nombre + contexto describen el proposito? nombre: ""Explore student life"" | href: /study/student-life/ | AVISO: no hay parrafo, elemento de lista ni celda que lo contenga. Un div o article envolvente NO es contexto programatico.",modal cerrado
40,mundo,Manchester,https://www.manchester.ac.uk/,2.4.4,c487ae,Link has non-empty accessible name,28,div.uom-c-feature__content > div.uom-l-stack > div.uom-l-stack > a.uom-c-feature__heading,si,cumple,,,R02,2026-09-08,,"nombre: ""Innovation Festival 2026""",modal cerrado
40,mundo,Manchester,https://www.manchester.ac.uk/,2.4.4,5effbb,Link in context is descriptive,28,div.uom-c-feature__content > div.uom-l-stack > div.uom-l-stack > a.uom-c-feature__heading,si,REVISAR,,SIN CONTEXTO PROGRAMATICO,R02,2026-09-08,,"JUICIO HUMANO. ¿Nombre + contexto describen el proposito? nombre: ""Innovation Festival 2026"" | href: https://www.manchester.ac.uk/collaborate/innovation-festival | AVISO: no hay parrafo, elemento de lista ni celda que lo contenga. Un div o article envolvente NO es contexto programatico.",modal cerrado
40,mundo,Manchester,https://www.manchester.ac.uk/,2.4.4,c487ae,Link has non-empty accessible name,29,div.uom-wrapper > div.uom-c-feature__content > div.uom-l-stack > a.uom-c-button,si,cumple,,,R02,2026-09-08,,"nombre: ""Search events and book your place""",modal cerrado
40,mundo,Manchester,https://www.manchester.ac.uk/,2.4.4,5effbb,Link in context is descriptive,29,div.uom-wrapper > div.uom-c-feature__content > div.uom-l-stack > a.uom-c-button,si,REVISAR,,SIN CONTEXTO PROGRAMATICO,R02,2026-09-08,,"JUICIO HUMANO. ¿Nombre + contexto describen el proposito? nombre: ""Search events and book your place"" | href: /collaborate/innovation-festival/events/ | AVISO: no hay parrafo, elemento de lista ni celda que lo contenga. Un div o article envolvente NO es contexto programatico.",modal cerrado
40,mundo,Manchester,https://www.manchester.ac.uk/,2.4.4,c487ae,Link has non-empty accessible name,30,div.uom-wrapper > div.uom-l-stack > div.uom-l-reel-grid > a.uom-c-news-card,si,cumple,,,R02,2026-09-08,,"nombre: ""Graduate employability The UK's top choice for employers""",modal cerrado
40,mundo,Manchester,https://www.manchester.ac.uk/,2.4.4,5effbb,Link in context is descriptive,30,div.uom-wrapper > div.uom-l-stack > div.uom-l-reel-grid > a.uom-c-news-card,si,REVISAR,,SIN CONTEXTO PROGRAMATICO,R02,2026-09-08,,"JUICIO HUMANO. ¿Nombre + contexto describen el proposito? nombre: ""Graduate employability The UK's top choice for employers"" | href: https://www.manchester.ac.uk/about/news/university-of-manche | AVISO: no hay parrafo, elemento de lista ni celda que lo contenga. Un div o article envolvente NO es contexto programatico.",modal cerrado
40,mundo,Manchester,https://www.manchester.ac.uk/,2.4.4,c487ae,Link has non-empty accessible name,31,div.uom-wrapper > div.uom-l-stack > div.uom-l-reel-grid > a.uom-c-news-card,si,cumple,,,R02,2026-09-08,,"nombre: ""Social and environmental impact We’re number one in the world""",modal cerrado
40,mundo,Manchester,https://www.manchester.ac.uk/,2.4.4,5effbb,Link in context is descriptive,31,div.uom-wrapper > div.uom-l-stack > div.uom-l-reel-grid > a.uom-c-news-card,si,REVISAR,,SIN CONTEXTO PROGRAMATICO,R02,2026-09-08,,"JUICIO HUMANO. ¿Nombre + contexto describen el proposito? nombre: ""Social and environmental impact We’re number one in the world"" | href: https://www.manchester.ac.uk/about/news/university-of-manche | AVISO: no hay parrafo, elemento de lista ni celda que lo contenga. Un div o article envolvente NO es contexto programatico.",modal cerrado
40,mundo,Manchester,https://www.manchester.ac.uk/,2.4.4,c487ae,Link has non-empty accessible name,32,div.uom-wrapper > div.uom-l-stack > div.uom-l-reel-grid > a.uom-c-news-card,si,cumple,,,R02,2026-09-08,,"nombre: ""Research How canals could help cool our cities""",modal cerrado
40,mundo,Manchester,https://www.manchester.ac.uk/,2.4.4,5effbb,Link in context is descriptive,32,div.uom-wrapper > div.uom-l-stack > div.uom-l-reel-grid > a.uom-c-news-card,si,REVISAR,,SIN CONTEXTO PROGRAMATICO,R02,2026-09-08,,"JUICIO HUMANO. ¿Nombre + contexto describen el proposito? nombre: ""Research How canals could help cool our cities"" | href: https://www.manchester.ac.uk/about/news/urban-canals-can-cut | AVISO: no hay parrafo, elemento de lista ni celda que lo contenga. Un div o article envolvente NO es contexto programatico.",modal cerrado
40,mundo,Manchester,https://www.manchester.ac.uk/,2.4.4,c487ae,Link has non-empty accessible name,33,section.uom-l-stack > div.uom-wrapper > div.uom-l-stack > a.uom-c-button,si,cumple,,,R02,2026-09-08,,"nombre: ""Latest news""",modal cerrado
40,mundo,Manchester,https://www.manchester.ac.uk/,2.4.4,5effbb,Link in context is descriptive,33,section.uom-l-stack > div.uom-wrapper > div.uom-l-stack > a.uom-c-button,si,REVISAR,,SIN CONTEXTO PROGRAMATICO,R02,2026-09-08,,"JUICIO HUMANO. ¿Nombre + contexto describen el proposito? nombre: ""Latest news"" | href: https://www.manchester.ac.uk/about/news/ | AVISO: no hay parrafo, elemento de lista ni celda que lo contenga. Un div o article envolvente NO es contexto programatico.",modal cerrado
40,mundo,Manchester,https://www.manchester.ac.uk/,2.4.4,c487ae,Link has non-empty accessible name,34,div.uom-l-stack > div.uom-l-stack > h2 > a,si,cumple,,,R02,2026-09-08,,"nombre: ""Student inclusion and success""",modal cerrado
40,mundo,Manchester,https://www.manchester.ac.uk/,2.4.4,5effbb,Link in context is descriptive,34,div.uom-l-stack > div.uom-l-stack > h2 > a,si,REVISAR,,SIN CONTEXTO PROGRAMATICO,R02,2026-09-08,,"JUICIO HUMANO. ¿Nombre + contexto describen el proposito? nombre: ""Student inclusion and success"" | href: /give/student-inclusion-and-success/unlocking-fair-chances-f | AVISO: no hay parrafo, elemento de lista ni celda que lo contenga. Un div o article envolvente NO es contexto programatico.",modal cerrado
40,mundo,Manchester,https://www.manchester.ac.uk/,2.4.4,c487ae,Link has non-empty accessible name,35,div.uom-l-stack > section.uom-co-campaign-banner > div.uom-l-stack > a.uom-c-button,si,cumple,,,R02,2026-09-08,,"nombre: ""Shape what's next""",modal cerrado
40,mundo,Manchester,https://www.manchester.ac.uk/,2.4.4,5effbb,Link in context is descriptive,35,div.uom-l-stack > section.uom-co-campaign-banner > div.uom-l-stack > a.uom-c-button,si,REVISAR,,SIN CONTEXTO PROGRAMATICO,R02,2026-09-08,,"JUICIO HUMANO. ¿Nombre + contexto describen el proposito? nombre: ""Shape what's next"" | href: /give/ | AVISO: no hay parrafo, elemento de lista ni celda que lo contenga. Un div o article envolvente NO es contexto programatico.",modal cerrado
40,mundo,Manchester,https://www.manchester.ac.uk/,2.4.4,c487ae,Link has non-empty accessible name,36,div.uom-l-grid > figure.uom-c-key-fact > figcaption.uom-l-stack > a.uom-c-twi,si,cumple,,,R02,2026-09-08,,"nombre: ""Our rankings""",modal cerrado
40,mundo,Manchester,https://www.manchester.ac.uk/,2.4.4,5effbb,Link in context is descriptive,36,div.uom-l-grid > figure.uom-c-key-fact > figcaption.uom-l-stack > a.uom-c-twi,si,REVISAR,,Ranked 40th best university in the world QS World University Rankings 2027 Our rankings,R02,2026-09-08,,"JUICIO HUMANO. ¿Nombre + contexto describen el proposito? nombre: ""Our rankings"" | href: /about/rankings/",modal cerrado
40,mundo,Manchester,https://www.manchester.ac.uk/,2.4.4,c487ae,Link has non-empty accessible name,37,div.uom-l-grid > figure.uom-c-key-fact > figcaption.uom-l-stack > a.uom-c-twi,si,cumple,,,R02,2026-09-08,,"nombre: ""Our impact""",modal cerrado
40,mundo,Manchester,https://www.manchester.ac.uk/,2.4.4,5effbb,Link in context is descriptive,37,div.uom-l-grid > figure.uom-c-key-fact > figcaption.uom-l-stack > a.uom-c-twi,si,REVISAR,,First in the world for social and environmental impact THE Sustainability Impact Ratings 2026 Our impact,R02,2026-09-08,,"JUICIO HUMANO. ¿Nombre + contexto describen el proposito? nombre: ""Our impact"" | href: /about/social-responsibility/sdgs/",modal cerrado
40,mundo,Manchester,https://www.manchester.ac.uk/,2.4.4,c487ae,Link has non-empty accessible name,38,div.uom-l-grid > figure.uom-c-key-fact > figcaption.uom-l-stack > a.uom-c-twi,si,cumple,,,R02,2026-09-08,,"nombre: ""Our laureates""",modal cerrado
40,mundo,Manchester,https://www.manchester.ac.uk/,2.4.4,5effbb,Link in context is descriptive,38,div.uom-l-grid > figure.uom-c-key-fact > figcaption.uom-l-stack > a.uom-c-twi,si,REVISAR,,26 Nobel laureates among our current and former colleagues and alumni Our laureates,R02,2026-09-08,,"JUICIO HUMANO. ¿Nombre + contexto describen el proposito? nombre: ""Our laureates"" | href: /about/history-heritage/history/nobel-prize/",modal cerrado
40,mundo,Manchester,https://www.manchester.ac.uk/,2.4.4,c487ae,Link has non-empty accessible name,39,div.uom-c-quick-links > ul > li > a.uom-c-twi,si,cumple,,,R02,2026-09-08,,"nombre: ""Jobs""",modal cerrado
40,mundo,Manchester,https://www.manchester.ac.uk/,2.4.4,5effbb,Link in context is descriptive,39,div.uom-c-quick-links > ul > li > a.uom-c-twi,si,REVISAR,,Jobs,R02,2026-09-08,,"JUICIO HUMANO. ¿Nombre + contexto describen el proposito? nombre: ""Jobs"" | href: https://www.jobs.manchester.ac.uk/",modal cerrado
40,mundo,Manchester,https://www.manchester.ac.uk/,2.4.4,c487ae,Link has non-empty accessible name,40,div.uom-c-quick-links > ul > li > a.uom-c-twi,si,cumple,,,R02,2026-09-08,,"nombre: ""Alumni""",modal cerrado
40,mundo,Manchester,https://www.manchester.ac.uk/,2.4.4,5effbb,Link in context is descriptive,40,div.uom-c-quick-links > ul > li > a.uom-c-twi,si,REVISAR,,Alumni,R02,2026-09-08,,"JUICIO HUMANO. ¿Nombre + contexto describen el proposito? nombre: ""Alumni"" | href: /connect/alumni/",modal cerrado
40,mundo,Manchester,https://www.manchester.ac.uk/,2.4.4,c487ae,Link has non-empty accessible name,41,div.uom-c-quick-links > ul > li > a.uom-c-twi,si,cumple,,,R02,2026-09-08,,"nombre: ""Maps""",modal cerrado
40,mundo,Manchester,https://www.manchester.ac.uk/,2.4.4,5effbb,Link in context is descriptive,41,div.uom-c-quick-links > ul > li > a.uom-c-twi,si,REVISAR,,Maps,R02,2026-09-08,,"JUICIO HUMANO. ¿Nombre + contexto describen el proposito? nombre: ""Maps"" | href: /about/maps/",modal cerrado
40,mundo,Manchester,https://www.manchester.ac.uk/,2.4.4,c487ae,Link has non-empty accessible name,42,div.uom-c-quick-links > ul > li > a.uom-c-twi,si,cumple,,,R02,2026-09-08,,"nombre: ""Modern Slavery Act statement""",modal cerrado
40,mundo,Manchester,https://www.manchester.ac.uk/,2.4.4,5effbb,Link in context is descriptive,42,div.uom-c-quick-links > ul > li > a.uom-c-twi,si,REVISAR,,Modern Slavery Act statement,R02,2026-09-08,,"JUICIO HUMANO. ¿Nombre + contexto describen el proposito? nombre: ""Modern Slavery Act statement"" | href: /modern-slavery-statement/",modal cerrado
40,mundo,Manchester,https://www.manchester.ac.uk/,2.4.4,c487ae,Link has non-empty accessible name,43,div.uom-c-quick-links > ul > li > a.uom-c-twi,si,cumple,,,R02,2026-09-08,,"nombre: ""Policy on Freedom of Speech and Academic Freedom""",modal cerrado
40,mundo,Manchester,https://www.manchester.ac.uk/,2.4.4,5effbb,Link in context is descriptive,43,div.uom-c-quick-links > ul > li > a.uom-c-twi,si,REVISAR,,Policy on Freedom of Speech and Academic Freedom,R02,2026-09-08,,"JUICIO HUMANO. ¿Nombre + contexto describen el proposito? nombre: ""Policy on Freedom of Speech and Academic Freedom"" | href: https://www.staffnet.manchester.ac.uk/governance/visiting-sp",modal cerrado
40,mundo,Manchester,https://www.manchester.ac.uk/,2.4.4,c487ae,Link has non-empty accessible name,44,div.uom-c-quick-links > ul > li > a.uom-c-twi,si,cumple,,,R02,2026-09-08,,"nombre: ""Student terms and conditions""",modal cerrado
40,mundo,Manchester,https://www.manchester.ac.uk/,2.4.4,5effbb,Link in context is descriptive,44,div.uom-c-quick-links > ul > li > a.uom-c-twi,si,REVISAR,,Student terms and conditions,R02,2026-09-08,,"JUICIO HUMANO. ¿Nombre + contexto describen el proposito? nombre: ""Student terms and conditions"" | href: /study/student-terms-and-conditions/",modal cerrado
40,mundo,Manchester,https://www.manchester.ac.uk/,2.4.4,c487ae,Link has non-empty accessible name,45,div.footer-cell > ul > li > a,si,cumple,,,R02,2026-09-08,,"nombre: ""+44 (0) 161 306 6000""",modal cerrado
40,mundo,Manchester,https://www.manchester.ac.uk/,2.4.4,5effbb,Link in context is descriptive,45,div.footer-cell > ul > li > a,si,REVISAR,,+44 (0) 161 306 6000,R02,2026-09-08,,"JUICIO HUMANO. ¿Nombre + contexto describen el proposito? nombre: ""+44 (0) 161 306 6000"" | href: tel:+441613066000",modal cerrado
40,mundo,Manchester,https://www.manchester.ac.uk/,2.4.4,c487ae,Link has non-empty accessible name,46,div.footer-cell > ul > li > a,si,cumple,,,R02,2026-09-08,,"nombre: ""Call recording policy""",modal cerrado
40,mundo,Manchester,https://www.manchester.ac.uk/,2.4.4,5effbb,Link in context is descriptive,46,div.footer-cell > ul > li > a,si,REVISAR,,Call recording policy,R02,2026-09-08,,"JUICIO HUMANO. ¿Nombre + contexto describen el proposito? nombre: ""Call recording policy"" | href: /about/privacy-information/data-protection/privacy-notices/#",modal cerrado
40,mundo,Manchester,https://www.manchester.ac.uk/,2.4.4,c487ae,Link has non-empty accessible name,47,div.footer-cell > ul > li > a,si,cumple,,,R02,2026-09-08,,"nombre: ""Contact details""",modal cerrado
40,mundo,Manchester,https://www.manchester.ac.uk/,2.4.4,5effbb,Link in context is descriptive,47,div.footer-cell > ul > li > a,si,REVISAR,,Contact details,R02,2026-09-08,,"JUICIO HUMANO. ¿Nombre + contexto describen el proposito? nombre: ""Contact details"" | href: /connect/contact-us/",modal cerrado
40,mundo,Manchester,https://www.manchester.ac.uk/,2.4.4,c487ae,Link has non-empty accessible name,48,div.footer-row > div.footer-cell > address > a,si,cumple,,,R02,2026-09-08,,"nombre: ""The University of ManchesterOxford RoadManchesterM13 9PLUK""",modal cerrado
40,mundo,Manchester,https://www.manchester.ac.uk/,2.4.4,5effbb,Link in context is descriptive,48,div.footer-row > div.footer-cell > address > a,si,REVISAR,,SIN CONTEXTO PROGRAMATICO,R02,2026-09-08,,"JUICIO HUMANO. ¿Nombre + contexto describen el proposito? nombre: ""The University of ManchesterOxford RoadManchesterM13 9PLUK"" | href: /about/maps/interactive-map/ | AVISO: no hay parrafo, elemento de lista ni celda que lo contenga. Un div o article envolvente NO es contexto programatico.",modal cerrado
40,mundo,Manchester,https://www.manchester.ac.uk/,2.4.4,c487ae,Link has non-empty accessible name,49,div.footer-cell > ul > li > a.socialMediaLinks,si,falla,,,R02,2026-09-08,,href: https://www.linkedin.com/school/university-of-manchester/,modal cerrado
40,mundo,Manchester,https://www.manchester.ac.uk/,2.4.4,c487ae,Link has non-empty accessible name,50,div.footer-cell > ul > li > a.socialMediaLinks,si,falla,,,R02,2026-09-08,,href: https://instagram.com/officialuom/,modal cerrado
40,mundo,Manchester,https://www.manchester.ac.uk/,2.4.4,c487ae,Link has non-empty accessible name,51,div.footer-cell > ul > li > a.socialMediaLinks,si,falla,,,R02,2026-09-08,,href: https://www.youtube.com/universitymanchester,modal cerrado
40,mundo,Manchester,https://www.manchester.ac.uk/,2.4.4,c487ae,Link has non-empty accessible name,52,div.footer-cell > ul > li > a.socialMediaLinks,si,falla,,,R02,2026-09-08,,href: https://www.tiktok.com/@officialuom/,modal cerrado
40,mundo,Manchester,https://www.manchester.ac.uk/,2.4.4,c487ae,Link has non-empty accessible name,53,div.footer-cell > ul > li > a.socialMediaLinks,si,falla,,,R02,2026-09-08,,href: https://www.facebook.com/TheUniversityOfManchester,modal cerrado
40,mundo,Manchester,https://www.manchester.ac.uk/,2.4.4,c487ae,Link has non-empty accessible name,54,div.footer-cell > ul > li > a.socialMediaLinks,si,falla,,,R02,2026-09-08,,href: https://bsky.app/profile/manchester.ac.uk,modal cerrado
40,mundo,Manchester,https://www.manchester.ac.uk/,2.4.4,c487ae,Link has non-empty accessible name,55,div.footer-row > div.footer-cell > p.socialmediadirectory > a,si,cumple,,,R02,2026-09-08,,"nombre: ""Social media directory""",modal cerrado
40,mundo,Manchester,https://www.manchester.ac.uk/,2.4.4,5effbb,Link in context is descriptive,55,div.footer-row > div.footer-cell > p.socialmediadirectory > a,si,REVISAR,,Social media directory,R02,2026-09-08,,"JUICIO HUMANO. ¿Nombre + contexto describen el proposito? nombre: ""Social media directory"" | href: /connect/social-media/",modal cerrado
40,mundo,Manchester,https://www.manchester.ac.uk/,2.4.4,c487ae,Link has non-empty accessible name,56,div.footer-row > ul > li > a,si,cumple,,,R02,2026-09-08,,"nombre: ""Disclaimer""",modal cerrado
40,mundo,Manchester,https://www.manchester.ac.uk/,2.4.4,5effbb,Link in context is descriptive,56,div.footer-row > ul > li > a,si,REVISAR,,Disclaimer,R02,2026-09-08,,"JUICIO HUMANO. ¿Nombre + contexto describen el proposito? nombre: ""Disclaimer"" | href: /disclaimer/",modal cerrado
40,mundo,Manchester,https://www.manchester.ac.uk/,2.4.4,c487ae,Link has non-empty accessible name,57,div.footer-row > ul > li > a,si,cumple,,,R02,2026-09-08,,"nombre: ""Data Protection""",modal cerrado
40,mundo,Manchester,https://www.manchester.ac.uk/,2.4.4,5effbb,Link in context is descriptive,57,div.footer-row > ul > li > a,si,REVISAR,,Data Protection,R02,2026-09-08,,"JUICIO HUMANO. ¿Nombre + contexto describen el proposito? nombre: ""Data Protection"" | href: /about/privacy-information/data-protection/",modal cerrado
40,mundo,Manchester,https://www.manchester.ac.uk/,2.4.4,c487ae,Link has non-empty accessible name,58,div.footer-row > ul > li > a,si,cumple,,,R02,2026-09-08,,"nombre: ""Copyright notice""",modal cerrado
40,mundo,Manchester,https://www.manchester.ac.uk/,2.4.4,5effbb,Link in context is descriptive,58,div.footer-row > ul > li > a,si,REVISAR,,Copyright notice,R02,2026-09-08,,"JUICIO HUMANO. ¿Nombre + contexto describen el proposito? nombre: ""Copyright notice"" | href: /copyright/",modal cerrado
40,mundo,Manchester,https://www.manchester.ac.uk/,2.4.4,c487ae,Link has non-empty accessible name,59,div.footer-row > ul > li > a,si,cumple,,,R02,2026-09-08,,"nombre: ""Web accessibility""",modal cerrado
40,mundo,Manchester,https://www.manchester.ac.uk/,2.4.4,5effbb,Link in context is descriptive,59,div.footer-row > ul > li > a,si,REVISAR,,Web accessibility,R02,2026-09-08,,"JUICIO HUMANO. ¿Nombre + contexto describen el proposito? nombre: ""Web accessibility"" | href: /web-accessibility/",modal cerrado
40,mundo,Manchester,https://www.manchester.ac.uk/,2.4.4,c487ae,Link has non-empty accessible name,60,div.footer-row > ul > li > a,si,cumple,,,R02,2026-09-08,,"nombre: ""Freedom of information""",modal cerrado
40,mundo,Manchester,https://www.manchester.ac.uk/,2.4.4,5effbb,Link in context is descriptive,60,div.footer-row > ul > li > a,si,REVISAR,,Freedom of information,R02,2026-09-08,,"JUICIO HUMANO. ¿Nombre + contexto describen el proposito? nombre: ""Freedom of information"" | href: /about/privacy-information/freedom-information/",modal cerrado
40,mundo,Manchester,https://www.manchester.ac.uk/,2.4.4,c487ae,Link has non-empty accessible name,61,div.footer-row > ul > li > a,si,cumple,,,R02,2026-09-08,,"nombre: ""Charitable status""",modal cerrado
40,mundo,Manchester,https://www.manchester.ac.uk/,2.4.4,5effbb,Link in context is descriptive,61,div.footer-row > ul > li > a,si,REVISAR,,Charitable status,R02,2026-09-08,,"JUICIO HUMANO. ¿Nombre + contexto describen el proposito? nombre: ""Charitable status"" | href: /about/governance/charitable-status/",modal cerrado
