id,group,abbr,url,criterion,act_rule,rule_name,element_n,selector_or_description,applicable,outcome,measured_value,programmatic_context,evaluator_code,date,capture,notes,dialog_state
96,ecuador,IAEN,https://www.iaen.edu.ec/,1.4.3,afw4f7,Text has minimum contrast,1,html > body.home > a.hfe-skip-link,no,,,,R02,2026-09-08,,"No es un caracter visible: la regla no aplica. Texto oculto visualmente, de tamano cero o desplazado fuera de pantalla.",sin CMP detectada
96,ecuador,IAEN,https://www.iaen.edu.ec/,1.4.3,afw4f7,Text has minimum contrast,2,div.hfeed > header > p.main-title > a,no,,,,R02,2026-09-08,,"No es un caracter visible: la regla no aplica. Texto oculto visualmente, de tamano cero o desplazado fuera de pantalla.",sin CMP detectada
96,ecuador,IAEN,https://www.iaen.edu.ec/,1.4.3,afw4f7,Text has minimum contrast,3,div.elementor-social-icons-wrapper > span.elementor-grid-item > a.elementor-icon > span.elementor-screen-only,no,,,,R02,2026-09-08,,"No es un caracter visible: la regla no aplica. Texto oculto visualmente, de tamano cero o desplazado fuera de pantalla.",sin CMP detectada
96,ecuador,IAEN,https://www.iaen.edu.ec/,1.4.3,afw4f7,Text has minimum contrast,4,div.elementor-social-icons-wrapper > span.elementor-grid-item > a.elementor-icon > span.elementor-screen-only,no,,,,R02,2026-09-08,,"No es un caracter visible: la regla no aplica. Texto oculto visualmente, de tamano cero o desplazado fuera de pantalla.",sin CMP detectada
96,ecuador,IAEN,https://www.iaen.edu.ec/,1.4.3,afw4f7,Text has minimum contrast,5,div.elementor-social-icons-wrapper > span.elementor-grid-item > a.elementor-icon > span.elementor-screen-only,no,,,,R02,2026-09-08,,"No es un caracter visible: la regla no aplica. Texto oculto visualmente, de tamano cero o desplazado fuera de pantalla.",sin CMP detectada
96,ecuador,IAEN,https://www.iaen.edu.ec/,1.4.3,afw4f7,Text has minimum contrast,6,div.elementor-social-icons-wrapper > span.elementor-grid-item > a.elementor-icon > span.elementor-screen-only,no,,,,R02,2026-09-08,,"No es un caracter visible: la regla no aplica. Texto oculto visualmente, de tamano cero o desplazado fuera de pantalla.",sin CMP detectada
96,ecuador,IAEN,https://www.iaen.edu.ec/,1.4.3,afw4f7,Text has minimum contrast,7,div.elementor-social-icons-wrapper > span.elementor-grid-item > a.elementor-icon > span.elementor-screen-only,no,,,,R02,2026-09-08,,"No es un caracter visible: la regla no aplica. Texto oculto visualmente, de tamano cero o desplazado fuera de pantalla.",sin CMP detectada
96,ecuador,IAEN,https://www.iaen.edu.ec/,1.4.3,afw4f7,Text has minimum contrast,8,div.elementor-social-icons-wrapper > span.elementor-grid-item > a.elementor-icon > span.elementor-screen-only,no,,,,R02,2026-09-08,,"No es un caracter visible: la regla no aplica. Texto oculto visualmente, de tamano cero o desplazado fuera de pantalla.",sin CMP detectada
96,ecuador,IAEN,https://www.iaen.edu.ec/,1.4.3,afw4f7,Text has minimum contrast,9,nav.elementor-nav-menu--main > ul.elementor-nav-menu > li.menu-item > a.elementor-item,no,,,,R02,2026-09-08,,"No es un caracter visible: la regla no aplica. Texto oculto visualmente, de tamano cero o desplazado fuera de pantalla.",sin CMP detectada
96,ecuador,IAEN,https://www.iaen.edu.ec/,1.4.3,afw4f7,Text has minimum contrast,10,nav.elementor-nav-menu--main > ul.elementor-nav-menu > li.menu-item > a.elementor-item,no,,,,R02,2026-09-08,,"No es un caracter visible: la regla no aplica. Texto oculto visualmente, de tamano cero o desplazado fuera de pantalla.",sin CMP detectada
96,ecuador,IAEN,https://www.iaen.edu.ec/,1.4.3,afw4f7,Text has minimum contrast,11,nav.elementor-nav-menu--main > ul.elementor-nav-menu > li.menu-item > a.elementor-item,no,,,,R02,2026-09-08,,"No es un caracter visible: la regla no aplica. Texto oculto visualmente, de tamano cero o desplazado fuera de pantalla.",sin CMP detectada
96,ecuador,IAEN,https://www.iaen.edu.ec/,1.4.3,afw4f7,Text has minimum contrast,12,nav.elementor-nav-menu--dropdown > ul.elementor-nav-menu > li.menu-item > a.elementor-item,no,,,,R02,2026-09-08,,"No es un caracter visible: la regla no aplica. Texto oculto visualmente, de tamano cero o desplazado fuera de pantalla.",sin CMP detectada
96,ecuador,IAEN,https://www.iaen.edu.ec/,1.4.3,afw4f7,Text has minimum contrast,13,nav.elementor-nav-menu--dropdown > ul.elementor-nav-menu > li.menu-item > a.elementor-item,no,,,,R02,2026-09-08,,"No es un caracter visible: la regla no aplica. Texto oculto visualmente, de tamano cero o desplazado fuera de pantalla.",sin CMP detectada
96,ecuador,IAEN,https://www.iaen.edu.ec/,1.4.3,afw4f7,Text has minimum contrast,14,nav.elementor-nav-menu--dropdown > ul.elementor-nav-menu > li.menu-item > a.elementor-item,no,,,,R02,2026-09-08,,"No es un caracter visible: la regla no aplica. Texto oculto visualmente, de tamano cero o desplazado fuera de pantalla.",sin CMP detectada
96,ecuador,IAEN,https://www.iaen.edu.ec/,1.4.3,afw4f7,Text has minimum contrast,15,#sm-17888397885521208-1,no,,,,R02,2026-09-08,,"No es un caracter visible: la regla no aplica. Texto oculto visualmente, de tamano cero o desplazado fuera de pantalla.",sin CMP detectada
96,ecuador,IAEN,https://www.iaen.edu.ec/,1.4.3,afw4f7,Text has minimum contrast,16,li.menu-item > ul.sub-menu > li.menu-item > a.elementor-sub-item,no,,,,R02,2026-09-08,,"No es un caracter visible: la regla no aplica. Texto oculto visualmente, de tamano cero o desplazado fuera de pantalla.",sin CMP detectada
96,ecuador,IAEN,https://www.iaen.edu.ec/,1.4.3,afw4f7,Text has minimum contrast,17,li.menu-item > ul.sub-menu > li.menu-item > a.elementor-sub-item,no,,,,R02,2026-09-08,,"No es un caracter visible: la regla no aplica. Texto oculto visualmente, de tamano cero o desplazado fuera de pantalla.",sin CMP detectada
96,ecuador,IAEN,https://www.iaen.edu.ec/,1.4.3,afw4f7,Text has minimum contrast,18,li.menu-item > ul.sub-menu > li.menu-item > a.elementor-sub-item,no,,,,R02,2026-09-08,,"No es un caracter visible: la regla no aplica. Texto oculto visualmente, de tamano cero o desplazado fuera de pantalla.",sin CMP detectada
96,ecuador,IAEN,https://www.iaen.edu.ec/,1.4.3,afw4f7,Text has minimum contrast,19,#sm-17888397885521208-3,no,,,,R02,2026-09-08,,"No es un caracter visible: la regla no aplica. Texto oculto visualmente, de tamano cero o desplazado fuera de pantalla.",sin CMP detectada
96,ecuador,IAEN,https://www.iaen.edu.ec/,1.4.3,afw4f7,Text has minimum contrast,20,li.menu-item > ul.sub-menu > li.menu-item > a.elementor-sub-item,no,,,,R02,2026-09-08,,"No es un caracter visible: la regla no aplica. Texto oculto visualmente, de tamano cero o desplazado fuera de pantalla.",sin CMP detectada
96,ecuador,IAEN,https://www.iaen.edu.ec/,1.4.3,afw4f7,Text has minimum contrast,21,li.menu-item > ul.sub-menu > li.menu-item > a.elementor-sub-item,no,,,,R02,2026-09-08,,"No es un caracter visible: la regla no aplica. Texto oculto visualmente, de tamano cero o desplazado fuera de pantalla.",sin CMP detectada
96,ecuador,IAEN,https://www.iaen.edu.ec/,1.4.3,afw4f7,Text has minimum contrast,22,li.menu-item > ul.sub-menu > li.menu-item > a.elementor-sub-item,no,,,,R02,2026-09-08,,"No es un caracter visible: la regla no aplica. Texto oculto visualmente, de tamano cero o desplazado fuera de pantalla.",sin CMP detectada
96,ecuador,IAEN,https://www.iaen.edu.ec/,1.4.3,afw4f7,Text has minimum contrast,23,li.menu-item > ul.sub-menu > li.menu-item > a.elementor-sub-item,no,,,,R02,2026-09-08,,"No es un caracter visible: la regla no aplica. Texto oculto visualmente, de tamano cero o desplazado fuera de pantalla.",sin CMP detectada
96,ecuador,IAEN,https://www.iaen.edu.ec/,1.4.3,afw4f7,Text has minimum contrast,24,li.menu-item > ul.sub-menu > li.menu-item > a.elementor-sub-item,no,,,,R02,2026-09-08,,"No es un caracter visible: la regla no aplica. Texto oculto visualmente, de tamano cero o desplazado fuera de pantalla.",sin CMP detectada
96,ecuador,IAEN,https://www.iaen.edu.ec/,1.4.3,afw4f7,Text has minimum contrast,25,li.menu-item > ul.sub-menu > li.menu-item > a.elementor-sub-item,no,,,,R02,2026-09-08,,"No es un caracter visible: la regla no aplica. Texto oculto visualmente, de tamano cero o desplazado fuera de pantalla.",sin CMP detectada
96,ecuador,IAEN,https://www.iaen.edu.ec/,1.4.3,afw4f7,Text has minimum contrast,26,#sm-17888397885521208-5,no,,,,R02,2026-09-08,,"No es un caracter visible: la regla no aplica. Texto oculto visualmente, de tamano cero o desplazado fuera de pantalla.",sin CMP detectada
96,ecuador,IAEN,https://www.iaen.edu.ec/,1.4.3,afw4f7,Text has minimum contrast,27,li.menu-item > ul.sub-menu > li.menu-item > a.elementor-sub-item,no,,,,R02,2026-09-08,,"No es un caracter visible: la regla no aplica. Texto oculto visualmente, de tamano cero o desplazado fuera de pantalla.",sin CMP detectada
96,ecuador,IAEN,https://www.iaen.edu.ec/,1.4.3,afw4f7,Text has minimum contrast,28,li.menu-item > ul.sub-menu > li.menu-item > a.elementor-sub-item,no,,,,R02,2026-09-08,,"No es un caracter visible: la regla no aplica. Texto oculto visualmente, de tamano cero o desplazado fuera de pantalla.",sin CMP detectada
96,ecuador,IAEN,https://www.iaen.edu.ec/,1.4.3,afw4f7,Text has minimum contrast,29,li.menu-item > ul.sub-menu > li.menu-item > a.elementor-sub-item,no,,,,R02,2026-09-08,,"No es un caracter visible: la regla no aplica. Texto oculto visualmente, de tamano cero o desplazado fuera de pantalla.",sin CMP detectada
96,ecuador,IAEN,https://www.iaen.edu.ec/,1.4.3,afw4f7,Text has minimum contrast,30,li.menu-item > ul.sub-menu > li.menu-item > a.elementor-sub-item,no,,,,R02,2026-09-08,,"No es un caracter visible: la regla no aplica. Texto oculto visualmente, de tamano cero o desplazado fuera de pantalla.",sin CMP detectada
96,ecuador,IAEN,https://www.iaen.edu.ec/,1.4.3,afw4f7,Text has minimum contrast,31,#sm-17888397885521208-7,no,,,,R02,2026-09-08,,"No es un caracter visible: la regla no aplica. Texto oculto visualmente, de tamano cero o desplazado fuera de pantalla.",sin CMP detectada
96,ecuador,IAEN,https://www.iaen.edu.ec/,1.4.3,afw4f7,Text has minimum contrast,32,li.menu-item > ul.sub-menu > li.menu-item > a.elementor-sub-item,no,,,,R02,2026-09-08,,"No es un caracter visible: la regla no aplica. Texto oculto visualmente, de tamano cero o desplazado fuera de pantalla.",sin CMP detectada
96,ecuador,IAEN,https://www.iaen.edu.ec/,1.4.3,afw4f7,Text has minimum contrast,33,#sm-17888397885521208-9,no,,,,R02,2026-09-08,,"No es un caracter visible: la regla no aplica. Texto oculto visualmente, de tamano cero o desplazado fuera de pantalla.",sin CMP detectada
96,ecuador,IAEN,https://www.iaen.edu.ec/,1.4.3,afw4f7,Text has minimum contrast,34,li.menu-item > ul.sub-menu > li.menu-item > a.elementor-sub-item,no,,,,R02,2026-09-08,,"No es un caracter visible: la regla no aplica. Texto oculto visualmente, de tamano cero o desplazado fuera de pantalla.",sin CMP detectada
96,ecuador,IAEN,https://www.iaen.edu.ec/,1.4.3,afw4f7,Text has minimum contrast,35,li.menu-item > ul.sub-menu > li.menu-item > a.elementor-sub-item,no,,,,R02,2026-09-08,,"No es un caracter visible: la regla no aplica. Texto oculto visualmente, de tamano cero o desplazado fuera de pantalla.",sin CMP detectada
96,ecuador,IAEN,https://www.iaen.edu.ec/,1.4.3,afw4f7,Text has minimum contrast,36,li.menu-item > ul.sub-menu > li.menu-item > a.elementor-sub-item,no,,,,R02,2026-09-08,,"No es un caracter visible: la regla no aplica. Texto oculto visualmente, de tamano cero o desplazado fuera de pantalla.",sin CMP detectada
96,ecuador,IAEN,https://www.iaen.edu.ec/,1.4.3,afw4f7,Text has minimum contrast,37,#sm-1788839788553424-1,no,,,,R02,2026-09-08,,"No es un caracter visible: la regla no aplica. Texto oculto visualmente, de tamano cero o desplazado fuera de pantalla.",sin CMP detectada
96,ecuador,IAEN,https://www.iaen.edu.ec/,1.4.3,afw4f7,Text has minimum contrast,38,li.menu-item > ul.sub-menu > li.menu-item > a.elementor-sub-item,no,,,,R02,2026-09-08,,"No es un caracter visible: la regla no aplica. Texto oculto visualmente, de tamano cero o desplazado fuera de pantalla.",sin CMP detectada
96,ecuador,IAEN,https://www.iaen.edu.ec/,1.4.3,afw4f7,Text has minimum contrast,39,li.menu-item > ul.sub-menu > li.menu-item > a.elementor-sub-item,no,,,,R02,2026-09-08,,"No es un caracter visible: la regla no aplica. Texto oculto visualmente, de tamano cero o desplazado fuera de pantalla.",sin CMP detectada
96,ecuador,IAEN,https://www.iaen.edu.ec/,1.4.3,afw4f7,Text has minimum contrast,40,li.menu-item > ul.sub-menu > li.menu-item > a.elementor-sub-item,no,,,,R02,2026-09-08,,"No es un caracter visible: la regla no aplica. Texto oculto visualmente, de tamano cero o desplazado fuera de pantalla.",sin CMP detectada
96,ecuador,IAEN,https://www.iaen.edu.ec/,1.4.3,afw4f7,Text has minimum contrast,41,#sm-1788839788553424-3,no,,,,R02,2026-09-08,,"No es un caracter visible: la regla no aplica. Texto oculto visualmente, de tamano cero o desplazado fuera de pantalla.",sin CMP detectada
96,ecuador,IAEN,https://www.iaen.edu.ec/,1.4.3,afw4f7,Text has minimum contrast,42,li.menu-item > ul.sub-menu > li.menu-item > a.elementor-sub-item,no,,,,R02,2026-09-08,,"No es un caracter visible: la regla no aplica. Texto oculto visualmente, de tamano cero o desplazado fuera de pantalla.",sin CMP detectada
96,ecuador,IAEN,https://www.iaen.edu.ec/,1.4.3,afw4f7,Text has minimum contrast,43,li.menu-item > ul.sub-menu > li.menu-item > a.elementor-sub-item,no,,,,R02,2026-09-08,,"No es un caracter visible: la regla no aplica. Texto oculto visualmente, de tamano cero o desplazado fuera de pantalla.",sin CMP detectada
96,ecuador,IAEN,https://www.iaen.edu.ec/,1.4.3,afw4f7,Text has minimum contrast,44,li.menu-item > ul.sub-menu > li.menu-item > a.elementor-sub-item,no,,,,R02,2026-09-08,,"No es un caracter visible: la regla no aplica. Texto oculto visualmente, de tamano cero o desplazado fuera de pantalla.",sin CMP detectada
96,ecuador,IAEN,https://www.iaen.edu.ec/,1.4.3,afw4f7,Text has minimum contrast,45,li.menu-item > ul.sub-menu > li.menu-item > a.elementor-sub-item,no,,,,R02,2026-09-08,,"No es un caracter visible: la regla no aplica. Texto oculto visualmente, de tamano cero o desplazado fuera de pantalla.",sin CMP detectada
96,ecuador,IAEN,https://www.iaen.edu.ec/,1.4.3,afw4f7,Text has minimum contrast,46,li.menu-item > ul.sub-menu > li.menu-item > a.elementor-sub-item,no,,,,R02,2026-09-08,,"No es un caracter visible: la regla no aplica. Texto oculto visualmente, de tamano cero o desplazado fuera de pantalla.",sin CMP detectada
96,ecuador,IAEN,https://www.iaen.edu.ec/,1.4.3,afw4f7,Text has minimum contrast,47,li.menu-item > ul.sub-menu > li.menu-item > a.elementor-sub-item,no,,,,R02,2026-09-08,,"No es un caracter visible: la regla no aplica. Texto oculto visualmente, de tamano cero o desplazado fuera de pantalla.",sin CMP detectada
96,ecuador,IAEN,https://www.iaen.edu.ec/,1.4.3,afw4f7,Text has minimum contrast,48,#sm-1788839788553424-5,no,,,,R02,2026-09-08,,"No es un caracter visible: la regla no aplica. Texto oculto visualmente, de tamano cero o desplazado fuera de pantalla.",sin CMP detectada
96,ecuador,IAEN,https://www.iaen.edu.ec/,1.4.3,afw4f7,Text has minimum contrast,49,li.menu-item > ul.sub-menu > li.menu-item > a.elementor-sub-item,no,,,,R02,2026-09-08,,"No es un caracter visible: la regla no aplica. Texto oculto visualmente, de tamano cero o desplazado fuera de pantalla.",sin CMP detectada
96,ecuador,IAEN,https://www.iaen.edu.ec/,1.4.3,afw4f7,Text has minimum contrast,50,li.menu-item > ul.sub-menu > li.menu-item > a.elementor-sub-item,no,,,,R02,2026-09-08,,"No es un caracter visible: la regla no aplica. Texto oculto visualmente, de tamano cero o desplazado fuera de pantalla.",sin CMP detectada
96,ecuador,IAEN,https://www.iaen.edu.ec/,1.4.3,afw4f7,Text has minimum contrast,51,li.menu-item > ul.sub-menu > li.menu-item > a.elementor-sub-item,no,,,,R02,2026-09-08,,"No es un caracter visible: la regla no aplica. Texto oculto visualmente, de tamano cero o desplazado fuera de pantalla.",sin CMP detectada
96,ecuador,IAEN,https://www.iaen.edu.ec/,1.4.3,afw4f7,Text has minimum contrast,52,li.menu-item > ul.sub-menu > li.menu-item > a.elementor-sub-item,no,,,,R02,2026-09-08,,"No es un caracter visible: la regla no aplica. Texto oculto visualmente, de tamano cero o desplazado fuera de pantalla.",sin CMP detectada
96,ecuador,IAEN,https://www.iaen.edu.ec/,1.4.3,afw4f7,Text has minimum contrast,53,#sm-1788839788553424-7,no,,,,R02,2026-09-08,,"No es un caracter visible: la regla no aplica. Texto oculto visualmente, de tamano cero o desplazado fuera de pantalla.",sin CMP detectada
96,ecuador,IAEN,https://www.iaen.edu.ec/,1.4.3,afw4f7,Text has minimum contrast,54,li.menu-item > ul.sub-menu > li.menu-item > a.elementor-sub-item,no,,,,R02,2026-09-08,,"No es un caracter visible: la regla no aplica. Texto oculto visualmente, de tamano cero o desplazado fuera de pantalla.",sin CMP detectada
96,ecuador,IAEN,https://www.iaen.edu.ec/,1.4.3,afw4f7,Text has minimum contrast,55,#sm-1788839788553424-9,no,,,,R02,2026-09-08,,"No es un caracter visible: la regla no aplica. Texto oculto visualmente, de tamano cero o desplazado fuera de pantalla.",sin CMP detectada
96,ecuador,IAEN,https://www.iaen.edu.ec/,1.4.3,afw4f7,Text has minimum contrast,56,li.menu-item > ul.sub-menu > li.menu-item > a.elementor-sub-item,no,,,,R02,2026-09-08,,"No es un caracter visible: la regla no aplica. Texto oculto visualmente, de tamano cero o desplazado fuera de pantalla.",sin CMP detectada
96,ecuador,IAEN,https://www.iaen.edu.ec/,1.4.3,afw4f7,Text has minimum contrast,57,li.menu-item > ul.sub-menu > li.menu-item > a.elementor-sub-item,no,,,,R02,2026-09-08,,"No es un caracter visible: la regla no aplica. Texto oculto visualmente, de tamano cero o desplazado fuera de pantalla.",sin CMP detectada
96,ecuador,IAEN,https://www.iaen.edu.ec/,1.4.3,afw4f7,Text has minimum contrast,58,li.menu-item > ul.sub-menu > li.menu-item > a.elementor-sub-item,no,,,,R02,2026-09-08,,"No es un caracter visible: la regla no aplica. Texto oculto visualmente, de tamano cero o desplazado fuera de pantalla.",sin CMP detectada
96,ecuador,IAEN,https://www.iaen.edu.ec/,1.4.3,afw4f7,Text has minimum contrast,59,div.elementor-repeater-item-7348986 > a.swiper-slide-inner > div.swiper-slide-contents > div.elementor-button,si,falla,3.26:1,,R02,2026-09-08,,"umbral 4.5:1 (texto normal, 15.0px); texto: ""Clic aquí""",sin CMP detectada
96,ecuador,IAEN,https://www.iaen.edu.ec/,1.4.3,afw4f7,Text has minimum contrast,60,div.elementor-repeater-item-28e30bd > a.swiper-slide-inner > div.swiper-slide-contents > div.elementor-slide-heading,si,falla,1.00:1,,R02,2026-09-08,,"umbral 3:1 (texto grande, 35.0px negrita); texto: ""Oferta Académica 2026""",sin CMP detectada
96,ecuador,IAEN,https://www.iaen.edu.ec/,1.4.3,afw4f7,Text has minimum contrast,61,div.elementor-repeater-item-28e30bd > a.swiper-slide-inner > div.swiper-slide-contents > div.elementor-slide-description,si,falla,1.00:1,,R02,2026-09-08,,"umbral 4.5:1 (texto normal, 17.0px); texto: ""Conoce en profundidad nuestros programas de formación""",sin CMP detectada
96,ecuador,IAEN,https://www.iaen.edu.ec/,1.4.3,afw4f7,Text has minimum contrast,62,div.elementor-repeater-item-28e30bd > a.swiper-slide-inner > div.swiper-slide-contents > div.elementor-button,si,falla,3.26:1,,R02,2026-09-08,,"umbral 4.5:1 (texto normal, 15.0px); texto: ""Clic aquí""",sin CMP detectada
96,ecuador,IAEN,https://www.iaen.edu.ec/,1.4.3,afw4f7,Text has minimum contrast,63,div.elementor-repeater-item-66e72d1 > a.swiper-slide-inner > div.swiper-slide-contents > div.elementor-button,si,falla,3.26:1,,R02,2026-09-08,,"umbral 4.5:1 (texto normal, 15.0px); texto: ""Clic aquí""",sin CMP detectada
96,ecuador,IAEN,https://www.iaen.edu.ec/,1.4.3,afw4f7,Text has minimum contrast,64,div.elementor-repeater-item-9f409f8 > a.swiper-slide-inner > div.swiper-slide-contents > div.elementor-button,si,falla,3.26:1,,R02,2026-09-08,,"umbral 4.5:1 (texto normal, 15.0px); texto: ""Clic aquí""",sin CMP detectada
96,ecuador,IAEN,https://www.iaen.edu.ec/,1.4.3,afw4f7,Text has minimum contrast,65,div.elementor-repeater-item-fa9fe69 > a.swiper-slide-inner > div.swiper-slide-contents > div.elementor-button,si,falla,3.26:1,,R02,2026-09-08,,"umbral 4.5:1 (texto normal, 15.0px); texto: ""Clic aquí""",sin CMP detectada
96,ecuador,IAEN,https://www.iaen.edu.ec/,1.4.3,afw4f7,Text has minimum contrast,66,div.elementor-repeater-item-734851f > a.swiper-slide-inner > div.swiper-slide-contents > div.elementor-button,si,falla,3.26:1,,R02,2026-09-08,,"umbral 4.5:1 (texto normal, 15.0px); texto: ""Clic aquí""",sin CMP detectada
96,ecuador,IAEN,https://www.iaen.edu.ec/,1.4.3,afw4f7,Text has minimum contrast,67,div.elementor-repeater-item-09d4f9d > a.swiper-slide-inner > div.swiper-slide-contents > div.elementor-button,si,falla,3.26:1,,R02,2026-09-08,,"umbral 4.5:1 (texto normal, 15.0px); texto: ""Clic aquí""",sin CMP detectada
96,ecuador,IAEN,https://www.iaen.edu.ec/,1.4.3,afw4f7,Text has minimum contrast,68,div.elementor-element > div.elementor-widget-container > div.elementor-counter > div.elementor-counter-title,no,,,,R02,2026-09-08,,"No es un caracter visible: la regla no aplica. Texto oculto visualmente, de tamano cero o desplazado fuera de pantalla.",sin CMP detectada
96,ecuador,IAEN,https://www.iaen.edu.ec/,1.4.3,afw4f7,Text has minimum contrast,69,div.elementor-widget-container > div.elementor-counter > div.elementor-counter-number-wrapper > span.elementor-counter-number,no,,,,R02,2026-09-08,,"No es un caracter visible: la regla no aplica. Texto oculto visualmente, de tamano cero o desplazado fuera de pantalla.",sin CMP detectada
96,ecuador,IAEN,https://www.iaen.edu.ec/,1.4.3,afw4f7,Text has minimum contrast,70,div.elementor-element > div.elementor-widget-container > div.elementor-counter > div.elementor-counter-title,no,,,,R02,2026-09-08,,"No es un caracter visible: la regla no aplica. Texto oculto visualmente, de tamano cero o desplazado fuera de pantalla.",sin CMP detectada
96,ecuador,IAEN,https://www.iaen.edu.ec/,1.4.3,afw4f7,Text has minimum contrast,71,div.elementor-widget-container > div.elementor-counter > div.elementor-counter-number-wrapper > span.elementor-counter-number,no,,,,R02,2026-09-08,,"No es un caracter visible: la regla no aplica. Texto oculto visualmente, de tamano cero o desplazado fuera de pantalla.",sin CMP detectada
96,ecuador,IAEN,https://www.iaen.edu.ec/,1.4.3,afw4f7,Text has minimum contrast,72,div.elementor-element > div.elementor-widget-container > div.elementor-counter > div.elementor-counter-title,no,,,,R02,2026-09-08,,"No es un caracter visible: la regla no aplica. Texto oculto visualmente, de tamano cero o desplazado fuera de pantalla.",sin CMP detectada
96,ecuador,IAEN,https://www.iaen.edu.ec/,1.4.3,afw4f7,Text has minimum contrast,73,div.elementor-widget-container > div.elementor-counter > div.elementor-counter-number-wrapper > span.elementor-counter-number,no,,,,R02,2026-09-08,,"No es un caracter visible: la regla no aplica. Texto oculto visualmente, de tamano cero o desplazado fuera de pantalla.",sin CMP detectada
96,ecuador,IAEN,https://www.iaen.edu.ec/,1.4.3,afw4f7,Text has minimum contrast,74,div.elementor-element > div.elementor-widget-container > div.elementor-counter > div.elementor-counter-title,no,,,,R02,2026-09-08,,"No es un caracter visible: la regla no aplica. Texto oculto visualmente, de tamano cero o desplazado fuera de pantalla.",sin CMP detectada
96,ecuador,IAEN,https://www.iaen.edu.ec/,1.4.3,afw4f7,Text has minimum contrast,75,div.elementor-widget-container > div.elementor-counter > div.elementor-counter-number-wrapper > span.elementor-counter-number,no,,,,R02,2026-09-08,,"No es un caracter visible: la regla no aplica. Texto oculto visualmente, de tamano cero o desplazado fuera de pantalla.",sin CMP detectada
96,ecuador,IAEN,https://www.iaen.edu.ec/,1.4.3,afw4f7,Text has minimum contrast,76,div.elementor-widget-container > div > div > h2,si,falla,1.00:1,,R02,2026-09-08,,"umbral 3:1 (texto grande, 30.0px negrita); texto: ""Repositorio Sonoro IAEN""",sin CMP detectada
96,ecuador,IAEN,https://www.iaen.edu.ec/,1.4.3,afw4f7,Text has minimum contrast,77,div.elementor-widget-container > div > div > p,si,falla,1.00:1,,R02,2026-09-08,,"umbral 4.5:1 (texto normal, 16.0px); texto: ""Podcast, entrevistas, conferencias y producciones sonoras de""",sin CMP detectada
96,ecuador,IAEN,https://www.iaen.edu.ec/,1.4.3,afw4f7,Text has minimum contrast,78,div.elementor-widget-container > div > div > div,si,cumple,5.14:1,,R02,2026-09-08,,"umbral 4.5:1 (texto normal, 15.0px); texto: ""Explora el repositorio de contenidos sonoros del IAEN y acce""",sin CMP detectada
96,ecuador,IAEN,https://www.iaen.edu.ec/,1.4.3,afw4f7,Text has minimum contrast,79,div.elementor-widget-container > div > div > a,si,cumple,8.02:1,,R02,2026-09-08,,"umbral 4.5:1 (texto normal, 16.0px); texto: ""Ver más""",sin CMP detectada
96,ecuador,IAEN,https://www.iaen.edu.ec/,1.4.3,afw4f7,Text has minimum contrast,80,div.e-con-inner > div.elementor-element > div.elementor-widget-container > h2.elementor-heading-title,si,falla,2.02:1,,R02,2026-09-08,,"umbral 3:1 (texto grande, 30.0px); texto: ""Videos Institucionales""",sin CMP detectada
96,ecuador,IAEN,https://www.iaen.edu.ec/,1.4.3,afw4f7,Text has minimum contrast,81,div.e-con-inner > div.elementor-element > div.elementor-widget-container > h2.elementor-heading-title,si,falla,2.02:1,,R02,2026-09-08,,"umbral 3:1 (texto grande, 30.0px); texto: ""Noticias destacadas""",sin CMP detectada
96,ecuador,IAEN,https://www.iaen.edu.ec/,1.4.3,afw4f7,Text has minimum contrast,82,div.elementor-element > div.elementor-element > div.elementor-widget-container > p,si,falla,4.29:1,,R02,2026-09-08,,"umbral 4.5:1 (texto normal, 16.0px); texto: ""¡Bienvenidos a un nuevo resumen informativo de las actividad""",sin CMP detectada
96,ecuador,IAEN,https://www.iaen.edu.ec/,1.4.3,afw4f7,Text has minimum contrast,83,article.elementor-post > div.elementor-post__text > h3.elementor-post__title > a,no,,,,R02,2026-09-08,,"No es un caracter visible: la regla no aplica. Texto oculto visualmente, de tamano cero o desplazado fuera de pantalla.",sin CMP detectada
96,ecuador,IAEN,https://www.iaen.edu.ec/,1.4.3,afw4f7,Text has minimum contrast,84,article.elementor-post > div.elementor-post__text > div.elementor-post__meta-data > span.elementor-post-date,no,,,,R02,2026-09-08,,"No es un caracter visible: la regla no aplica. Texto oculto visualmente, de tamano cero o desplazado fuera de pantalla.",sin CMP detectada
96,ecuador,IAEN,https://www.iaen.edu.ec/,1.4.3,afw4f7,Text has minimum contrast,85,article.elementor-post > div.elementor-post__text > div.elementor-post__meta-data > span.elementor-post-avatar,no,,,,R02,2026-09-08,,"No es un caracter visible: la regla no aplica. Texto oculto visualmente, de tamano cero o desplazado fuera de pantalla.",sin CMP detectada
96,ecuador,IAEN,https://www.iaen.edu.ec/,1.4.3,afw4f7,Text has minimum contrast,86,article.elementor-post > div.elementor-post__text > div.elementor-post__excerpt > p,no,,,,R02,2026-09-08,,"No es un caracter visible: la regla no aplica. Texto oculto visualmente, de tamano cero o desplazado fuera de pantalla.",sin CMP detectada
96,ecuador,IAEN,https://www.iaen.edu.ec/,1.4.3,afw4f7,Text has minimum contrast,87,div.elementor-posts-container > article.elementor-post > div.elementor-post__text > a.elementor-post__read-more,no,,,,R02,2026-09-08,,"No es un caracter visible: la regla no aplica. Texto oculto visualmente, de tamano cero o desplazado fuera de pantalla.",sin CMP detectada
96,ecuador,IAEN,https://www.iaen.edu.ec/,1.4.3,afw4f7,Text has minimum contrast,88,article.elementor-post > div.elementor-post__text > h3.elementor-post__title > a,no,,,,R02,2026-09-08,,"No es un caracter visible: la regla no aplica. Texto oculto visualmente, de tamano cero o desplazado fuera de pantalla.",sin CMP detectada
96,ecuador,IAEN,https://www.iaen.edu.ec/,1.4.3,afw4f7,Text has minimum contrast,89,article.elementor-post > div.elementor-post__text > div.elementor-post__meta-data > span.elementor-post-date,no,,,,R02,2026-09-08,,"No es un caracter visible: la regla no aplica. Texto oculto visualmente, de tamano cero o desplazado fuera de pantalla.",sin CMP detectada
96,ecuador,IAEN,https://www.iaen.edu.ec/,1.4.3,afw4f7,Text has minimum contrast,90,article.elementor-post > div.elementor-post__text > div.elementor-post__meta-data > span.elementor-post-avatar,no,,,,R02,2026-09-08,,"No es un caracter visible: la regla no aplica. Texto oculto visualmente, de tamano cero o desplazado fuera de pantalla.",sin CMP detectada
96,ecuador,IAEN,https://www.iaen.edu.ec/,1.4.3,afw4f7,Text has minimum contrast,91,article.elementor-post > div.elementor-post__text > div.elementor-post__excerpt > p,no,,,,R02,2026-09-08,,"No es un caracter visible: la regla no aplica. Texto oculto visualmente, de tamano cero o desplazado fuera de pantalla.",sin CMP detectada
96,ecuador,IAEN,https://www.iaen.edu.ec/,1.4.3,afw4f7,Text has minimum contrast,92,div.elementor-posts-container > article.elementor-post > div.elementor-post__text > a.elementor-post__read-more,no,,,,R02,2026-09-08,,"No es un caracter visible: la regla no aplica. Texto oculto visualmente, de tamano cero o desplazado fuera de pantalla.",sin CMP detectada
96,ecuador,IAEN,https://www.iaen.edu.ec/,1.4.3,afw4f7,Text has minimum contrast,93,div.elementor-widget-container > nav.elementor-pagination > span.page-numbers > span.elementor-screen-only,no,,,,R02,2026-09-08,,"No es un caracter visible: la regla no aplica. Texto oculto visualmente, de tamano cero o desplazado fuera de pantalla.",sin CMP detectada
96,ecuador,IAEN,https://www.iaen.edu.ec/,1.4.3,afw4f7,Text has minimum contrast,94,div.elementor-element > div.elementor-widget-container > nav.elementor-pagination > span.page-numbers,no,,,,R02,2026-09-08,,"No es un caracter visible: la regla no aplica. Texto oculto visualmente, de tamano cero o desplazado fuera de pantalla.",sin CMP detectada
96,ecuador,IAEN,https://www.iaen.edu.ec/,1.4.3,afw4f7,Text has minimum contrast,95,div.elementor-widget-container > nav.elementor-pagination > a.page-numbers > span.elementor-screen-only,no,,,,R02,2026-09-08,,"No es un caracter visible: la regla no aplica. Texto oculto visualmente, de tamano cero o desplazado fuera de pantalla.",sin CMP detectada
96,ecuador,IAEN,https://www.iaen.edu.ec/,1.4.3,afw4f7,Text has minimum contrast,96,div.elementor-element > div.elementor-widget-container > nav.elementor-pagination > a.page-numbers,no,,,,R02,2026-09-08,,"No es un caracter visible: la regla no aplica. Texto oculto visualmente, de tamano cero o desplazado fuera de pantalla.",sin CMP detectada
96,ecuador,IAEN,https://www.iaen.edu.ec/,1.4.3,afw4f7,Text has minimum contrast,97,div.elementor-widget-container > nav.elementor-pagination > a.page-numbers > span.elementor-screen-only,no,,,,R02,2026-09-08,,"No es un caracter visible: la regla no aplica. Texto oculto visualmente, de tamano cero o desplazado fuera de pantalla.",sin CMP detectada
96,ecuador,IAEN,https://www.iaen.edu.ec/,1.4.3,afw4f7,Text has minimum contrast,98,div.elementor-element > div.elementor-widget-container > nav.elementor-pagination > a.page-numbers,no,,,,R02,2026-09-08,,"No es un caracter visible: la regla no aplica. Texto oculto visualmente, de tamano cero o desplazado fuera de pantalla.",sin CMP detectada
96,ecuador,IAEN,https://www.iaen.edu.ec/,1.4.3,afw4f7,Text has minimum contrast,99,div.elementor-widget-container > nav.elementor-pagination > a.page-numbers > span.elementor-screen-only,no,,,,R02,2026-09-08,,"No es un caracter visible: la regla no aplica. Texto oculto visualmente, de tamano cero o desplazado fuera de pantalla.",sin CMP detectada
96,ecuador,IAEN,https://www.iaen.edu.ec/,1.4.3,afw4f7,Text has minimum contrast,100,div.elementor-element > div.elementor-widget-container > nav.elementor-pagination > a.page-numbers,no,,,,R02,2026-09-08,,"No es un caracter visible: la regla no aplica. Texto oculto visualmente, de tamano cero o desplazado fuera de pantalla.",sin CMP detectada
96,ecuador,IAEN,https://www.iaen.edu.ec/,1.4.3,afw4f7,Text has minimum contrast,101,div.elementor-widget-container > nav.elementor-pagination > a.page-numbers > span.elementor-screen-only,no,,,,R02,2026-09-08,,"No es un caracter visible: la regla no aplica. Texto oculto visualmente, de tamano cero o desplazado fuera de pantalla.",sin CMP detectada
96,ecuador,IAEN,https://www.iaen.edu.ec/,1.4.3,afw4f7,Text has minimum contrast,102,div.elementor-element > div.elementor-widget-container > nav.elementor-pagination > a.page-numbers,no,,,,R02,2026-09-08,,"No es un caracter visible: la regla no aplica. Texto oculto visualmente, de tamano cero o desplazado fuera de pantalla.",sin CMP detectada
96,ecuador,IAEN,https://www.iaen.edu.ec/,1.4.3,afw4f7,Text has minimum contrast,103,div.elementor-element > div.elementor-widget-container > div.iaen-container > div.iaen-header,si,cumple,12.61:1,,R02,2026-09-08,,"umbral 4.5:1 (texto normal, 16.0px negrita); texto: ""IAEN AL INSTANTE""",sin CMP detectada
96,ecuador,IAEN,https://www.iaen.edu.ec/,1.4.3,afw4f7,Text has minimum contrast,104,div.elementor-widget-container > div.iaen-container > div.iaen-footer > div.iaen-tag,si,cumple,5.89:1,,R02,2026-09-08,,"umbral 4.5:1 (texto normal, 11.0px negrita); texto: ""AHORA""",sin CMP detectada
96,ecuador,IAEN,https://www.iaen.edu.ec/,1.4.3,afw4f7,Text has minimum contrast,105,div.elementor-widget-container > div.iaen-container > div.iaen-footer > div.iaen-scrolling-text,si,cumple,13.90:1,,R02,2026-09-08,,"umbral 4.5:1 (texto normal, 12.0px); texto: ""Reproduciendo lista de contenidos actualizados""",sin CMP detectada
96,ecuador,IAEN,https://www.iaen.edu.ec/,1.4.3,afw4f7,Text has minimum contrast,106,div.elementor-element > div.elementor-element > div.elementor-widget-container > h2.elementor-heading-title,no,,,,R02,2026-09-08,,"No es un caracter visible: la regla no aplica. Texto oculto visualmente, de tamano cero o desplazado fuera de pantalla.",sin CMP detectada
96,ecuador,IAEN,https://www.iaen.edu.ec/,1.4.3,afw4f7,Text has minimum contrast,107,div.elementor-element > div.elementor-element > div.elementor-widget-container > h3,no,,,,R02,2026-09-08,,"No es un caracter visible: la regla no aplica. Texto oculto visualmente, de tamano cero o desplazado fuera de pantalla.",sin CMP detectada
96,ecuador,IAEN,https://www.iaen.edu.ec/,1.4.3,afw4f7,Text has minimum contrast,108,div.elementor-element > div.elementor-element > div.elementor-widget-container > p,no,,,,R02,2026-09-08,,"No es un caracter visible: la regla no aplica. Texto oculto visualmente, de tamano cero o desplazado fuera de pantalla.",sin CMP detectada
96,ecuador,IAEN,https://www.iaen.edu.ec/,1.4.3,afw4f7,Text has minimum contrast,109,div.elementor-element > div.elementor-element > div.elementor-widget-container > p,no,,,,R02,2026-09-08,,"No es un caracter visible: la regla no aplica. Texto oculto visualmente, de tamano cero o desplazado fuera de pantalla.",sin CMP detectada
96,ecuador,IAEN,https://www.iaen.edu.ec/,1.4.3,afw4f7,Text has minimum contrast,110,div.elementor-element > div.elementor-widget-container > p > strong,no,,,,R02,2026-09-08,,"No es un caracter visible: la regla no aplica. Texto oculto visualmente, de tamano cero o desplazado fuera de pantalla.",sin CMP detectada
96,ecuador,IAEN,https://www.iaen.edu.ec/,1.4.3,afw4f7,Text has minimum contrast,111,div.elementor-element > div.elementor-element > div.elementor-widget-container > p,no,,,,R02,2026-09-08,,"No es un caracter visible: la regla no aplica. Texto oculto visualmente, de tamano cero o desplazado fuera de pantalla.",sin CMP detectada
96,ecuador,IAEN,https://www.iaen.edu.ec/,1.4.3,afw4f7,Text has minimum contrast,112,div.elementor-element > div.elementor-element > div.elementor-widget-container > p,no,,,,R02,2026-09-08,,"No es un caracter visible: la regla no aplica. Texto oculto visualmente, de tamano cero o desplazado fuera de pantalla.",sin CMP detectada
96,ecuador,IAEN,https://www.iaen.edu.ec/,1.4.3,afw4f7,Text has minimum contrast,113,div.elementor-element > div.elementor-widget-container > p > a,no,,,,R02,2026-09-08,,"No es un caracter visible: la regla no aplica. Texto oculto visualmente, de tamano cero o desplazado fuera de pantalla.",sin CMP detectada
96,ecuador,IAEN,https://www.iaen.edu.ec/,1.4.3,afw4f7,Text has minimum contrast,114,div.e-con-inner > div.elementor-element > div.elementor-widget-container > h2.elementor-heading-title,no,,,,R02,2026-09-08,,"No es un caracter visible: la regla no aplica. Texto oculto visualmente, de tamano cero o desplazado fuera de pantalla.",sin CMP detectada
96,ecuador,IAEN,https://www.iaen.edu.ec/,1.4.3,afw4f7,Text has minimum contrast,115,div.elementor-icon-box-wrapper > div.elementor-icon-box-content > h3.elementor-icon-box-title > span,no,,,,R02,2026-09-08,,"No es un caracter visible: la regla no aplica. Texto oculto visualmente, de tamano cero o desplazado fuera de pantalla.",sin CMP detectada
96,ecuador,IAEN,https://www.iaen.edu.ec/,1.4.3,afw4f7,Text has minimum contrast,116,div.elementor-widget-container > div.elementor-icon-box-wrapper > div.elementor-icon-box-content > p.elementor-icon-box-description,no,,,,R02,2026-09-08,,"No es un caracter visible: la regla no aplica. Texto oculto visualmente, de tamano cero o desplazado fuera de pantalla.",sin CMP detectada
96,ecuador,IAEN,https://www.iaen.edu.ec/,1.4.3,afw4f7,Text has minimum contrast,117,div.elementor-button-wrapper > a.elementor-button > span.elementor-button-content-wrapper > span.elementor-button-text,no,,,,R02,2026-09-08,,"No es un caracter visible: la regla no aplica. Texto oculto visualmente, de tamano cero o desplazado fuera de pantalla.",sin CMP detectada
96,ecuador,IAEN,https://www.iaen.edu.ec/,1.4.3,afw4f7,Text has minimum contrast,118,div.elementor-icon-box-wrapper > div.elementor-icon-box-content > h3.elementor-icon-box-title > span,no,,,,R02,2026-09-08,,"No es un caracter visible: la regla no aplica. Texto oculto visualmente, de tamano cero o desplazado fuera de pantalla.",sin CMP detectada
96,ecuador,IAEN,https://www.iaen.edu.ec/,1.4.3,afw4f7,Text has minimum contrast,119,div.elementor-widget-container > div.elementor-icon-box-wrapper > div.elementor-icon-box-content > p.elementor-icon-box-description,no,,,,R02,2026-09-08,,"No es un caracter visible: la regla no aplica. Texto oculto visualmente, de tamano cero o desplazado fuera de pantalla.",sin CMP detectada
96,ecuador,IAEN,https://www.iaen.edu.ec/,1.4.3,afw4f7,Text has minimum contrast,120,div.elementor-button-wrapper > a.elementor-button > span.elementor-button-content-wrapper > span.elementor-button-text,no,,,,R02,2026-09-08,,"No es un caracter visible: la regla no aplica. Texto oculto visualmente, de tamano cero o desplazado fuera de pantalla.",sin CMP detectada
96,ecuador,IAEN,https://www.iaen.edu.ec/,1.4.3,afw4f7,Text has minimum contrast,121,div.elementor-icon-box-wrapper > div.elementor-icon-box-content > h3.elementor-icon-box-title > span,no,,,,R02,2026-09-08,,"No es un caracter visible: la regla no aplica. Texto oculto visualmente, de tamano cero o desplazado fuera de pantalla.",sin CMP detectada
96,ecuador,IAEN,https://www.iaen.edu.ec/,1.4.3,afw4f7,Text has minimum contrast,122,div.elementor-widget-container > div.elementor-icon-box-wrapper > div.elementor-icon-box-content > p.elementor-icon-box-description,no,,,,R02,2026-09-08,,"No es un caracter visible: la regla no aplica. Texto oculto visualmente, de tamano cero o desplazado fuera de pantalla.",sin CMP detectada
96,ecuador,IAEN,https://www.iaen.edu.ec/,1.4.3,afw4f7,Text has minimum contrast,123,div.elementor-button-wrapper > a.elementor-button > span.elementor-button-content-wrapper > span.elementor-button-text,no,,,,R02,2026-09-08,,"No es un caracter visible: la regla no aplica. Texto oculto visualmente, de tamano cero o desplazado fuera de pantalla.",sin CMP detectada
96,ecuador,IAEN,https://www.iaen.edu.ec/,1.4.3,afw4f7,Text has minimum contrast,124,span.elementor-icon > svg > defs > style,no,,,,R02,2026-09-08,,"No es un caracter visible: la regla no aplica. Texto oculto visualmente, de tamano cero o desplazado fuera de pantalla.",sin CMP detectada
96,ecuador,IAEN,https://www.iaen.edu.ec/,1.4.3,afw4f7,Text has minimum contrast,125,div.elementor-icon-box-wrapper > div.elementor-icon-box-content > h3.elementor-icon-box-title > span,no,,,,R02,2026-09-08,,"No es un caracter visible: la regla no aplica. Texto oculto visualmente, de tamano cero o desplazado fuera de pantalla.",sin CMP detectada
96,ecuador,IAEN,https://www.iaen.edu.ec/,1.4.3,afw4f7,Text has minimum contrast,126,div.elementor-widget-container > div.elementor-icon-box-wrapper > div.elementor-icon-box-content > p.elementor-icon-box-description,no,,,,R02,2026-09-08,,"No es un caracter visible: la regla no aplica. Texto oculto visualmente, de tamano cero o desplazado fuera de pantalla.",sin CMP detectada
96,ecuador,IAEN,https://www.iaen.edu.ec/,1.4.3,afw4f7,Text has minimum contrast,127,div.elementor-button-wrapper > a.elementor-button > span.elementor-button-content-wrapper > span.elementor-button-text,no,,,,R02,2026-09-08,,"No es un caracter visible: la regla no aplica. Texto oculto visualmente, de tamano cero o desplazado fuera de pantalla.",sin CMP detectada
96,ecuador,IAEN,https://www.iaen.edu.ec/,1.4.3,afw4f7,Text has minimum contrast,128,div.elementor-icon-box-wrapper > div.elementor-icon-box-content > h3.elementor-icon-box-title > span,no,,,,R02,2026-09-08,,"No es un caracter visible: la regla no aplica. Texto oculto visualmente, de tamano cero o desplazado fuera de pantalla.",sin CMP detectada
96,ecuador,IAEN,https://www.iaen.edu.ec/,1.4.3,afw4f7,Text has minimum contrast,129,div.elementor-widget-container > div.elementor-icon-box-wrapper > div.elementor-icon-box-content > p.elementor-icon-box-description,no,,,,R02,2026-09-08,,"No es un caracter visible: la regla no aplica. Texto oculto visualmente, de tamano cero o desplazado fuera de pantalla.",sin CMP detectada
96,ecuador,IAEN,https://www.iaen.edu.ec/,1.4.3,afw4f7,Text has minimum contrast,130,div.elementor-button-wrapper > a.elementor-button > span.elementor-button-content-wrapper > span.elementor-button-text,no,,,,R02,2026-09-08,,"No es un caracter visible: la regla no aplica. Texto oculto visualmente, de tamano cero o desplazado fuera de pantalla.",sin CMP detectada
96,ecuador,IAEN,https://www.iaen.edu.ec/,1.4.3,afw4f7,Text has minimum contrast,131,div.elementor-icon-box-icon > span.elementor-icon > svg > style,no,,,,R02,2026-09-08,,"No es un caracter visible: la regla no aplica. Texto oculto visualmente, de tamano cero o desplazado fuera de pantalla.",sin CMP detectada
96,ecuador,IAEN,https://www.iaen.edu.ec/,1.4.3,afw4f7,Text has minimum contrast,132,div.elementor-icon-box-wrapper > div.elementor-icon-box-content > h3.elementor-icon-box-title > span,no,,,,R02,2026-09-08,,"No es un caracter visible: la regla no aplica. Texto oculto visualmente, de tamano cero o desplazado fuera de pantalla.",sin CMP detectada
96,ecuador,IAEN,https://www.iaen.edu.ec/,1.4.3,afw4f7,Text has minimum contrast,133,div.elementor-widget-container > div.elementor-icon-box-wrapper > div.elementor-icon-box-content > p.elementor-icon-box-description,no,,,,R02,2026-09-08,,"No es un caracter visible: la regla no aplica. Texto oculto visualmente, de tamano cero o desplazado fuera de pantalla.",sin CMP detectada
96,ecuador,IAEN,https://www.iaen.edu.ec/,1.4.3,afw4f7,Text has minimum contrast,134,div.elementor-button-wrapper > a.elementor-button > span.elementor-button-content-wrapper > span.elementor-button-text,no,,,,R02,2026-09-08,,"No es un caracter visible: la regla no aplica. Texto oculto visualmente, de tamano cero o desplazado fuera de pantalla.",sin CMP detectada
96,ecuador,IAEN,https://www.iaen.edu.ec/,1.4.3,afw4f7,Text has minimum contrast,135,div.e-con-inner > div.elementor-element > div.elementor-widget-container > h2.elementor-heading-title,si,falla,2.02:1,,R02,2026-09-08,,"umbral 3:1 (texto grande, 30.0px); texto: ""Redes""",sin CMP detectada
96,ecuador,IAEN,https://www.iaen.edu.ec/,1.4.3,afw4f7,Text has minimum contrast,136,div.e-con-inner > div.elementor-element > div.elementor-widget-container > h2.elementor-heading-title,no,,,,R02,2026-09-08,,"No es un caracter visible: la regla no aplica. Texto oculto visualmente, de tamano cero o desplazado fuera de pantalla.",sin CMP detectada
96,ecuador,IAEN,https://www.iaen.edu.ec/,1.4.3,afw4f7,Text has minimum contrast,137,div.e-con-inner > div.elementor-element > div.elementor-widget-container > p,no,,,,R02,2026-09-08,,"No es un caracter visible: la regla no aplica. Texto oculto visualmente, de tamano cero o desplazado fuera de pantalla.",sin CMP detectada
96,ecuador,IAEN,https://www.iaen.edu.ec/,1.4.3,afw4f7,Text has minimum contrast,138,div.elementor-social-icons-wrapper > span.elementor-grid-item > a.elementor-icon > span.elementor-screen-only,no,,,,R02,2026-09-08,,"No es un caracter visible: la regla no aplica. Texto oculto visualmente, de tamano cero o desplazado fuera de pantalla.",sin CMP detectada
96,ecuador,IAEN,https://www.iaen.edu.ec/,1.4.3,afw4f7,Text has minimum contrast,139,div.elementor-social-icons-wrapper > span.elementor-grid-item > a.elementor-icon > span.elementor-screen-only,no,,,,R02,2026-09-08,,"No es un caracter visible: la regla no aplica. Texto oculto visualmente, de tamano cero o desplazado fuera de pantalla.",sin CMP detectada
96,ecuador,IAEN,https://www.iaen.edu.ec/,1.4.3,afw4f7,Text has minimum contrast,140,div.elementor-social-icons-wrapper > span.elementor-grid-item > a.elementor-icon > span.elementor-screen-only,no,,,,R02,2026-09-08,,"No es un caracter visible: la regla no aplica. Texto oculto visualmente, de tamano cero o desplazado fuera de pantalla.",sin CMP detectada
96,ecuador,IAEN,https://www.iaen.edu.ec/,1.4.3,afw4f7,Text has minimum contrast,141,div.elementor-social-icons-wrapper > span.elementor-grid-item > a.elementor-icon > span.elementor-screen-only,no,,,,R02,2026-09-08,,"No es un caracter visible: la regla no aplica. Texto oculto visualmente, de tamano cero o desplazado fuera de pantalla.",sin CMP detectada
96,ecuador,IAEN,https://www.iaen.edu.ec/,1.4.3,afw4f7,Text has minimum contrast,142,div.elementor-social-icons-wrapper > span.elementor-grid-item > a.elementor-icon > span.elementor-screen-only,no,,,,R02,2026-09-08,,"No es un caracter visible: la regla no aplica. Texto oculto visualmente, de tamano cero o desplazado fuera de pantalla.",sin CMP detectada
96,ecuador,IAEN,https://www.iaen.edu.ec/,1.4.3,afw4f7,Text has minimum contrast,143,div.e-con-inner > div.elementor-element > div.elementor-widget-container > p,no,,,,R02,2026-09-08,,"No es un caracter visible: la regla no aplica. Texto oculto visualmente, de tamano cero o desplazado fuera de pantalla.",sin CMP detectada
96,ecuador,IAEN,https://www.iaen.edu.ec/,1.4.3,afw4f7,Text has minimum contrast,144,div.acwp-toolbar > div > div.acwp-heading > p.acwp-title,no,,,,R02,2026-09-08,,"No es un caracter visible: la regla no aplica. Texto oculto visualmente, de tamano cero o desplazado fuera de pantalla.",sin CMP detectada
96,ecuador,IAEN,https://www.iaen.edu.ec/,1.4.3,afw4f7,Text has minimum contrast,145,div > div.acwp-heading > button > i.material-icons,no,,,,R02,2026-09-08,,"No es un caracter visible: la regla no aplica. Texto oculto visualmente, de tamano cero o desplazado fuera de pantalla.",sin CMP detectada
96,ecuador,IAEN,https://www.iaen.edu.ec/,1.4.3,afw4f7,Text has minimum contrast,146,div > div.acwp-heading > button > span.sr-only,no,,,,R02,2026-09-08,,"No es un caracter visible: la regla no aplica. Texto oculto visualmente, de tamano cero o desplazado fuera de pantalla.",sin CMP detectada
96,ecuador,IAEN,https://www.iaen.edu.ec/,1.4.3,afw4f7,Text has minimum contrast,147,div.acwp-togglers > div.acwp-toggler > label > i.material-icons,no,,,,R02,2026-09-08,,"No es un caracter visible: la regla no aplica. Texto oculto visualmente, de tamano cero o desplazado fuera de pantalla.",sin CMP detectada
96,ecuador,IAEN,https://www.iaen.edu.ec/,1.4.3,afw4f7,Text has minimum contrast,148,div.acwp-togglers > div.acwp-toggler > label > span,no,,,,R02,2026-09-08,,"No es un caracter visible: la regla no aplica. Texto oculto visualmente, de tamano cero o desplazado fuera de pantalla.",sin CMP detectada
96,ecuador,IAEN,https://www.iaen.edu.ec/,1.4.3,afw4f7,Text has minimum contrast,149,div.acwp-togglers > div.acwp-toggler > label > i.material-icons,no,,,,R02,2026-09-08,,"No es un caracter visible: la regla no aplica. Texto oculto visualmente, de tamano cero o desplazado fuera de pantalla.",sin CMP detectada
96,ecuador,IAEN,https://www.iaen.edu.ec/,1.4.3,afw4f7,Text has minimum contrast,150,div.acwp-togglers > div.acwp-toggler > label > span,no,,,,R02,2026-09-08,,"No es un caracter visible: la regla no aplica. Texto oculto visualmente, de tamano cero o desplazado fuera de pantalla.",sin CMP detectada
96,ecuador,IAEN,https://www.iaen.edu.ec/,1.4.3,afw4f7,Text has minimum contrast,151,div.acwp-togglers > div.acwp-toggler > label > i.material-icons,no,,,,R02,2026-09-08,,"No es un caracter visible: la regla no aplica. Texto oculto visualmente, de tamano cero o desplazado fuera de pantalla.",sin CMP detectada
96,ecuador,IAEN,https://www.iaen.edu.ec/,1.4.3,afw4f7,Text has minimum contrast,152,div.acwp-togglers > div.acwp-toggler > label > span,no,,,,R02,2026-09-08,,"No es un caracter visible: la regla no aplica. Texto oculto visualmente, de tamano cero o desplazado fuera de pantalla.",sin CMP detectada
96,ecuador,IAEN,https://www.iaen.edu.ec/,1.4.3,afw4f7,Text has minimum contrast,153,div.acwp-togglers > div.acwp-toggler > label > i.material-icons,no,,,,R02,2026-09-08,,"No es un caracter visible: la regla no aplica. Texto oculto visualmente, de tamano cero o desplazado fuera de pantalla.",sin CMP detectada
96,ecuador,IAEN,https://www.iaen.edu.ec/,1.4.3,afw4f7,Text has minimum contrast,154,div.acwp-togglers > div.acwp-toggler > label > span,no,,,,R02,2026-09-08,,"No es un caracter visible: la regla no aplica. Texto oculto visualmente, de tamano cero o desplazado fuera de pantalla.",sin CMP detectada
96,ecuador,IAEN,https://www.iaen.edu.ec/,1.4.3,afw4f7,Text has minimum contrast,155,div.acwp-togglers > div.acwp-toggler > label > i.material-icons,no,,,,R02,2026-09-08,,"No es un caracter visible: la regla no aplica. Texto oculto visualmente, de tamano cero o desplazado fuera de pantalla.",sin CMP detectada
96,ecuador,IAEN,https://www.iaen.edu.ec/,1.4.3,afw4f7,Text has minimum contrast,156,div.acwp-togglers > div.acwp-toggler > label > span,no,,,,R02,2026-09-08,,"No es un caracter visible: la regla no aplica. Texto oculto visualmente, de tamano cero o desplazado fuera de pantalla.",sin CMP detectada
96,ecuador,IAEN,https://www.iaen.edu.ec/,1.4.3,afw4f7,Text has minimum contrast,157,div.acwp-togglers > div.acwp-toggler > label > i.material-icons,no,,,,R02,2026-09-08,,"No es un caracter visible: la regla no aplica. Texto oculto visualmente, de tamano cero o desplazado fuera de pantalla.",sin CMP detectada
96,ecuador,IAEN,https://www.iaen.edu.ec/,1.4.3,afw4f7,Text has minimum contrast,158,div.acwp-togglers > div.acwp-toggler > label > span,no,,,,R02,2026-09-08,,"No es un caracter visible: la regla no aplica. Texto oculto visualmente, de tamano cero o desplazado fuera de pantalla.",sin CMP detectada
96,ecuador,IAEN,https://www.iaen.edu.ec/,1.4.3,afw4f7,Text has minimum contrast,159,div.acwp-togglers > div.acwp-toggler > label > i.material-icons,no,,,,R02,2026-09-08,,"No es un caracter visible: la regla no aplica. Texto oculto visualmente, de tamano cero o desplazado fuera de pantalla.",sin CMP detectada
96,ecuador,IAEN,https://www.iaen.edu.ec/,1.4.3,afw4f7,Text has minimum contrast,160,div.acwp-togglers > div.acwp-toggler > label > span,no,,,,R02,2026-09-08,,"No es un caracter visible: la regla no aplica. Texto oculto visualmente, de tamano cero o desplazado fuera de pantalla.",sin CMP detectada
96,ecuador,IAEN,https://www.iaen.edu.ec/,1.4.3,afw4f7,Text has minimum contrast,161,div.acwp-togglers > div.acwp-toggler > label > i.material-icons,no,,,,R02,2026-09-08,,"No es un caracter visible: la regla no aplica. Texto oculto visualmente, de tamano cero o desplazado fuera de pantalla.",sin CMP detectada
96,ecuador,IAEN,https://www.iaen.edu.ec/,1.4.3,afw4f7,Text has minimum contrast,162,div.acwp-togglers > div.acwp-toggler > label > span,no,,,,R02,2026-09-08,,"No es un caracter visible: la regla no aplica. Texto oculto visualmente, de tamano cero o desplazado fuera de pantalla.",sin CMP detectada
96,ecuador,IAEN,https://www.iaen.edu.ec/,1.4.3,afw4f7,Text has minimum contrast,163,div > div.acwp-footer > ul > li,no,,,,R02,2026-09-08,,"No es un caracter visible: la regla no aplica. Texto oculto visualmente, de tamano cero o desplazado fuera de pantalla.",sin CMP detectada
96,ecuador,IAEN,https://www.iaen.edu.ec/,1.4.3,afw4f7,Text has minimum contrast,164,div.acwp-footer > ul > li > i.material-icons,no,,,,R02,2026-09-08,,"No es un caracter visible: la regla no aplica. Texto oculto visualmente, de tamano cero o desplazado fuera de pantalla.",sin CMP detectada
96,ecuador,IAEN,https://www.iaen.edu.ec/,1.4.3,afw4f7,Text has minimum contrast,165,div.acwp-footer > ul > li > span.sr-only,no,,,,R02,2026-09-08,,"No es un caracter visible: la regla no aplica. Texto oculto visualmente, de tamano cero o desplazado fuera de pantalla.",sin CMP detectada
96,ecuador,IAEN,https://www.iaen.edu.ec/,1.4.3,afw4f7,Text has minimum contrast,166,div.acwp-footer > ul > li > a,no,,,,R02,2026-09-08,,"No es un caracter visible: la regla no aplica. Texto oculto visualmente, de tamano cero o desplazado fuera de pantalla.",sin CMP detectada
96,ecuador,IAEN,https://www.iaen.edu.ec/,1.4.3,afw4f7,Text has minimum contrast,167,div.skiptranslate > div > select.goog-te-combo > option,no,,,,R02,2026-09-08,,"No es un caracter visible: la regla no aplica. Texto oculto visualmente, de tamano cero o desplazado fuera de pantalla.",sin CMP detectada
96,ecuador,IAEN,https://www.iaen.edu.ec/,1.4.3,afw4f7,Text has minimum contrast,168,div.skiptranslate > div > select.goog-te-combo > option,no,,,,R02,2026-09-08,,"No es un caracter visible: la regla no aplica. Texto oculto visualmente, de tamano cero o desplazado fuera de pantalla.",sin CMP detectada
96,ecuador,IAEN,https://www.iaen.edu.ec/,1.4.3,afw4f7,Text has minimum contrast,169,div.skiptranslate > div > select.goog-te-combo > option,no,,,,R02,2026-09-08,,"No es un caracter visible: la regla no aplica. Texto oculto visualmente, de tamano cero o desplazado fuera de pantalla.",sin CMP detectada
96,ecuador,IAEN,https://www.iaen.edu.ec/,1.4.3,afw4f7,Text has minimum contrast,170,div.skiptranslate > div > select.goog-te-combo > option,no,,,,R02,2026-09-08,,"No es un caracter visible: la regla no aplica. Texto oculto visualmente, de tamano cero o desplazado fuera de pantalla.",sin CMP detectada
96,ecuador,IAEN,https://www.iaen.edu.ec/,1.4.3,afw4f7,Text has minimum contrast,171,div.skiptranslate > div > select.goog-te-combo > option,no,,,,R02,2026-09-08,,"No es un caracter visible: la regla no aplica. Texto oculto visualmente, de tamano cero o desplazado fuera de pantalla.",sin CMP detectada
96,ecuador,IAEN,https://www.iaen.edu.ec/,1.4.3,afw4f7,Text has minimum contrast,172,div.skiptranslate > div > select.goog-te-combo > option,no,,,,R02,2026-09-08,,"No es un caracter visible: la regla no aplica. Texto oculto visualmente, de tamano cero o desplazado fuera de pantalla.",sin CMP detectada
96,ecuador,IAEN,https://www.iaen.edu.ec/,1.4.3,afw4f7,Text has minimum contrast,173,div.skiptranslate > div > select.goog-te-combo > option,no,,,,R02,2026-09-08,,"No es un caracter visible: la regla no aplica. Texto oculto visualmente, de tamano cero o desplazado fuera de pantalla.",sin CMP detectada
96,ecuador,IAEN,https://www.iaen.edu.ec/,1.4.3,afw4f7,Text has minimum contrast,174,div.skiptranslate > div > select.goog-te-combo > option,no,,,,R02,2026-09-08,,"No es un caracter visible: la regla no aplica. Texto oculto visualmente, de tamano cero o desplazado fuera de pantalla.",sin CMP detectada
96,ecuador,IAEN,https://www.iaen.edu.ec/,1.4.3,afw4f7,Text has minimum contrast,175,div.skiptranslate > div > select.goog-te-combo > option,no,,,,R02,2026-09-08,,"No es un caracter visible: la regla no aplica. Texto oculto visualmente, de tamano cero o desplazado fuera de pantalla.",sin CMP detectada
96,ecuador,IAEN,https://www.iaen.edu.ec/,1.4.3,afw4f7,Text has minimum contrast,176,div.skiptranslate > div > select.goog-te-combo > option,no,,,,R02,2026-09-08,,"No es un caracter visible: la regla no aplica. Texto oculto visualmente, de tamano cero o desplazado fuera de pantalla.",sin CMP detectada
96,ecuador,IAEN,https://www.iaen.edu.ec/,1.4.3,afw4f7,Text has minimum contrast,177,div.skiptranslate > div > select.goog-te-combo > option,no,,,,R02,2026-09-08,,"No es un caracter visible: la regla no aplica. Texto oculto visualmente, de tamano cero o desplazado fuera de pantalla.",sin CMP detectada
96,ecuador,IAEN,https://www.iaen.edu.ec/,1.4.3,afw4f7,Text has minimum contrast,178,div.skiptranslate > div > select.goog-te-combo > option,no,,,,R02,2026-09-08,,"No es un caracter visible: la regla no aplica. Texto oculto visualmente, de tamano cero o desplazado fuera de pantalla.",sin CMP detectada
96,ecuador,IAEN,https://www.iaen.edu.ec/,1.4.3,afw4f7,Text has minimum contrast,179,div.skiptranslate > div > select.goog-te-combo > option,no,,,,R02,2026-09-08,,"No es un caracter visible: la regla no aplica. Texto oculto visualmente, de tamano cero o desplazado fuera de pantalla.",sin CMP detectada
96,ecuador,IAEN,https://www.iaen.edu.ec/,1.4.3,afw4f7,Text has minimum contrast,180,div.skiptranslate > div > select.goog-te-combo > option,no,,,,R02,2026-09-08,,"No es un caracter visible: la regla no aplica. Texto oculto visualmente, de tamano cero o desplazado fuera de pantalla.",sin CMP detectada
96,ecuador,IAEN,https://www.iaen.edu.ec/,1.4.3,afw4f7,Text has minimum contrast,181,div.skiptranslate > div > select.goog-te-combo > option,no,,,,R02,2026-09-08,,"No es un caracter visible: la regla no aplica. Texto oculto visualmente, de tamano cero o desplazado fuera de pantalla.",sin CMP detectada
96,ecuador,IAEN,https://www.iaen.edu.ec/,1.4.3,afw4f7,Text has minimum contrast,182,div.skiptranslate > div > select.goog-te-combo > option,no,,,,R02,2026-09-08,,"No es un caracter visible: la regla no aplica. Texto oculto visualmente, de tamano cero o desplazado fuera de pantalla.",sin CMP detectada
96,ecuador,IAEN,https://www.iaen.edu.ec/,1.4.3,afw4f7,Text has minimum contrast,183,div.skiptranslate > div > select.goog-te-combo > option,no,,,,R02,2026-09-08,,"No es un caracter visible: la regla no aplica. Texto oculto visualmente, de tamano cero o desplazado fuera de pantalla.",sin CMP detectada
96,ecuador,IAEN,https://www.iaen.edu.ec/,1.4.3,afw4f7,Text has minimum contrast,184,div.skiptranslate > div > select.goog-te-combo > option,no,,,,R02,2026-09-08,,"No es un caracter visible: la regla no aplica. Texto oculto visualmente, de tamano cero o desplazado fuera de pantalla.",sin CMP detectada
96,ecuador,IAEN,https://www.iaen.edu.ec/,1.4.3,afw4f7,Text has minimum contrast,185,div.skiptranslate > div > select.goog-te-combo > option,no,,,,R02,2026-09-08,,"No es un caracter visible: la regla no aplica. Texto oculto visualmente, de tamano cero o desplazado fuera de pantalla.",sin CMP detectada
96,ecuador,IAEN,https://www.iaen.edu.ec/,1.4.3,afw4f7,Text has minimum contrast,186,div.skiptranslate > div > select.goog-te-combo > option,no,,,,R02,2026-09-08,,"No es un caracter visible: la regla no aplica. Texto oculto visualmente, de tamano cero o desplazado fuera de pantalla.",sin CMP detectada
96,ecuador,IAEN,https://www.iaen.edu.ec/,1.4.3,afw4f7,Text has minimum contrast,187,div.skiptranslate > div > select.goog-te-combo > option,no,,,,R02,2026-09-08,,"No es un caracter visible: la regla no aplica. Texto oculto visualmente, de tamano cero o desplazado fuera de pantalla.",sin CMP detectada
96,ecuador,IAEN,https://www.iaen.edu.ec/,1.4.3,afw4f7,Text has minimum contrast,188,div.skiptranslate > div > select.goog-te-combo > option,no,,,,R02,2026-09-08,,"No es un caracter visible: la regla no aplica. Texto oculto visualmente, de tamano cero o desplazado fuera de pantalla.",sin CMP detectada
96,ecuador,IAEN,https://www.iaen.edu.ec/,1.4.3,afw4f7,Text has minimum contrast,189,div.skiptranslate > div > select.goog-te-combo > option,no,,,,R02,2026-09-08,,"No es un caracter visible: la regla no aplica. Texto oculto visualmente, de tamano cero o desplazado fuera de pantalla.",sin CMP detectada
96,ecuador,IAEN,https://www.iaen.edu.ec/,1.4.3,afw4f7,Text has minimum contrast,190,div.skiptranslate > div > select.goog-te-combo > option,no,,,,R02,2026-09-08,,"No es un caracter visible: la regla no aplica. Texto oculto visualmente, de tamano cero o desplazado fuera de pantalla.",sin CMP detectada
96,ecuador,IAEN,https://www.iaen.edu.ec/,1.4.3,afw4f7,Text has minimum contrast,191,div.skiptranslate > div > select.goog-te-combo > option,no,,,,R02,2026-09-08,,"No es un caracter visible: la regla no aplica. Texto oculto visualmente, de tamano cero o desplazado fuera de pantalla.",sin CMP detectada
96,ecuador,IAEN,https://www.iaen.edu.ec/,1.4.3,afw4f7,Text has minimum contrast,192,div.skiptranslate > div > select.goog-te-combo > option,no,,,,R02,2026-09-08,,"No es un caracter visible: la regla no aplica. Texto oculto visualmente, de tamano cero o desplazado fuera de pantalla.",sin CMP detectada
96,ecuador,IAEN,https://www.iaen.edu.ec/,1.4.3,afw4f7,Text has minimum contrast,193,div.skiptranslate > div > select.goog-te-combo > option,no,,,,R02,2026-09-08,,"No es un caracter visible: la regla no aplica. Texto oculto visualmente, de tamano cero o desplazado fuera de pantalla.",sin CMP detectada
96,ecuador,IAEN,https://www.iaen.edu.ec/,1.4.3,afw4f7,Text has minimum contrast,194,div.skiptranslate > div > select.goog-te-combo > option,no,,,,R02,2026-09-08,,"No es un caracter visible: la regla no aplica. Texto oculto visualmente, de tamano cero o desplazado fuera de pantalla.",sin CMP detectada
96,ecuador,IAEN,https://www.iaen.edu.ec/,1.4.3,afw4f7,Text has minimum contrast,195,div.skiptranslate > div > select.goog-te-combo > option,no,,,,R02,2026-09-08,,"No es un caracter visible: la regla no aplica. Texto oculto visualmente, de tamano cero o desplazado fuera de pantalla.",sin CMP detectada
96,ecuador,IAEN,https://www.iaen.edu.ec/,1.4.3,afw4f7,Text has minimum contrast,196,div.skiptranslate > div > select.goog-te-combo > option,no,,,,R02,2026-09-08,,"No es un caracter visible: la regla no aplica. Texto oculto visualmente, de tamano cero o desplazado fuera de pantalla.",sin CMP detectada
96,ecuador,IAEN,https://www.iaen.edu.ec/,1.4.3,afw4f7,Text has minimum contrast,197,div.skiptranslate > div > select.goog-te-combo > option,no,,,,R02,2026-09-08,,"No es un caracter visible: la regla no aplica. Texto oculto visualmente, de tamano cero o desplazado fuera de pantalla.",sin CMP detectada
96,ecuador,IAEN,https://www.iaen.edu.ec/,1.4.3,afw4f7,Text has minimum contrast,198,div.skiptranslate > div > select.goog-te-combo > option,no,,,,R02,2026-09-08,,"No es un caracter visible: la regla no aplica. Texto oculto visualmente, de tamano cero o desplazado fuera de pantalla.",sin CMP detectada
96,ecuador,IAEN,https://www.iaen.edu.ec/,1.4.3,afw4f7,Text has minimum contrast,199,div.skiptranslate > div > select.goog-te-combo > option,no,,,,R02,2026-09-08,,"No es un caracter visible: la regla no aplica. Texto oculto visualmente, de tamano cero o desplazado fuera de pantalla.",sin CMP detectada
96,ecuador,IAEN,https://www.iaen.edu.ec/,1.4.3,afw4f7,Text has minimum contrast,200,div.skiptranslate > div > select.goog-te-combo > option,no,,,,R02,2026-09-08,,"No es un caracter visible: la regla no aplica. Texto oculto visualmente, de tamano cero o desplazado fuera de pantalla.",sin CMP detectada
96,ecuador,IAEN,https://www.iaen.edu.ec/,1.4.3,afw4f7,Text has minimum contrast,201,div.skiptranslate > div > select.goog-te-combo > option,no,,,,R02,2026-09-08,,"No es un caracter visible: la regla no aplica. Texto oculto visualmente, de tamano cero o desplazado fuera de pantalla.",sin CMP detectada
96,ecuador,IAEN,https://www.iaen.edu.ec/,1.4.3,afw4f7,Text has minimum contrast,202,div.skiptranslate > div > select.goog-te-combo > option,no,,,,R02,2026-09-08,,"No es un caracter visible: la regla no aplica. Texto oculto visualmente, de tamano cero o desplazado fuera de pantalla.",sin CMP detectada
96,ecuador,IAEN,https://www.iaen.edu.ec/,1.4.3,afw4f7,Text has minimum contrast,203,div.skiptranslate > div > select.goog-te-combo > option,no,,,,R02,2026-09-08,,"No es un caracter visible: la regla no aplica. Texto oculto visualmente, de tamano cero o desplazado fuera de pantalla.",sin CMP detectada
96,ecuador,IAEN,https://www.iaen.edu.ec/,1.4.3,afw4f7,Text has minimum contrast,204,div.skiptranslate > div > select.goog-te-combo > option,no,,,,R02,2026-09-08,,"No es un caracter visible: la regla no aplica. Texto oculto visualmente, de tamano cero o desplazado fuera de pantalla.",sin CMP detectada
96,ecuador,IAEN,https://www.iaen.edu.ec/,1.4.3,afw4f7,Text has minimum contrast,205,div.skiptranslate > div > select.goog-te-combo > option,no,,,,R02,2026-09-08,,"No es un caracter visible: la regla no aplica. Texto oculto visualmente, de tamano cero o desplazado fuera de pantalla.",sin CMP detectada
96,ecuador,IAEN,https://www.iaen.edu.ec/,1.4.3,afw4f7,Text has minimum contrast,206,div.skiptranslate > div > select.goog-te-combo > option,no,,,,R02,2026-09-08,,"No es un caracter visible: la regla no aplica. Texto oculto visualmente, de tamano cero o desplazado fuera de pantalla.",sin CMP detectada
96,ecuador,IAEN,https://www.iaen.edu.ec/,1.4.3,afw4f7,Text has minimum contrast,207,div.skiptranslate > div > select.goog-te-combo > option,no,,,,R02,2026-09-08,,"No es un caracter visible: la regla no aplica. Texto oculto visualmente, de tamano cero o desplazado fuera de pantalla.",sin CMP detectada
96,ecuador,IAEN,https://www.iaen.edu.ec/,1.4.3,afw4f7,Text has minimum contrast,208,div.skiptranslate > div > select.goog-te-combo > option,no,,,,R02,2026-09-08,,"No es un caracter visible: la regla no aplica. Texto oculto visualmente, de tamano cero o desplazado fuera de pantalla.",sin CMP detectada
96,ecuador,IAEN,https://www.iaen.edu.ec/,1.4.3,afw4f7,Text has minimum contrast,209,div.skiptranslate > div > select.goog-te-combo > option,no,,,,R02,2026-09-08,,"No es un caracter visible: la regla no aplica. Texto oculto visualmente, de tamano cero o desplazado fuera de pantalla.",sin CMP detectada
96,ecuador,IAEN,https://www.iaen.edu.ec/,1.4.3,afw4f7,Text has minimum contrast,210,div.skiptranslate > div > select.goog-te-combo > option,no,,,,R02,2026-09-08,,"No es un caracter visible: la regla no aplica. Texto oculto visualmente, de tamano cero o desplazado fuera de pantalla.",sin CMP detectada
96,ecuador,IAEN,https://www.iaen.edu.ec/,1.4.3,afw4f7,Text has minimum contrast,211,div.skiptranslate > div > select.goog-te-combo > option,no,,,,R02,2026-09-08,,"No es un caracter visible: la regla no aplica. Texto oculto visualmente, de tamano cero o desplazado fuera de pantalla.",sin CMP detectada
96,ecuador,IAEN,https://www.iaen.edu.ec/,1.4.3,afw4f7,Text has minimum contrast,212,div.skiptranslate > div > select.goog-te-combo > option,no,,,,R02,2026-09-08,,"No es un caracter visible: la regla no aplica. Texto oculto visualmente, de tamano cero o desplazado fuera de pantalla.",sin CMP detectada
96,ecuador,IAEN,https://www.iaen.edu.ec/,1.4.3,afw4f7,Text has minimum contrast,213,div.skiptranslate > div > select.goog-te-combo > option,no,,,,R02,2026-09-08,,"No es un caracter visible: la regla no aplica. Texto oculto visualmente, de tamano cero o desplazado fuera de pantalla.",sin CMP detectada
96,ecuador,IAEN,https://www.iaen.edu.ec/,1.4.3,afw4f7,Text has minimum contrast,214,div.skiptranslate > div > select.goog-te-combo > option,no,,,,R02,2026-09-08,,"No es un caracter visible: la regla no aplica. Texto oculto visualmente, de tamano cero o desplazado fuera de pantalla.",sin CMP detectada
96,ecuador,IAEN,https://www.iaen.edu.ec/,1.4.3,afw4f7,Text has minimum contrast,215,div.skiptranslate > div > select.goog-te-combo > option,no,,,,R02,2026-09-08,,"No es un caracter visible: la regla no aplica. Texto oculto visualmente, de tamano cero o desplazado fuera de pantalla.",sin CMP detectada
96,ecuador,IAEN,https://www.iaen.edu.ec/,1.4.3,afw4f7,Text has minimum contrast,216,div.skiptranslate > div > select.goog-te-combo > option,no,,,,R02,2026-09-08,,"No es un caracter visible: la regla no aplica. Texto oculto visualmente, de tamano cero o desplazado fuera de pantalla.",sin CMP detectada
96,ecuador,IAEN,https://www.iaen.edu.ec/,1.4.3,afw4f7,Text has minimum contrast,217,div.skiptranslate > div > select.goog-te-combo > option,no,,,,R02,2026-09-08,,"No es un caracter visible: la regla no aplica. Texto oculto visualmente, de tamano cero o desplazado fuera de pantalla.",sin CMP detectada
96,ecuador,IAEN,https://www.iaen.edu.ec/,1.4.3,afw4f7,Text has minimum contrast,218,div.skiptranslate > div > select.goog-te-combo > option,no,,,,R02,2026-09-08,,"No es un caracter visible: la regla no aplica. Texto oculto visualmente, de tamano cero o desplazado fuera de pantalla.",sin CMP detectada
96,ecuador,IAEN,https://www.iaen.edu.ec/,1.4.3,afw4f7,Text has minimum contrast,219,div.skiptranslate > div > select.goog-te-combo > option,no,,,,R02,2026-09-08,,"No es un caracter visible: la regla no aplica. Texto oculto visualmente, de tamano cero o desplazado fuera de pantalla.",sin CMP detectada
96,ecuador,IAEN,https://www.iaen.edu.ec/,1.4.3,afw4f7,Text has minimum contrast,220,div.skiptranslate > div > select.goog-te-combo > option,no,,,,R02,2026-09-08,,"No es un caracter visible: la regla no aplica. Texto oculto visualmente, de tamano cero o desplazado fuera de pantalla.",sin CMP detectada
96,ecuador,IAEN,https://www.iaen.edu.ec/,1.4.3,afw4f7,Text has minimum contrast,221,div.skiptranslate > div > select.goog-te-combo > option,no,,,,R02,2026-09-08,,"No es un caracter visible: la regla no aplica. Texto oculto visualmente, de tamano cero o desplazado fuera de pantalla.",sin CMP detectada
96,ecuador,IAEN,https://www.iaen.edu.ec/,1.4.3,afw4f7,Text has minimum contrast,222,div.skiptranslate > div > select.goog-te-combo > option,no,,,,R02,2026-09-08,,"No es un caracter visible: la regla no aplica. Texto oculto visualmente, de tamano cero o desplazado fuera de pantalla.",sin CMP detectada
96,ecuador,IAEN,https://www.iaen.edu.ec/,1.4.3,afw4f7,Text has minimum contrast,223,div.skiptranslate > div > select.goog-te-combo > option,no,,,,R02,2026-09-08,,"No es un caracter visible: la regla no aplica. Texto oculto visualmente, de tamano cero o desplazado fuera de pantalla.",sin CMP detectada
96,ecuador,IAEN,https://www.iaen.edu.ec/,1.4.3,afw4f7,Text has minimum contrast,224,div.skiptranslate > div > select.goog-te-combo > option,no,,,,R02,2026-09-08,,"No es un caracter visible: la regla no aplica. Texto oculto visualmente, de tamano cero o desplazado fuera de pantalla.",sin CMP detectada
96,ecuador,IAEN,https://www.iaen.edu.ec/,1.4.3,afw4f7,Text has minimum contrast,225,div.skiptranslate > div > select.goog-te-combo > option,no,,,,R02,2026-09-08,,"No es un caracter visible: la regla no aplica. Texto oculto visualmente, de tamano cero o desplazado fuera de pantalla.",sin CMP detectada
96,ecuador,IAEN,https://www.iaen.edu.ec/,1.4.3,afw4f7,Text has minimum contrast,226,div.skiptranslate > div > select.goog-te-combo > option,no,,,,R02,2026-09-08,,"No es un caracter visible: la regla no aplica. Texto oculto visualmente, de tamano cero o desplazado fuera de pantalla.",sin CMP detectada
96,ecuador,IAEN,https://www.iaen.edu.ec/,1.4.3,afw4f7,Text has minimum contrast,227,div.skiptranslate > div > select.goog-te-combo > option,no,,,,R02,2026-09-08,,"No es un caracter visible: la regla no aplica. Texto oculto visualmente, de tamano cero o desplazado fuera de pantalla.",sin CMP detectada
96,ecuador,IAEN,https://www.iaen.edu.ec/,1.4.3,afw4f7,Text has minimum contrast,228,div.skiptranslate > div > select.goog-te-combo > option,no,,,,R02,2026-09-08,,"No es un caracter visible: la regla no aplica. Texto oculto visualmente, de tamano cero o desplazado fuera de pantalla.",sin CMP detectada
96,ecuador,IAEN,https://www.iaen.edu.ec/,1.4.3,afw4f7,Text has minimum contrast,229,div.skiptranslate > div > select.goog-te-combo > option,no,,,,R02,2026-09-08,,"No es un caracter visible: la regla no aplica. Texto oculto visualmente, de tamano cero o desplazado fuera de pantalla.",sin CMP detectada
96,ecuador,IAEN,https://www.iaen.edu.ec/,1.4.3,afw4f7,Text has minimum contrast,230,div.skiptranslate > div > select.goog-te-combo > option,no,,,,R02,2026-09-08,,"No es un caracter visible: la regla no aplica. Texto oculto visualmente, de tamano cero o desplazado fuera de pantalla.",sin CMP detectada
96,ecuador,IAEN,https://www.iaen.edu.ec/,1.4.3,afw4f7,Text has minimum contrast,231,div.skiptranslate > div > select.goog-te-combo > option,no,,,,R02,2026-09-08,,"No es un caracter visible: la regla no aplica. Texto oculto visualmente, de tamano cero o desplazado fuera de pantalla.",sin CMP detectada
96,ecuador,IAEN,https://www.iaen.edu.ec/,1.4.3,afw4f7,Text has minimum contrast,232,div.skiptranslate > div > select.goog-te-combo > option,no,,,,R02,2026-09-08,,"No es un caracter visible: la regla no aplica. Texto oculto visualmente, de tamano cero o desplazado fuera de pantalla.",sin CMP detectada
96,ecuador,IAEN,https://www.iaen.edu.ec/,1.4.3,afw4f7,Text has minimum contrast,233,div.skiptranslate > div > select.goog-te-combo > option,no,,,,R02,2026-09-08,,"No es un caracter visible: la regla no aplica. Texto oculto visualmente, de tamano cero o desplazado fuera de pantalla.",sin CMP detectada
96,ecuador,IAEN,https://www.iaen.edu.ec/,1.4.3,afw4f7,Text has minimum contrast,234,div.skiptranslate > div > select.goog-te-combo > option,no,,,,R02,2026-09-08,,"No es un caracter visible: la regla no aplica. Texto oculto visualmente, de tamano cero o desplazado fuera de pantalla.",sin CMP detectada
96,ecuador,IAEN,https://www.iaen.edu.ec/,1.4.3,afw4f7,Text has minimum contrast,235,div.skiptranslate > div > select.goog-te-combo > option,no,,,,R02,2026-09-08,,"No es un caracter visible: la regla no aplica. Texto oculto visualmente, de tamano cero o desplazado fuera de pantalla.",sin CMP detectada
96,ecuador,IAEN,https://www.iaen.edu.ec/,1.4.3,afw4f7,Text has minimum contrast,236,div.skiptranslate > div > select.goog-te-combo > option,no,,,,R02,2026-09-08,,"No es un caracter visible: la regla no aplica. Texto oculto visualmente, de tamano cero o desplazado fuera de pantalla.",sin CMP detectada
96,ecuador,IAEN,https://www.iaen.edu.ec/,1.4.3,afw4f7,Text has minimum contrast,237,div.skiptranslate > div > select.goog-te-combo > option,no,,,,R02,2026-09-08,,"No es un caracter visible: la regla no aplica. Texto oculto visualmente, de tamano cero o desplazado fuera de pantalla.",sin CMP detectada
96,ecuador,IAEN,https://www.iaen.edu.ec/,1.4.3,afw4f7,Text has minimum contrast,238,div.skiptranslate > div > select.goog-te-combo > option,no,,,,R02,2026-09-08,,"No es un caracter visible: la regla no aplica. Texto oculto visualmente, de tamano cero o desplazado fuera de pantalla.",sin CMP detectada
96,ecuador,IAEN,https://www.iaen.edu.ec/,1.4.3,afw4f7,Text has minimum contrast,239,div.skiptranslate > div > select.goog-te-combo > option,no,,,,R02,2026-09-08,,"No es un caracter visible: la regla no aplica. Texto oculto visualmente, de tamano cero o desplazado fuera de pantalla.",sin CMP detectada
96,ecuador,IAEN,https://www.iaen.edu.ec/,1.4.3,afw4f7,Text has minimum contrast,240,div.skiptranslate > div > select.goog-te-combo > option,no,,,,R02,2026-09-08,,"No es un caracter visible: la regla no aplica. Texto oculto visualmente, de tamano cero o desplazado fuera de pantalla.",sin CMP detectada
96,ecuador,IAEN,https://www.iaen.edu.ec/,1.4.3,afw4f7,Text has minimum contrast,241,div.skiptranslate > div > select.goog-te-combo > option,no,,,,R02,2026-09-08,,"No es un caracter visible: la regla no aplica. Texto oculto visualmente, de tamano cero o desplazado fuera de pantalla.",sin CMP detectada
96,ecuador,IAEN,https://www.iaen.edu.ec/,1.4.3,afw4f7,Text has minimum contrast,242,div.skiptranslate > div > select.goog-te-combo > option,no,,,,R02,2026-09-08,,"No es un caracter visible: la regla no aplica. Texto oculto visualmente, de tamano cero o desplazado fuera de pantalla.",sin CMP detectada
96,ecuador,IAEN,https://www.iaen.edu.ec/,1.4.3,afw4f7,Text has minimum contrast,243,div.skiptranslate > div > select.goog-te-combo > option,no,,,,R02,2026-09-08,,"No es un caracter visible: la regla no aplica. Texto oculto visualmente, de tamano cero o desplazado fuera de pantalla.",sin CMP detectada
96,ecuador,IAEN,https://www.iaen.edu.ec/,1.4.3,afw4f7,Text has minimum contrast,244,div.skiptranslate > div > select.goog-te-combo > option,no,,,,R02,2026-09-08,,"No es un caracter visible: la regla no aplica. Texto oculto visualmente, de tamano cero o desplazado fuera de pantalla.",sin CMP detectada
96,ecuador,IAEN,https://www.iaen.edu.ec/,1.4.3,afw4f7,Text has minimum contrast,245,div.skiptranslate > div > select.goog-te-combo > option,no,,,,R02,2026-09-08,,"No es un caracter visible: la regla no aplica. Texto oculto visualmente, de tamano cero o desplazado fuera de pantalla.",sin CMP detectada
96,ecuador,IAEN,https://www.iaen.edu.ec/,1.4.3,afw4f7,Text has minimum contrast,246,div.skiptranslate > div > select.goog-te-combo > option,no,,,,R02,2026-09-08,,"No es un caracter visible: la regla no aplica. Texto oculto visualmente, de tamano cero o desplazado fuera de pantalla.",sin CMP detectada
96,ecuador,IAEN,https://www.iaen.edu.ec/,1.4.3,afw4f7,Text has minimum contrast,247,div.skiptranslate > div > select.goog-te-combo > option,no,,,,R02,2026-09-08,,"No es un caracter visible: la regla no aplica. Texto oculto visualmente, de tamano cero o desplazado fuera de pantalla.",sin CMP detectada
96,ecuador,IAEN,https://www.iaen.edu.ec/,1.4.3,afw4f7,Text has minimum contrast,248,div.skiptranslate > div > select.goog-te-combo > option,no,,,,R02,2026-09-08,,"No es un caracter visible: la regla no aplica. Texto oculto visualmente, de tamano cero o desplazado fuera de pantalla.",sin CMP detectada
96,ecuador,IAEN,https://www.iaen.edu.ec/,1.4.3,afw4f7,Text has minimum contrast,249,div.skiptranslate > div > select.goog-te-combo > option,no,,,,R02,2026-09-08,,"No es un caracter visible: la regla no aplica. Texto oculto visualmente, de tamano cero o desplazado fuera de pantalla.",sin CMP detectada
96,ecuador,IAEN,https://www.iaen.edu.ec/,1.4.3,afw4f7,Text has minimum contrast,250,div.skiptranslate > div > select.goog-te-combo > option,no,,,,R02,2026-09-08,,"No es un caracter visible: la regla no aplica. Texto oculto visualmente, de tamano cero o desplazado fuera de pantalla.",sin CMP detectada
96,ecuador,IAEN,https://www.iaen.edu.ec/,1.4.3,afw4f7,Text has minimum contrast,251,div.skiptranslate > div > select.goog-te-combo > option,no,,,,R02,2026-09-08,,"No es un caracter visible: la regla no aplica. Texto oculto visualmente, de tamano cero o desplazado fuera de pantalla.",sin CMP detectada
96,ecuador,IAEN,https://www.iaen.edu.ec/,1.4.3,afw4f7,Text has minimum contrast,252,div.skiptranslate > div > select.goog-te-combo > option,no,,,,R02,2026-09-08,,"No es un caracter visible: la regla no aplica. Texto oculto visualmente, de tamano cero o desplazado fuera de pantalla.",sin CMP detectada
96,ecuador,IAEN,https://www.iaen.edu.ec/,1.4.3,afw4f7,Text has minimum contrast,253,div.skiptranslate > div > select.goog-te-combo > option,no,,,,R02,2026-09-08,,"No es un caracter visible: la regla no aplica. Texto oculto visualmente, de tamano cero o desplazado fuera de pantalla.",sin CMP detectada
96,ecuador,IAEN,https://www.iaen.edu.ec/,1.4.3,afw4f7,Text has minimum contrast,254,div.skiptranslate > div > select.goog-te-combo > option,no,,,,R02,2026-09-08,,"No es un caracter visible: la regla no aplica. Texto oculto visualmente, de tamano cero o desplazado fuera de pantalla.",sin CMP detectada
96,ecuador,IAEN,https://www.iaen.edu.ec/,1.4.3,afw4f7,Text has minimum contrast,255,div.skiptranslate > div > select.goog-te-combo > option,no,,,,R02,2026-09-08,,"No es un caracter visible: la regla no aplica. Texto oculto visualmente, de tamano cero o desplazado fuera de pantalla.",sin CMP detectada
96,ecuador,IAEN,https://www.iaen.edu.ec/,1.4.3,afw4f7,Text has minimum contrast,256,div.skiptranslate > div > select.goog-te-combo > option,no,,,,R02,2026-09-08,,"No es un caracter visible: la regla no aplica. Texto oculto visualmente, de tamano cero o desplazado fuera de pantalla.",sin CMP detectada
96,ecuador,IAEN,https://www.iaen.edu.ec/,1.4.3,afw4f7,Text has minimum contrast,257,div.skiptranslate > div > select.goog-te-combo > option,no,,,,R02,2026-09-08,,"No es un caracter visible: la regla no aplica. Texto oculto visualmente, de tamano cero o desplazado fuera de pantalla.",sin CMP detectada
96,ecuador,IAEN,https://www.iaen.edu.ec/,1.4.3,afw4f7,Text has minimum contrast,258,div.skiptranslate > div > select.goog-te-combo > option,no,,,,R02,2026-09-08,,"No es un caracter visible: la regla no aplica. Texto oculto visualmente, de tamano cero o desplazado fuera de pantalla.",sin CMP detectada
96,ecuador,IAEN,https://www.iaen.edu.ec/,1.4.3,afw4f7,Text has minimum contrast,259,div.skiptranslate > div > select.goog-te-combo > option,no,,,,R02,2026-09-08,,"No es un caracter visible: la regla no aplica. Texto oculto visualmente, de tamano cero o desplazado fuera de pantalla.",sin CMP detectada
96,ecuador,IAEN,https://www.iaen.edu.ec/,1.4.3,afw4f7,Text has minimum contrast,260,div.skiptranslate > div > select.goog-te-combo > option,no,,,,R02,2026-09-08,,"No es un caracter visible: la regla no aplica. Texto oculto visualmente, de tamano cero o desplazado fuera de pantalla.",sin CMP detectada
96,ecuador,IAEN,https://www.iaen.edu.ec/,1.4.3,afw4f7,Text has minimum contrast,261,div.skiptranslate > div > select.goog-te-combo > option,no,,,,R02,2026-09-08,,"No es un caracter visible: la regla no aplica. Texto oculto visualmente, de tamano cero o desplazado fuera de pantalla.",sin CMP detectada
96,ecuador,IAEN,https://www.iaen.edu.ec/,1.4.3,afw4f7,Text has minimum contrast,262,div.skiptranslate > div > select.goog-te-combo > option,no,,,,R02,2026-09-08,,"No es un caracter visible: la regla no aplica. Texto oculto visualmente, de tamano cero o desplazado fuera de pantalla.",sin CMP detectada
96,ecuador,IAEN,https://www.iaen.edu.ec/,1.4.3,afw4f7,Text has minimum contrast,263,div.skiptranslate > div > select.goog-te-combo > option,no,,,,R02,2026-09-08,,"No es un caracter visible: la regla no aplica. Texto oculto visualmente, de tamano cero o desplazado fuera de pantalla.",sin CMP detectada
96,ecuador,IAEN,https://www.iaen.edu.ec/,1.4.3,afw4f7,Text has minimum contrast,264,div.skiptranslate > div > select.goog-te-combo > option,no,,,,R02,2026-09-08,,"No es un caracter visible: la regla no aplica. Texto oculto visualmente, de tamano cero o desplazado fuera de pantalla.",sin CMP detectada
96,ecuador,IAEN,https://www.iaen.edu.ec/,1.4.3,afw4f7,Text has minimum contrast,265,div.skiptranslate > div > select.goog-te-combo > option,no,,,,R02,2026-09-08,,"No es un caracter visible: la regla no aplica. Texto oculto visualmente, de tamano cero o desplazado fuera de pantalla.",sin CMP detectada
96,ecuador,IAEN,https://www.iaen.edu.ec/,1.4.3,afw4f7,Text has minimum contrast,266,div.skiptranslate > div > select.goog-te-combo > option,no,,,,R02,2026-09-08,,"No es un caracter visible: la regla no aplica. Texto oculto visualmente, de tamano cero o desplazado fuera de pantalla.",sin CMP detectada
96,ecuador,IAEN,https://www.iaen.edu.ec/,1.4.3,afw4f7,Text has minimum contrast,267,div.skiptranslate > div > select.goog-te-combo > option,no,,,,R02,2026-09-08,,"No es un caracter visible: la regla no aplica. Texto oculto visualmente, de tamano cero o desplazado fuera de pantalla.",sin CMP detectada
96,ecuador,IAEN,https://www.iaen.edu.ec/,1.4.3,afw4f7,Text has minimum contrast,268,div.skiptranslate > div > select.goog-te-combo > option,no,,,,R02,2026-09-08,,"No es un caracter visible: la regla no aplica. Texto oculto visualmente, de tamano cero o desplazado fuera de pantalla.",sin CMP detectada
96,ecuador,IAEN,https://www.iaen.edu.ec/,1.4.3,afw4f7,Text has minimum contrast,269,div.skiptranslate > div > select.goog-te-combo > option,no,,,,R02,2026-09-08,,"No es un caracter visible: la regla no aplica. Texto oculto visualmente, de tamano cero o desplazado fuera de pantalla.",sin CMP detectada
96,ecuador,IAEN,https://www.iaen.edu.ec/,1.4.3,afw4f7,Text has minimum contrast,270,div.skiptranslate > div > select.goog-te-combo > option,no,,,,R02,2026-09-08,,"No es un caracter visible: la regla no aplica. Texto oculto visualmente, de tamano cero o desplazado fuera de pantalla.",sin CMP detectada
96,ecuador,IAEN,https://www.iaen.edu.ec/,1.4.3,afw4f7,Text has minimum contrast,271,div.skiptranslate > div > select.goog-te-combo > option,no,,,,R02,2026-09-08,,"No es un caracter visible: la regla no aplica. Texto oculto visualmente, de tamano cero o desplazado fuera de pantalla.",sin CMP detectada
96,ecuador,IAEN,https://www.iaen.edu.ec/,1.4.3,afw4f7,Text has minimum contrast,272,div.skiptranslate > div > select.goog-te-combo > option,no,,,,R02,2026-09-08,,"No es un caracter visible: la regla no aplica. Texto oculto visualmente, de tamano cero o desplazado fuera de pantalla.",sin CMP detectada
96,ecuador,IAEN,https://www.iaen.edu.ec/,1.4.3,afw4f7,Text has minimum contrast,273,div.skiptranslate > div > select.goog-te-combo > option,no,,,,R02,2026-09-08,,"No es un caracter visible: la regla no aplica. Texto oculto visualmente, de tamano cero o desplazado fuera de pantalla.",sin CMP detectada
96,ecuador,IAEN,https://www.iaen.edu.ec/,1.4.3,afw4f7,Text has minimum contrast,274,div.skiptranslate > div > select.goog-te-combo > option,no,,,,R02,2026-09-08,,"No es un caracter visible: la regla no aplica. Texto oculto visualmente, de tamano cero o desplazado fuera de pantalla.",sin CMP detectada
96,ecuador,IAEN,https://www.iaen.edu.ec/,1.4.3,afw4f7,Text has minimum contrast,275,div.skiptranslate > div > select.goog-te-combo > option,no,,,,R02,2026-09-08,,"No es un caracter visible: la regla no aplica. Texto oculto visualmente, de tamano cero o desplazado fuera de pantalla.",sin CMP detectada
96,ecuador,IAEN,https://www.iaen.edu.ec/,1.4.3,afw4f7,Text has minimum contrast,276,div.skiptranslate > div > select.goog-te-combo > option,no,,,,R02,2026-09-08,,"No es un caracter visible: la regla no aplica. Texto oculto visualmente, de tamano cero o desplazado fuera de pantalla.",sin CMP detectada
96,ecuador,IAEN,https://www.iaen.edu.ec/,1.4.3,afw4f7,Text has minimum contrast,277,div.skiptranslate > div > select.goog-te-combo > option,no,,,,R02,2026-09-08,,"No es un caracter visible: la regla no aplica. Texto oculto visualmente, de tamano cero o desplazado fuera de pantalla.",sin CMP detectada
96,ecuador,IAEN,https://www.iaen.edu.ec/,1.4.3,afw4f7,Text has minimum contrast,278,div.skiptranslate > div > select.goog-te-combo > option,no,,,,R02,2026-09-08,,"No es un caracter visible: la regla no aplica. Texto oculto visualmente, de tamano cero o desplazado fuera de pantalla.",sin CMP detectada
96,ecuador,IAEN,https://www.iaen.edu.ec/,1.4.3,afw4f7,Text has minimum contrast,279,div.skiptranslate > div > select.goog-te-combo > option,no,,,,R02,2026-09-08,,"No es un caracter visible: la regla no aplica. Texto oculto visualmente, de tamano cero o desplazado fuera de pantalla.",sin CMP detectada
96,ecuador,IAEN,https://www.iaen.edu.ec/,1.4.3,afw4f7,Text has minimum contrast,280,div.skiptranslate > div > select.goog-te-combo > option,no,,,,R02,2026-09-08,,"No es un caracter visible: la regla no aplica. Texto oculto visualmente, de tamano cero o desplazado fuera de pantalla.",sin CMP detectada
96,ecuador,IAEN,https://www.iaen.edu.ec/,1.4.3,afw4f7,Text has minimum contrast,281,div.skiptranslate > div > select.goog-te-combo > option,no,,,,R02,2026-09-08,,"No es un caracter visible: la regla no aplica. Texto oculto visualmente, de tamano cero o desplazado fuera de pantalla.",sin CMP detectada
96,ecuador,IAEN,https://www.iaen.edu.ec/,1.4.3,afw4f7,Text has minimum contrast,282,div.skiptranslate > div > select.goog-te-combo > option,no,,,,R02,2026-09-08,,"No es un caracter visible: la regla no aplica. Texto oculto visualmente, de tamano cero o desplazado fuera de pantalla.",sin CMP detectada
96,ecuador,IAEN,https://www.iaen.edu.ec/,1.4.3,afw4f7,Text has minimum contrast,283,div.skiptranslate > div > select.goog-te-combo > option,no,,,,R02,2026-09-08,,"No es un caracter visible: la regla no aplica. Texto oculto visualmente, de tamano cero o desplazado fuera de pantalla.",sin CMP detectada
96,ecuador,IAEN,https://www.iaen.edu.ec/,1.4.3,afw4f7,Text has minimum contrast,284,div.skiptranslate > div > select.goog-te-combo > option,no,,,,R02,2026-09-08,,"No es un caracter visible: la regla no aplica. Texto oculto visualmente, de tamano cero o desplazado fuera de pantalla.",sin CMP detectada
96,ecuador,IAEN,https://www.iaen.edu.ec/,1.4.3,afw4f7,Text has minimum contrast,285,div.skiptranslate > div > select.goog-te-combo > option,no,,,,R02,2026-09-08,,"No es un caracter visible: la regla no aplica. Texto oculto visualmente, de tamano cero o desplazado fuera de pantalla.",sin CMP detectada
96,ecuador,IAEN,https://www.iaen.edu.ec/,1.4.3,afw4f7,Text has minimum contrast,286,div.skiptranslate > div > select.goog-te-combo > option,no,,,,R02,2026-09-08,,"No es un caracter visible: la regla no aplica. Texto oculto visualmente, de tamano cero o desplazado fuera de pantalla.",sin CMP detectada
96,ecuador,IAEN,https://www.iaen.edu.ec/,1.4.3,afw4f7,Text has minimum contrast,287,div.skiptranslate > div > select.goog-te-combo > option,no,,,,R02,2026-09-08,,"No es un caracter visible: la regla no aplica. Texto oculto visualmente, de tamano cero o desplazado fuera de pantalla.",sin CMP detectada
96,ecuador,IAEN,https://www.iaen.edu.ec/,1.4.3,afw4f7,Text has minimum contrast,288,div.skiptranslate > div > select.goog-te-combo > option,no,,,,R02,2026-09-08,,"No es un caracter visible: la regla no aplica. Texto oculto visualmente, de tamano cero o desplazado fuera de pantalla.",sin CMP detectada
96,ecuador,IAEN,https://www.iaen.edu.ec/,1.4.3,afw4f7,Text has minimum contrast,289,div.skiptranslate > div > select.goog-te-combo > option,no,,,,R02,2026-09-08,,"No es un caracter visible: la regla no aplica. Texto oculto visualmente, de tamano cero o desplazado fuera de pantalla.",sin CMP detectada
96,ecuador,IAEN,https://www.iaen.edu.ec/,1.4.3,afw4f7,Text has minimum contrast,290,div.skiptranslate > div > select.goog-te-combo > option,no,,,,R02,2026-09-08,,"No es un caracter visible: la regla no aplica. Texto oculto visualmente, de tamano cero o desplazado fuera de pantalla.",sin CMP detectada
96,ecuador,IAEN,https://www.iaen.edu.ec/,1.4.3,afw4f7,Text has minimum contrast,291,div.skiptranslate > div > select.goog-te-combo > option,no,,,,R02,2026-09-08,,"No es un caracter visible: la regla no aplica. Texto oculto visualmente, de tamano cero o desplazado fuera de pantalla.",sin CMP detectada
96,ecuador,IAEN,https://www.iaen.edu.ec/,1.4.3,afw4f7,Text has minimum contrast,292,div.skiptranslate > div > select.goog-te-combo > option,no,,,,R02,2026-09-08,,"No es un caracter visible: la regla no aplica. Texto oculto visualmente, de tamano cero o desplazado fuera de pantalla.",sin CMP detectada
96,ecuador,IAEN,https://www.iaen.edu.ec/,1.4.3,afw4f7,Text has minimum contrast,293,div.skiptranslate > div > select.goog-te-combo > option,no,,,,R02,2026-09-08,,"No es un caracter visible: la regla no aplica. Texto oculto visualmente, de tamano cero o desplazado fuera de pantalla.",sin CMP detectada
96,ecuador,IAEN,https://www.iaen.edu.ec/,1.4.3,afw4f7,Text has minimum contrast,294,div.skiptranslate > div > select.goog-te-combo > option,no,,,,R02,2026-09-08,,"No es un caracter visible: la regla no aplica. Texto oculto visualmente, de tamano cero o desplazado fuera de pantalla.",sin CMP detectada
96,ecuador,IAEN,https://www.iaen.edu.ec/,1.4.3,afw4f7,Text has minimum contrast,295,div.skiptranslate > div > select.goog-te-combo > option,no,,,,R02,2026-09-08,,"No es un caracter visible: la regla no aplica. Texto oculto visualmente, de tamano cero o desplazado fuera de pantalla.",sin CMP detectada
96,ecuador,IAEN,https://www.iaen.edu.ec/,1.4.3,afw4f7,Text has minimum contrast,296,div.skiptranslate > div > select.goog-te-combo > option,no,,,,R02,2026-09-08,,"No es un caracter visible: la regla no aplica. Texto oculto visualmente, de tamano cero o desplazado fuera de pantalla.",sin CMP detectada
96,ecuador,IAEN,https://www.iaen.edu.ec/,1.4.3,afw4f7,Text has minimum contrast,297,div.skiptranslate > div > select.goog-te-combo > option,no,,,,R02,2026-09-08,,"No es un caracter visible: la regla no aplica. Texto oculto visualmente, de tamano cero o desplazado fuera de pantalla.",sin CMP detectada
96,ecuador,IAEN,https://www.iaen.edu.ec/,1.4.3,afw4f7,Text has minimum contrast,298,div.skiptranslate > div > select.goog-te-combo > option,no,,,,R02,2026-09-08,,"No es un caracter visible: la regla no aplica. Texto oculto visualmente, de tamano cero o desplazado fuera de pantalla.",sin CMP detectada
96,ecuador,IAEN,https://www.iaen.edu.ec/,1.4.3,afw4f7,Text has minimum contrast,299,div.skiptranslate > div > select.goog-te-combo > option,no,,,,R02,2026-09-08,,"No es un caracter visible: la regla no aplica. Texto oculto visualmente, de tamano cero o desplazado fuera de pantalla.",sin CMP detectada
96,ecuador,IAEN,https://www.iaen.edu.ec/,1.4.3,afw4f7,Text has minimum contrast,300,div.skiptranslate > div > select.goog-te-combo > option,no,,,,R02,2026-09-08,,"No es un caracter visible: la regla no aplica. Texto oculto visualmente, de tamano cero o desplazado fuera de pantalla.",sin CMP detectada
96,ecuador,IAEN,https://www.iaen.edu.ec/,1.4.3,afw4f7,Text has minimum contrast,301,div.skiptranslate > div > select.goog-te-combo > option,no,,,,R02,2026-09-08,,"No es un caracter visible: la regla no aplica. Texto oculto visualmente, de tamano cero o desplazado fuera de pantalla.",sin CMP detectada
96,ecuador,IAEN,https://www.iaen.edu.ec/,1.4.3,afw4f7,Text has minimum contrast,302,div.skiptranslate > div > select.goog-te-combo > option,no,,,,R02,2026-09-08,,"No es un caracter visible: la regla no aplica. Texto oculto visualmente, de tamano cero o desplazado fuera de pantalla.",sin CMP detectada
96,ecuador,IAEN,https://www.iaen.edu.ec/,1.4.3,afw4f7,Text has minimum contrast,303,div.skiptranslate > div > select.goog-te-combo > option,no,,,,R02,2026-09-08,,"No es un caracter visible: la regla no aplica. Texto oculto visualmente, de tamano cero o desplazado fuera de pantalla.",sin CMP detectada
96,ecuador,IAEN,https://www.iaen.edu.ec/,1.4.3,afw4f7,Text has minimum contrast,304,div.skiptranslate > div > select.goog-te-combo > option,no,,,,R02,2026-09-08,,"No es un caracter visible: la regla no aplica. Texto oculto visualmente, de tamano cero o desplazado fuera de pantalla.",sin CMP detectada
96,ecuador,IAEN,https://www.iaen.edu.ec/,1.4.3,afw4f7,Text has minimum contrast,305,div.skiptranslate > div > select.goog-te-combo > option,no,,,,R02,2026-09-08,,"No es un caracter visible: la regla no aplica. Texto oculto visualmente, de tamano cero o desplazado fuera de pantalla.",sin CMP detectada
96,ecuador,IAEN,https://www.iaen.edu.ec/,1.4.3,afw4f7,Text has minimum contrast,306,div.skiptranslate > div > select.goog-te-combo > option,no,,,,R02,2026-09-08,,"No es un caracter visible: la regla no aplica. Texto oculto visualmente, de tamano cero o desplazado fuera de pantalla.",sin CMP detectada
96,ecuador,IAEN,https://www.iaen.edu.ec/,1.4.3,afw4f7,Text has minimum contrast,307,div.skiptranslate > div > select.goog-te-combo > option,no,,,,R02,2026-09-08,,"No es un caracter visible: la regla no aplica. Texto oculto visualmente, de tamano cero o desplazado fuera de pantalla.",sin CMP detectada
96,ecuador,IAEN,https://www.iaen.edu.ec/,1.4.3,afw4f7,Text has minimum contrast,308,div.skiptranslate > div > select.goog-te-combo > option,no,,,,R02,2026-09-08,,"No es un caracter visible: la regla no aplica. Texto oculto visualmente, de tamano cero o desplazado fuera de pantalla.",sin CMP detectada
96,ecuador,IAEN,https://www.iaen.edu.ec/,1.4.3,afw4f7,Text has minimum contrast,309,div.skiptranslate > div > select.goog-te-combo > option,no,,,,R02,2026-09-08,,"No es un caracter visible: la regla no aplica. Texto oculto visualmente, de tamano cero o desplazado fuera de pantalla.",sin CMP detectada
96,ecuador,IAEN,https://www.iaen.edu.ec/,1.4.3,afw4f7,Text has minimum contrast,310,div.skiptranslate > div > select.goog-te-combo > option,no,,,,R02,2026-09-08,,"No es un caracter visible: la regla no aplica. Texto oculto visualmente, de tamano cero o desplazado fuera de pantalla.",sin CMP detectada
96,ecuador,IAEN,https://www.iaen.edu.ec/,1.4.3,afw4f7,Text has minimum contrast,311,div.skiptranslate > div > select.goog-te-combo > option,no,,,,R02,2026-09-08,,"No es un caracter visible: la regla no aplica. Texto oculto visualmente, de tamano cero o desplazado fuera de pantalla.",sin CMP detectada
96,ecuador,IAEN,https://www.iaen.edu.ec/,1.4.3,afw4f7,Text has minimum contrast,312,div.skiptranslate > div > select.goog-te-combo > option,no,,,,R02,2026-09-08,,"No es un caracter visible: la regla no aplica. Texto oculto visualmente, de tamano cero o desplazado fuera de pantalla.",sin CMP detectada
96,ecuador,IAEN,https://www.iaen.edu.ec/,1.4.3,afw4f7,Text has minimum contrast,313,div.skiptranslate > div > select.goog-te-combo > option,no,,,,R02,2026-09-08,,"No es un caracter visible: la regla no aplica. Texto oculto visualmente, de tamano cero o desplazado fuera de pantalla.",sin CMP detectada
96,ecuador,IAEN,https://www.iaen.edu.ec/,1.4.3,afw4f7,Text has minimum contrast,314,div.skiptranslate > div > select.goog-te-combo > option,no,,,,R02,2026-09-08,,"No es un caracter visible: la regla no aplica. Texto oculto visualmente, de tamano cero o desplazado fuera de pantalla.",sin CMP detectada
96,ecuador,IAEN,https://www.iaen.edu.ec/,1.4.3,afw4f7,Text has minimum contrast,315,div.skiptranslate > div > select.goog-te-combo > option,no,,,,R02,2026-09-08,,"No es un caracter visible: la regla no aplica. Texto oculto visualmente, de tamano cero o desplazado fuera de pantalla.",sin CMP detectada
96,ecuador,IAEN,https://www.iaen.edu.ec/,1.4.3,afw4f7,Text has minimum contrast,316,div.skiptranslate > div > select.goog-te-combo > option,no,,,,R02,2026-09-08,,"No es un caracter visible: la regla no aplica. Texto oculto visualmente, de tamano cero o desplazado fuera de pantalla.",sin CMP detectada
96,ecuador,IAEN,https://www.iaen.edu.ec/,1.4.3,afw4f7,Text has minimum contrast,317,div.skiptranslate > div > select.goog-te-combo > option,no,,,,R02,2026-09-08,,"No es un caracter visible: la regla no aplica. Texto oculto visualmente, de tamano cero o desplazado fuera de pantalla.",sin CMP detectada
96,ecuador,IAEN,https://www.iaen.edu.ec/,1.4.3,afw4f7,Text has minimum contrast,318,div.skiptranslate > div > select.goog-te-combo > option,no,,,,R02,2026-09-08,,"No es un caracter visible: la regla no aplica. Texto oculto visualmente, de tamano cero o desplazado fuera de pantalla.",sin CMP detectada
96,ecuador,IAEN,https://www.iaen.edu.ec/,1.4.3,afw4f7,Text has minimum contrast,319,div.skiptranslate > div > select.goog-te-combo > option,no,,,,R02,2026-09-08,,"No es un caracter visible: la regla no aplica. Texto oculto visualmente, de tamano cero o desplazado fuera de pantalla.",sin CMP detectada
96,ecuador,IAEN,https://www.iaen.edu.ec/,1.4.3,afw4f7,Text has minimum contrast,320,div.skiptranslate > div > select.goog-te-combo > option,no,,,,R02,2026-09-08,,"No es un caracter visible: la regla no aplica. Texto oculto visualmente, de tamano cero o desplazado fuera de pantalla.",sin CMP detectada
96,ecuador,IAEN,https://www.iaen.edu.ec/,1.4.3,afw4f7,Text has minimum contrast,321,div.skiptranslate > div > select.goog-te-combo > option,no,,,,R02,2026-09-08,,"No es un caracter visible: la regla no aplica. Texto oculto visualmente, de tamano cero o desplazado fuera de pantalla.",sin CMP detectada
96,ecuador,IAEN,https://www.iaen.edu.ec/,1.4.3,afw4f7,Text has minimum contrast,322,div.skiptranslate > div > select.goog-te-combo > option,no,,,,R02,2026-09-08,,"No es un caracter visible: la regla no aplica. Texto oculto visualmente, de tamano cero o desplazado fuera de pantalla.",sin CMP detectada
96,ecuador,IAEN,https://www.iaen.edu.ec/,1.4.3,afw4f7,Text has minimum contrast,323,div.skiptranslate > div > select.goog-te-combo > option,no,,,,R02,2026-09-08,,"No es un caracter visible: la regla no aplica. Texto oculto visualmente, de tamano cero o desplazado fuera de pantalla.",sin CMP detectada
96,ecuador,IAEN,https://www.iaen.edu.ec/,1.4.3,afw4f7,Text has minimum contrast,324,div.skiptranslate > div > select.goog-te-combo > option,no,,,,R02,2026-09-08,,"No es un caracter visible: la regla no aplica. Texto oculto visualmente, de tamano cero o desplazado fuera de pantalla.",sin CMP detectada
96,ecuador,IAEN,https://www.iaen.edu.ec/,1.4.3,afw4f7,Text has minimum contrast,325,div.skiptranslate > div > select.goog-te-combo > option,no,,,,R02,2026-09-08,,"No es un caracter visible: la regla no aplica. Texto oculto visualmente, de tamano cero o desplazado fuera de pantalla.",sin CMP detectada
96,ecuador,IAEN,https://www.iaen.edu.ec/,1.4.3,afw4f7,Text has minimum contrast,326,div.skiptranslate > div > select.goog-te-combo > option,no,,,,R02,2026-09-08,,"No es un caracter visible: la regla no aplica. Texto oculto visualmente, de tamano cero o desplazado fuera de pantalla.",sin CMP detectada
96,ecuador,IAEN,https://www.iaen.edu.ec/,1.4.3,afw4f7,Text has minimum contrast,327,div.skiptranslate > div > select.goog-te-combo > option,no,,,,R02,2026-09-08,,"No es un caracter visible: la regla no aplica. Texto oculto visualmente, de tamano cero o desplazado fuera de pantalla.",sin CMP detectada
96,ecuador,IAEN,https://www.iaen.edu.ec/,1.4.3,afw4f7,Text has minimum contrast,328,div.skiptranslate > div > select.goog-te-combo > option,no,,,,R02,2026-09-08,,"No es un caracter visible: la regla no aplica. Texto oculto visualmente, de tamano cero o desplazado fuera de pantalla.",sin CMP detectada
96,ecuador,IAEN,https://www.iaen.edu.ec/,1.4.3,afw4f7,Text has minimum contrast,329,div.skiptranslate > div > select.goog-te-combo > option,no,,,,R02,2026-09-08,,"No es un caracter visible: la regla no aplica. Texto oculto visualmente, de tamano cero o desplazado fuera de pantalla.",sin CMP detectada
96,ecuador,IAEN,https://www.iaen.edu.ec/,1.4.3,afw4f7,Text has minimum contrast,330,div.skiptranslate > div > select.goog-te-combo > option,no,,,,R02,2026-09-08,,"No es un caracter visible: la regla no aplica. Texto oculto visualmente, de tamano cero o desplazado fuera de pantalla.",sin CMP detectada
96,ecuador,IAEN,https://www.iaen.edu.ec/,1.4.3,afw4f7,Text has minimum contrast,331,div.skiptranslate > div > select.goog-te-combo > option,no,,,,R02,2026-09-08,,"No es un caracter visible: la regla no aplica. Texto oculto visualmente, de tamano cero o desplazado fuera de pantalla.",sin CMP detectada
96,ecuador,IAEN,https://www.iaen.edu.ec/,1.4.3,afw4f7,Text has minimum contrast,332,div.skiptranslate > div > select.goog-te-combo > option,no,,,,R02,2026-09-08,,"No es un caracter visible: la regla no aplica. Texto oculto visualmente, de tamano cero o desplazado fuera de pantalla.",sin CMP detectada
96,ecuador,IAEN,https://www.iaen.edu.ec/,1.4.3,afw4f7,Text has minimum contrast,333,div.skiptranslate > div > select.goog-te-combo > option,no,,,,R02,2026-09-08,,"No es un caracter visible: la regla no aplica. Texto oculto visualmente, de tamano cero o desplazado fuera de pantalla.",sin CMP detectada
96,ecuador,IAEN,https://www.iaen.edu.ec/,1.4.3,afw4f7,Text has minimum contrast,334,div.skiptranslate > div > select.goog-te-combo > option,no,,,,R02,2026-09-08,,"No es un caracter visible: la regla no aplica. Texto oculto visualmente, de tamano cero o desplazado fuera de pantalla.",sin CMP detectada
96,ecuador,IAEN,https://www.iaen.edu.ec/,1.4.3,afw4f7,Text has minimum contrast,335,div.skiptranslate > div > select.goog-te-combo > option,no,,,,R02,2026-09-08,,"No es un caracter visible: la regla no aplica. Texto oculto visualmente, de tamano cero o desplazado fuera de pantalla.",sin CMP detectada
96,ecuador,IAEN,https://www.iaen.edu.ec/,1.4.3,afw4f7,Text has minimum contrast,336,div.skiptranslate > div > select.goog-te-combo > option,no,,,,R02,2026-09-08,,"No es un caracter visible: la regla no aplica. Texto oculto visualmente, de tamano cero o desplazado fuera de pantalla.",sin CMP detectada
96,ecuador,IAEN,https://www.iaen.edu.ec/,1.4.3,afw4f7,Text has minimum contrast,337,div.skiptranslate > div > select.goog-te-combo > option,no,,,,R02,2026-09-08,,"No es un caracter visible: la regla no aplica. Texto oculto visualmente, de tamano cero o desplazado fuera de pantalla.",sin CMP detectada
96,ecuador,IAEN,https://www.iaen.edu.ec/,1.4.3,afw4f7,Text has minimum contrast,338,div.skiptranslate > div > select.goog-te-combo > option,no,,,,R02,2026-09-08,,"No es un caracter visible: la regla no aplica. Texto oculto visualmente, de tamano cero o desplazado fuera de pantalla.",sin CMP detectada
96,ecuador,IAEN,https://www.iaen.edu.ec/,1.4.3,afw4f7,Text has minimum contrast,339,div.skiptranslate > div > select.goog-te-combo > option,no,,,,R02,2026-09-08,,"No es un caracter visible: la regla no aplica. Texto oculto visualmente, de tamano cero o desplazado fuera de pantalla.",sin CMP detectada
96,ecuador,IAEN,https://www.iaen.edu.ec/,1.4.3,afw4f7,Text has minimum contrast,340,div.skiptranslate > div > select.goog-te-combo > option,no,,,,R02,2026-09-08,,"No es un caracter visible: la regla no aplica. Texto oculto visualmente, de tamano cero o desplazado fuera de pantalla.",sin CMP detectada
96,ecuador,IAEN,https://www.iaen.edu.ec/,1.4.3,afw4f7,Text has minimum contrast,341,div.skiptranslate > div > select.goog-te-combo > option,no,,,,R02,2026-09-08,,"No es un caracter visible: la regla no aplica. Texto oculto visualmente, de tamano cero o desplazado fuera de pantalla.",sin CMP detectada
96,ecuador,IAEN,https://www.iaen.edu.ec/,1.4.3,afw4f7,Text has minimum contrast,342,div.skiptranslate > div > select.goog-te-combo > option,no,,,,R02,2026-09-08,,"No es un caracter visible: la regla no aplica. Texto oculto visualmente, de tamano cero o desplazado fuera de pantalla.",sin CMP detectada
96,ecuador,IAEN,https://www.iaen.edu.ec/,1.4.3,afw4f7,Text has minimum contrast,343,div.skiptranslate > div > select.goog-te-combo > option,no,,,,R02,2026-09-08,,"No es un caracter visible: la regla no aplica. Texto oculto visualmente, de tamano cero o desplazado fuera de pantalla.",sin CMP detectada
96,ecuador,IAEN,https://www.iaen.edu.ec/,1.4.3,afw4f7,Text has minimum contrast,344,div.skiptranslate > div > select.goog-te-combo > option,no,,,,R02,2026-09-08,,"No es un caracter visible: la regla no aplica. Texto oculto visualmente, de tamano cero o desplazado fuera de pantalla.",sin CMP detectada
96,ecuador,IAEN,https://www.iaen.edu.ec/,1.4.3,afw4f7,Text has minimum contrast,345,div.skiptranslate > div > select.goog-te-combo > option,no,,,,R02,2026-09-08,,"No es un caracter visible: la regla no aplica. Texto oculto visualmente, de tamano cero o desplazado fuera de pantalla.",sin CMP detectada
96,ecuador,IAEN,https://www.iaen.edu.ec/,1.4.3,afw4f7,Text has minimum contrast,346,div.skiptranslate > div > select.goog-te-combo > option,no,,,,R02,2026-09-08,,"No es un caracter visible: la regla no aplica. Texto oculto visualmente, de tamano cero o desplazado fuera de pantalla.",sin CMP detectada
96,ecuador,IAEN,https://www.iaen.edu.ec/,1.4.3,afw4f7,Text has minimum contrast,347,div.skiptranslate > div > select.goog-te-combo > option,no,,,,R02,2026-09-08,,"No es un caracter visible: la regla no aplica. Texto oculto visualmente, de tamano cero o desplazado fuera de pantalla.",sin CMP detectada
96,ecuador,IAEN,https://www.iaen.edu.ec/,1.4.3,afw4f7,Text has minimum contrast,348,div.skiptranslate > div > select.goog-te-combo > option,no,,,,R02,2026-09-08,,"No es un caracter visible: la regla no aplica. Texto oculto visualmente, de tamano cero o desplazado fuera de pantalla.",sin CMP detectada
96,ecuador,IAEN,https://www.iaen.edu.ec/,1.4.3,afw4f7,Text has minimum contrast,349,div.skiptranslate > div > select.goog-te-combo > option,no,,,,R02,2026-09-08,,"No es un caracter visible: la regla no aplica. Texto oculto visualmente, de tamano cero o desplazado fuera de pantalla.",sin CMP detectada
96,ecuador,IAEN,https://www.iaen.edu.ec/,1.4.3,afw4f7,Text has minimum contrast,350,div.skiptranslate > div > select.goog-te-combo > option,no,,,,R02,2026-09-08,,"No es un caracter visible: la regla no aplica. Texto oculto visualmente, de tamano cero o desplazado fuera de pantalla.",sin CMP detectada
96,ecuador,IAEN,https://www.iaen.edu.ec/,1.4.3,afw4f7,Text has minimum contrast,351,div.skiptranslate > div > select.goog-te-combo > option,no,,,,R02,2026-09-08,,"No es un caracter visible: la regla no aplica. Texto oculto visualmente, de tamano cero o desplazado fuera de pantalla.",sin CMP detectada
96,ecuador,IAEN,https://www.iaen.edu.ec/,1.4.3,afw4f7,Text has minimum contrast,352,div.skiptranslate > div > select.goog-te-combo > option,no,,,,R02,2026-09-08,,"No es un caracter visible: la regla no aplica. Texto oculto visualmente, de tamano cero o desplazado fuera de pantalla.",sin CMP detectada
96,ecuador,IAEN,https://www.iaen.edu.ec/,1.4.3,afw4f7,Text has minimum contrast,353,div.skiptranslate > div > select.goog-te-combo > option,no,,,,R02,2026-09-08,,"No es un caracter visible: la regla no aplica. Texto oculto visualmente, de tamano cero o desplazado fuera de pantalla.",sin CMP detectada
96,ecuador,IAEN,https://www.iaen.edu.ec/,1.4.3,afw4f7,Text has minimum contrast,354,div.skiptranslate > div > select.goog-te-combo > option,no,,,,R02,2026-09-08,,"No es un caracter visible: la regla no aplica. Texto oculto visualmente, de tamano cero o desplazado fuera de pantalla.",sin CMP detectada
96,ecuador,IAEN,https://www.iaen.edu.ec/,1.4.3,afw4f7,Text has minimum contrast,355,div.skiptranslate > div > select.goog-te-combo > option,no,,,,R02,2026-09-08,,"No es un caracter visible: la regla no aplica. Texto oculto visualmente, de tamano cero o desplazado fuera de pantalla.",sin CMP detectada
96,ecuador,IAEN,https://www.iaen.edu.ec/,1.4.3,afw4f7,Text has minimum contrast,356,div.skiptranslate > div > select.goog-te-combo > option,no,,,,R02,2026-09-08,,"No es un caracter visible: la regla no aplica. Texto oculto visualmente, de tamano cero o desplazado fuera de pantalla.",sin CMP detectada
96,ecuador,IAEN,https://www.iaen.edu.ec/,1.4.3,afw4f7,Text has minimum contrast,357,div.skiptranslate > div > select.goog-te-combo > option,no,,,,R02,2026-09-08,,"No es un caracter visible: la regla no aplica. Texto oculto visualmente, de tamano cero o desplazado fuera de pantalla.",sin CMP detectada
96,ecuador,IAEN,https://www.iaen.edu.ec/,1.4.3,afw4f7,Text has minimum contrast,358,div.skiptranslate > div > select.goog-te-combo > option,no,,,,R02,2026-09-08,,"No es un caracter visible: la regla no aplica. Texto oculto visualmente, de tamano cero o desplazado fuera de pantalla.",sin CMP detectada
96,ecuador,IAEN,https://www.iaen.edu.ec/,1.4.3,afw4f7,Text has minimum contrast,359,div.skiptranslate > div > select.goog-te-combo > option,no,,,,R02,2026-09-08,,"No es un caracter visible: la regla no aplica. Texto oculto visualmente, de tamano cero o desplazado fuera de pantalla.",sin CMP detectada
96,ecuador,IAEN,https://www.iaen.edu.ec/,1.4.3,afw4f7,Text has minimum contrast,360,div.skiptranslate > div > select.goog-te-combo > option,no,,,,R02,2026-09-08,,"No es un caracter visible: la regla no aplica. Texto oculto visualmente, de tamano cero o desplazado fuera de pantalla.",sin CMP detectada
96,ecuador,IAEN,https://www.iaen.edu.ec/,1.4.3,afw4f7,Text has minimum contrast,361,div.skiptranslate > div > select.goog-te-combo > option,no,,,,R02,2026-09-08,,"No es un caracter visible: la regla no aplica. Texto oculto visualmente, de tamano cero o desplazado fuera de pantalla.",sin CMP detectada
96,ecuador,IAEN,https://www.iaen.edu.ec/,1.4.3,afw4f7,Text has minimum contrast,362,div.skiptranslate > div > select.goog-te-combo > option,no,,,,R02,2026-09-08,,"No es un caracter visible: la regla no aplica. Texto oculto visualmente, de tamano cero o desplazado fuera de pantalla.",sin CMP detectada
96,ecuador,IAEN,https://www.iaen.edu.ec/,1.4.3,afw4f7,Text has minimum contrast,363,div.skiptranslate > div > select.goog-te-combo > option,no,,,,R02,2026-09-08,,"No es un caracter visible: la regla no aplica. Texto oculto visualmente, de tamano cero o desplazado fuera de pantalla.",sin CMP detectada
96,ecuador,IAEN,https://www.iaen.edu.ec/,1.4.3,afw4f7,Text has minimum contrast,364,div.skiptranslate > div > select.goog-te-combo > option,no,,,,R02,2026-09-08,,"No es un caracter visible: la regla no aplica. Texto oculto visualmente, de tamano cero o desplazado fuera de pantalla.",sin CMP detectada
96,ecuador,IAEN,https://www.iaen.edu.ec/,1.4.3,afw4f7,Text has minimum contrast,365,div.skiptranslate > div > select.goog-te-combo > option,no,,,,R02,2026-09-08,,"No es un caracter visible: la regla no aplica. Texto oculto visualmente, de tamano cero o desplazado fuera de pantalla.",sin CMP detectada
96,ecuador,IAEN,https://www.iaen.edu.ec/,1.4.3,afw4f7,Text has minimum contrast,366,div.skiptranslate > div > select.goog-te-combo > option,no,,,,R02,2026-09-08,,"No es un caracter visible: la regla no aplica. Texto oculto visualmente, de tamano cero o desplazado fuera de pantalla.",sin CMP detectada
96,ecuador,IAEN,https://www.iaen.edu.ec/,1.4.3,afw4f7,Text has minimum contrast,367,div.skiptranslate > div > select.goog-te-combo > option,no,,,,R02,2026-09-08,,"No es un caracter visible: la regla no aplica. Texto oculto visualmente, de tamano cero o desplazado fuera de pantalla.",sin CMP detectada
96,ecuador,IAEN,https://www.iaen.edu.ec/,1.4.3,afw4f7,Text has minimum contrast,368,div.skiptranslate > div > select.goog-te-combo > option,no,,,,R02,2026-09-08,,"No es un caracter visible: la regla no aplica. Texto oculto visualmente, de tamano cero o desplazado fuera de pantalla.",sin CMP detectada
96,ecuador,IAEN,https://www.iaen.edu.ec/,1.4.3,afw4f7,Text has minimum contrast,369,div.skiptranslate > div > select.goog-te-combo > option,no,,,,R02,2026-09-08,,"No es un caracter visible: la regla no aplica. Texto oculto visualmente, de tamano cero o desplazado fuera de pantalla.",sin CMP detectada
96,ecuador,IAEN,https://www.iaen.edu.ec/,1.4.3,afw4f7,Text has minimum contrast,370,div.skiptranslate > div > select.goog-te-combo > option,no,,,,R02,2026-09-08,,"No es un caracter visible: la regla no aplica. Texto oculto visualmente, de tamano cero o desplazado fuera de pantalla.",sin CMP detectada
96,ecuador,IAEN,https://www.iaen.edu.ec/,1.4.3,afw4f7,Text has minimum contrast,371,div.skiptranslate > div > select.goog-te-combo > option,no,,,,R02,2026-09-08,,"No es un caracter visible: la regla no aplica. Texto oculto visualmente, de tamano cero o desplazado fuera de pantalla.",sin CMP detectada
96,ecuador,IAEN,https://www.iaen.edu.ec/,1.4.3,afw4f7,Text has minimum contrast,372,div.skiptranslate > div > select.goog-te-combo > option,no,,,,R02,2026-09-08,,"No es un caracter visible: la regla no aplica. Texto oculto visualmente, de tamano cero o desplazado fuera de pantalla.",sin CMP detectada
96,ecuador,IAEN,https://www.iaen.edu.ec/,1.4.3,afw4f7,Text has minimum contrast,373,div.skiptranslate > div > select.goog-te-combo > option,no,,,,R02,2026-09-08,,"No es un caracter visible: la regla no aplica. Texto oculto visualmente, de tamano cero o desplazado fuera de pantalla.",sin CMP detectada
96,ecuador,IAEN,https://www.iaen.edu.ec/,1.4.3,afw4f7,Text has minimum contrast,374,div.skiptranslate > div > select.goog-te-combo > option,no,,,,R02,2026-09-08,,"No es un caracter visible: la regla no aplica. Texto oculto visualmente, de tamano cero o desplazado fuera de pantalla.",sin CMP detectada
96,ecuador,IAEN,https://www.iaen.edu.ec/,1.4.3,afw4f7,Text has minimum contrast,375,div.skiptranslate > div > select.goog-te-combo > option,no,,,,R02,2026-09-08,,"No es un caracter visible: la regla no aplica. Texto oculto visualmente, de tamano cero o desplazado fuera de pantalla.",sin CMP detectada
96,ecuador,IAEN,https://www.iaen.edu.ec/,1.4.3,afw4f7,Text has minimum contrast,376,div.skiptranslate > div > select.goog-te-combo > option,no,,,,R02,2026-09-08,,"No es un caracter visible: la regla no aplica. Texto oculto visualmente, de tamano cero o desplazado fuera de pantalla.",sin CMP detectada
96,ecuador,IAEN,https://www.iaen.edu.ec/,1.4.3,afw4f7,Text has minimum contrast,377,div.skiptranslate > div > select.goog-te-combo > option,no,,,,R02,2026-09-08,,"No es un caracter visible: la regla no aplica. Texto oculto visualmente, de tamano cero o desplazado fuera de pantalla.",sin CMP detectada
96,ecuador,IAEN,https://www.iaen.edu.ec/,1.4.3,afw4f7,Text has minimum contrast,378,div.skiptranslate > div > select.goog-te-combo > option,no,,,,R02,2026-09-08,,"No es un caracter visible: la regla no aplica. Texto oculto visualmente, de tamano cero o desplazado fuera de pantalla.",sin CMP detectada
96,ecuador,IAEN,https://www.iaen.edu.ec/,1.4.3,afw4f7,Text has minimum contrast,379,div.skiptranslate > div > select.goog-te-combo > option,no,,,,R02,2026-09-08,,"No es un caracter visible: la regla no aplica. Texto oculto visualmente, de tamano cero o desplazado fuera de pantalla.",sin CMP detectada
96,ecuador,IAEN,https://www.iaen.edu.ec/,1.4.3,afw4f7,Text has minimum contrast,380,div.skiptranslate > div > select.goog-te-combo > option,no,,,,R02,2026-09-08,,"No es un caracter visible: la regla no aplica. Texto oculto visualmente, de tamano cero o desplazado fuera de pantalla.",sin CMP detectada
96,ecuador,IAEN,https://www.iaen.edu.ec/,1.4.3,afw4f7,Text has minimum contrast,381,div.skiptranslate > div > select.goog-te-combo > option,no,,,,R02,2026-09-08,,"No es un caracter visible: la regla no aplica. Texto oculto visualmente, de tamano cero o desplazado fuera de pantalla.",sin CMP detectada
96,ecuador,IAEN,https://www.iaen.edu.ec/,1.4.3,afw4f7,Text has minimum contrast,382,div.skiptranslate > div > select.goog-te-combo > option,no,,,,R02,2026-09-08,,"No es un caracter visible: la regla no aplica. Texto oculto visualmente, de tamano cero o desplazado fuera de pantalla.",sin CMP detectada
96,ecuador,IAEN,https://www.iaen.edu.ec/,1.4.3,afw4f7,Text has minimum contrast,383,div.skiptranslate > div > select.goog-te-combo > option,no,,,,R02,2026-09-08,,"No es un caracter visible: la regla no aplica. Texto oculto visualmente, de tamano cero o desplazado fuera de pantalla.",sin CMP detectada
96,ecuador,IAEN,https://www.iaen.edu.ec/,1.4.3,afw4f7,Text has minimum contrast,384,div.skiptranslate > div > select.goog-te-combo > option,no,,,,R02,2026-09-08,,"No es un caracter visible: la regla no aplica. Texto oculto visualmente, de tamano cero o desplazado fuera de pantalla.",sin CMP detectada
96,ecuador,IAEN,https://www.iaen.edu.ec/,1.4.3,afw4f7,Text has minimum contrast,385,div.skiptranslate > div > select.goog-te-combo > option,no,,,,R02,2026-09-08,,"No es un caracter visible: la regla no aplica. Texto oculto visualmente, de tamano cero o desplazado fuera de pantalla.",sin CMP detectada
96,ecuador,IAEN,https://www.iaen.edu.ec/,1.4.3,afw4f7,Text has minimum contrast,386,div.skiptranslate > div > select.goog-te-combo > option,no,,,,R02,2026-09-08,,"No es un caracter visible: la regla no aplica. Texto oculto visualmente, de tamano cero o desplazado fuera de pantalla.",sin CMP detectada
96,ecuador,IAEN,https://www.iaen.edu.ec/,1.4.3,afw4f7,Text has minimum contrast,387,div.skiptranslate > div > select.goog-te-combo > option,no,,,,R02,2026-09-08,,"No es un caracter visible: la regla no aplica. Texto oculto visualmente, de tamano cero o desplazado fuera de pantalla.",sin CMP detectada
96,ecuador,IAEN,https://www.iaen.edu.ec/,1.4.3,afw4f7,Text has minimum contrast,388,div.skiptranslate > div > select.goog-te-combo > option,no,,,,R02,2026-09-08,,"No es un caracter visible: la regla no aplica. Texto oculto visualmente, de tamano cero o desplazado fuera de pantalla.",sin CMP detectada
96,ecuador,IAEN,https://www.iaen.edu.ec/,1.4.3,afw4f7,Text has minimum contrast,389,div.skiptranslate > div > select.goog-te-combo > option,no,,,,R02,2026-09-08,,"No es un caracter visible: la regla no aplica. Texto oculto visualmente, de tamano cero o desplazado fuera de pantalla.",sin CMP detectada
96,ecuador,IAEN,https://www.iaen.edu.ec/,1.4.3,afw4f7,Text has minimum contrast,390,div.skiptranslate > div > select.goog-te-combo > option,no,,,,R02,2026-09-08,,"No es un caracter visible: la regla no aplica. Texto oculto visualmente, de tamano cero o desplazado fuera de pantalla.",sin CMP detectada
96,ecuador,IAEN,https://www.iaen.edu.ec/,1.4.3,afw4f7,Text has minimum contrast,391,div.skiptranslate > div > select.goog-te-combo > option,no,,,,R02,2026-09-08,,"No es un caracter visible: la regla no aplica. Texto oculto visualmente, de tamano cero o desplazado fuera de pantalla.",sin CMP detectada
96,ecuador,IAEN,https://www.iaen.edu.ec/,1.4.3,afw4f7,Text has minimum contrast,392,div.skiptranslate > div > select.goog-te-combo > option,no,,,,R02,2026-09-08,,"No es un caracter visible: la regla no aplica. Texto oculto visualmente, de tamano cero o desplazado fuera de pantalla.",sin CMP detectada
96,ecuador,IAEN,https://www.iaen.edu.ec/,1.4.3,afw4f7,Text has minimum contrast,393,div.skiptranslate > div > select.goog-te-combo > option,no,,,,R02,2026-09-08,,"No es un caracter visible: la regla no aplica. Texto oculto visualmente, de tamano cero o desplazado fuera de pantalla.",sin CMP detectada
96,ecuador,IAEN,https://www.iaen.edu.ec/,1.4.3,afw4f7,Text has minimum contrast,394,div.skiptranslate > div > select.goog-te-combo > option,no,,,,R02,2026-09-08,,"No es un caracter visible: la regla no aplica. Texto oculto visualmente, de tamano cero o desplazado fuera de pantalla.",sin CMP detectada
96,ecuador,IAEN,https://www.iaen.edu.ec/,1.4.3,afw4f7,Text has minimum contrast,395,div.skiptranslate > div > select.goog-te-combo > option,no,,,,R02,2026-09-08,,"No es un caracter visible: la regla no aplica. Texto oculto visualmente, de tamano cero o desplazado fuera de pantalla.",sin CMP detectada
96,ecuador,IAEN,https://www.iaen.edu.ec/,1.4.3,afw4f7,Text has minimum contrast,396,div.skiptranslate > div > select.goog-te-combo > option,no,,,,R02,2026-09-08,,"No es un caracter visible: la regla no aplica. Texto oculto visualmente, de tamano cero o desplazado fuera de pantalla.",sin CMP detectada
96,ecuador,IAEN,https://www.iaen.edu.ec/,1.4.3,afw4f7,Text has minimum contrast,397,div.skiptranslate > div > select.goog-te-combo > option,no,,,,R02,2026-09-08,,"No es un caracter visible: la regla no aplica. Texto oculto visualmente, de tamano cero o desplazado fuera de pantalla.",sin CMP detectada
96,ecuador,IAEN,https://www.iaen.edu.ec/,1.4.3,afw4f7,Text has minimum contrast,398,div.skiptranslate > div > select.goog-te-combo > option,no,,,,R02,2026-09-08,,"No es un caracter visible: la regla no aplica. Texto oculto visualmente, de tamano cero o desplazado fuera de pantalla.",sin CMP detectada
96,ecuador,IAEN,https://www.iaen.edu.ec/,1.4.3,afw4f7,Text has minimum contrast,399,div.skiptranslate > div > select.goog-te-combo > option,no,,,,R02,2026-09-08,,"No es un caracter visible: la regla no aplica. Texto oculto visualmente, de tamano cero o desplazado fuera de pantalla.",sin CMP detectada
96,ecuador,IAEN,https://www.iaen.edu.ec/,1.4.3,afw4f7,Text has minimum contrast,400,div.skiptranslate > div > select.goog-te-combo > option,no,,,,R02,2026-09-08,,"No es un caracter visible: la regla no aplica. Texto oculto visualmente, de tamano cero o desplazado fuera de pantalla.",sin CMP detectada
96,ecuador,IAEN,https://www.iaen.edu.ec/,1.4.3,afw4f7,Text has minimum contrast,401,div.skiptranslate > div > select.goog-te-combo > option,no,,,,R02,2026-09-08,,"No es un caracter visible: la regla no aplica. Texto oculto visualmente, de tamano cero o desplazado fuera de pantalla.",sin CMP detectada
96,ecuador,IAEN,https://www.iaen.edu.ec/,1.4.3,afw4f7,Text has minimum contrast,402,div.skiptranslate > div > select.goog-te-combo > option,no,,,,R02,2026-09-08,,"No es un caracter visible: la regla no aplica. Texto oculto visualmente, de tamano cero o desplazado fuera de pantalla.",sin CMP detectada
96,ecuador,IAEN,https://www.iaen.edu.ec/,1.4.3,afw4f7,Text has minimum contrast,403,div.skiptranslate > div > select.goog-te-combo > option,no,,,,R02,2026-09-08,,"No es un caracter visible: la regla no aplica. Texto oculto visualmente, de tamano cero o desplazado fuera de pantalla.",sin CMP detectada
96,ecuador,IAEN,https://www.iaen.edu.ec/,1.4.3,afw4f7,Text has minimum contrast,404,div.skiptranslate > div > select.goog-te-combo > option,no,,,,R02,2026-09-08,,"No es un caracter visible: la regla no aplica. Texto oculto visualmente, de tamano cero o desplazado fuera de pantalla.",sin CMP detectada
96,ecuador,IAEN,https://www.iaen.edu.ec/,1.4.3,afw4f7,Text has minimum contrast,405,div.skiptranslate > div > select.goog-te-combo > option,no,,,,R02,2026-09-08,,"No es un caracter visible: la regla no aplica. Texto oculto visualmente, de tamano cero o desplazado fuera de pantalla.",sin CMP detectada
96,ecuador,IAEN,https://www.iaen.edu.ec/,1.4.3,afw4f7,Text has minimum contrast,406,div.skiptranslate > div > select.goog-te-combo > option,no,,,,R02,2026-09-08,,"No es un caracter visible: la regla no aplica. Texto oculto visualmente, de tamano cero o desplazado fuera de pantalla.",sin CMP detectada
96,ecuador,IAEN,https://www.iaen.edu.ec/,1.4.3,afw4f7,Text has minimum contrast,407,div.skiptranslate > div > select.goog-te-combo > option,no,,,,R02,2026-09-08,,"No es un caracter visible: la regla no aplica. Texto oculto visualmente, de tamano cero o desplazado fuera de pantalla.",sin CMP detectada
96,ecuador,IAEN,https://www.iaen.edu.ec/,1.4.3,afw4f7,Text has minimum contrast,408,div.skiptranslate > div > select.goog-te-combo > option,no,,,,R02,2026-09-08,,"No es un caracter visible: la regla no aplica. Texto oculto visualmente, de tamano cero o desplazado fuera de pantalla.",sin CMP detectada
96,ecuador,IAEN,https://www.iaen.edu.ec/,1.4.3,afw4f7,Text has minimum contrast,409,div.skiptranslate > div > select.goog-te-combo > option,no,,,,R02,2026-09-08,,"No es un caracter visible: la regla no aplica. Texto oculto visualmente, de tamano cero o desplazado fuera de pantalla.",sin CMP detectada
96,ecuador,IAEN,https://www.iaen.edu.ec/,1.4.3,afw4f7,Text has minimum contrast,410,div.skiptranslate > div > select.goog-te-combo > option,no,,,,R02,2026-09-08,,"No es un caracter visible: la regla no aplica. Texto oculto visualmente, de tamano cero o desplazado fuera de pantalla.",sin CMP detectada
96,ecuador,IAEN,https://www.iaen.edu.ec/,1.4.3,afw4f7,Text has minimum contrast,411,div.skiptranslate > div > select.goog-te-combo > option,no,,,,R02,2026-09-08,,"No es un caracter visible: la regla no aplica. Texto oculto visualmente, de tamano cero o desplazado fuera de pantalla.",sin CMP detectada
96,ecuador,IAEN,https://www.iaen.edu.ec/,1.4.3,afw4f7,Text has minimum contrast,412,div.skiptranslate > div > select.goog-te-combo > option,no,,,,R02,2026-09-08,,"No es un caracter visible: la regla no aplica. Texto oculto visualmente, de tamano cero o desplazado fuera de pantalla.",sin CMP detectada
96,ecuador,IAEN,https://www.iaen.edu.ec/,1.4.3,afw4f7,Text has minimum contrast,413,div.skiptranslate > div > select.goog-te-combo > option,no,,,,R02,2026-09-08,,"No es un caracter visible: la regla no aplica. Texto oculto visualmente, de tamano cero o desplazado fuera de pantalla.",sin CMP detectada
96,ecuador,IAEN,https://www.iaen.edu.ec/,1.4.3,afw4f7,Text has minimum contrast,414,div.skiptranslate > div > select.goog-te-combo > option,no,,,,R02,2026-09-08,,"No es un caracter visible: la regla no aplica. Texto oculto visualmente, de tamano cero o desplazado fuera de pantalla.",sin CMP detectada
96,ecuador,IAEN,https://www.iaen.edu.ec/,1.4.3,afw4f7,Text has minimum contrast,415,div.skiptranslate > div > select.goog-te-combo > option,no,,,,R02,2026-09-08,,"No es un caracter visible: la regla no aplica. Texto oculto visualmente, de tamano cero o desplazado fuera de pantalla.",sin CMP detectada
96,ecuador,IAEN,https://www.iaen.edu.ec/,1.4.3,afw4f7,Text has minimum contrast,416,body.home > div.gtranslate_wrapper > div > div.skiptranslate,no,,,,R02,2026-09-08,,"No es un caracter visible: la regla no aplica. Texto oculto visualmente, de tamano cero o desplazado fuera de pantalla.",sin CMP detectada
96,ecuador,IAEN,https://www.iaen.edu.ec/,1.4.3,afw4f7,Text has minimum contrast,417,div > div.skiptranslate > span > a.VIpgJd-ZVi9od-l4eHX-hSRGPd,no,,,,R02,2026-09-08,,"No es un caracter visible: la regla no aplica. Texto oculto visualmente, de tamano cero o desplazado fuera de pantalla.",sin CMP detectada
96,ecuador,IAEN,https://www.iaen.edu.ec/,1.4.3,afw4f7,Text has minimum contrast,418,div.gt_float_switcher > div.gt-selected > div.gt-current-lang > span.gt-lang-code,si,cumple,12.63:1,,R02,2026-09-08,,"umbral 3:1 (texto grande, 20.0px negrita); texto: ""es""",sin CMP detectada
96,ecuador,IAEN,https://www.iaen.edu.ec/,1.4.3,afw4f7,Text has minimum contrast,419,div > div.gt_float_switcher > div.gt_options > a.nturl,no,,,,R02,2026-09-08,,"No es un caracter visible: la regla no aplica. Texto oculto visualmente, de tamano cero o desplazado fuera de pantalla.",sin CMP detectada
96,ecuador,IAEN,https://www.iaen.edu.ec/,1.4.3,afw4f7,Text has minimum contrast,420,div > div.gt_float_switcher > div.gt_options > a.nturl,no,,,,R02,2026-09-08,,"No es un caracter visible: la regla no aplica. Texto oculto visualmente, de tamano cero o desplazado fuera de pantalla.",sin CMP detectada
96,ecuador,IAEN,https://www.iaen.edu.ec/,1.4.3,afw4f7,Text has minimum contrast,421,div.moove-gdpr-info-bar-container > div.moove-gdpr-info-bar-content > div.moove-gdpr-cookie-notice > p,no,,,,R02,2026-09-08,,"No es un caracter visible: la regla no aplica. Texto oculto visualmente, de tamano cero o desplazado fuera de pantalla.",sin CMP detectada
96,ecuador,IAEN,https://www.iaen.edu.ec/,1.4.3,afw4f7,Text has minimum contrast,422,div.moove-gdpr-info-bar-content > div.moove-gdpr-cookie-notice > p > a,no,,,,R02,2026-09-08,,"No es un caracter visible: la regla no aplica. Texto oculto visualmente, de tamano cero o desplazado fuera de pantalla.",sin CMP detectada
96,ecuador,IAEN,https://www.iaen.edu.ec/,1.4.3,afw4f7,Text has minimum contrast,423,div.moove-gdpr-info-bar-content > div.moove-gdpr-cookie-notice > p > button.change-settings-button,no,,,,R02,2026-09-08,,"No es un caracter visible: la regla no aplica. Texto oculto visualmente, de tamano cero o desplazado fuera de pantalla.",sin CMP detectada
96,ecuador,IAEN,https://www.iaen.edu.ec/,1.4.3,afw4f7,Text has minimum contrast,424,div.moove-gdpr-info-bar-container > div.moove-gdpr-info-bar-content > div.moove-gdpr-cookie-notice > p,no,,,,R02,2026-09-08,,"No es un caracter visible: la regla no aplica. Texto oculto visualmente, de tamano cero o desplazado fuera de pantalla.",sin CMP detectada
96,ecuador,IAEN,https://www.iaen.edu.ec/,1.4.3,afw4f7,Text has minimum contrast,425,div.moove-gdpr-info-bar-container > div.moove-gdpr-info-bar-content > div.moove-gdpr-button-holder > button.mgbutton,no,,,,R02,2026-09-08,,"No es un caracter visible: la regla no aplica. Texto oculto visualmente, de tamano cero o desplazado fuera de pantalla.",sin CMP detectada
96,ecuador,IAEN,https://www.iaen.edu.ec/,1.4.3,afw4f7,Text has minimum contrast,426,div.wa__widget_container > div.wa__btn_popup > div.wa__btn_popup_txt > span,si,cumple,8.69:1,,R02,2026-09-08,,"umbral 4.5:1 (texto normal, 12.0px); texto: ""Chatea con nosotros""",sin CMP detectada
96,ecuador,IAEN,https://www.iaen.edu.ec/,1.4.3,afw4f7,Text has minimum contrast,427,div.wa__widget_container > div.wa__popup_chat_box > div.wa__popup_heading > div.wa__popup_title,no,,,,R02,2026-09-08,,"No es un caracter visible: la regla no aplica. Texto oculto visualmente, de tamano cero o desplazado fuera de pantalla.",sin CMP detectada
96,ecuador,IAEN,https://www.iaen.edu.ec/,1.4.3,afw4f7,Text has minimum contrast,428,div.wa__widget_container > div.wa__popup_chat_box > div.wa__popup_heading > div.wa__popup_intro,no,,,,R02,2026-09-08,,"No es un caracter visible: la regla no aplica. Texto oculto visualmente, de tamano cero o desplazado fuera de pantalla.",sin CMP detectada
96,ecuador,IAEN,https://www.iaen.edu.ec/,1.4.3,afw4f7,Text has minimum contrast,429,div.wa__popup_chat_box > div.wa__popup_heading > div.wa__popup_intro > strong,no,,,,R02,2026-09-08,,"No es un caracter visible: la regla no aplica. Texto oculto visualmente, de tamano cero o desplazado fuera de pantalla.",sin CMP detectada
96,ecuador,IAEN,https://www.iaen.edu.ec/,1.4.3,afw4f7,Text has minimum contrast,430,div.wa__widget_container > div.wa__popup_chat_box > div.wa__popup_content > div.wa__popup_notice,no,,,,R02,2026-09-08,,"No es un caracter visible: la regla no aplica. Texto oculto visualmente, de tamano cero o desplazado fuera de pantalla.",sin CMP detectada
96,ecuador,IAEN,https://www.iaen.edu.ec/,1.4.3,afw4f7,Text has minimum contrast,431,div.wa__popup_content_item > a.wa__stt > div.wa__popup_txt > div.wa__member_name,no,,,,R02,2026-09-08,,"No es un caracter visible: la regla no aplica. Texto oculto visualmente, de tamano cero o desplazado fuera de pantalla.",sin CMP detectada
96,ecuador,IAEN,https://www.iaen.edu.ec/,1.4.3,afw4f7,Text has minimum contrast,432,div.wa__popup_content_item > a.wa__stt > div.wa__popup_txt > div.wa__member_duty,no,,,,R02,2026-09-08,,"No es un caracter visible: la regla no aplica. Texto oculto visualmente, de tamano cero o desplazado fuera de pantalla.",sin CMP detectada
96,ecuador,IAEN,https://www.iaen.edu.ec/,1.4.3,afw4f7,Text has minimum contrast,433,dialog.gdpr_lightbox-hide > div.moove-gdpr-modal-content > button.moove-gdpr-modal-close > span.gdpr-sr-only,no,,,,R02,2026-09-08,,"No es un caracter visible: la regla no aplica. Texto oculto visualmente, de tamano cero o desplazado fuera de pantalla.",sin CMP detectada
96,ecuador,IAEN,https://www.iaen.edu.ec/,1.4.3,afw4f7,Text has minimum contrast,434,ul > li.menu-item-on > button.moove-gdpr-tab-nav > span.gdpr-nav-tab-title,no,,,,R02,2026-09-08,,"No es un caracter visible: la regla no aplica. Texto oculto visualmente, de tamano cero o desplazado fuera de pantalla.",sin CMP detectada
96,ecuador,IAEN,https://www.iaen.edu.ec/,1.4.3,afw4f7,Text has minimum contrast,435,ul > li.menu-item-strict-necessary-cookies > button.moove-gdpr-tab-nav > span.gdpr-nav-tab-title,no,,,,R02,2026-09-08,,"No es un caracter visible: la regla no aplica. Texto oculto visualmente, de tamano cero o desplazado fuera de pantalla.",sin CMP detectada
96,ecuador,IAEN,https://www.iaen.edu.ec/,1.4.3,afw4f7,Text has minimum contrast,436,div.moove-gdpr-modal-content > div.moove-gdpr-modal-left-content > div.moove-gdpr-branding-cnt > a.moove-gdpr-branding,no,,,,R02,2026-09-08,,"No es un caracter visible: la regla no aplica. Texto oculto visualmente, de tamano cero o desplazado fuera de pantalla.",sin CMP detectada
96,ecuador,IAEN,https://www.iaen.edu.ec/,1.4.3,afw4f7,Text has minimum contrast,437,div.moove-gdpr-modal-left-content > div.moove-gdpr-branding-cnt > a.moove-gdpr-branding > span,no,,,,R02,2026-09-08,,"No es un caracter visible: la regla no aplica. Texto oculto visualmente, de tamano cero o desplazado fuera de pantalla.",sin CMP detectada
96,ecuador,IAEN,https://www.iaen.edu.ec/,1.4.3,afw4f7,Text has minimum contrast,438,div.main-modal-content > div.moove-gdpr-tab-content > div.moove-gdpr-tab-main > span.tab-title,no,,,,R02,2026-09-08,,"No es un caracter visible: la regla no aplica. Texto oculto visualmente, de tamano cero o desplazado fuera de pantalla.",sin CMP detectada
96,ecuador,IAEN,https://www.iaen.edu.ec/,1.4.3,afw4f7,Text has minimum contrast,439,div.moove-gdpr-tab-content > div.moove-gdpr-tab-main > div.moove-gdpr-tab-main-content > p,no,,,,R02,2026-09-08,,"No es un caracter visible: la regla no aplica. Texto oculto visualmente, de tamano cero o desplazado fuera de pantalla.",sin CMP detectada
96,ecuador,IAEN,https://www.iaen.edu.ec/,1.4.3,afw4f7,Text has minimum contrast,440,div.moove-gdpr-tab-main > div.moove-gdpr-tab-main-content > p > a,no,,,,R02,2026-09-08,,"No es un caracter visible: la regla no aplica. Texto oculto visualmente, de tamano cero o desplazado fuera de pantalla.",sin CMP detectada
96,ecuador,IAEN,https://www.iaen.edu.ec/,1.4.3,afw4f7,Text has minimum contrast,441,div.main-modal-content > div.moove-gdpr-tab-content > div.moove-gdpr-tab-main > span.tab-title,no,,,,R02,2026-09-08,,"No es un caracter visible: la regla no aplica. Texto oculto visualmente, de tamano cero o desplazado fuera de pantalla.",sin CMP detectada
96,ecuador,IAEN,https://www.iaen.edu.ec/,1.4.3,afw4f7,Text has minimum contrast,442,div.moove-gdpr-tab-content > div.moove-gdpr-tab-main > div.moove-gdpr-tab-main-content > p,no,,,,R02,2026-09-08,,"No es un caracter visible: la regla no aplica. Texto oculto visualmente, de tamano cero o desplazado fuera de pantalla.",sin CMP detectada
96,ecuador,IAEN,https://www.iaen.edu.ec/,1.4.3,afw4f7,Text has minimum contrast,443,div.gdpr-cc-form-wrap > div.gdpr-cc-form-fieldset > label.cookie-switch > span.gdpr-sr-only,no,,,,R02,2026-09-08,,"No es un caracter visible: la regla no aplica. Texto oculto visualmente, de tamano cero o desplazado fuera de pantalla.",sin CMP detectada
96,ecuador,IAEN,https://www.iaen.edu.ec/,1.4.3,afw4f7,Text has minimum contrast,444,label.cookie-switch > span.cookie-slider > span.gdpr-sr-label > span.gdpr-sr-enable,no,,,,R02,2026-09-08,,"No es un caracter visible: la regla no aplica. Texto oculto visualmente, de tamano cero o desplazado fuera de pantalla.",sin CMP detectada
96,ecuador,IAEN,https://www.iaen.edu.ec/,1.4.3,afw4f7,Text has minimum contrast,445,label.cookie-switch > span.cookie-slider > span.gdpr-sr-label > span.gdpr-sr-disable,no,,,,R02,2026-09-08,,"No es un caracter visible: la regla no aplica. Texto oculto visualmente, de tamano cero o desplazado fuera de pantalla.",sin CMP detectada
96,ecuador,IAEN,https://www.iaen.edu.ec/,1.4.3,afw4f7,Text has minimum contrast,446,div.moove-gdpr-modal-right-content > div.moove-gdpr-modal-footer-content > div.moove-gdpr-button-holder > button.mgbutton,no,,,,R02,2026-09-08,,"No es un caracter visible: la regla no aplica. Texto oculto visualmente, de tamano cero o desplazado fuera de pantalla.",sin CMP detectada
96,ecuador,IAEN,https://www.iaen.edu.ec/,1.4.3,afw4f7,Text has minimum contrast,447,div.moove-gdpr-modal-right-content > div.moove-gdpr-modal-footer-content > div.moove-gdpr-button-holder > button.mgbutton,no,,,,R02,2026-09-08,,"No es un caracter visible: la regla no aplica. Texto oculto visualmente, de tamano cero o desplazado fuera de pantalla.",sin CMP detectada
96,ecuador,IAEN,https://www.iaen.edu.ec/,1.4.3,afw4f7,Text has minimum contrast,448,div.VIpgJd-yAWNEb-L7lbkb > div.VIpgJd-yAWNEb-hvhgNd > div.VIpgJd-yAWNEb-hvhgNd-Ud7fr > div.VIpgJd-yAWNEb-hvhgNd-IuizWc-i3jM8c,no,,,,R02,2026-09-08,,"No es un caracter visible: la regla no aplica. Texto oculto visualmente, de tamano cero o desplazado fuera de pantalla.",sin CMP detectada
96,ecuador,IAEN,https://www.iaen.edu.ec/,1.4.3,afw4f7,Text has minimum contrast,449,div.VIpgJd-yAWNEb-hvhgNd > div.VIpgJd-yAWNEb-hvhgNd-N7Eqid > div.VIpgJd-yAWNEb-hvhgNd-N7Eqid-B7I4Od > div.VIpgJd-yAWNEb-hvhgNd-UTujCb,no,,,,R02,2026-09-08,,"No es un caracter visible: la regla no aplica. Texto oculto visualmente, de tamano cero o desplazado fuera de pantalla.",sin CMP detectada
96,ecuador,IAEN,https://www.iaen.edu.ec/,1.4.3,afw4f7,Text has minimum contrast,450,div.VIpgJd-yAWNEb-hvhgNd > div.VIpgJd-yAWNEb-hvhgNd-N7Eqid > div.VIpgJd-yAWNEb-hvhgNd-N7Eqid-B7I4Od > div.VIpgJd-yAWNEb-hvhgNd-eO9mKe,no,,,,R02,2026-09-08,,"No es un caracter visible: la regla no aplica. Texto oculto visualmente, de tamano cero o desplazado fuera de pantalla.",sin CMP detectada
96,ecuador,IAEN,https://www.iaen.edu.ec/,1.1.1,23a2a8,Image has non-empty accessible name,1,div.elementor-element > div.elementor-element > div.elementor-widget-container > img.attachment-medium,si,cumple,,,R02,2026-09-08,,Marcada como decorativa: alt vacio o rol none/presentation. La expectativa lo admite.,sin CMP detectada
96,ecuador,IAEN,https://www.iaen.edu.ec/,1.1.1,e88epe,Image not in the accessibility tree is decorative,2,div.elementor-social-icons-wrapper > span.elementor-grid-item > a.elementor-icon > svg,no,,,,R02,2026-09-08,,Fuera del arbol de accesibilidad: se trata como decorativa.,sin CMP detectada
96,ecuador,IAEN,https://www.iaen.edu.ec/,1.1.1,e88epe,Image not in the accessibility tree is decorative,3,div.elementor-social-icons-wrapper > span.elementor-grid-item > a.elementor-icon > svg,no,,,,R02,2026-09-08,,Fuera del arbol de accesibilidad: se trata como decorativa.,sin CMP detectada
96,ecuador,IAEN,https://www.iaen.edu.ec/,1.1.1,e88epe,Image not in the accessibility tree is decorative,4,div.elementor-social-icons-wrapper > span.elementor-grid-item > a.elementor-icon > svg,no,,,,R02,2026-09-08,,Fuera del arbol de accesibilidad: se trata como decorativa.,sin CMP detectada
96,ecuador,IAEN,https://www.iaen.edu.ec/,1.1.1,e88epe,Image not in the accessibility tree is decorative,5,div.elementor-social-icons-wrapper > span.elementor-grid-item > a.elementor-icon > svg,no,,,,R02,2026-09-08,,Fuera del arbol de accesibilidad: se trata como decorativa.,sin CMP detectada
96,ecuador,IAEN,https://www.iaen.edu.ec/,1.1.1,e88epe,Image not in the accessibility tree is decorative,6,div.elementor-social-icons-wrapper > span.elementor-grid-item > a.elementor-icon > svg,no,,,,R02,2026-09-08,,Fuera del arbol de accesibilidad: se trata como decorativa.,sin CMP detectada
96,ecuador,IAEN,https://www.iaen.edu.ec/,1.1.1,e88epe,Image not in the accessibility tree is decorative,7,div.elementor-social-icons-wrapper > span.elementor-grid-item > a.elementor-icon > svg,no,,,,R02,2026-09-08,,Fuera del arbol de accesibilidad: se trata como decorativa.,sin CMP detectada
96,ecuador,IAEN,https://www.iaen.edu.ec/,1.1.1,e88epe,Image not in the accessibility tree is decorative,8,li.menu-item > a.elementor-item > span.sub-arrow > svg,no,,,,R02,2026-09-08,,Fuera del arbol de accesibilidad: se trata como decorativa.,sin CMP detectada
96,ecuador,IAEN,https://www.iaen.edu.ec/,1.1.1,e88epe,Image not in the accessibility tree is decorative,9,li.menu-item > a.elementor-item > span.sub-arrow > svg,no,,,,R02,2026-09-08,,Fuera del arbol de accesibilidad: se trata como decorativa.,sin CMP detectada
96,ecuador,IAEN,https://www.iaen.edu.ec/,1.1.1,e88epe,Image not in the accessibility tree is decorative,10,li.menu-item > a.elementor-item > span.sub-arrow > svg,no,,,,R02,2026-09-08,,Fuera del arbol de accesibilidad: se trata como decorativa.,sin CMP detectada
96,ecuador,IAEN,https://www.iaen.edu.ec/,1.1.1,e88epe,Image not in the accessibility tree is decorative,11,li.menu-item > a.elementor-item > span.sub-arrow > svg,no,,,,R02,2026-09-08,,Fuera del arbol de accesibilidad: se trata como decorativa.,sin CMP detectada
96,ecuador,IAEN,https://www.iaen.edu.ec/,1.1.1,e88epe,Image not in the accessibility tree is decorative,12,li.menu-item > a.elementor-item > span.sub-arrow > svg,no,,,,R02,2026-09-08,,Fuera del arbol de accesibilidad: se trata como decorativa.,sin CMP detectada
96,ecuador,IAEN,https://www.iaen.edu.ec/,1.1.1,e88epe,Image not in the accessibility tree is decorative,13,div.elementor-element > div.elementor-widget-container > div.elementor-menu-toggle > svg,no,,,,R02,2026-09-08,,Fuera del arbol de accesibilidad: se trata como decorativa.,sin CMP detectada
96,ecuador,IAEN,https://www.iaen.edu.ec/,1.1.1,e88epe,Image not in the accessibility tree is decorative,14,div.elementor-element > div.elementor-widget-container > div.elementor-menu-toggle > svg,no,,,,R02,2026-09-08,,Fuera del arbol de accesibilidad: se trata como decorativa.,sin CMP detectada
96,ecuador,IAEN,https://www.iaen.edu.ec/,1.1.1,e88epe,Image not in the accessibility tree is decorative,15,li.menu-item > a.elementor-item > span.sub-arrow > svg,no,,,,R02,2026-09-08,,Fuera del arbol de accesibilidad: se trata como decorativa.,sin CMP detectada
96,ecuador,IAEN,https://www.iaen.edu.ec/,1.1.1,e88epe,Image not in the accessibility tree is decorative,16,li.menu-item > a.elementor-item > span.sub-arrow > svg,no,,,,R02,2026-09-08,,Fuera del arbol de accesibilidad: se trata como decorativa.,sin CMP detectada
96,ecuador,IAEN,https://www.iaen.edu.ec/,1.1.1,e88epe,Image not in the accessibility tree is decorative,17,li.menu-item > a.elementor-item > span.sub-arrow > svg,no,,,,R02,2026-09-08,,Fuera del arbol de accesibilidad: se trata como decorativa.,sin CMP detectada
96,ecuador,IAEN,https://www.iaen.edu.ec/,1.1.1,e88epe,Image not in the accessibility tree is decorative,18,li.menu-item > a.elementor-item > span.sub-arrow > svg,no,,,,R02,2026-09-08,,Fuera del arbol de accesibilidad: se trata como decorativa.,sin CMP detectada
96,ecuador,IAEN,https://www.iaen.edu.ec/,1.1.1,e88epe,Image not in the accessibility tree is decorative,19,li.menu-item > a.elementor-item > span.sub-arrow > svg,no,,,,R02,2026-09-08,,Fuera del arbol de accesibilidad: se trata como decorativa.,sin CMP detectada
96,ecuador,IAEN,https://www.iaen.edu.ec/,1.1.1,23a2a8,Image has non-empty accessible name,20,div.elementor-slides-wrapper > div.swiper-wrapper > div.elementor-repeater-item-7348986 > div.swiper-slide-bg,si,cumple,,,R02,2026-09-08,,"nombre accesible: ""1""",sin CMP detectada
96,ecuador,IAEN,https://www.iaen.edu.ec/,1.1.1,qt1vmo,Image accessible name is descriptive,20,div.elementor-slides-wrapper > div.swiper-wrapper > div.elementor-repeater-item-7348986 > div.swiper-slide-bg,si,REVISAR,,,R02,2026-09-08,,"JUICIO HUMANO. ¿El nombre sirve un proposito equivalente al contenido no textual? nombre: ""1"" | src: ",sin CMP detectada
96,ecuador,IAEN,https://www.iaen.edu.ec/,1.1.1,23a2a8,Image has non-empty accessible name,21,div.elementor-slides-wrapper > div.swiper-wrapper > div.elementor-repeater-item-28e30bd > div.swiper-slide-bg,si,cumple,,,R02,2026-09-08,,"nombre accesible: ""Firefly_Gemini Flash_el pesanador un poco mas pequeño 140699""",sin CMP detectada
96,ecuador,IAEN,https://www.iaen.edu.ec/,1.1.1,qt1vmo,Image accessible name is descriptive,21,div.elementor-slides-wrapper > div.swiper-wrapper > div.elementor-repeater-item-28e30bd > div.swiper-slide-bg,si,REVISAR,,,R02,2026-09-08,,"JUICIO HUMANO. ¿El nombre sirve un proposito equivalente al contenido no textual? nombre: ""Firefly_Gemini Flash_el pesanador un poco mas pequeño 140699"" | src: ",sin CMP detectada
96,ecuador,IAEN,https://www.iaen.edu.ec/,1.1.1,23a2a8,Image has non-empty accessible name,22,div.elementor-slides-wrapper > div.swiper-wrapper > div.elementor-repeater-item-66e72d1 > div.swiper-slide-bg,si,cumple,,,R02,2026-09-08,,"nombre accesible: ""banners web 2026""",sin CMP detectada
96,ecuador,IAEN,https://www.iaen.edu.ec/,1.1.1,qt1vmo,Image accessible name is descriptive,22,div.elementor-slides-wrapper > div.swiper-wrapper > div.elementor-repeater-item-66e72d1 > div.swiper-slide-bg,si,REVISAR,,,R02,2026-09-08,,"JUICIO HUMANO. ¿El nombre sirve un proposito equivalente al contenido no textual? nombre: ""banners web 2026"" | src: ",sin CMP detectada
96,ecuador,IAEN,https://www.iaen.edu.ec/,1.1.1,23a2a8,Image has non-empty accessible name,23,div.elementor-slides-wrapper > div.swiper-wrapper > div.elementor-repeater-item-9f409f8 > div.swiper-slide-bg,si,cumple,,,R02,2026-09-08,,"nombre accesible: ""ChatGPT Image 24 jun 2026, 10_44_26 a.m.""",sin CMP detectada
96,ecuador,IAEN,https://www.iaen.edu.ec/,1.1.1,qt1vmo,Image accessible name is descriptive,23,div.elementor-slides-wrapper > div.swiper-wrapper > div.elementor-repeater-item-9f409f8 > div.swiper-slide-bg,si,REVISAR,,,R02,2026-09-08,,"JUICIO HUMANO. ¿El nombre sirve un proposito equivalente al contenido no textual? nombre: ""ChatGPT Image 24 jun 2026, 10_44_26 a.m."" | src: ",sin CMP detectada
96,ecuador,IAEN,https://www.iaen.edu.ec/,1.1.1,23a2a8,Image has non-empty accessible name,24,div.elementor-slides-wrapper > div.swiper-wrapper > div.elementor-repeater-item-fa9fe69 > div.swiper-slide-bg,si,cumple,,,R02,2026-09-08,,"nombre accesible: ""bienestar""",sin CMP detectada
96,ecuador,IAEN,https://www.iaen.edu.ec/,1.1.1,qt1vmo,Image accessible name is descriptive,24,div.elementor-slides-wrapper > div.swiper-wrapper > div.elementor-repeater-item-fa9fe69 > div.swiper-slide-bg,si,REVISAR,,,R02,2026-09-08,,"JUICIO HUMANO. ¿El nombre sirve un proposito equivalente al contenido no textual? nombre: ""bienestar"" | src: ",sin CMP detectada
96,ecuador,IAEN,https://www.iaen.edu.ec/,1.1.1,23a2a8,Image has non-empty accessible name,25,div.elementor-slides-wrapper > div.swiper-wrapper > div.elementor-repeater-item-734851f > div.swiper-slide-bg,si,cumple,,,R02,2026-09-08,,"nombre accesible: ""ChatGPT Image 9 jun 2026, 10_45_00""",sin CMP detectada
96,ecuador,IAEN,https://www.iaen.edu.ec/,1.1.1,qt1vmo,Image accessible name is descriptive,25,div.elementor-slides-wrapper > div.swiper-wrapper > div.elementor-repeater-item-734851f > div.swiper-slide-bg,si,REVISAR,,,R02,2026-09-08,,"JUICIO HUMANO. ¿El nombre sirve un proposito equivalente al contenido no textual? nombre: ""ChatGPT Image 9 jun 2026, 10_45_00"" | src: ",sin CMP detectada
96,ecuador,IAEN,https://www.iaen.edu.ec/,1.1.1,23a2a8,Image has non-empty accessible name,26,div.elementor-slides-wrapper > div.swiper-wrapper > div.elementor-repeater-item-09d4f9d > div.swiper-slide-bg,si,cumple,,,R02,2026-09-08,,"nombre accesible: ""banners web 2026 (1)""",sin CMP detectada
96,ecuador,IAEN,https://www.iaen.edu.ec/,1.1.1,qt1vmo,Image accessible name is descriptive,26,div.elementor-slides-wrapper > div.swiper-wrapper > div.elementor-repeater-item-09d4f9d > div.swiper-slide-bg,si,REVISAR,,,R02,2026-09-08,,"JUICIO HUMANO. ¿El nombre sirve un proposito equivalente al contenido no textual? nombre: ""banners web 2026 (1)"" | src: ",sin CMP detectada
96,ecuador,IAEN,https://www.iaen.edu.ec/,1.1.1,e88epe,Image not in the accessibility tree is decorative,27,div.elementor-swiper > div.elementor-slides-wrapper > div.elementor-swiper-button > svg,no,,,,R02,2026-09-08,,Fuera del arbol de accesibilidad: se trata como decorativa.,sin CMP detectada
96,ecuador,IAEN,https://www.iaen.edu.ec/,1.1.1,e88epe,Image not in the accessibility tree is decorative,28,div.elementor-swiper > div.elementor-slides-wrapper > div.elementor-swiper-button > svg,no,,,,R02,2026-09-08,,Fuera del arbol de accesibilidad: se trata como decorativa.,sin CMP detectada
96,ecuador,IAEN,https://www.iaen.edu.ec/,1.1.1,e88epe,Image not in the accessibility tree is decorative,29,article.elementor-post > a.elementor-post__thumbnail__link > div.elementor-post__thumbnail > img.attachment-large,no,,,,R02,2026-09-08,,Fuera del arbol de accesibilidad: se trata como decorativa.,sin CMP detectada
96,ecuador,IAEN,https://www.iaen.edu.ec/,1.1.1,e88epe,Image not in the accessibility tree is decorative,30,article.elementor-post > a.elementor-post__thumbnail__link > div.elementor-post__thumbnail > img.attachment-large,no,,,,R02,2026-09-08,,Fuera del arbol de accesibilidad: se trata como decorativa.,sin CMP detectada
96,ecuador,IAEN,https://www.iaen.edu.ec/,1.1.1,e88epe,Image not in the accessibility tree is decorative,31,div.elementor-element > div.elementor-element > div.elementor-widget-container > img.attachment-full,no,,,,R02,2026-09-08,,Fuera del arbol de accesibilidad: se trata como decorativa.,sin CMP detectada
96,ecuador,IAEN,https://www.iaen.edu.ec/,1.1.1,e88epe,Image not in the accessibility tree is decorative,32,div.elementor-element > div.elementor-widget-container > h3 > img.emoji,no,,,,R02,2026-09-08,,Fuera del arbol de accesibilidad: se trata como decorativa.,sin CMP detectada
96,ecuador,IAEN,https://www.iaen.edu.ec/,1.1.1,e88epe,Image not in the accessibility tree is decorative,33,div.elementor-element > div.elementor-widget-container > p > img.emoji,no,,,,R02,2026-09-08,,Fuera del arbol de accesibilidad: se trata como decorativa.,sin CMP detectada
96,ecuador,IAEN,https://www.iaen.edu.ec/,1.1.1,e88epe,Image not in the accessibility tree is decorative,34,div.elementor-element > div.elementor-widget-container > p > img.emoji,no,,,,R02,2026-09-08,,Fuera del arbol de accesibilidad: se trata como decorativa.,sin CMP detectada
96,ecuador,IAEN,https://www.iaen.edu.ec/,1.1.1,e88epe,Image not in the accessibility tree is decorative,35,div.elementor-element > div.elementor-widget-container > p > img.emoji,no,,,,R02,2026-09-08,,Fuera del arbol de accesibilidad: se trata como decorativa.,sin CMP detectada
96,ecuador,IAEN,https://www.iaen.edu.ec/,1.1.1,e88epe,Image not in the accessibility tree is decorative,36,div.elementor-element > div.elementor-widget-container > p > img.emoji,no,,,,R02,2026-09-08,,Fuera del arbol de accesibilidad: se trata como decorativa.,sin CMP detectada
96,ecuador,IAEN,https://www.iaen.edu.ec/,1.1.1,e88epe,Image not in the accessibility tree is decorative,37,div.elementor-widget-container > p > strong > img.emoji,no,,,,R02,2026-09-08,,Fuera del arbol de accesibilidad: se trata como decorativa.,sin CMP detectada
96,ecuador,IAEN,https://www.iaen.edu.ec/,1.1.1,e88epe,Image not in the accessibility tree is decorative,38,div.elementor-element > div.elementor-widget-container > p > img.emoji,no,,,,R02,2026-09-08,,Fuera del arbol de accesibilidad: se trata como decorativa.,sin CMP detectada
96,ecuador,IAEN,https://www.iaen.edu.ec/,1.1.1,e88epe,Image not in the accessibility tree is decorative,39,div.elementor-element > div.elementor-widget-container > p > img.emoji,no,,,,R02,2026-09-08,,Fuera del arbol de accesibilidad: se trata como decorativa.,sin CMP detectada
96,ecuador,IAEN,https://www.iaen.edu.ec/,1.1.1,e88epe,Image not in the accessibility tree is decorative,40,div.elementor-element > div.elementor-widget-container > p > img.emoji,no,,,,R02,2026-09-08,,Fuera del arbol de accesibilidad: se trata como decorativa.,sin CMP detectada
96,ecuador,IAEN,https://www.iaen.edu.ec/,1.1.1,e88epe,Image not in the accessibility tree is decorative,41,div.elementor-element > div.elementor-widget-container > p > img.emoji,no,,,,R02,2026-09-08,,Fuera del arbol de accesibilidad: se trata como decorativa.,sin CMP detectada
96,ecuador,IAEN,https://www.iaen.edu.ec/,1.1.1,e88epe,Image not in the accessibility tree is decorative,42,div.elementor-icon-box-wrapper > div.elementor-icon-box-icon > span.elementor-icon > svg,no,,,,R02,2026-09-08,,Fuera del arbol de accesibilidad: se trata como decorativa.,sin CMP detectada
96,ecuador,IAEN,https://www.iaen.edu.ec/,1.1.1,e88epe,Image not in the accessibility tree is decorative,43,div.elementor-icon-box-wrapper > div.elementor-icon-box-icon > span.elementor-icon > svg,no,,,,R02,2026-09-08,,Fuera del arbol de accesibilidad: se trata como decorativa.,sin CMP detectada
96,ecuador,IAEN,https://www.iaen.edu.ec/,1.1.1,e88epe,Image not in the accessibility tree is decorative,44,div.elementor-icon-box-wrapper > div.elementor-icon-box-icon > span.elementor-icon > svg,no,,,,R02,2026-09-08,,Fuera del arbol de accesibilidad: se trata como decorativa.,sin CMP detectada
96,ecuador,IAEN,https://www.iaen.edu.ec/,1.1.1,e88epe,Image not in the accessibility tree is decorative,45,#Capa_1,no,,,,R02,2026-09-08,,Fuera del arbol de accesibilidad: se trata como decorativa.,sin CMP detectada
96,ecuador,IAEN,https://www.iaen.edu.ec/,1.1.1,e88epe,Image not in the accessibility tree is decorative,46,div.elementor-icon-box-wrapper > div.elementor-icon-box-icon > span.elementor-icon > svg,no,,,,R02,2026-09-08,,Fuera del arbol de accesibilidad: se trata como decorativa.,sin CMP detectada
96,ecuador,IAEN,https://www.iaen.edu.ec/,1.1.1,e88epe,Image not in the accessibility tree is decorative,47,#Capa_1,no,,,,R02,2026-09-08,,Fuera del arbol de accesibilidad: se trata como decorativa.,sin CMP detectada
96,ecuador,IAEN,https://www.iaen.edu.ec/,1.1.1,23a2a8,Image has non-empty accessible name,48,div.elementor-element > div.elementor-element > div.elementor-widget-container > img.attachment-large,si,cumple,,,R02,2026-09-08,,Marcada como decorativa: alt vacio o rol none/presentation. La expectativa lo admite.,sin CMP detectada
96,ecuador,IAEN,https://www.iaen.edu.ec/,1.1.1,23a2a8,Image has non-empty accessible name,49,div.elementor-element > div.elementor-element > div.elementor-widget-container > img.attachment-thumbnail,si,cumple,,,R02,2026-09-08,,Marcada como decorativa: alt vacio o rol none/presentation. La expectativa lo admite.,sin CMP detectada
96,ecuador,IAEN,https://www.iaen.edu.ec/,1.1.1,23a2a8,Image has non-empty accessible name,50,div.elementor-element > div.elementor-element > div.elementor-widget-container > img.attachment-large,si,cumple,,,R02,2026-09-08,,Marcada como decorativa: alt vacio o rol none/presentation. La expectativa lo admite.,sin CMP detectada
96,ecuador,IAEN,https://www.iaen.edu.ec/,1.1.1,e88epe,Image not in the accessibility tree is decorative,51,div.elementor-element > div.elementor-widget-container > a > img.attachment-full,no,,,,R02,2026-09-08,,Fuera del arbol de accesibilidad: se trata como decorativa.,sin CMP detectada
96,ecuador,IAEN,https://www.iaen.edu.ec/,1.1.1,e88epe,Image not in the accessibility tree is decorative,52,div.elementor-social-icons-wrapper > span.elementor-grid-item > a.elementor-icon > svg,no,,,,R02,2026-09-08,,Fuera del arbol de accesibilidad: se trata como decorativa.,sin CMP detectada
96,ecuador,IAEN,https://www.iaen.edu.ec/,1.1.1,e88epe,Image not in the accessibility tree is decorative,53,div.elementor-social-icons-wrapper > span.elementor-grid-item > a.elementor-icon > svg,no,,,,R02,2026-09-08,,Fuera del arbol de accesibilidad: se trata como decorativa.,sin CMP detectada
96,ecuador,IAEN,https://www.iaen.edu.ec/,1.1.1,e88epe,Image not in the accessibility tree is decorative,54,div.elementor-social-icons-wrapper > span.elementor-grid-item > a.elementor-icon > svg,no,,,,R02,2026-09-08,,Fuera del arbol de accesibilidad: se trata como decorativa.,sin CMP detectada
96,ecuador,IAEN,https://www.iaen.edu.ec/,1.1.1,e88epe,Image not in the accessibility tree is decorative,55,div.elementor-social-icons-wrapper > span.elementor-grid-item > a.elementor-icon > svg,no,,,,R02,2026-09-08,,Fuera del arbol de accesibilidad: se trata como decorativa.,sin CMP detectada
96,ecuador,IAEN,https://www.iaen.edu.ec/,1.1.1,e88epe,Image not in the accessibility tree is decorative,56,div.elementor-social-icons-wrapper > span.elementor-grid-item > a.elementor-icon > svg,no,,,,R02,2026-09-08,,Fuera del arbol de accesibilidad: se trata como decorativa.,sin CMP detectada
96,ecuador,IAEN,https://www.iaen.edu.ec/,1.1.1,23a2a8,Image has non-empty accessible name,57,body.home > div.show > button > svg,si,falla,,,R02,2026-09-08,,Sin nombre accesible y sin rol none/presentation.,sin CMP detectada
96,ecuador,IAEN,https://www.iaen.edu.ec/,1.1.1,e88epe,Image not in the accessibility tree is decorative,58,div.skiptranslate > span > a.VIpgJd-ZVi9od-l4eHX-hSRGPd > img,no,,,,R02,2026-09-08,,Fuera del arbol de accesibilidad: se trata como decorativa.,sin CMP detectada
96,ecuador,IAEN,https://www.iaen.edu.ec/,1.1.1,23a2a8,Image has non-empty accessible name,59,div.gt_float_switcher > div.gt-selected > div.gt-current-lang > img,si,cumple,,,R02,2026-09-08,,"nombre accesible: ""es""",sin CMP detectada
96,ecuador,IAEN,https://www.iaen.edu.ec/,1.1.1,qt1vmo,Image accessible name is descriptive,59,div.gt_float_switcher > div.gt-selected > div.gt-current-lang > img,si,REVISAR,,,R02,2026-09-08,,"JUICIO HUMANO. ¿El nombre sirve un proposito equivalente al contenido no textual? nombre: ""es"" | src: ps://www.iaen.edu.ec/wp-content/plugins/gtranslate/flags/svg/es-co.svg",sin CMP detectada
96,ecuador,IAEN,https://www.iaen.edu.ec/,1.1.1,e88epe,Image not in the accessibility tree is decorative,60,div.gt_float_switcher > div.gt_options > a.nturl > img,no,,,,R02,2026-09-08,,Fuera del arbol de accesibilidad: se trata como decorativa.,sin CMP detectada
96,ecuador,IAEN,https://www.iaen.edu.ec/,1.1.1,e88epe,Image not in the accessibility tree is decorative,61,div.gt_float_switcher > div.gt_options > a.nturl > img,no,,,,R02,2026-09-08,,Fuera del arbol de accesibilidad: se trata como decorativa.,sin CMP detectada
96,ecuador,IAEN,https://www.iaen.edu.ec/,1.1.1,e88epe,Image not in the accessibility tree is decorative,62,#Layer_1,no,,,,R02,2026-09-08,,Fuera del arbol de accesibilidad: se trata como decorativa.,sin CMP detectada
96,ecuador,IAEN,https://www.iaen.edu.ec/,1.1.1,e88epe,Image not in the accessibility tree is decorative,63,html > body.home > svg,no,,,,R02,2026-09-08,,Fuera del arbol de accesibilidad: se trata como decorativa.,sin CMP detectada
96,ecuador,IAEN,https://www.iaen.edu.ec/,1.1.1,e88epe,Image not in the accessibility tree is decorative,64,div.moove-gdpr-modal-content > div.moove-gdpr-modal-left-content > div.moove-gdpr-company-logo-holder > img.img-responsive,no,,,,R02,2026-09-08,,Fuera del arbol de accesibilidad: se trata como decorativa.,sin CMP detectada
96,ecuador,IAEN,https://www.iaen.edu.ec/,1.1.1,e88epe,Image not in the accessibility tree is decorative,65,div.VIpgJd-yAWNEb-L7lbkb > div.VIpgJd-yAWNEb-hvhgNd > div.VIpgJd-yAWNEb-hvhgNd-Ud7fr > img,no,,,,R02,2026-09-08,,Fuera del arbol de accesibilidad: se trata como decorativa.,sin CMP detectada
96,ecuador,IAEN,https://www.iaen.edu.ec/,1.1.1,e88epe,Image not in the accessibility tree is decorative,66,div.VIpgJd-yAWNEb-hvhgNd-xgov5 > button.VIpgJd-yAWNEb-hvhgNd-bgm6sf > span > svg,no,,,,R02,2026-09-08,,Fuera del arbol de accesibilidad: se trata como decorativa.,sin CMP detectada
96,ecuador,IAEN,https://www.iaen.edu.ec/,1.1.1,e88epe,Image not in the accessibility tree is decorative,67,div.VIpgJd-yAWNEb-hvhgNd-xgov5 > button.VIpgJd-yAWNEb-hvhgNd-bgm6sf > span > svg,no,,,,R02,2026-09-08,,Fuera del arbol de accesibilidad: se trata como decorativa.,sin CMP detectada
96,ecuador,IAEN,https://www.iaen.edu.ec/,1.1.1,e88epe,Image not in the accessibility tree is decorative,68,div.VIpgJd-yAWNEb-hvhgNd-xgov5 > button.VIpgJd-yAWNEb-hvhgNd-bgm6sf > span > svg,no,,,,R02,2026-09-08,,Fuera del arbol de accesibilidad: se trata como decorativa.,sin CMP detectada
96,ecuador,IAEN,https://www.iaen.edu.ec/,1.1.1,e88epe,Image not in the accessibility tree is decorative,69,div.VIpgJd-yAWNEb-hvhgNd-xgov5 > button.VIpgJd-yAWNEb-hvhgNd-bgm6sf > span > svg,no,,,,R02,2026-09-08,,Fuera del arbol de accesibilidad: se trata como decorativa.,sin CMP detectada
96,ecuador,IAEN,https://www.iaen.edu.ec/,1.1.1,23a2a8,Image has non-empty accessible name,70,body.home > div.VIpgJd-ZVi9od-aZ2wEe-wOHMyf > div.VIpgJd-ZVi9od-aZ2wEe-OiiCO > svg,si,falla,,,R02,2026-09-08,,Sin nombre accesible y sin rol none/presentation.,sin CMP detectada
96,ecuador,IAEN,https://www.iaen.edu.ec/,2.4.4,c487ae,Link has non-empty accessible name,1,html > body.home > a.hfe-skip-link,si,cumple,,,R02,2026-09-08,,"nombre: ""Ir al contenido principal""",sin CMP detectada
96,ecuador,IAEN,https://www.iaen.edu.ec/,2.4.4,5effbb,Link in context is descriptive,1,html > body.home > a.hfe-skip-link,si,REVISAR,,SIN CONTEXTO PROGRAMATICO,R02,2026-09-08,,"JUICIO HUMANO. ¿Nombre + contexto describen el proposito? nombre: ""Ir al contenido principal"" | href: #content | AVISO: no hay parrafo, elemento de lista ni celda que lo contenga. Un div o article envolvente NO es contexto programatico.",sin CMP detectada
96,ecuador,IAEN,https://www.iaen.edu.ec/,2.4.4,c487ae,Link has non-empty accessible name,2,div.elementor-widget-container > div.elementor-social-icons-wrapper > span.elementor-grid-item > a.elementor-icon,si,cumple,,,R02,2026-09-08,,"nombre: ""Facebook""",sin CMP detectada
96,ecuador,IAEN,https://www.iaen.edu.ec/,2.4.4,5effbb,Link in context is descriptive,2,div.elementor-widget-container > div.elementor-social-icons-wrapper > span.elementor-grid-item > a.elementor-icon,si,REVISAR,,SIN CONTEXTO PROGRAMATICO,R02,2026-09-08,,"JUICIO HUMANO. ¿Nombre + contexto describen el proposito? nombre: ""Facebook"" | href: https://www.facebook.com/IAENUniversidad | AVISO: no hay parrafo, elemento de lista ni celda que lo contenga. Un div o article envolvente NO es contexto programatico.",sin CMP detectada
96,ecuador,IAEN,https://www.iaen.edu.ec/,2.4.4,c487ae,Link has non-empty accessible name,3,div.elementor-widget-container > div.elementor-social-icons-wrapper > span.elementor-grid-item > a.elementor-icon,si,cumple,,,R02,2026-09-08,,"nombre: ""Youtube""",sin CMP detectada
96,ecuador,IAEN,https://www.iaen.edu.ec/,2.4.4,5effbb,Link in context is descriptive,3,div.elementor-widget-container > div.elementor-social-icons-wrapper > span.elementor-grid-item > a.elementor-icon,si,REVISAR,,SIN CONTEXTO PROGRAMATICO,R02,2026-09-08,,"JUICIO HUMANO. ¿Nombre + contexto describen el proposito? nombre: ""Youtube"" | href: https://www.youtube.com/channel/UCKTEbUe5uui3uPa2T86g2Og | AVISO: no hay parrafo, elemento de lista ni celda que lo contenga. Un div o article envolvente NO es contexto programatico.",sin CMP detectada
96,ecuador,IAEN,https://www.iaen.edu.ec/,2.4.4,c487ae,Link has non-empty accessible name,4,div.elementor-widget-container > div.elementor-social-icons-wrapper > span.elementor-grid-item > a.elementor-icon,si,cumple,,,R02,2026-09-08,,"nombre: ""Tiktok""",sin CMP detectada
96,ecuador,IAEN,https://www.iaen.edu.ec/,2.4.4,5effbb,Link in context is descriptive,4,div.elementor-widget-container > div.elementor-social-icons-wrapper > span.elementor-grid-item > a.elementor-icon,si,REVISAR,,SIN CONTEXTO PROGRAMATICO,R02,2026-09-08,,"JUICIO HUMANO. ¿Nombre + contexto describen el proposito? nombre: ""Tiktok"" | href: https://www.tiktok.com/@iaenuniversidad?_t=zm-8te1jfqcfjm&_r | AVISO: no hay parrafo, elemento de lista ni celda que lo contenga. Un div o article envolvente NO es contexto programatico.",sin CMP detectada
96,ecuador,IAEN,https://www.iaen.edu.ec/,2.4.4,c487ae,Link has non-empty accessible name,5,div.elementor-widget-container > div.elementor-social-icons-wrapper > span.elementor-grid-item > a.elementor-icon,si,cumple,,,R02,2026-09-08,,"nombre: ""X-twitter""",sin CMP detectada
96,ecuador,IAEN,https://www.iaen.edu.ec/,2.4.4,5effbb,Link in context is descriptive,5,div.elementor-widget-container > div.elementor-social-icons-wrapper > span.elementor-grid-item > a.elementor-icon,si,REVISAR,,SIN CONTEXTO PROGRAMATICO,R02,2026-09-08,,"JUICIO HUMANO. ¿Nombre + contexto describen el proposito? nombre: ""X-twitter"" | href: https://x.com/IAENUniversidad | AVISO: no hay parrafo, elemento de lista ni celda que lo contenga. Un div o article envolvente NO es contexto programatico.",sin CMP detectada
96,ecuador,IAEN,https://www.iaen.edu.ec/,2.4.4,c487ae,Link has non-empty accessible name,6,div.elementor-widget-container > div.elementor-social-icons-wrapper > span.elementor-grid-item > a.elementor-icon,si,cumple,,,R02,2026-09-08,,"nombre: ""Instagram""",sin CMP detectada
96,ecuador,IAEN,https://www.iaen.edu.ec/,2.4.4,5effbb,Link in context is descriptive,6,div.elementor-widget-container > div.elementor-social-icons-wrapper > span.elementor-grid-item > a.elementor-icon,si,REVISAR,,SIN CONTEXTO PROGRAMATICO,R02,2026-09-08,,"JUICIO HUMANO. ¿Nombre + contexto describen el proposito? nombre: ""Instagram"" | href: https://www.instagram.com/iaenuniversidad/ | AVISO: no hay parrafo, elemento de lista ni celda que lo contenga. Un div o article envolvente NO es contexto programatico.",sin CMP detectada
96,ecuador,IAEN,https://www.iaen.edu.ec/,2.4.4,c487ae,Link has non-empty accessible name,7,div.elementor-widget-container > div.elementor-social-icons-wrapper > span.elementor-grid-item > a.elementor-icon,si,cumple,,,R02,2026-09-08,,"nombre: ""Linkedin""",sin CMP detectada
96,ecuador,IAEN,https://www.iaen.edu.ec/,2.4.4,5effbb,Link in context is descriptive,7,div.elementor-widget-container > div.elementor-social-icons-wrapper > span.elementor-grid-item > a.elementor-icon,si,REVISAR,,SIN CONTEXTO PROGRAMATICO,R02,2026-09-08,,"JUICIO HUMANO. ¿Nombre + contexto describen el proposito? nombre: ""Linkedin"" | href: https://ec.linkedin.com/company/iaenuniversidad | AVISO: no hay parrafo, elemento de lista ni celda que lo contenga. Un div o article envolvente NO es contexto programatico.",sin CMP detectada
96,ecuador,IAEN,https://www.iaen.edu.ec/,2.4.4,c487ae,Link has non-empty accessible name,8,div.elementor-slides-wrapper > div.swiper-wrapper > div.elementor-repeater-item-7348986 > a.swiper-slide-inner,si,cumple,,,R02,2026-09-08,,"nombre: ""Clic aquí""",sin CMP detectada
96,ecuador,IAEN,https://www.iaen.edu.ec/,2.4.4,5effbb,Link in context is descriptive,8,div.elementor-slides-wrapper > div.swiper-wrapper > div.elementor-repeater-item-7348986 > a.swiper-slide-inner,si,REVISAR,,SIN CONTEXTO PROGRAMATICO,R02,2026-09-08,,"JUICIO HUMANO. ¿Nombre + contexto describen el proposito? nombre: ""Clic aquí"" | href: https://www.iaen.edu.ec/salud-publica/ | AVISO: no hay parrafo, elemento de lista ni celda que lo contenga. Un div o article envolvente NO es contexto programatico.",sin CMP detectada
96,ecuador,IAEN,https://www.iaen.edu.ec/,2.4.4,c487ae,Link has non-empty accessible name,9,div.elementor-slides-wrapper > div.swiper-wrapper > div.elementor-repeater-item-28e30bd > a.swiper-slide-inner,si,cumple,,,R02,2026-09-08,,"nombre: ""Oferta Académica 2026Conoce en profundidad nuestros programas de formaciónClic a""",sin CMP detectada
96,ecuador,IAEN,https://www.iaen.edu.ec/,2.4.4,5effbb,Link in context is descriptive,9,div.elementor-slides-wrapper > div.swiper-wrapper > div.elementor-repeater-item-28e30bd > a.swiper-slide-inner,si,REVISAR,,SIN CONTEXTO PROGRAMATICO,R02,2026-09-08,,"JUICIO HUMANO. ¿Nombre + contexto describen el proposito? nombre: ""Oferta Académica 2026Conoce en profundidad nuestros programas de formaciónClic a"" | href: https://www.iaen.edu.ec/oferta/ | AVISO: no hay parrafo, elemento de lista ni celda que lo contenga. Un div o article envolvente NO es contexto programatico.",sin CMP detectada
96,ecuador,IAEN,https://www.iaen.edu.ec/,2.4.4,c487ae,Link has non-empty accessible name,10,div.elementor-slides-wrapper > div.swiper-wrapper > div.elementor-repeater-item-66e72d1 > a.swiper-slide-inner,si,cumple,,,R02,2026-09-08,,"nombre: ""Clic aquí""",sin CMP detectada
96,ecuador,IAEN,https://www.iaen.edu.ec/,2.4.4,5effbb,Link in context is descriptive,10,div.elementor-slides-wrapper > div.swiper-wrapper > div.elementor-repeater-item-66e72d1 > a.swiper-slide-inner,si,REVISAR,,SIN CONTEXTO PROGRAMATICO,R02,2026-09-08,,"JUICIO HUMANO. ¿Nombre + contexto describen el proposito? nombre: ""Clic aquí"" | href: https://revistas.iaen.edu.ec/index.php/estado_comunes | AVISO: no hay parrafo, elemento de lista ni celda que lo contenga. Un div o article envolvente NO es contexto programatico.",sin CMP detectada
96,ecuador,IAEN,https://www.iaen.edu.ec/,2.4.4,c487ae,Link has non-empty accessible name,11,div.elementor-slides-wrapper > div.swiper-wrapper > div.elementor-repeater-item-9f409f8 > a.swiper-slide-inner,si,cumple,,,R02,2026-09-08,,"nombre: ""Clic aquí""",sin CMP detectada
96,ecuador,IAEN,https://www.iaen.edu.ec/,2.4.4,5effbb,Link in context is descriptive,11,div.elementor-slides-wrapper > div.swiper-wrapper > div.elementor-repeater-item-9f409f8 > a.swiper-slide-inner,si,REVISAR,,SIN CONTEXTO PROGRAMATICO,R02,2026-09-08,,"JUICIO HUMANO. ¿Nombre + contexto describen el proposito? nombre: ""Clic aquí"" | href: https://www.iaen.edu.ec/investigacion/ | AVISO: no hay parrafo, elemento de lista ni celda que lo contenga. Un div o article envolvente NO es contexto programatico.",sin CMP detectada
96,ecuador,IAEN,https://www.iaen.edu.ec/,2.4.4,c487ae,Link has non-empty accessible name,12,div.elementor-slides-wrapper > div.swiper-wrapper > div.elementor-repeater-item-fa9fe69 > a.swiper-slide-inner,si,cumple,,,R02,2026-09-08,,"nombre: ""Clic aquí""",sin CMP detectada
96,ecuador,IAEN,https://www.iaen.edu.ec/,2.4.4,5effbb,Link in context is descriptive,12,div.elementor-slides-wrapper > div.swiper-wrapper > div.elementor-repeater-item-fa9fe69 > a.swiper-slide-inner,si,REVISAR,,SIN CONTEXTO PROGRAMATICO,R02,2026-09-08,,"JUICIO HUMANO. ¿Nombre + contexto describen el proposito? nombre: ""Clic aquí"" | href: https://www.iaen.edu.ec/servicios-de-bienestar-universitario | AVISO: no hay parrafo, elemento de lista ni celda que lo contenga. Un div o article envolvente NO es contexto programatico.",sin CMP detectada
96,ecuador,IAEN,https://www.iaen.edu.ec/,2.4.4,c487ae,Link has non-empty accessible name,13,div.elementor-slides-wrapper > div.swiper-wrapper > div.elementor-repeater-item-734851f > a.swiper-slide-inner,si,cumple,,,R02,2026-09-08,,"nombre: ""Clic aquí""",sin CMP detectada
96,ecuador,IAEN,https://www.iaen.edu.ec/,2.4.4,5effbb,Link in context is descriptive,13,div.elementor-slides-wrapper > div.swiper-wrapper > div.elementor-repeater-item-734851f > a.swiper-slide-inner,si,REVISAR,,SIN CONTEXTO PROGRAMATICO,R02,2026-09-08,,"JUICIO HUMANO. ¿Nombre + contexto describen el proposito? nombre: ""Clic aquí"" | href: https://www.iaen.edu.ec/iaen-en-medios/ | AVISO: no hay parrafo, elemento de lista ni celda que lo contenga. Un div o article envolvente NO es contexto programatico.",sin CMP detectada
96,ecuador,IAEN,https://www.iaen.edu.ec/,2.4.4,c487ae,Link has non-empty accessible name,14,div.elementor-slides-wrapper > div.swiper-wrapper > div.elementor-repeater-item-09d4f9d > a.swiper-slide-inner,si,cumple,,,R02,2026-09-08,,"nombre: ""Clic aquí""",sin CMP detectada
96,ecuador,IAEN,https://www.iaen.edu.ec/,2.4.4,5effbb,Link in context is descriptive,14,div.elementor-slides-wrapper > div.swiper-wrapper > div.elementor-repeater-item-09d4f9d > a.swiper-slide-inner,si,REVISAR,,SIN CONTEXTO PROGRAMATICO,R02,2026-09-08,,"JUICIO HUMANO. ¿Nombre + contexto describen el proposito? nombre: ""Clic aquí"" | href: https://www.iaen.edu.ec/oferta/ | AVISO: no hay parrafo, elemento de lista ni celda que lo contenga. Un div o article envolvente NO es contexto programatico.",sin CMP detectada
96,ecuador,IAEN,https://www.iaen.edu.ec/,2.4.4,c487ae,Link has non-empty accessible name,15,div.elementor-widget-container > div > div > a,si,cumple,,,R02,2026-09-08,,"nombre: ""Ver más""",sin CMP detectada
96,ecuador,IAEN,https://www.iaen.edu.ec/,2.4.4,5effbb,Link in context is descriptive,15,div.elementor-widget-container > div > div > a,si,REVISAR,,SIN CONTEXTO PROGRAMATICO,R02,2026-09-08,,"JUICIO HUMANO. ¿Nombre + contexto describen el proposito? nombre: ""Ver más"" | href: https://www.iaen.edu.ec/audioweb/ | AVISO: no hay parrafo, elemento de lista ni celda que lo contenga. Un div o article envolvente NO es contexto programatico.",sin CMP detectada
96,ecuador,IAEN,https://www.iaen.edu.ec/,2.4.4,fd3a94,Links with identical accessible names and same context serve equivalent purpose,8+10+11+12+13+14,div.elementor-slides-wrapper > div.swiper-wrapper > div.elementor-repeater-item-7348986 > a.swiper-slide-inner ; div.elementor-slides-wrapper > div.swiper-wrapper > div.elementor-repeater-item-66e72d1 > a.swiper-slide-inner ; div.elementor-slides-wrapper > div.swiper-wrapper > div.elementor-repeater-item-9f409f8 > a.swiper-slide-inner ; div.elementor-slides-wrapper > div.swiper-wrapper > div.elementor-repeater-item-fa9fe69 > a.swiper-slide-inner ; div.elementor-slides-wrapper > div.swiper-wrapper > div.elementor-repeater-item-734851f > a.swiper-slide-inner ; div.elementor-slides-wrapper > div.swiper-wrapper > div.elementor-repeater-item-09d4f9d > a.swiper-slide-inner,si,REVISAR,,,R02,2026-09-08,,JUICIO HUMANO. 6 enlaces con el mismo nombre accesible y el mismo contexto apuntan a 6 destinos distintos. ¿Sirven un proposito equivalente? destinos: https://www.iaen.edu.ec/salud-publica/ | ps://revistas.iaen.edu.ec/index.php/estado_comunes | https://www.iaen.edu.ec/investigacion/ | .iaen.edu.ec/servicios-de-bienestar-universitario/ | https://www.iaen.edu.ec/iaen-en-medios/ | https://www.iaen.edu.ec/oferta/,sin CMP detectada
