id,group,abbr,url,criterion,act_rule,rule_name,element_n,selector_or_description,applicable,outcome,measured_value,programmatic_context,evaluator_code,date,capture,notes,dialog_state
103,ecuador,UTPL,https://www.utpl.edu.ec/,1.4.3,afw4f7,Text has minimum contrast,1,div.layout9 > div.nav-desktop > div.quick-links-desktop > a.quick-link-top,no,,,,R02,2026-09-08,,"No es un caracter visible: la regla no aplica. Texto oculto visualmente, de tamano cero o desplazado fuera de pantalla.",sin CMP detectada
103,ecuador,UTPL,https://www.utpl.edu.ec/,1.4.3,afw4f7,Text has minimum contrast,2,div.layout9 > div.nav-desktop > div.quick-links-desktop > a.quick-link-top,no,,,,R02,2026-09-08,,"No es un caracter visible: la regla no aplica. Texto oculto visualmente, de tamano cero o desplazado fuera de pantalla.",sin CMP detectada
103,ecuador,UTPL,https://www.utpl.edu.ec/,1.4.3,afw4f7,Text has minimum contrast,3,div.layout9 > div.nav-desktop > div.quick-links-desktop > a.quick-link-top,no,,,,R02,2026-09-08,,"No es un caracter visible: la regla no aplica. Texto oculto visualmente, de tamano cero o desplazado fuera de pantalla.",sin CMP detectada
103,ecuador,UTPL,https://www.utpl.edu.ec/,1.4.3,afw4f7,Text has minimum contrast,4,nav.navbar > div.layout9 > div.nav-desktop > a.nav-link,no,,,,R02,2026-09-08,,"No es un caracter visible: la regla no aplica. Texto oculto visualmente, de tamano cero o desplazado fuera de pantalla.",sin CMP detectada
103,ecuador,UTPL,https://www.utpl.edu.ec/,1.4.3,afw4f7,Text has minimum contrast,5,nav.navbar > div.layout9 > div.nav-desktop > a.nav-link,no,,,,R02,2026-09-08,,"No es un caracter visible: la regla no aplica. Texto oculto visualmente, de tamano cero o desplazado fuera de pantalla.",sin CMP detectada
103,ecuador,UTPL,https://www.utpl.edu.ec/,1.4.3,afw4f7,Text has minimum contrast,6,nav.navbar > div.layout9 > div.nav-desktop > a.nav-link,no,,,,R02,2026-09-08,,"No es un caracter visible: la regla no aplica. Texto oculto visualmente, de tamano cero o desplazado fuera de pantalla.",sin CMP detectada
103,ecuador,UTPL,https://www.utpl.edu.ec/,1.4.3,afw4f7,Text has minimum contrast,7,nav.navbar > div.layout9 > div.nav-desktop > a.nav-link,no,,,,R02,2026-09-08,,"No es un caracter visible: la regla no aplica. Texto oculto visualmente, de tamano cero o desplazado fuera de pantalla.",sin CMP detectada
103,ecuador,UTPL,https://www.utpl.edu.ec/,1.4.3,afw4f7,Text has minimum contrast,8,nav.navbar > div.layout9 > div.nav-desktop > a.nav-link,no,,,,R02,2026-09-08,,"No es un caracter visible: la regla no aplica. Texto oculto visualmente, de tamano cero o desplazado fuera de pantalla.",sin CMP detectada
103,ecuador,UTPL,https://www.utpl.edu.ec/,1.4.3,afw4f7,Text has minimum contrast,9,nav.navbar > div.layout9 > div.nav-desktop > a.nav-link,no,,,,R02,2026-09-08,,"No es un caracter visible: la regla no aplica. Texto oculto visualmente, de tamano cero o desplazado fuera de pantalla.",sin CMP detectada
103,ecuador,UTPL,https://www.utpl.edu.ec/,1.4.3,afw4f7,Text has minimum contrast,10,aside.menu-aside > div.menu-content > div.mobile-main-links > a.mobile-main-item,si,cumple,9.98:1,,R02,2026-09-08,,"umbral 4.5:1 (texto normal, 16.0px); texto: ""Inicio""",sin CMP detectada
103,ecuador,UTPL,https://www.utpl.edu.ec/,1.4.3,afw4f7,Text has minimum contrast,11,aside.menu-aside > div.menu-content > div.mobile-main-links > a.mobile-main-item,si,cumple,9.98:1,,R02,2026-09-08,,"umbral 4.5:1 (texto normal, 16.0px); texto: ""Carisma Idente""",sin CMP detectada
103,ecuador,UTPL,https://www.utpl.edu.ec/,1.4.3,afw4f7,Text has minimum contrast,12,aside.menu-aside > div.menu-content > div.mobile-main-links > a.mobile-main-item,si,cumple,9.98:1,,R02,2026-09-08,,"umbral 4.5:1 (texto normal, 16.0px); texto: ""Oferta académica""",sin CMP detectada
103,ecuador,UTPL,https://www.utpl.edu.ec/,1.4.3,afw4f7,Text has minimum contrast,13,aside.menu-aside > div.menu-content > div.mobile-main-links > a.mobile-main-item,si,cumple,9.98:1,,R02,2026-09-08,,"umbral 4.5:1 (texto normal, 16.0px); texto: ""Matricúlate ahora""",sin CMP detectada
103,ecuador,UTPL,https://www.utpl.edu.ec/,1.4.3,afw4f7,Text has minimum contrast,14,aside.menu-aside > div.menu-content > div.mobile-main-links > a.mobile-main-item,si,cumple,9.98:1,,R02,2026-09-08,,"umbral 4.5:1 (texto normal, 16.0px); texto: ""Contacto""",sin CMP detectada
103,ecuador,UTPL,https://www.utpl.edu.ec/,1.4.3,afw4f7,Text has minimum contrast,15,aside.menu-aside > div.menu-content > div.mobile-main-links > a.mobile-main-item,si,cumple,9.98:1,,R02,2026-09-08,,"umbral 4.5:1 (texto normal, 16.0px); texto: ""Soy UTPL""",sin CMP detectada
103,ecuador,UTPL,https://www.utpl.edu.ec/,1.4.3,afw4f7,Text has minimum contrast,16,aside.menu-aside > div.menu-content > div.menu-section > div.section-header,si,falla,2.54:1,,R02,2026-09-08,,"umbral 4.5:1 (texto normal, 12.0px negrita); texto: ""🎓 Oferta Académica""",sin CMP detectada
103,ecuador,UTPL,https://www.utpl.edu.ec/,1.4.3,afw4f7,Text has minimum contrast,17,div.menu-section > ul.link-list > li > a.section-link,si,cumple,7.56:1,,R02,2026-09-08,,"umbral 4.5:1 (texto normal, 14.7px); texto: ""Carreras a distancia y en línea""",sin CMP detectada
103,ecuador,UTPL,https://www.utpl.edu.ec/,1.4.3,afw4f7,Text has minimum contrast,18,div.menu-section > ul.link-list > li > a.section-link,si,cumple,7.56:1,,R02,2026-09-08,,"umbral 4.5:1 (texto normal, 14.7px); texto: ""Carreras presencial""",sin CMP detectada
103,ecuador,UTPL,https://www.utpl.edu.ec/,1.4.3,afw4f7,Text has minimum contrast,19,div.menu-section > ul.link-list > li > a.section-link,si,cumple,7.56:1,,R02,2026-09-08,,"umbral 4.5:1 (texto normal, 14.7px); texto: ""Carreras tecnológicas""",sin CMP detectada
103,ecuador,UTPL,https://www.utpl.edu.ec/,1.4.3,afw4f7,Text has minimum contrast,20,div.menu-section > ul.link-list > li > a.section-link,si,cumple,7.56:1,,R02,2026-09-08,,"umbral 4.5:1 (texto normal, 14.7px); texto: ""Posgrados""",sin CMP detectada
103,ecuador,UTPL,https://www.utpl.edu.ec/,1.4.3,afw4f7,Text has minimum contrast,21,div.menu-section > ul.link-list > li > a.section-link,si,cumple,7.56:1,,R02,2026-09-08,,"umbral 4.5:1 (texto normal, 14.7px); texto: ""UTPL Escuela de Negocios""",sin CMP detectada
103,ecuador,UTPL,https://www.utpl.edu.ec/,1.4.3,afw4f7,Text has minimum contrast,22,div.menu-section > ul.link-list > li > a.section-link,si,cumple,7.56:1,,R02,2026-09-08,,"umbral 4.5:1 (texto normal, 14.7px); texto: ""Formación permanente""",sin CMP detectada
103,ecuador,UTPL,https://www.utpl.edu.ec/,1.4.3,afw4f7,Text has minimum contrast,23,div.menu-section > ul.link-list > li > a.section-link,si,cumple,7.56:1,,R02,2026-09-08,,"umbral 4.5:1 (texto normal, 14.7px); texto: ""Becas""",sin CMP detectada
103,ecuador,UTPL,https://www.utpl.edu.ec/,1.4.3,afw4f7,Text has minimum contrast,24,aside.menu-aside > div.menu-content > div.menu-section > div.section-header,si,falla,2.54:1,,R02,2026-09-08,,"umbral 4.5:1 (texto normal, 12.0px negrita); texto: ""👩‍🎓Estudiantes""",sin CMP detectada
103,ecuador,UTPL,https://www.utpl.edu.ec/,1.4.3,afw4f7,Text has minimum contrast,25,div.menu-section > ul.link-list > li > a.section-link,si,cumple,7.56:1,,R02,2026-09-08,,"umbral 4.5:1 (texto normal, 14.7px); texto: ""Cursos de Competencias Específicas""",sin CMP detectada
103,ecuador,UTPL,https://www.utpl.edu.ec/,1.4.3,afw4f7,Text has minimum contrast,26,div.menu-section > ul.link-list > li > a.section-link,si,cumple,7.56:1,,R02,2026-09-08,,"umbral 4.5:1 (texto normal, 14.7px); texto: ""Segunda Lengua""",sin CMP detectada
103,ecuador,UTPL,https://www.utpl.edu.ec/,1.4.3,afw4f7,Text has minimum contrast,27,div.menu-section > ul.link-list > li > a.section-link,si,cumple,7.56:1,,R02,2026-09-08,,"umbral 4.5:1 (texto normal, 14.7px); texto: ""Acompañamiento integral""",sin CMP detectada
103,ecuador,UTPL,https://www.utpl.edu.ec/,1.4.3,afw4f7,Text has minimum contrast,28,div.menu-section > ul.link-list > li > a.section-link,si,cumple,7.56:1,,R02,2026-09-08,,"umbral 4.5:1 (texto normal, 14.7px); texto: ""Unidad de titulación especial ECTS""",sin CMP detectada
103,ecuador,UTPL,https://www.utpl.edu.ec/,1.4.3,afw4f7,Text has minimum contrast,29,aside.menu-aside > div.menu-content > div.menu-section > div.section-header,si,falla,2.54:1,,R02,2026-09-08,,"umbral 4.5:1 (texto normal, 12.0px negrita); texto: ""🌍 Internacionalización""",sin CMP detectada
103,ecuador,UTPL,https://www.utpl.edu.ec/,1.4.3,afw4f7,Text has minimum contrast,30,div.menu-section > ul.link-list > li > a.section-link,si,cumple,7.56:1,,R02,2026-09-08,,"umbral 4.5:1 (texto normal, 14.7px); texto: ""Internacional""",sin CMP detectada
103,ecuador,UTPL,https://www.utpl.edu.ec/,1.4.3,afw4f7,Text has minimum contrast,31,div.menu-section > ul.link-list > li > a.section-link,si,cumple,7.56:1,,R02,2026-09-08,,"umbral 4.5:1 (texto normal, 14.7px); texto: ""Validación de título EE.UU.""",sin CMP detectada
103,ecuador,UTPL,https://www.utpl.edu.ec/,1.4.3,afw4f7,Text has minimum contrast,32,aside.menu-aside > div.menu-content > div.menu-section > div.section-header,si,falla,2.54:1,,R02,2026-09-08,,"umbral 4.5:1 (texto normal, 12.0px negrita); texto: ""🏛️ Universidad""",sin CMP detectada
103,ecuador,UTPL,https://www.utpl.edu.ec/,1.4.3,afw4f7,Text has minimum contrast,33,div.menu-section > ul.link-list > li > a.section-link,si,cumple,7.56:1,,R02,2026-09-08,,"umbral 4.5:1 (texto normal, 14.7px); texto: ""Acerca de nosotros""",sin CMP detectada
103,ecuador,UTPL,https://www.utpl.edu.ec/,1.4.3,afw4f7,Text has minimum contrast,34,div.menu-section > ul.link-list > li > a.section-link,si,cumple,7.56:1,,R02,2026-09-08,,"umbral 4.5:1 (texto normal, 14.7px); texto: ""Gobernanza""",sin CMP detectada
103,ecuador,UTPL,https://www.utpl.edu.ec/,1.4.3,afw4f7,Text has minimum contrast,35,div.menu-section > ul.link-list > li > a.section-link,si,cumple,7.56:1,,R02,2026-09-08,,"umbral 4.5:1 (texto normal, 14.7px); texto: ""Transparencia""",sin CMP detectada
103,ecuador,UTPL,https://www.utpl.edu.ec/,1.4.3,afw4f7,Text has minimum contrast,36,div.menu-section > ul.link-list > li > a.section-link,si,cumple,7.56:1,,R02,2026-09-08,,"umbral 4.5:1 (texto normal, 14.7px); texto: ""Calidad""",sin CMP detectada
103,ecuador,UTPL,https://www.utpl.edu.ec/,1.4.3,afw4f7,Text has minimum contrast,37,div.menu-section > ul.link-list > li > a.section-link,si,cumple,7.56:1,,R02,2026-09-08,,"umbral 4.5:1 (texto normal, 14.7px); texto: ""Fernando Rielo""",sin CMP detectada
103,ecuador,UTPL,https://www.utpl.edu.ec/,1.4.3,afw4f7,Text has minimum contrast,38,div.menu-section > ul.link-list > li > a.section-link,si,cumple,7.56:1,,R02,2026-09-08,,"umbral 4.5:1 (texto normal, 14.7px); texto: ""Manual de imagen""",sin CMP detectada
103,ecuador,UTPL,https://www.utpl.edu.ec/,1.4.3,afw4f7,Text has minimum contrast,39,div.menu-section > ul.link-list > li > a.section-link,si,cumple,7.56:1,,R02,2026-09-08,,"umbral 4.5:1 (texto normal, 14.7px); texto: ""Gestión de procesos""",sin CMP detectada
103,ecuador,UTPL,https://www.utpl.edu.ec/,1.4.3,afw4f7,Text has minimum contrast,40,aside.menu-aside > div.menu-content > div.menu-section > div.section-header,si,falla,2.54:1,,R02,2026-09-08,,"umbral 4.5:1 (texto normal, 12.0px negrita); texto: ""⚖️ Servicios y Recursos""",sin CMP detectada
103,ecuador,UTPL,https://www.utpl.edu.ec/,1.4.3,afw4f7,Text has minimum contrast,41,div.menu-section > ul.link-list > li > a.section-link,si,cumple,7.56:1,,R02,2026-09-08,,"umbral 4.5:1 (texto normal, 14.7px); texto: ""Servicios Jurídicos""",sin CMP detectada
103,ecuador,UTPL,https://www.utpl.edu.ec/,1.4.3,afw4f7,Text has minimum contrast,42,div.menu-section > ul.link-list > li > a.section-link,si,cumple,7.56:1,,R02,2026-09-08,,"umbral 4.5:1 (texto normal, 14.7px); texto: ""Consultorios Psicología""",sin CMP detectada
103,ecuador,UTPL,https://www.utpl.edu.ec/,1.4.3,afw4f7,Text has minimum contrast,43,div.menu-section > ul.link-list > li > a.section-link,si,cumple,7.56:1,,R02,2026-09-08,,"umbral 4.5:1 (texto normal, 14.7px); texto: ""Biblioteca""",sin CMP detectada
103,ecuador,UTPL,https://www.utpl.edu.ec/,1.4.3,afw4f7,Text has minimum contrast,44,aside.menu-aside > div.menu-content > div.menu-section > div.section-header,si,falla,2.54:1,,R02,2026-09-08,,"umbral 4.5:1 (texto normal, 12.0px negrita); texto: ""🔬 Investigación y Vinculación""",sin CMP detectada
103,ecuador,UTPL,https://www.utpl.edu.ec/,1.4.3,afw4f7,Text has minimum contrast,45,div.menu-section > ul.link-list > li > a.section-link,si,cumple,7.56:1,,R02,2026-09-08,,"umbral 4.5:1 (texto normal, 14.7px); texto: ""Investigación""",sin CMP detectada
103,ecuador,UTPL,https://www.utpl.edu.ec/,1.4.3,afw4f7,Text has minimum contrast,46,div.menu-section > ul.link-list > li > a.section-link,si,cumple,7.56:1,,R02,2026-09-08,,"umbral 4.5:1 (texto normal, 14.7px); texto: ""Vinculación""",sin CMP detectada
103,ecuador,UTPL,https://www.utpl.edu.ec/,1.4.3,afw4f7,Text has minimum contrast,47,div.menu-section > ul.link-list > li > a.section-link,si,cumple,7.56:1,,R02,2026-09-08,,"umbral 4.5:1 (texto normal, 14.7px); texto: ""Parque Científico UTPL""",sin CMP detectada
103,ecuador,UTPL,https://www.utpl.edu.ec/,1.4.3,afw4f7,Text has minimum contrast,48,div.menu-section > ul.link-list > li > a.section-link,si,cumple,7.56:1,,R02,2026-09-08,,"umbral 4.5:1 (texto normal, 14.7px); texto: ""Informe GEM""",sin CMP detectada
103,ecuador,UTPL,https://www.utpl.edu.ec/,1.4.3,afw4f7,Text has minimum contrast,49,div.menu-section > ul.link-list > li > a.section-link,si,cumple,7.56:1,,R02,2026-09-08,,"umbral 4.5:1 (texto normal, 14.7px); texto: ""ILFAM""",sin CMP detectada
103,ecuador,UTPL,https://www.utpl.edu.ec/,1.4.3,afw4f7,Text has minimum contrast,50,aside.menu-aside > div.menu-content > div.menu-section > div.section-header,si,falla,2.54:1,,R02,2026-09-08,,"umbral 4.5:1 (texto normal, 12.0px negrita); texto: ""🤝 Comunidad y Cultura""",sin CMP detectada
103,ecuador,UTPL,https://www.utpl.edu.ec/,1.4.3,afw4f7,Text has minimum contrast,51,div.menu-section > ul.link-list > li > a.section-link,si,cumple,7.56:1,,R02,2026-09-08,,"umbral 4.5:1 (texto normal, 14.7px); texto: ""Misiones Universitarias""",sin CMP detectada
103,ecuador,UTPL,https://www.utpl.edu.ec/,1.4.3,afw4f7,Text has minimum contrast,52,div.menu-section > ul.link-list > li > a.section-link,si,cumple,7.56:1,,R02,2026-09-08,,"umbral 4.5:1 (texto normal, 14.7px); texto: ""Eventos""",sin CMP detectada
103,ecuador,UTPL,https://www.utpl.edu.ec/,1.4.3,afw4f7,Text has minimum contrast,53,div.menu-section > ul.link-list > li > a.section-link,si,cumple,7.56:1,,R02,2026-09-08,,"umbral 4.5:1 (texto normal, 14.7px); texto: ""Noticias""",sin CMP detectada
103,ecuador,UTPL,https://www.utpl.edu.ec/,1.4.3,afw4f7,Text has minimum contrast,54,div.menu-section > ul.link-list > li > a.section-link,si,cumple,7.56:1,,R02,2026-09-08,,"umbral 4.5:1 (texto normal, 14.7px); texto: ""Trabaja con nosotros""",sin CMP detectada
103,ecuador,UTPL,https://www.utpl.edu.ec/,1.4.3,afw4f7,Text has minimum contrast,55,header.header-wrapper > aside.menu-aside > div.quick-links > a.quick-link-item,si,cumple,10.43:1,,R02,2026-09-08,,"umbral 4.5:1 (texto normal, 11.2px); texto: ""Correo""",sin CMP detectada
103,ecuador,UTPL,https://www.utpl.edu.ec/,1.4.3,afw4f7,Text has minimum contrast,56,header.header-wrapper > aside.menu-aside > div.quick-links > a.quick-link-item,si,cumple,10.43:1,,R02,2026-09-08,,"umbral 4.5:1 (texto normal, 11.2px); texto: ""EVA""",sin CMP detectada
103,ecuador,UTPL,https://www.utpl.edu.ec/,1.4.3,afw4f7,Text has minimum contrast,57,header.header-wrapper > aside.menu-aside > div.quick-links > a.quick-link-item,si,cumple,10.43:1,,R02,2026-09-08,,"umbral 4.5:1 (texto normal, 11.2px); texto: ""Sistema Académico""",sin CMP detectada
103,ecuador,UTPL,https://www.utpl.edu.ec/,1.4.3,afw4f7,Text has minimum contrast,58,header.header-wrapper > aside.menu-aside > div.quick-links > a.quick-link-item,si,cumple,10.43:1,,R02,2026-09-08,,"umbral 4.5:1 (texto normal, 11.2px); texto: ""Servicios""",sin CMP detectada
103,ecuador,UTPL,https://www.utpl.edu.ec/,1.4.3,afw4f7,Text has minimum contrast,59,header.header-wrapper > aside.menu-aside > div.quick-links > a.quick-link-item,si,cumple,10.43:1,,R02,2026-09-08,,"umbral 4.5:1 (texto normal, 11.2px); texto: ""Directorio""",sin CMP detectada
103,ecuador,UTPL,https://www.utpl.edu.ec/,1.4.3,afw4f7,Text has minimum contrast,60,body > div > div.wrapper-fixedheader > video,si,cumple,21.00:1,,R02,2026-09-08,,"umbral 4.5:1 (texto normal, 16.0px); texto: ""Sorry, your browser doesn't support embedded videos.""",sin CMP detectada
103,ecuador,UTPL,https://www.utpl.edu.ec/,1.4.3,afw4f7,Text has minimum contrast,61,div.wrapper-lemaheader > div > div.bloque1 > p,si,falla,1.00:1,,R02,2026-09-08,,"umbral 3:1 (texto grande, 240.0px); texto: ""1""",sin CMP detectada
103,ecuador,UTPL,https://www.utpl.edu.ec/,1.4.3,afw4f7,Text has minimum contrast,62,div.wrapper-lemaheader > div > div.bloque2 > p.span0,si,falla,1.00:1,,R02,2026-09-08,,"umbral 3:1 (texto grande, 40.0px); texto: ""Somos la""",sin CMP detectada
103,ecuador,UTPL,https://www.utpl.edu.ec/,1.4.3,afw4f7,Text has minimum contrast,63,div > div.bloque2 > p.span0 > b,si,falla,1.00:1,,R02,2026-09-08,,"umbral 3:1 (texto grande, 40.0px negrita); texto: ""MEJOR""",sin CMP detectada
103,ecuador,UTPL,https://www.utpl.edu.ec/,1.4.3,afw4f7,Text has minimum contrast,64,div.wrapper-lemaheader > div > div.bloque2 > p.span1,si,falla,1.67:1,,R02,2026-09-08,,"umbral 3:1 (texto grande, 36.0px); texto: ""UNIVERSIDAD EN""",sin CMP detectada
103,ecuador,UTPL,https://www.utpl.edu.ec/,1.4.3,afw4f7,Text has minimum contrast,65,div.wrapper-lemaheader > div > div.bloque2 > p.span2,si,falla,1.67:1,,R02,2026-09-08,,"umbral 3:1 (texto grande, 29.3px); texto: ""EDUCACIÓN EN LÍNEA""",sin CMP detectada
103,ecuador,UTPL,https://www.utpl.edu.ec/,1.4.3,afw4f7,Text has minimum contrast,66,div.wrapper-lemaheader > div > div.bloque2 > p.span3,si,falla,1.00:1,,R02,2026-09-08,,"umbral 3:1 (texto grande, 48.0px negrita); texto: ""EN ECUADOR""",sin CMP detectada
103,ecuador,UTPL,https://www.utpl.edu.ec/,1.4.3,afw4f7,Text has minimum contrast,67,body > div > div.wrapper-contentheader > p,si,falla,1.00:1,,R02,2026-09-08,,"umbral 4.5:1 (texto normal, 13.3px); texto: ""Desliza para continuar con tu experiencia""",sin CMP detectada
103,ecuador,UTPL,https://www.utpl.edu.ec/,1.4.3,afw4f7,Text has minimum contrast,68,div > div.wrapper-titleoffer > div > h2,si,cumple,10.43:1,,R02,2026-09-08,,"umbral 3:1 (texto grande, 24.0px); texto: ""Descubre una""",sin CMP detectada
103,ecuador,UTPL,https://www.utpl.edu.ec/,1.4.3,afw4f7,Text has minimum contrast,69,div.wrapper-titleoffer > div > h2 > b,si,cumple,10.43:1,,R02,2026-09-08,,"umbral 3:1 (texto grande, 28.0px negrita); texto: ""experiencia universitaria innovadora""",sin CMP detectada
103,ecuador,UTPL,https://www.utpl.edu.ec/,1.4.3,afw4f7,Text has minimum contrast,70,div.wrapper-titleoffer > div > h2 > b,si,cumple,10.43:1,,R02,2026-09-08,,"umbral 3:1 (texto grande, 28.0px negrita); texto: ""metas académicas con nosotros""",sin CMP detectada
103,ecuador,UTPL,https://www.utpl.edu.ec/,1.4.3,afw4f7,Text has minimum contrast,71,div.wrapper-titleoffer > div > center > h3,si,cumple,10.43:1,,R02,2026-09-08,,"umbral 3:1 (texto grande, 24.0px); texto: ""¡Matrículas abiertas!""",sin CMP detectada
103,ecuador,UTPL,https://www.utpl.edu.ec/,1.4.3,afw4f7,Text has minimum contrast,72,div > center > p > b,si,cumple,10.43:1,,R02,2026-09-08,,"umbral 4.5:1 (texto normal, 16.3px negrita); texto: ""Nivel de formación""",sin CMP detectada
103,ecuador,UTPL,https://www.utpl.edu.ec/,1.4.3,afw4f7,Text has minimum contrast,73,#react-select-2-placeholder,si,falla,3.95:1,,R02,2026-09-08,,"umbral 4.5:1 (texto normal, 16.0px); texto: ""Select...""",sin CMP detectada
103,ecuador,UTPL,https://www.utpl.edu.ec/,1.4.3,afw4f7,Text has minimum contrast,74,a > div.title > div.layout9 > p.tag1,si,cumple,6.25:1,,R02,2026-09-08,,"umbral 3:1 (texto grande, 24.0px negrita); texto: ""Carreras a distancia y en línea""",sin CMP detectada
103,ecuador,UTPL,https://www.utpl.edu.ec/,1.4.3,afw4f7,Text has minimum contrast,75,a > div.title > div.layout9 > p.tag1,si,cumple,6.25:1,,R02,2026-09-08,,"umbral 3:1 (texto grande, 24.0px negrita); texto: ""Carreras presencial""",sin CMP detectada
103,ecuador,UTPL,https://www.utpl.edu.ec/,1.4.3,afw4f7,Text has minimum contrast,76,a > div.title > div.layout9 > p.tag1,si,cumple,6.25:1,,R02,2026-09-08,,"umbral 3:1 (texto grande, 24.0px negrita); texto: ""Carreras tecnológicas""",sin CMP detectada
103,ecuador,UTPL,https://www.utpl.edu.ec/,1.4.3,afw4f7,Text has minimum contrast,77,a > div.title > div.layout9 > p.tag1,si,cumple,6.25:1,,R02,2026-09-08,,"umbral 3:1 (texto grande, 24.0px negrita); texto: ""Posgrados""",sin CMP detectada
103,ecuador,UTPL,https://www.utpl.edu.ec/,1.4.3,afw4f7,Text has minimum contrast,78,a > div.title > div.layout9 > p.tag1,si,cumple,6.25:1,,R02,2026-09-08,,"umbral 3:1 (texto grande, 24.0px negrita); texto: ""UTPL Escuela de Negocios""",sin CMP detectada
103,ecuador,UTPL,https://www.utpl.edu.ec/,1.4.3,afw4f7,Text has minimum contrast,79,div > a > div.title > p.tag1,si,cumple,6.25:1,,R02,2026-09-08,,"umbral 3:1 (texto grande, 24.0px negrita); texto: ""Formación permanente""",sin CMP detectada
103,ecuador,UTPL,https://www.utpl.edu.ec/,1.4.3,afw4f7,Text has minimum contrast,80,section.otras-formas-container > div > div.otras-formas-header > h2,si,cumple,10.43:1,,R02,2026-09-08,,"umbral 3:1 (texto grande, 26.7px); texto: ""Cada estudiante es un mundo y""",sin CMP detectada
103,ecuador,UTPL,https://www.utpl.edu.ec/,1.4.3,afw4f7,Text has minimum contrast,81,div > div.otras-formas-header > h2 > b,si,cumple,10.43:1,,R02,2026-09-08,,"umbral 3:1 (texto grande, 32.0px negrita); texto: ""en la UTPL tenemos un camino diseñado especialmente para el """,sin CMP detectada
103,ecuador,UTPL,https://www.utpl.edu.ec/,1.4.3,afw4f7,Text has minimum contrast,82,div.otras-formas-header > h2 > div.utpl-icon-animated-wrapper > div.utpl-animated-text-mas,si,cumple,9.99:1,,R02,2026-09-08,,"umbral 3:1 (texto grande, 44.8px negrita); texto: ""más""",sin CMP detectada
103,ecuador,UTPL,https://www.utpl.edu.ec/,1.4.3,afw4f7,Text has minimum contrast,83,section.otras-formas-container > div > div.otras-formas-header > h2,si,cumple,10.43:1,,R02,2026-09-08,,"umbral 3:1 (texto grande, 26.7px); texto: ""formas de ingresar""",sin CMP detectada
103,ecuador,UTPL,https://www.utpl.edu.ec/,1.4.3,afw4f7,Text has minimum contrast,84,div > div.otras-formas-header > h2 > b,si,cumple,10.43:1,,R02,2026-09-08,,"umbral 3:1 (texto grande, 32.0px negrita); texto: ""a la UTPL""",sin CMP detectada
103,ecuador,UTPL,https://www.utpl.edu.ec/,1.4.3,afw4f7,Text has minimum contrast,85,div.otras-formas-grid > div.otras-formas-card > div.layout9 > h3.otras-formas-title,si,falla,1.00:1,,R02,2026-09-08,,"umbral 4.5:1 (texto normal, 17.0px); texto: ""Segunda titulación""",sin CMP detectada
103,ecuador,UTPL,https://www.utpl.edu.ec/,1.4.3,afw4f7,Text has minimum contrast,86,div.otras-formas-card > div.layout9 > div.otras-formas-content > p,si,falla,1.00:1,,R02,2026-09-08,,"umbral 4.5:1 (texto normal, 16.3px); texto: ""Eleva tu perfil profesional, accede a una""",sin CMP detectada
103,ecuador,UTPL,https://www.utpl.edu.ec/,1.4.3,afw4f7,Text has minimum contrast,87,div.layout9 > div.otras-formas-content > p > strong,si,falla,1.67:1,,R02,2026-09-08,,"umbral 4.5:1 (texto normal, 16.3px negrita); texto: ""segunda carrera o posgrado""",sin CMP detectada
103,ecuador,UTPL,https://www.utpl.edu.ec/,1.4.3,afw4f7,Text has minimum contrast,88,div.layout9 > div.otras-formas-content > p > strong,si,falla,1.67:1,,R02,2026-09-08,,"umbral 4.5:1 (texto normal, 16.3px negrita); texto: ""20% de descuento""",sin CMP detectada
103,ecuador,UTPL,https://www.utpl.edu.ec/,1.4.3,afw4f7,Text has minimum contrast,89,div.otras-formas-card > div.layout9 > div.wrapper-otras-formas-link > a.otras-formas-link,si,falla,1.00:1,,R02,2026-09-08,,"umbral 4.5:1 (texto normal, 13.3px); texto: ""Más información""",sin CMP detectada
103,ecuador,UTPL,https://www.utpl.edu.ec/,1.4.3,afw4f7,Text has minimum contrast,90,div.otras-formas-grid > div.otras-formas-card > div.layout9 > h3.otras-formas-title,si,falla,1.00:1,,R02,2026-09-08,,"umbral 4.5:1 (texto normal, 17.0px); texto: ""Homologación externa""",sin CMP detectada
103,ecuador,UTPL,https://www.utpl.edu.ec/,1.4.3,afw4f7,Text has minimum contrast,91,div.layout9 > div.otras-formas-content > p > strong,si,falla,1.67:1,,R02,2026-09-08,,"umbral 4.5:1 (texto normal, 16.3px negrita); texto: ""Convalida sin costo""",sin CMP detectada
103,ecuador,UTPL,https://www.utpl.edu.ec/,1.4.3,afw4f7,Text has minimum contrast,92,div.otras-formas-card > div.layout9 > div.otras-formas-content > p,si,falla,1.00:1,,R02,2026-09-08,,"umbral 4.5:1 (texto normal, 16.3px); texto: ""tus materias aprobadas en""",sin CMP detectada
103,ecuador,UTPL,https://www.utpl.edu.ec/,1.4.3,afw4f7,Text has minimum contrast,93,div.layout9 > div.otras-formas-content > p > strong,si,falla,1.67:1,,R02,2026-09-08,,"umbral 4.5:1 (texto normal, 16.3px negrita); texto: ""otras instituciones""",sin CMP detectada
103,ecuador,UTPL,https://www.utpl.edu.ec/,1.4.3,afw4f7,Text has minimum contrast,94,div.layout9 > div.otras-formas-content > p > strong,si,falla,1.67:1,,R02,2026-09-08,,"umbral 4.5:1 (texto normal, 16.3px negrita); texto: ""grado,""",sin CMP detectada
103,ecuador,UTPL,https://www.utpl.edu.ec/,1.4.3,afw4f7,Text has minimum contrast,95,div.layout9 > div.otras-formas-content > p > strong,si,falla,1.67:1,,R02,2026-09-08,,"umbral 4.5:1 (texto normal, 16.3px negrita); texto: ""posgrado o tecnología en la UTPL""",sin CMP detectada
103,ecuador,UTPL,https://www.utpl.edu.ec/,1.4.3,afw4f7,Text has minimum contrast,96,div.otras-formas-card > div.layout9 > div.wrapper-otras-formas-link > a.otras-formas-link,si,falla,1.00:1,,R02,2026-09-08,,"umbral 4.5:1 (texto normal, 13.3px); texto: ""Más información""",sin CMP detectada
103,ecuador,UTPL,https://www.utpl.edu.ec/,1.4.3,afw4f7,Text has minimum contrast,97,div.otras-formas-grid > div.otras-formas-card > div.layout9 > h3.otras-formas-title,si,falla,1.00:1,,R02,2026-09-08,,"umbral 4.5:1 (texto normal, 17.0px); texto: ""Homologación interna""",sin CMP detectada
103,ecuador,UTPL,https://www.utpl.edu.ec/,1.4.3,afw4f7,Text has minimum contrast,98,span > span > span > strong,si,falla,1.67:1,,R02,2026-09-08,,"umbral 4.5:1 (texto normal, 16.3px negrita); texto: ""Convalida sin costo""",sin CMP detectada
103,ecuador,UTPL,https://www.utpl.edu.ec/,1.4.3,afw4f7,Text has minimum contrast,99,p > span > span > span,si,falla,1.00:1,,R02,2026-09-08,,"umbral 4.5:1 (texto normal, 16.3px); texto: ""las materias que ya aprobaste en la UTPL sea de grado, posgr""",sin CMP detectada
103,ecuador,UTPL,https://www.utpl.edu.ec/,1.4.3,afw4f7,Text has minimum contrast,100,span > span > span > strong,si,falla,1.67:1,,R02,2026-09-08,,"umbral 4.5:1 (texto normal, 16.3px negrita); texto: ""cámbiate a otra carrera o programa en la institución""",sin CMP detectada
103,ecuador,UTPL,https://www.utpl.edu.ec/,1.4.3,afw4f7,Text has minimum contrast,101,div.otras-formas-card > div.layout9 > div.wrapper-otras-formas-link > a.otras-formas-link,si,falla,1.00:1,,R02,2026-09-08,,"umbral 4.5:1 (texto normal, 13.3px); texto: ""Más información""",sin CMP detectada
103,ecuador,UTPL,https://www.utpl.edu.ec/,1.4.3,afw4f7,Text has minimum contrast,102,div.otras-formas-grid > div.otras-formas-card > div.layout9 > h3.otras-formas-title,si,falla,1.00:1,,R02,2026-09-08,,"umbral 4.5:1 (texto normal, 17.0px); texto: ""Validación por ejercicio profesional o experiencia laboral""",sin CMP detectada
103,ecuador,UTPL,https://www.utpl.edu.ec/,1.4.3,afw4f7,Text has minimum contrast,103,div.otras-formas-card > div.layout9 > div.otras-formas-content > p,si,falla,1.00:1,,R02,2026-09-08,,"umbral 4.5:1 (texto normal, 16.3px); texto: ""Obtén de acuerdo a tu carrera y trayectoria laboral""",sin CMP detectada
103,ecuador,UTPL,https://www.utpl.edu.ec/,1.4.3,afw4f7,Text has minimum contrast,104,div.layout9 > div.otras-formas-content > p > strong,si,falla,1.67:1,,R02,2026-09-08,,"umbral 4.5:1 (texto normal, 16.3px negrita); texto: ""hasta el 70% de reconocimiento""",sin CMP detectada
103,ecuador,UTPL,https://www.utpl.edu.ec/,1.4.3,afw4f7,Text has minimum contrast,105,div.otras-formas-card > div.layout9 > div.wrapper-otras-formas-link > a.otras-formas-link,si,falla,1.00:1,,R02,2026-09-08,,"umbral 4.5:1 (texto normal, 13.3px); texto: ""Más información""",sin CMP detectada
103,ecuador,UTPL,https://www.utpl.edu.ec/,1.4.3,afw4f7,Text has minimum contrast,106,div.otras-formas-grid > div.otras-formas-card > div.layout9 > h3.otras-formas-title,si,falla,1.00:1,,R02,2026-09-08,,"umbral 4.5:1 (texto normal, 17.0px); texto: ""Homologación de título extranjero""",sin CMP detectada
103,ecuador,UTPL,https://www.utpl.edu.ec/,1.4.3,afw4f7,Text has minimum contrast,107,div.otras-formas-card > div.layout9 > div.otras-formas-content > p,si,falla,1.00:1,,R02,2026-09-08,,"umbral 4.5:1 (texto normal, 16.3px); texto: ""Si""",sin CMP detectada
103,ecuador,UTPL,https://www.utpl.edu.ec/,1.4.3,afw4f7,Text has minimum contrast,108,div.layout9 > div.otras-formas-content > p > strong,si,falla,1.67:1,,R02,2026-09-08,,"umbral 4.5:1 (texto normal, 16.3px negrita); texto: ""terminaste tus estudios""",sin CMP detectada
103,ecuador,UTPL,https://www.utpl.edu.ec/,1.4.3,afw4f7,Text has minimum contrast,109,div.layout9 > div.otras-formas-content > p > strong,si,falla,1.67:1,,R02,2026-09-08,,"umbral 4.5:1 (texto normal, 16.3px negrita); texto: ""homologa tu título de bachiller en Ecuador""",sin CMP detectada
103,ecuador,UTPL,https://www.utpl.edu.ec/,1.4.3,afw4f7,Text has minimum contrast,110,div.layout9 > div.otras-formas-content > p > a,si,falla,1.67:1,,R02,2026-09-08,,"umbral 4.5:1 (texto normal, 13.3px); texto: ""Conoce cómo realizar el proceso de homologación""",sin CMP detectada
103,ecuador,UTPL,https://www.utpl.edu.ec/,1.4.3,afw4f7,Text has minimum contrast,111,div.layout9 > div.otras-formas-content > p > a,si,falla,1.67:1,,R02,2026-09-08,,"umbral 4.5:1 (texto normal, 13.3px); texto: ""Homologa tu título en Ecuador 📹""",sin CMP detectada
103,ecuador,UTPL,https://www.utpl.edu.ec/,1.4.3,afw4f7,Text has minimum contrast,112,div.otras-formas-card > div.layout9 > div.wrapper-otras-formas-link > a.otras-formas-link,si,falla,1.00:1,,R02,2026-09-08,,"umbral 4.5:1 (texto normal, 13.3px); texto: ""Solicita asesoría""",sin CMP detectada
103,ecuador,UTPL,https://www.utpl.edu.ec/,1.4.3,afw4f7,Text has minimum contrast,113,div.otras-formas-header > h2 > div.utpl-icon-animated-wrapper > div.utpl-animated-text-mas,si,cumple,9.99:1,,R02,2026-09-08,,"umbral 3:1 (texto grande, 44.8px negrita); texto: ""más""",sin CMP detectada
103,ecuador,UTPL,https://www.utpl.edu.ec/,1.4.3,afw4f7,Text has minimum contrast,114,section.otras-formas-container > div > div.otras-formas-header > h2,si,cumple,10.43:1,,R02,2026-09-08,,"umbral 3:1 (texto grande, 26.7px); texto: ""beneficios""",sin CMP detectada
103,ecuador,UTPL,https://www.utpl.edu.ec/,1.4.3,afw4f7,Text has minimum contrast,115,div.otras-formas-grid > div.otras-formas-card > div.layout9 > h3.otras-formas-title,si,falla,1.00:1,,R02,2026-09-08,,"umbral 4.5:1 (texto normal, 17.0px); texto: ""Beca Migrante (ecuatorianos residentes en España)""",sin CMP detectada
103,ecuador,UTPL,https://www.utpl.edu.ec/,1.4.3,afw4f7,Text has minimum contrast,116,div.otras-formas-card > div.layout9 > div.otras-formas-content > p,si,falla,1.00:1,,R02,2026-09-08,,"umbral 4.5:1 (texto normal, 16.3px); texto: ""No pongas límites a tus sueños: si eres""",sin CMP detectada
103,ecuador,UTPL,https://www.utpl.edu.ec/,1.4.3,afw4f7,Text has minimum contrast,117,div.layout9 > div.otras-formas-content > p > strong,si,falla,1.67:1,,R02,2026-09-08,,"umbral 4.5:1 (texto normal, 16.3px negrita); texto: ""ecuatoriano residente en España""",sin CMP detectada
103,ecuador,UTPL,https://www.utpl.edu.ec/,1.4.3,afw4f7,Text has minimum contrast,118,div.layout9 > div.otras-formas-content > p > strong,si,falla,1.67:1,,R02,2026-09-08,,"umbral 4.5:1 (texto normal, 16.3px negrita); texto: ""becas de hasta el 100%.""",sin CMP detectada
103,ecuador,UTPL,https://www.utpl.edu.ec/,1.4.3,afw4f7,Text has minimum contrast,119,div.otras-formas-card > div.layout9 > div.wrapper-otras-formas-link > a.otras-formas-link,si,falla,1.00:1,,R02,2026-09-08,,"umbral 4.5:1 (texto normal, 13.3px); texto: ""Más información""",sin CMP detectada
103,ecuador,UTPL,https://www.utpl.edu.ec/,1.4.3,afw4f7,Text has minimum contrast,120,div.otras-formas-grid > div.otras-formas-card > div.layout9 > h3.otras-formas-title,si,falla,1.00:1,,R02,2026-09-08,,"umbral 4.5:1 (texto normal, 17.0px); texto: ""Programa de referidos""",sin CMP detectada
103,ecuador,UTPL,https://www.utpl.edu.ec/,1.4.3,afw4f7,Text has minimum contrast,121,div.otras-formas-card > div.layout9 > div.otras-formas-content > p,si,falla,1.00:1,,R02,2026-09-08,,"umbral 4.5:1 (texto normal, 16.3px); texto: ""Convierte tus referidos en beneficios: invita a nuevos postu""",sin CMP detectada
103,ecuador,UTPL,https://www.utpl.edu.ec/,1.4.3,afw4f7,Text has minimum contrast,122,div.layout9 > div.otras-formas-content > p > strong,si,falla,1.67:1,,R02,2026-09-08,,"umbral 4.5:1 (texto normal, 16.3px negrita); texto: ""bonos de hasta $300 por compartir e inspirar""",sin CMP detectada
103,ecuador,UTPL,https://www.utpl.edu.ec/,1.4.3,afw4f7,Text has minimum contrast,123,div.otras-formas-card > div.layout9 > div.wrapper-otras-formas-link > a.otras-formas-link,si,falla,1.00:1,,R02,2026-09-08,,"umbral 4.5:1 (texto normal, 13.3px); texto: ""Refiere a un amigo""",sin CMP detectada
103,ecuador,UTPL,https://www.utpl.edu.ec/,1.4.3,afw4f7,Text has minimum contrast,124,div.otras-formas-grid > div.otras-formas-card > div.layout9 > h3.otras-formas-title,si,falla,1.00:1,,R02,2026-09-08,,"umbral 4.5:1 (texto normal, 17.0px); texto: ""Convenios corporativos""",sin CMP detectada
103,ecuador,UTPL,https://www.utpl.edu.ec/,1.4.3,afw4f7,Text has minimum contrast,125,div.otras-formas-card > div.layout9 > div.otras-formas-content > p,si,falla,1.00:1,,R02,2026-09-08,,"umbral 4.5:1 (texto normal, 16.3px); texto: ""Más de 300 empresas ya potencian el talento de sus equipos c""",sin CMP detectada
103,ecuador,UTPL,https://www.utpl.edu.ec/,1.4.3,afw4f7,Text has minimum contrast,126,div.layout9 > div.otras-formas-content > p > strong,si,falla,1.67:1,,R02,2026-09-08,,"umbral 4.5:1 (texto normal, 16.3px negrita); texto: ""colaboradores y sus familias accediendo hasta el 13% de desc""",sin CMP detectada
103,ecuador,UTPL,https://www.utpl.edu.ec/,1.4.3,afw4f7,Text has minimum contrast,127,div.otras-formas-card > div.layout9 > div.wrapper-otras-formas-link > a.otras-formas-link,si,falla,1.00:1,,R02,2026-09-08,,"umbral 4.5:1 (texto normal, 13.3px); texto: ""Conoce más de los beneficios""",sin CMP detectada
103,ecuador,UTPL,https://www.utpl.edu.ec/,1.4.3,afw4f7,Text has minimum contrast,128,div.otras-formas-grid > div.otras-formas-card > div.layout9 > h3.otras-formas-title,si,falla,1.00:1,,R02,2026-09-08,,"umbral 4.5:1 (texto normal, 17.0px); texto: ""Reingreso""",sin CMP detectada
103,ecuador,UTPL,https://www.utpl.edu.ec/,1.4.3,afw4f7,Text has minimum contrast,129,div.otras-formas-card > div.layout9 > div.otras-formas-content > p,si,falla,1.00:1,,R02,2026-09-08,,"umbral 4.5:1 (texto normal, 16.3px); texto: ""Si interrumpiste tus estudios entre""",sin CMP detectada
103,ecuador,UTPL,https://www.utpl.edu.ec/,1.4.3,afw4f7,Text has minimum contrast,130,div.layout9 > div.otras-formas-content > p > strong,si,falla,1.67:1,,R02,2026-09-08,,"umbral 4.5:1 (texto normal, 16.3px negrita); texto: ""1 y 10 años""",sin CMP detectada
103,ecuador,UTPL,https://www.utpl.edu.ec/,1.4.3,afw4f7,Text has minimum contrast,131,div.otras-formas-card > div.layout9 > div.otras-formas-content > p,si,falla,1.00:1,,R02,2026-09-08,,"umbral 4.5:1 (texto normal, 16.3px); texto: ""La""",sin CMP detectada
103,ecuador,UTPL,https://www.utpl.edu.ec/,1.4.3,afw4f7,Text has minimum contrast,132,div.layout9 > div.otras-formas-content > p > strong,si,falla,1.67:1,,R02,2026-09-08,,"umbral 4.5:1 (texto normal, 16.3px negrita); texto: ""UTPL""",sin CMP detectada
103,ecuador,UTPL,https://www.utpl.edu.ec/,1.4.3,afw4f7,Text has minimum contrast,133,div.layout9 > div.otras-formas-content > p > strong,si,falla,1.67:1,,R02,2026-09-08,,"umbral 4.5:1 (texto normal, 16.3px negrita); texto: ""50 % de descuento en el valor de la matrícula""",sin CMP detectada
103,ecuador,UTPL,https://www.utpl.edu.ec/,1.4.3,afw4f7,Text has minimum contrast,134,div.layout9 > div.otras-formas-content > p > strong,si,falla,1.67:1,,R02,2026-09-08,,"umbral 4.5:1 (texto normal, 16.3px negrita); texto: ""Modalidad en línea""",sin CMP detectada
103,ecuador,UTPL,https://www.utpl.edu.ec/,1.4.3,afw4f7,Text has minimum contrast,135,div.otras-formas-card > div.layout9 > div.wrapper-otras-formas-link > a.otras-formas-link,si,falla,1.00:1,,R02,2026-09-08,,"umbral 4.5:1 (texto normal, 13.3px); texto: ""Más información""",sin CMP detectada
103,ecuador,UTPL,https://www.utpl.edu.ec/,1.4.3,afw4f7,Text has minimum contrast,136,div.layout9 > div.flex-center > div.width270 > h2,si,cumple,9.82:1,,R02,2026-09-08,,"umbral 3:1 (texto grande, 26.7px); texto: ""¿Por qué estudiar""",sin CMP detectada
103,ecuador,UTPL,https://www.utpl.edu.ec/,1.4.3,afw4f7,Text has minimum contrast,137,div.flex-center > div.width270 > h2 > b,si,cumple,9.82:1,,R02,2026-09-08,,"umbral 3:1 (texto grande, 32.0px negrita); texto: ""en la UTPL?""",sin CMP detectada
103,ecuador,UTPL,https://www.utpl.edu.ec/,1.4.3,afw4f7,Text has minimum contrast,138,div.layout9 > div.flex-center > div.width270 > p,si,cumple,9.82:1,,R02,2026-09-08,,"umbral 4.5:1 (texto normal, 16.3px); texto: ""Nuestros""",sin CMP detectada
103,ecuador,UTPL,https://www.utpl.edu.ec/,1.4.3,afw4f7,Text has minimum contrast,139,div.flex-center > div.width270 > p > b,si,cumple,9.82:1,,R02,2026-09-08,,"umbral 4.5:1 (texto normal, 16.3px negrita); texto: ""más de 55 años de experiencia en formación universitaria""",sin CMP detectada
103,ecuador,UTPL,https://www.utpl.edu.ec/,1.4.3,afw4f7,Text has minimum contrast,140,div.width270 > div.card > div.container > h3,si,cumple,10.43:1,,R02,2026-09-08,,"umbral 3:1 (texto grande, 24.0px); texto: ""UTPL fortalece cooperación con la Corte Constitucional""",sin CMP detectada
103,ecuador,UTPL,https://www.utpl.edu.ec/,1.4.3,afw4f7,Text has minimum contrast,141,div.card > div.container > div > p,si,cumple,10.43:1,,R02,2026-09-08,,"umbral 4.5:1 (texto normal, 13.3px); texto: ""La UTPL suscribió un convenio con la Corte Constitucional de""",sin CMP detectada
103,ecuador,UTPL,https://www.utpl.edu.ec/,1.4.3,afw4f7,Text has minimum contrast,142,div.width270 > div.card > div.container > a.link-with-arrow,si,cumple,10.21:1,,R02,2026-09-08,,"umbral 4.5:1 (texto normal, 13.3px); texto: ""Más información""",sin CMP detectada
103,ecuador,UTPL,https://www.utpl.edu.ec/,1.4.3,afw4f7,Text has minimum contrast,143,div.width270 > div.card > div.container > h3,si,cumple,10.43:1,,R02,2026-09-08,,"umbral 3:1 (texto grande, 24.0px); texto: ""Estudiante UTPL se consagra campeona mundial de marcha""",sin CMP detectada
103,ecuador,UTPL,https://www.utpl.edu.ec/,1.4.3,afw4f7,Text has minimum contrast,144,div.card > div.container > div > p,si,cumple,10.43:1,,R02,2026-09-08,,"umbral 4.5:1 (texto normal, 13.3px); texto: ""Paula Torres, deportista olímpica ecuatoriana y estudiante d""",sin CMP detectada
103,ecuador,UTPL,https://www.utpl.edu.ec/,1.4.3,afw4f7,Text has minimum contrast,145,div.width270 > div.card > div.container > a.link-with-arrow,si,cumple,10.21:1,,R02,2026-09-08,,"umbral 4.5:1 (texto normal, 13.3px); texto: ""Más información""",sin CMP detectada
103,ecuador,UTPL,https://www.utpl.edu.ec/,1.4.3,afw4f7,Text has minimum contrast,146,div.width270 > div.card > div.container > h3,si,cumple,10.43:1,,R02,2026-09-08,,"umbral 3:1 (texto grande, 24.0px); texto: ""UTPL inaugura laboratorio de aceites esenciales en Puyo""",sin CMP detectada
103,ecuador,UTPL,https://www.utpl.edu.ec/,1.4.3,afw4f7,Text has minimum contrast,147,div.card > div.container > div > p,si,cumple,10.43:1,,R02,2026-09-08,,"umbral 4.5:1 (texto normal, 13.3px); texto: ""La Universidad Técnica Particular de Loja inauguró en Puyo s""",sin CMP detectada
103,ecuador,UTPL,https://www.utpl.edu.ec/,1.4.3,afw4f7,Text has minimum contrast,148,div.width270 > div.card > div.container > a.link-with-arrow,si,cumple,10.21:1,,R02,2026-09-08,,"umbral 4.5:1 (texto normal, 13.3px); texto: ""Más información""",sin CMP detectada
103,ecuador,UTPL,https://www.utpl.edu.ec/,1.4.3,afw4f7,Text has minimum contrast,149,section.p-4 > div.py-24 > div.text-center > h2.font-bold,si,cumple,10.43:1,,R02,2026-09-08,,"umbral 3:1 (texto grande, 26.7px negrita); texto: ""Conoce nuestros congresos""",sin CMP detectada
103,ecuador,UTPL,https://www.utpl.edu.ec/,1.4.3,afw4f7,Text has minimum contrast,150,section.p-4 > div.py-24 > div.text-center > p,si,cumple,10.43:1,,R02,2026-09-08,,"umbral 4.5:1 (texto normal, 16.3px); texto: ""Encuentros académicos, científicos y culturales que reunirán""",sin CMP detectada
103,ecuador,UTPL,https://www.utpl.edu.ec/,1.4.3,afw4f7,Text has minimum contrast,151,article.group > div.space-y-2 > div > span.inline-flex,si,cumple,6.16:1,,R02,2026-09-08,,"umbral 4.5:1 (texto normal, 12.0px); texto: ""Presencial""",sin CMP detectada
103,ecuador,UTPL,https://www.utpl.edu.ec/,1.4.3,afw4f7,Text has minimum contrast,152,div.grid > article.group > div.space-y-2 > h3.font-bold,si,cumple,10.43:1,,R02,2026-09-08,,"umbral 4.5:1 (texto normal, 16.0px negrita); texto: ""Congreso Nacional de Atención Integral a la Conducta Suicida""",sin CMP detectada
103,ecuador,UTPL,https://www.utpl.edu.ec/,1.4.3,afw4f7,Text has minimum contrast,153,article.group > div.space-y-2 > div.flex > span,si,cumple,4.76:1,,R02,2026-09-08,,"umbral 4.5:1 (texto normal, 12.0px); texto: ""9 sept 2026 - 11 sept 2026""",sin CMP detectada
103,ecuador,UTPL,https://www.utpl.edu.ec/,1.4.3,afw4f7,Text has minimum contrast,154,article.group > div.mt-6 > a.inline-flex > span,si,cumple,10.43:1,,R02,2026-09-08,,"umbral 4.5:1 (texto normal, 14.0px); texto: ""Ver evento""",sin CMP detectada
103,ecuador,UTPL,https://www.utpl.edu.ec/,1.4.3,afw4f7,Text has minimum contrast,155,article.group > div.space-y-2 > div > span.inline-flex,si,cumple,6.16:1,,R02,2026-09-08,,"umbral 4.5:1 (texto normal, 12.0px); texto: ""Presencial""",sin CMP detectada
103,ecuador,UTPL,https://www.utpl.edu.ec/,1.4.3,afw4f7,Text has minimum contrast,156,div.grid > article.group > div.space-y-2 > h3.font-bold,si,cumple,10.43:1,,R02,2026-09-08,,"umbral 4.5:1 (texto normal, 16.0px negrita); texto: ""XIV Congreso Latinoamericano de Plantas Medicinales""",sin CMP detectada
103,ecuador,UTPL,https://www.utpl.edu.ec/,1.4.3,afw4f7,Text has minimum contrast,157,article.group > div.space-y-2 > div.flex > span,si,cumple,4.76:1,,R02,2026-09-08,,"umbral 4.5:1 (texto normal, 12.0px); texto: ""14 oct 2026 - 16 oct 2026""",sin CMP detectada
103,ecuador,UTPL,https://www.utpl.edu.ec/,1.4.3,afw4f7,Text has minimum contrast,158,article.group > div.mt-6 > a.inline-flex > span,si,cumple,10.43:1,,R02,2026-09-08,,"umbral 4.5:1 (texto normal, 14.0px); texto: ""Ver evento""",sin CMP detectada
103,ecuador,UTPL,https://www.utpl.edu.ec/,1.4.3,afw4f7,Text has minimum contrast,159,article.group > div.space-y-2 > div > span.inline-flex,si,cumple,6.16:1,,R02,2026-09-08,,"umbral 4.5:1 (texto normal, 12.0px); texto: ""Presencial, virtual""",sin CMP detectada
103,ecuador,UTPL,https://www.utpl.edu.ec/,1.4.3,afw4f7,Text has minimum contrast,160,div.grid > article.group > div.space-y-2 > h3.font-bold,si,cumple,10.43:1,,R02,2026-09-08,,"umbral 4.5:1 (texto normal, 16.0px negrita); texto: ""International Conference of Engineering, Technology and Arch""",sin CMP detectada
103,ecuador,UTPL,https://www.utpl.edu.ec/,1.4.3,afw4f7,Text has minimum contrast,161,article.group > div.space-y-2 > div.flex > span,si,cumple,4.76:1,,R02,2026-09-08,,"umbral 4.5:1 (texto normal, 12.0px); texto: ""9 nov 2026 - 11 nov 2026""",sin CMP detectada
103,ecuador,UTPL,https://www.utpl.edu.ec/,1.4.3,afw4f7,Text has minimum contrast,162,article.group > div.mt-6 > a.inline-flex > span,si,cumple,10.43:1,,R02,2026-09-08,,"umbral 4.5:1 (texto normal, 14.0px); texto: ""Ver evento""",sin CMP detectada
103,ecuador,UTPL,https://www.utpl.edu.ec/,1.4.3,afw4f7,Text has minimum contrast,163,article.group > div.space-y-2 > div > span.inline-flex,si,cumple,6.16:1,,R02,2026-09-08,,"umbral 4.5:1 (texto normal, 12.0px); texto: ""Presencial""",sin CMP detectada
103,ecuador,UTPL,https://www.utpl.edu.ec/,1.4.3,afw4f7,Text has minimum contrast,164,div.grid > article.group > div.space-y-2 > h3.font-bold,si,cumple,10.43:1,,R02,2026-09-08,,"umbral 4.5:1 (texto normal, 16.0px negrita); texto: ""XLI Jornadas Sudamericanas de Ingeniería Estructural""",sin CMP detectada
103,ecuador,UTPL,https://www.utpl.edu.ec/,1.4.3,afw4f7,Text has minimum contrast,165,article.group > div.space-y-2 > div.flex > span,si,cumple,4.76:1,,R02,2026-09-08,,"umbral 4.5:1 (texto normal, 12.0px); texto: ""9 nov 2026 - 11 sept 2026""",sin CMP detectada
103,ecuador,UTPL,https://www.utpl.edu.ec/,1.4.3,afw4f7,Text has minimum contrast,166,article.group > div.mt-6 > a.inline-flex > span,si,cumple,10.43:1,,R02,2026-09-08,,"umbral 4.5:1 (texto normal, 14.0px); texto: ""Ver evento""",sin CMP detectada
103,ecuador,UTPL,https://www.utpl.edu.ec/,1.4.3,afw4f7,Text has minimum contrast,167,article.group > div.space-y-2 > div > span.inline-flex,si,cumple,6.16:1,,R02,2026-09-08,,"umbral 4.5:1 (texto normal, 12.0px); texto: ""Presencial""",sin CMP detectada
103,ecuador,UTPL,https://www.utpl.edu.ec/,1.4.3,afw4f7,Text has minimum contrast,168,div.grid > article.group > div.space-y-2 > h3.font-bold,si,cumple,10.43:1,,R02,2026-09-08,,"umbral 4.5:1 (texto normal, 16.0px negrita); texto: ""VIII Encuentro de comunicadores de ODUCAL""",sin CMP detectada
103,ecuador,UTPL,https://www.utpl.edu.ec/,1.4.3,afw4f7,Text has minimum contrast,169,article.group > div.space-y-2 > div.flex > span,si,cumple,4.76:1,,R02,2026-09-08,,"umbral 4.5:1 (texto normal, 12.0px); texto: ""16 nov 2026 - 18 nov 2026""",sin CMP detectada
103,ecuador,UTPL,https://www.utpl.edu.ec/,1.4.3,afw4f7,Text has minimum contrast,170,article.group > div.mt-6 > a.inline-flex > span,si,cumple,10.43:1,,R02,2026-09-08,,"umbral 4.5:1 (texto normal, 14.0px); texto: ""Ver evento""",sin CMP detectada
103,ecuador,UTPL,https://www.utpl.edu.ec/,1.4.3,afw4f7,Text has minimum contrast,171,article.group > div.space-y-2 > div > span.inline-flex,si,cumple,6.16:1,,R02,2026-09-08,,"umbral 4.5:1 (texto normal, 12.0px); texto: ""Virtual""",sin CMP detectada
103,ecuador,UTPL,https://www.utpl.edu.ec/,1.4.3,afw4f7,Text has minimum contrast,172,div.grid > article.group > div.space-y-2 > h3.font-bold,si,cumple,10.43:1,,R02,2026-09-08,,"umbral 4.5:1 (texto normal, 16.0px negrita); texto: ""II Coloquio Internacional sobre Tecno Videoformación Docente""",sin CMP detectada
103,ecuador,UTPL,https://www.utpl.edu.ec/,1.4.3,afw4f7,Text has minimum contrast,173,article.group > div.space-y-2 > div.flex > span,si,cumple,4.76:1,,R02,2026-09-08,,"umbral 4.5:1 (texto normal, 12.0px); texto: ""19 nov 2026 - 20 nov 2026""",sin CMP detectada
103,ecuador,UTPL,https://www.utpl.edu.ec/,1.4.3,afw4f7,Text has minimum contrast,174,article.group > div.mt-6 > a.inline-flex > span,si,cumple,10.43:1,,R02,2026-09-08,,"umbral 4.5:1 (texto normal, 14.0px); texto: ""Ver evento""",sin CMP detectada
103,ecuador,UTPL,https://www.utpl.edu.ec/,1.4.3,afw4f7,Text has minimum contrast,175,article.group > div.space-y-2 > div > span.inline-flex,si,cumple,6.16:1,,R02,2026-09-08,,"umbral 4.5:1 (texto normal, 12.0px); texto: ""Presencial""",sin CMP detectada
103,ecuador,UTPL,https://www.utpl.edu.ec/,1.4.3,afw4f7,Text has minimum contrast,176,div.grid > article.group > div.space-y-2 > h3.font-bold,si,cumple,10.43:1,,R02,2026-09-08,,"umbral 4.5:1 (texto normal, 16.0px negrita); texto: ""V Seminario Iberoamericano de Economía de la Cultura""",sin CMP detectada
103,ecuador,UTPL,https://www.utpl.edu.ec/,1.4.3,afw4f7,Text has minimum contrast,177,article.group > div.space-y-2 > div.flex > span,si,cumple,4.76:1,,R02,2026-09-08,,"umbral 4.5:1 (texto normal, 12.0px); texto: ""26 nov 2026 - 27 nov 2026""",sin CMP detectada
103,ecuador,UTPL,https://www.utpl.edu.ec/,1.4.3,afw4f7,Text has minimum contrast,178,article.group > div.mt-6 > a.inline-flex > span,si,cumple,10.43:1,,R02,2026-09-08,,"umbral 4.5:1 (texto normal, 14.0px); texto: ""Ver evento""",sin CMP detectada
103,ecuador,UTPL,https://www.utpl.edu.ec/,1.4.3,afw4f7,Text has minimum contrast,179,div.wrapper-image-container > div.image-text-container > div.text-column > h2,si,cumple,8.36:1,,R02,2026-09-08,,"umbral 3:1 (texto grande, 26.7px); texto: ""Simulador""",sin CMP detectada
103,ecuador,UTPL,https://www.utpl.edu.ec/,1.4.3,afw4f7,Text has minimum contrast,180,div.image-text-container > div.text-column > h2 > b,si,cumple,8.36:1,,R02,2026-09-08,,"umbral 3:1 (texto grande, 32.0px negrita); texto: ""de costos""",sin CMP detectada
103,ecuador,UTPL,https://www.utpl.edu.ec/,1.4.3,afw4f7,Text has minimum contrast,181,div.wrapper-image-container > div.image-text-container > div.text-column > p,si,cumple,8.36:1,,R02,2026-09-08,,"umbral 4.5:1 (texto normal, 16.3px); texto: ""Aplica para estudiantes nuevos de carreras - tecnologías en """,sin CMP detectada
103,ecuador,UTPL,https://www.utpl.edu.ec/,1.4.3,afw4f7,Text has minimum contrast,182,div.wrapper-image-container > div.image-text-container > div.text-column > p,si,cumple,8.36:1,,R02,2026-09-08,,"umbral 4.5:1 (texto normal, 16.3px); texto: ""Explora los costos, las opciones de becas y variedad de desc""",sin CMP detectada
103,ecuador,UTPL,https://www.utpl.edu.ec/,1.4.3,afw4f7,Text has minimum contrast,183,div.wrapper-image-container > div.image-text-container > div.text-column > a,si,cumple,6.25:1,,R02,2026-09-08,,"umbral 4.5:1 (texto normal, 13.3px negrita); texto: ""Simular ahora""",sin CMP detectada
103,ecuador,UTPL,https://www.utpl.edu.ec/,1.4.3,afw4f7,Text has minimum contrast,184,div.bluebg > div.wrapper-contactocentros > div > h2,si,cumple,10.43:1,,R02,2026-09-08,,"umbral 3:1 (texto grande, 26.7px); texto: ""Contamos con +90 centros nacionales e internacionales estrat""",sin CMP detectada
103,ecuador,UTPL,https://www.utpl.edu.ec/,1.4.3,afw4f7,Text has minimum contrast,185,div.bluebg > div.wrapper-contactocentros > div > p,si,cumple,10.43:1,,R02,2026-09-08,,"umbral 4.5:1 (texto normal, 16.3px); texto: ""Directorio de centros UTPL""",sin CMP detectada
103,ecuador,UTPL,https://www.utpl.edu.ec/,1.4.3,afw4f7,Text has minimum contrast,186,div.bluebg > div.wrapper-contactocentros > div > a,si,cumple,6.25:1,,R02,2026-09-08,,"umbral 4.5:1 (texto normal, 14.7px negrita); texto: ""Revísalos aquí""",sin CMP detectada
103,ecuador,UTPL,https://www.utpl.edu.ec/,1.4.3,afw4f7,Text has minimum contrast,187,div.items-centros > div > div.layout9 > h3,si,cumple,10.43:1,,R02,2026-09-08,,"umbral 4.5:1 (texto normal, 17.3px); texto: ""UTPL Centro Madrid""",sin CMP detectada
103,ecuador,UTPL,https://www.utpl.edu.ec/,1.4.3,afw4f7,Text has minimum contrast,188,div.items-centros > div > div.layout9 > p,si,cumple,10.43:1,,R02,2026-09-08,,"umbral 4.5:1 (texto normal, 14.7px); texto: ""Ronda de Segovia, 50""",sin CMP detectada
103,ecuador,UTPL,https://www.utpl.edu.ec/,1.4.3,afw4f7,Text has minimum contrast,189,div.items-centros > div > div.layout9 > p,si,cumple,10.43:1,,R02,2026-09-08,,"umbral 4.5:1 (texto normal, 14.7px); texto: ""cimadrid@utpl.edu.ec""",sin CMP detectada
103,ecuador,UTPL,https://www.utpl.edu.ec/,1.4.3,afw4f7,Text has minimum contrast,190,div.items-centros > div > div.layout9 > p,si,cumple,10.43:1,,R02,2026-09-08,,"umbral 4.5:1 (texto normal, 14.7px); texto: ""(+34) 912618144""",sin CMP detectada
103,ecuador,UTPL,https://www.utpl.edu.ec/,1.4.3,afw4f7,Text has minimum contrast,191,div.items-centros > div > div.layout9 > h3,si,cumple,10.43:1,,R02,2026-09-08,,"umbral 4.5:1 (texto normal, 17.3px); texto: ""UTPL Centro Roma""",sin CMP detectada
103,ecuador,UTPL,https://www.utpl.edu.ec/,1.4.3,afw4f7,Text has minimum contrast,192,div.items-centros > div > div.layout9 > p,si,cumple,10.43:1,,R02,2026-09-08,,"umbral 4.5:1 (texto normal, 14.7px); texto: ""Via Selvaforte 10, 00148 Roma, Italia.""",sin CMP detectada
103,ecuador,UTPL,https://www.utpl.edu.ec/,1.4.3,afw4f7,Text has minimum contrast,193,div.items-centros > div > div.layout9 > p,si,cumple,10.43:1,,R02,2026-09-08,,"umbral 4.5:1 (texto normal, 14.7px); texto: ""ciroma@utpl.edu.ec""",sin CMP detectada
103,ecuador,UTPL,https://www.utpl.edu.ec/,1.4.3,afw4f7,Text has minimum contrast,194,div.items-centros > div > div.layout9 > p,si,cumple,10.43:1,,R02,2026-09-08,,"umbral 4.5:1 (texto normal, 14.7px); texto: ""(+39) 3381120872""",sin CMP detectada
103,ecuador,UTPL,https://www.utpl.edu.ec/,1.4.3,afw4f7,Text has minimum contrast,195,div.items-centros > div > div.layout9 > h3,si,cumple,10.43:1,,R02,2026-09-08,,"umbral 4.5:1 (texto normal, 17.3px); texto: ""UTPL Centro Nueva York""",sin CMP detectada
103,ecuador,UTPL,https://www.utpl.edu.ec/,1.4.3,afw4f7,Text has minimum contrast,196,div.items-centros > div > div.layout9 > p,si,cumple,10.43:1,,R02,2026-09-08,,"umbral 4.5:1 (texto normal, 14.7px); texto: ""86-58 Midland Parkway, Jamaica Estates, N.Y. 11432, Nueva Yo""",sin CMP detectada
103,ecuador,UTPL,https://www.utpl.edu.ec/,1.4.3,afw4f7,Text has minimum contrast,197,div.items-centros > div > div.layout9 > p,si,cumple,10.43:1,,R02,2026-09-08,,"umbral 4.5:1 (texto normal, 14.7px); texto: ""cinewyork@utpl.edu.ec""",sin CMP detectada
103,ecuador,UTPL,https://www.utpl.edu.ec/,1.4.3,afw4f7,Text has minimum contrast,198,div.items-centros > div > div.layout9 > p,si,cumple,10.43:1,,R02,2026-09-08,,"umbral 4.5:1 (texto normal, 14.7px); texto: ""(+1) 718-739-0060 o (+1) 718-739-0155""",sin CMP detectada
103,ecuador,UTPL,https://www.utpl.edu.ec/,1.4.3,afw4f7,Text has minimum contrast,199,div.items-centros > div > div.layout9 > h3,si,cumple,10.43:1,,R02,2026-09-08,,"umbral 4.5:1 (texto normal, 17.3px); texto: ""UTPL Centro Quito""",sin CMP detectada
103,ecuador,UTPL,https://www.utpl.edu.ec/,1.4.3,afw4f7,Text has minimum contrast,200,div.items-centros > div > div.layout9 > p,si,cumple,10.43:1,,R02,2026-09-08,,"umbral 4.5:1 (texto normal, 14.7px); texto: ""Av. 6 de diciembre y Alpallana""",sin CMP detectada
103,ecuador,UTPL,https://www.utpl.edu.ec/,1.4.3,afw4f7,Text has minimum contrast,201,div.items-centros > div > div.layout9 > p,si,cumple,10.43:1,,R02,2026-09-08,,"umbral 4.5:1 (texto normal, 14.7px); texto: ""crquito@utpl.edu.ec""",sin CMP detectada
103,ecuador,UTPL,https://www.utpl.edu.ec/,1.4.3,afw4f7,Text has minimum contrast,202,div.items-centros > div > div.layout9 > p,si,cumple,10.43:1,,R02,2026-09-08,,"umbral 4.5:1 (texto normal, 14.7px); texto: ""(02) 3947220""",sin CMP detectada
103,ecuador,UTPL,https://www.utpl.edu.ec/,1.4.3,afw4f7,Text has minimum contrast,203,div.items-centros > div > div.layout9 > h3,si,cumple,10.43:1,,R02,2026-09-08,,"umbral 4.5:1 (texto normal, 17.3px); texto: ""UTPL Centro Guayaquil""",sin CMP detectada
103,ecuador,UTPL,https://www.utpl.edu.ec/,1.4.3,afw4f7,Text has minimum contrast,204,div.items-centros > div > div.layout9 > p,si,cumple,10.43:1,,R02,2026-09-08,,"umbral 4.5:1 (texto normal, 14.7px); texto: ""Av. Kennedy 333 entre Av. San Jorge y calle F""",sin CMP detectada
103,ecuador,UTPL,https://www.utpl.edu.ec/,1.4.3,afw4f7,Text has minimum contrast,205,div.items-centros > div > div.layout9 > p,si,cumple,10.43:1,,R02,2026-09-08,,"umbral 4.5:1 (texto normal, 14.7px); texto: ""informacioncrg@utpl.edu.ec""",sin CMP detectada
103,ecuador,UTPL,https://www.utpl.edu.ec/,1.4.3,afw4f7,Text has minimum contrast,206,div.items-centros > div > div.layout9 > p,si,cumple,10.43:1,,R02,2026-09-08,,"umbral 4.5:1 (texto normal, 14.7px); texto: ""(04) 2282084""",sin CMP detectada
103,ecuador,UTPL,https://www.utpl.edu.ec/,1.4.3,afw4f7,Text has minimum contrast,207,div.items-centros > div > div.layout9 > p,si,cumple,10.43:1,,R02,2026-09-08,,"umbral 4.5:1 (texto normal, 14.7px); texto: ""(04) 2282085""",sin CMP detectada
103,ecuador,UTPL,https://www.utpl.edu.ec/,1.4.3,afw4f7,Text has minimum contrast,208,div.items-centros > div > div.layout9 > h3,si,cumple,10.43:1,,R02,2026-09-08,,"umbral 4.5:1 (texto normal, 17.3px); texto: ""UTPL Centro Cuenca""",sin CMP detectada
103,ecuador,UTPL,https://www.utpl.edu.ec/,1.4.3,afw4f7,Text has minimum contrast,209,div.items-centros > div > div.layout9 > p,si,cumple,10.43:1,,R02,2026-09-08,,"umbral 4.5:1 (texto normal, 14.7px); texto: ""Av. Gran Colombia 22-167 y Unidad Nacional""",sin CMP detectada
103,ecuador,UTPL,https://www.utpl.edu.ec/,1.4.3,afw4f7,Text has minimum contrast,210,div.items-centros > div > div.layout9 > p,si,cumple,10.43:1,,R02,2026-09-08,,"umbral 4.5:1 (texto normal, 14.7px); texto: ""crcuenca@utpl.edu.ec""",sin CMP detectada
103,ecuador,UTPL,https://www.utpl.edu.ec/,1.4.3,afw4f7,Text has minimum contrast,211,div.items-centros > div > div.layout9 > p,si,cumple,10.43:1,,R02,2026-09-08,,"umbral 4.5:1 (texto normal, 14.7px); texto: ""(07) 3708000 ext 7021""",sin CMP detectada
103,ecuador,UTPL,https://www.utpl.edu.ec/,1.4.3,afw4f7,Text has minimum contrast,212,div.bg-gray-200 > div.max-w-6xl > div.max-w-3xl > p.text-[#004270],no,,,,R02,2026-09-08,,"No es un caracter visible: la regla no aplica. Texto oculto visualmente, de tamano cero o desplazado fuera de pantalla.",sin CMP detectada
103,ecuador,UTPL,https://www.utpl.edu.ec/,1.4.3,afw4f7,Text has minimum contrast,213,div.bg-gray-200 > div.max-w-6xl > div.max-w-3xl > p.font-montserrat,no,,,,R02,2026-09-08,,"No es un caracter visible: la regla no aplica. Texto oculto visualmente, de tamano cero o desplazado fuera de pantalla.",sin CMP detectada
103,ecuador,UTPL,https://www.utpl.edu.ec/,1.4.3,afw4f7,Text has minimum contrast,214,div.bg-gray-200 > div.max-w-6xl > div.max-w-3xl > p.text-right,no,,,,R02,2026-09-08,,"No es un caracter visible: la regla no aplica. Texto oculto visualmente, de tamano cero o desplazado fuera de pantalla.",sin CMP detectada
103,ecuador,UTPL,https://www.utpl.edu.ec/,1.4.3,afw4f7,Text has minimum contrast,215,div.max-w-6xl > div.max-w-3xl > p.text-right > b,si,cumple,8.42:1,,R02,2026-09-08,,"umbral 3:1 (texto grande, 24.0px negrita); texto: ""más innovadora del Ecuador!""",sin CMP detectada
103,ecuador,UTPL,https://www.utpl.edu.ec/,1.4.3,afw4f7,Text has minimum contrast,216,div.max-w-6xl > div.flex > div.flex-1 > h2.text-lg,no,,,,R02,2026-09-08,,"No es un caracter visible: la regla no aplica. Texto oculto visualmente, de tamano cero o desplazado fuera de pantalla.",sin CMP detectada
103,ecuador,UTPL,https://www.utpl.edu.ec/,1.4.3,afw4f7,Text has minimum contrast,217,div.flex > div.flex-1 > div > a.inline-flex,si,cumple,8.42:1,,R02,2026-09-08,,"umbral 4.5:1 (texto normal, 16.0px negrita); texto: ""Oferta académica""",sin CMP detectada
103,ecuador,UTPL,https://www.utpl.edu.ec/,1.4.3,afw4f7,Text has minimum contrast,218,div.max-w-6xl > div.flex > div.flex-1 > h2.text-lg,no,,,,R02,2026-09-08,,"No es un caracter visible: la regla no aplica. Texto oculto visualmente, de tamano cero o desplazado fuera de pantalla.",sin CMP detectada
103,ecuador,UTPL,https://www.utpl.edu.ec/,1.4.3,afw4f7,Text has minimum contrast,219,div.flex > div.flex-1 > div > a.inline-flex,si,cumple,8.42:1,,R02,2026-09-08,,"umbral 4.5:1 (texto normal, 16.0px negrita); texto: ""Escríbenos""",sin CMP detectada
103,ecuador,UTPL,https://www.utpl.edu.ec/,1.4.3,afw4f7,Text has minimum contrast,220,div.max-w-6xl > div.flex > div.flex-1 > h2.text-lg,no,,,,R02,2026-09-08,,"No es un caracter visible: la regla no aplica. Texto oculto visualmente, de tamano cero o desplazado fuera de pantalla.",sin CMP detectada
103,ecuador,UTPL,https://www.utpl.edu.ec/,1.4.3,afw4f7,Text has minimum contrast,221,div.flex > div.flex-1 > div > a.inline-flex,si,cumple,8.42:1,,R02,2026-09-08,,"umbral 4.5:1 (texto normal, 16.0px negrita); texto: ""Historias de éxito""",sin CMP detectada
103,ecuador,UTPL,https://www.utpl.edu.ec/,1.4.3,afw4f7,Text has minimum contrast,222,div.main-page-container > div.popup-wrapper > div.popup-card > button.close-button,si,cumple,21.00:1,,R02,2026-09-08,,"umbral 4.5:1 (texto normal, 16.0px); texto: ""×""",sin CMP detectada
103,ecuador,UTPL,https://www.utpl.edu.ec/,1.4.3,afw4f7,Text has minimum contrast,223,div.popup-card > a.full-link > div.text-box > span.tag,si,cumple,5.17:1,,R02,2026-09-08,,"umbral 4.5:1 (texto normal, 10.0px negrita); texto: ""Exclusivo""",sin CMP detectada
103,ecuador,UTPL,https://www.utpl.edu.ec/,1.4.3,afw4f7,Text has minimum contrast,224,div.popup-card > a.full-link > div.text-box > h3,si,cumple,10.43:1,,R02,2026-09-08,,"umbral 4.5:1 (texto normal, 14.0px negrita); texto: ""Doctorado en Química""",sin CMP detectada
103,ecuador,UTPL,https://www.utpl.edu.ec/,1.4.3,afw4f7,Text has minimum contrast,225,div.popup-card > a.full-link > div.text-box > p,si,cumple,10.43:1,,R02,2026-09-08,,"umbral 4.5:1 (texto normal, 12.0px); texto: ""Inicio de clases: Octubre 2026""",sin CMP detectada
103,ecuador,UTPL,https://www.utpl.edu.ec/,1.4.3,afw4f7,Text has minimum contrast,226,div.popup-card > a.full-link > div.text-box > a.link-with-arrow,si,cumple,10.21:1,,R02,2026-09-08,,"umbral 4.5:1 (texto normal, 13.3px); texto: ""Postula ahora""",sin CMP detectada
103,ecuador,UTPL,https://www.utpl.edu.ec/,1.4.3,afw4f7,Text has minimum contrast,227,div > div.wrapper-footer > p > b,si,cumple,10.43:1,,R02,2026-09-08,,"umbral 3:1 (texto grande, 26.7px negrita); texto: ""Conecta con nosotros:""",sin CMP detectada
103,ecuador,UTPL,https://www.utpl.edu.ec/,1.4.3,afw4f7,Text has minimum contrast,228,body > div > div.wrapper-footer > p,si,cumple,10.43:1,,R02,2026-09-08,,"umbral 4.5:1 (texto normal, 16.3px); texto: ""1800 88 75 88 - (07) 370 1444 - informacion@utpl.edu.ec""",sin CMP detectada
103,ecuador,UTPL,https://www.utpl.edu.ec/,1.4.3,afw4f7,Text has minimum contrast,229,div.wrapper-footer > div.wrapper-footerbottom > div.layout8 > a,si,cumple,12.66:1,,R02,2026-09-08,,"umbral 4.5:1 (texto normal, 13.3px); texto: ""Política de privacidad""",sin CMP detectada
103,ecuador,UTPL,https://www.utpl.edu.ec/,1.4.3,afw4f7,Text has minimum contrast,230,div.wrapper-footer > div.wrapper-footerbottom > div.layout8 > p,si,cumple,12.66:1,,R02,2026-09-08,,"umbral 4.5:1 (texto normal, 13.3px); texto: ""-""",sin CMP detectada
103,ecuador,UTPL,https://www.utpl.edu.ec/,1.4.3,afw4f7,Text has minimum contrast,231,div.wrapper-footer > div.wrapper-footerbottom > div.layout8 > a,si,cumple,12.66:1,,R02,2026-09-08,,"umbral 4.5:1 (texto normal, 13.3px); texto: ""Términos y condiciones""",sin CMP detectada
103,ecuador,UTPL,https://www.utpl.edu.ec/,1.1.1,e88epe,Image not in the accessibility tree is decorative,1,div > div.fixed > a.flex > svg,no,,,,R02,2026-09-08,,Fuera del arbol de accesibilidad: se trata como decorativa.,sin CMP detectada
103,ecuador,UTPL,https://www.utpl.edu.ec/,1.1.1,e88epe,Image not in the accessibility tree is decorative,2,div > div.fixed > a.flex > svg,no,,,,R02,2026-09-08,,Fuera del arbol de accesibilidad: se trata como decorativa.,sin CMP detectada
103,ecuador,UTPL,https://www.utpl.edu.ec/,1.1.1,23a2a8,Image has non-empty accessible name,3,div.layout9 > div > a > img.logo-img,si,cumple,,,R02,2026-09-08,,"nombre accesible: ""Logo UTPL""",sin CMP detectada
103,ecuador,UTPL,https://www.utpl.edu.ec/,1.1.1,qt1vmo,Image accessible name is descriptive,3,div.layout9 > div > a > img.logo-img,si,REVISAR,,,R02,2026-09-08,,"JUICIO HUMANO. ¿El nombre sirve un proposito equivalente al contenido no textual? nombre: ""Logo UTPL"" | src: cP5WhCJvGo9ek7DcMEkIn8/zMx1K/8uiWFB9gufwH3F5XgEXeGZQAAAABJRU5ErkJggg==",sin CMP detectada
103,ecuador,UTPL,https://www.utpl.edu.ec/,1.1.1,e88epe,Image not in the accessibility tree is decorative,4,div.layout9 > div.nav-desktop > a.nav-link > svg,no,,,,R02,2026-09-08,,Fuera del arbol de accesibilidad: se trata como decorativa.,sin CMP detectada
103,ecuador,UTPL,https://www.utpl.edu.ec/,1.1.1,e88epe,Image not in the accessibility tree is decorative,5,div.layout9 > div.nav-desktop > button.hamburger-btn > svg,no,,,,R02,2026-09-08,,Fuera del arbol de accesibilidad: se trata como decorativa.,sin CMP detectada
103,ecuador,UTPL,https://www.utpl.edu.ec/,1.1.1,e88epe,Image not in the accessibility tree is decorative,6,div.layout9 > div.mobile-btn-container > button.hamburger-btn > svg,no,,,,R02,2026-09-08,,Fuera del arbol de accesibilidad: se trata como decorativa.,sin CMP detectada
103,ecuador,UTPL,https://www.utpl.edu.ec/,1.1.1,e88epe,Image not in the accessibility tree is decorative,7,aside.menu-aside > div.menu-header > button.close-btn > svg,no,,,,R02,2026-09-08,,Fuera del arbol de accesibilidad: se trata como decorativa.,sin CMP detectada
103,ecuador,UTPL,https://www.utpl.edu.ec/,1.1.1,e88epe,Image not in the accessibility tree is decorative,8,ul.link-list > li > a.section-link > svg,no,,,,R02,2026-09-08,,Fuera del arbol de accesibilidad: se trata como decorativa.,sin CMP detectada
103,ecuador,UTPL,https://www.utpl.edu.ec/,1.1.1,e88epe,Image not in the accessibility tree is decorative,9,ul.link-list > li > a.section-link > svg,no,,,,R02,2026-09-08,,Fuera del arbol de accesibilidad: se trata como decorativa.,sin CMP detectada
103,ecuador,UTPL,https://www.utpl.edu.ec/,1.1.1,e88epe,Image not in the accessibility tree is decorative,10,ul.link-list > li > a.section-link > svg,no,,,,R02,2026-09-08,,Fuera del arbol de accesibilidad: se trata como decorativa.,sin CMP detectada
103,ecuador,UTPL,https://www.utpl.edu.ec/,1.1.1,e88epe,Image not in the accessibility tree is decorative,11,ul.link-list > li > a.section-link > svg,no,,,,R02,2026-09-08,,Fuera del arbol de accesibilidad: se trata como decorativa.,sin CMP detectada
103,ecuador,UTPL,https://www.utpl.edu.ec/,1.1.1,e88epe,Image not in the accessibility tree is decorative,12,ul.link-list > li > a.section-link > svg,no,,,,R02,2026-09-08,,Fuera del arbol de accesibilidad: se trata como decorativa.,sin CMP detectada
103,ecuador,UTPL,https://www.utpl.edu.ec/,1.1.1,e88epe,Image not in the accessibility tree is decorative,13,ul.link-list > li > a.section-link > svg,no,,,,R02,2026-09-08,,Fuera del arbol de accesibilidad: se trata como decorativa.,sin CMP detectada
103,ecuador,UTPL,https://www.utpl.edu.ec/,1.1.1,e88epe,Image not in the accessibility tree is decorative,14,ul.link-list > li > a.section-link > svg,no,,,,R02,2026-09-08,,Fuera del arbol de accesibilidad: se trata como decorativa.,sin CMP detectada
103,ecuador,UTPL,https://www.utpl.edu.ec/,1.1.1,e88epe,Image not in the accessibility tree is decorative,15,ul.link-list > li > a.section-link > svg,no,,,,R02,2026-09-08,,Fuera del arbol de accesibilidad: se trata como decorativa.,sin CMP detectada
103,ecuador,UTPL,https://www.utpl.edu.ec/,1.1.1,e88epe,Image not in the accessibility tree is decorative,16,ul.link-list > li > a.section-link > svg,no,,,,R02,2026-09-08,,Fuera del arbol de accesibilidad: se trata como decorativa.,sin CMP detectada
103,ecuador,UTPL,https://www.utpl.edu.ec/,1.1.1,e88epe,Image not in the accessibility tree is decorative,17,ul.link-list > li > a.section-link > svg,no,,,,R02,2026-09-08,,Fuera del arbol de accesibilidad: se trata como decorativa.,sin CMP detectada
103,ecuador,UTPL,https://www.utpl.edu.ec/,1.1.1,e88epe,Image not in the accessibility tree is decorative,18,ul.link-list > li > a.section-link > svg,no,,,,R02,2026-09-08,,Fuera del arbol de accesibilidad: se trata como decorativa.,sin CMP detectada
103,ecuador,UTPL,https://www.utpl.edu.ec/,1.1.1,e88epe,Image not in the accessibility tree is decorative,19,ul.link-list > li > a.section-link > svg,no,,,,R02,2026-09-08,,Fuera del arbol de accesibilidad: se trata como decorativa.,sin CMP detectada
103,ecuador,UTPL,https://www.utpl.edu.ec/,1.1.1,e88epe,Image not in the accessibility tree is decorative,20,ul.link-list > li > a.section-link > svg,no,,,,R02,2026-09-08,,Fuera del arbol de accesibilidad: se trata como decorativa.,sin CMP detectada
103,ecuador,UTPL,https://www.utpl.edu.ec/,1.1.1,e88epe,Image not in the accessibility tree is decorative,21,ul.link-list > li > a.section-link > svg,no,,,,R02,2026-09-08,,Fuera del arbol de accesibilidad: se trata como decorativa.,sin CMP detectada
103,ecuador,UTPL,https://www.utpl.edu.ec/,1.1.1,e88epe,Image not in the accessibility tree is decorative,22,ul.link-list > li > a.section-link > svg,no,,,,R02,2026-09-08,,Fuera del arbol de accesibilidad: se trata como decorativa.,sin CMP detectada
103,ecuador,UTPL,https://www.utpl.edu.ec/,1.1.1,e88epe,Image not in the accessibility tree is decorative,23,ul.link-list > li > a.section-link > svg,no,,,,R02,2026-09-08,,Fuera del arbol de accesibilidad: se trata como decorativa.,sin CMP detectada
103,ecuador,UTPL,https://www.utpl.edu.ec/,1.1.1,e88epe,Image not in the accessibility tree is decorative,24,ul.link-list > li > a.section-link > svg,no,,,,R02,2026-09-08,,Fuera del arbol de accesibilidad: se trata como decorativa.,sin CMP detectada
103,ecuador,UTPL,https://www.utpl.edu.ec/,1.1.1,e88epe,Image not in the accessibility tree is decorative,25,ul.link-list > li > a.section-link > svg,no,,,,R02,2026-09-08,,Fuera del arbol de accesibilidad: se trata como decorativa.,sin CMP detectada
103,ecuador,UTPL,https://www.utpl.edu.ec/,1.1.1,e88epe,Image not in the accessibility tree is decorative,26,ul.link-list > li > a.section-link > svg,no,,,,R02,2026-09-08,,Fuera del arbol de accesibilidad: se trata como decorativa.,sin CMP detectada
103,ecuador,UTPL,https://www.utpl.edu.ec/,1.1.1,e88epe,Image not in the accessibility tree is decorative,27,ul.link-list > li > a.section-link > svg,no,,,,R02,2026-09-08,,Fuera del arbol de accesibilidad: se trata como decorativa.,sin CMP detectada
103,ecuador,UTPL,https://www.utpl.edu.ec/,1.1.1,e88epe,Image not in the accessibility tree is decorative,28,ul.link-list > li > a.section-link > svg,no,,,,R02,2026-09-08,,Fuera del arbol de accesibilidad: se trata como decorativa.,sin CMP detectada
103,ecuador,UTPL,https://www.utpl.edu.ec/,1.1.1,e88epe,Image not in the accessibility tree is decorative,29,ul.link-list > li > a.section-link > svg,no,,,,R02,2026-09-08,,Fuera del arbol de accesibilidad: se trata como decorativa.,sin CMP detectada
103,ecuador,UTPL,https://www.utpl.edu.ec/,1.1.1,e88epe,Image not in the accessibility tree is decorative,30,ul.link-list > li > a.section-link > svg,no,,,,R02,2026-09-08,,Fuera del arbol de accesibilidad: se trata como decorativa.,sin CMP detectada
103,ecuador,UTPL,https://www.utpl.edu.ec/,1.1.1,e88epe,Image not in the accessibility tree is decorative,31,ul.link-list > li > a.section-link > svg,no,,,,R02,2026-09-08,,Fuera del arbol de accesibilidad: se trata como decorativa.,sin CMP detectada
103,ecuador,UTPL,https://www.utpl.edu.ec/,1.1.1,e88epe,Image not in the accessibility tree is decorative,32,ul.link-list > li > a.section-link > svg,no,,,,R02,2026-09-08,,Fuera del arbol de accesibilidad: se trata como decorativa.,sin CMP detectada
103,ecuador,UTPL,https://www.utpl.edu.ec/,1.1.1,e88epe,Image not in the accessibility tree is decorative,33,ul.link-list > li > a.section-link > svg,no,,,,R02,2026-09-08,,Fuera del arbol de accesibilidad: se trata como decorativa.,sin CMP detectada
103,ecuador,UTPL,https://www.utpl.edu.ec/,1.1.1,e88epe,Image not in the accessibility tree is decorative,34,ul.link-list > li > a.section-link > svg,no,,,,R02,2026-09-08,,Fuera del arbol de accesibilidad: se trata como decorativa.,sin CMP detectada
103,ecuador,UTPL,https://www.utpl.edu.ec/,1.1.1,e88epe,Image not in the accessibility tree is decorative,35,ul.link-list > li > a.section-link > svg,no,,,,R02,2026-09-08,,Fuera del arbol de accesibilidad: se trata como decorativa.,sin CMP detectada
103,ecuador,UTPL,https://www.utpl.edu.ec/,1.1.1,e88epe,Image not in the accessibility tree is decorative,36,ul.link-list > li > a.section-link > svg,no,,,,R02,2026-09-08,,Fuera del arbol de accesibilidad: se trata como decorativa.,sin CMP detectada
103,ecuador,UTPL,https://www.utpl.edu.ec/,1.1.1,e88epe,Image not in the accessibility tree is decorative,37,ul.link-list > li > a.section-link > svg,no,,,,R02,2026-09-08,,Fuera del arbol de accesibilidad: se trata como decorativa.,sin CMP detectada
103,ecuador,UTPL,https://www.utpl.edu.ec/,1.1.1,e88epe,Image not in the accessibility tree is decorative,38,ul.link-list > li > a.section-link > svg,no,,,,R02,2026-09-08,,Fuera del arbol de accesibilidad: se trata como decorativa.,sin CMP detectada
103,ecuador,UTPL,https://www.utpl.edu.ec/,1.1.1,e88epe,Image not in the accessibility tree is decorative,39,ul.link-list > li > a.section-link > svg,no,,,,R02,2026-09-08,,Fuera del arbol de accesibilidad: se trata como decorativa.,sin CMP detectada
103,ecuador,UTPL,https://www.utpl.edu.ec/,1.1.1,e88epe,Image not in the accessibility tree is decorative,40,aside.menu-aside > div.quick-links > a.quick-link-item > svg,no,,,,R02,2026-09-08,,Fuera del arbol de accesibilidad: se trata como decorativa.,sin CMP detectada
103,ecuador,UTPL,https://www.utpl.edu.ec/,1.1.1,e88epe,Image not in the accessibility tree is decorative,41,aside.menu-aside > div.quick-links > a.quick-link-item > svg,no,,,,R02,2026-09-08,,Fuera del arbol de accesibilidad: se trata como decorativa.,sin CMP detectada
103,ecuador,UTPL,https://www.utpl.edu.ec/,1.1.1,e88epe,Image not in the accessibility tree is decorative,42,aside.menu-aside > div.quick-links > a.quick-link-item > svg,no,,,,R02,2026-09-08,,Fuera del arbol de accesibilidad: se trata como decorativa.,sin CMP detectada
103,ecuador,UTPL,https://www.utpl.edu.ec/,1.1.1,e88epe,Image not in the accessibility tree is decorative,43,aside.menu-aside > div.quick-links > a.quick-link-item > svg,no,,,,R02,2026-09-08,,Fuera del arbol de accesibilidad: se trata como decorativa.,sin CMP detectada
103,ecuador,UTPL,https://www.utpl.edu.ec/,1.1.1,e88epe,Image not in the accessibility tree is decorative,44,aside.menu-aside > div.quick-links > a.quick-link-item > svg,no,,,,R02,2026-09-08,,Fuera del arbol de accesibilidad: se trata como decorativa.,sin CMP detectada
103,ecuador,UTPL,https://www.utpl.edu.ec/,1.1.1,23a2a8,Image has non-empty accessible name,45,div.bloque2 > p.span4 > div.icon150-nomargin > img,si,falla,,,R02,2026-09-08,,Sin nombre accesible y sin rol none/presentation.,sin CMP detectada
103,ecuador,UTPL,https://www.utpl.edu.ec/,1.1.1,e88epe,Image not in the accessibility tree is decorative,46,div > div.wrapper-contentheader > div.flex > svg,no,,,,R02,2026-09-08,,Fuera del arbol de accesibilidad: se trata como decorativa.,sin CMP detectada
103,ecuador,UTPL,https://www.utpl.edu.ec/,1.1.1,e88epe,Image not in the accessibility tree is decorative,47,div.css-13cymwt-control > div.css-1wy0on6 > div.css-1xc3v61-indicatorContainer > svg,no,,,,R02,2026-09-08,,Fuera del arbol de accesibilidad: se trata como decorativa.,sin CMP detectada
103,ecuador,UTPL,https://www.utpl.edu.ec/,1.1.1,23a2a8,Image has non-empty accessible name,48,div.wrapper-contentoffer > div > a > img,si,cumple,,,R02,2026-09-08,,"nombre accesible: ""utpl""",sin CMP detectada
103,ecuador,UTPL,https://www.utpl.edu.ec/,1.1.1,qt1vmo,Image accessible name is descriptive,48,div.wrapper-contentoffer > div > a > img,si,REVISAR,,,R02,2026-09-08,,"JUICIO HUMANO. ¿El nombre sirve un proposito equivalente al contenido no textual? nombre: ""utpl"" | src: https://utpl.edu.ec/recursos/img/img1.webp",sin CMP detectada
103,ecuador,UTPL,https://www.utpl.edu.ec/,1.1.1,23a2a8,Image has non-empty accessible name,49,div.wrapper-contentoffer > div > a > img,si,cumple,,,R02,2026-09-08,,"nombre accesible: ""utpl""",sin CMP detectada
103,ecuador,UTPL,https://www.utpl.edu.ec/,1.1.1,qt1vmo,Image accessible name is descriptive,49,div.wrapper-contentoffer > div > a > img,si,REVISAR,,,R02,2026-09-08,,"JUICIO HUMANO. ¿El nombre sirve un proposito equivalente al contenido no textual? nombre: ""utpl"" | src: https://utpl.edu.ec/recursos/img/img2.webp",sin CMP detectada
103,ecuador,UTPL,https://www.utpl.edu.ec/,1.1.1,23a2a8,Image has non-empty accessible name,50,div.wrapper-contentoffer > div > a > img,si,cumple,,,R02,2026-09-08,,"nombre accesible: ""utpl""",sin CMP detectada
103,ecuador,UTPL,https://www.utpl.edu.ec/,1.1.1,qt1vmo,Image accessible name is descriptive,50,div.wrapper-contentoffer > div > a > img,si,REVISAR,,,R02,2026-09-08,,"JUICIO HUMANO. ¿El nombre sirve un proposito equivalente al contenido no textual? nombre: ""utpl"" | src: https://utpl.edu.ec/static/media/tec.c0eafd3bf704d05dba12.png",sin CMP detectada
103,ecuador,UTPL,https://www.utpl.edu.ec/,1.1.1,23a2a8,Image has non-empty accessible name,51,div.wrapper-contentoffer > div > a > img,si,cumple,,,R02,2026-09-08,,"nombre accesible: ""utpl""",sin CMP detectada
103,ecuador,UTPL,https://www.utpl.edu.ec/,1.1.1,qt1vmo,Image accessible name is descriptive,51,div.wrapper-contentoffer > div > a > img,si,REVISAR,,,R02,2026-09-08,,"JUICIO HUMANO. ¿El nombre sirve un proposito equivalente al contenido no textual? nombre: ""utpl"" | src: https://utpl.edu.ec/recursos/img/img4.webp",sin CMP detectada
103,ecuador,UTPL,https://www.utpl.edu.ec/,1.1.1,23a2a8,Image has non-empty accessible name,52,div.wrapper-contentoffer > div > a > img,si,cumple,,,R02,2026-09-08,,"nombre accesible: ""utpl""",sin CMP detectada
103,ecuador,UTPL,https://www.utpl.edu.ec/,1.1.1,qt1vmo,Image accessible name is descriptive,52,div.wrapper-contentoffer > div > a > img,si,REVISAR,,,R02,2026-09-08,,"JUICIO HUMANO. ¿El nombre sirve un proposito equivalente al contenido no textual? nombre: ""utpl"" | src: https://utpl.edu.ec/static/media/edes.3885a9d71566eebba738.jpg",sin CMP detectada
103,ecuador,UTPL,https://www.utpl.edu.ec/,1.1.1,23a2a8,Image has non-empty accessible name,53,div.wrapper-contentoffer > div > a > img,si,cumple,,,R02,2026-09-08,,"nombre accesible: ""utpl""",sin CMP detectada
103,ecuador,UTPL,https://www.utpl.edu.ec/,1.1.1,qt1vmo,Image accessible name is descriptive,53,div.wrapper-contentoffer > div > a > img,si,REVISAR,,,R02,2026-09-08,,"JUICIO HUMANO. ¿El nombre sirve un proposito equivalente al contenido no textual? nombre: ""utpl"" | src: https://utpl.edu.ec/recursos/img/img5.webp",sin CMP detectada
103,ecuador,UTPL,https://www.utpl.edu.ec/,1.1.1,e88epe,Image not in the accessibility tree is decorative,54,h2 > div.utpl-icon-animated-wrapper > div.utpl-icon-animated-box > svg,no,,,,R02,2026-09-08,,Fuera del arbol de accesibilidad: se trata como decorativa.,sin CMP detectada
103,ecuador,UTPL,https://www.utpl.edu.ec/,1.1.1,e88epe,Image not in the accessibility tree is decorative,55,div.utpl-icon-animated-wrapper > div.utpl-icon-animated-box > div.utpl-sparks-animated-fly > svg,no,,,,R02,2026-09-08,,Fuera del arbol de accesibilidad: se trata como decorativa.,sin CMP detectada
103,ecuador,UTPL,https://www.utpl.edu.ec/,1.1.1,e88epe,Image not in the accessibility tree is decorative,56,div.utpl-icon-animated-wrapper > div.utpl-icon-animated-box > div.utpl-sparks-animated-fly > svg,no,,,,R02,2026-09-08,,Fuera del arbol de accesibilidad: se trata como decorativa.,sin CMP detectada
103,ecuador,UTPL,https://www.utpl.edu.ec/,1.1.1,23a2a8,Image has non-empty accessible name,57,div.otras-formas-grid > div.otras-formas-card > div.layout9 > img.otras-formas-icon,si,cumple,,,R02,2026-09-08,,"nombre accesible: ""Segunda titulación""",sin CMP detectada
103,ecuador,UTPL,https://www.utpl.edu.ec/,1.1.1,qt1vmo,Image accessible name is descriptive,57,div.otras-formas-grid > div.otras-formas-card > div.layout9 > img.otras-formas-icon,si,REVISAR,,,R02,2026-09-08,,"JUICIO HUMANO. ¿El nombre sirve un proposito equivalente al contenido no textual? nombre: ""Segunda titulación"" | src: tps://tec.utpl.edu.ec//sites/default/files/2026-03/segunda_carrera.png",sin CMP detectada
103,ecuador,UTPL,https://www.utpl.edu.ec/,1.1.1,23a2a8,Image has non-empty accessible name,58,div.otras-formas-grid > div.otras-formas-card > div.layout9 > img.otras-formas-icon,si,cumple,,,R02,2026-09-08,,"nombre accesible: ""Homologación externa""",sin CMP detectada
103,ecuador,UTPL,https://www.utpl.edu.ec/,1.1.1,qt1vmo,Image accessible name is descriptive,58,div.otras-formas-grid > div.otras-formas-card > div.layout9 > img.otras-formas-icon,si,REVISAR,,,R02,2026-09-08,,"JUICIO HUMANO. ¿El nombre sirve un proposito equivalente al contenido no textual? nombre: ""Homologación externa"" | src: https://tec.utpl.edu.ec//sites/default/files/2026-03/homologacion.png",sin CMP detectada
103,ecuador,UTPL,https://www.utpl.edu.ec/,1.1.1,23a2a8,Image has non-empty accessible name,59,div.otras-formas-grid > div.otras-formas-card > div.layout9 > img.otras-formas-icon,si,cumple,,,R02,2026-09-08,,"nombre accesible: ""Homologación interna""",sin CMP detectada
103,ecuador,UTPL,https://www.utpl.edu.ec/,1.1.1,qt1vmo,Image accessible name is descriptive,59,div.otras-formas-grid > div.otras-formas-card > div.layout9 > img.otras-formas-icon,si,REVISAR,,,R02,2026-09-08,,"JUICIO HUMANO. ¿El nombre sirve un proposito equivalente al contenido no textual? nombre: ""Homologación interna"" | src: https://tec.utpl.edu.ec//sites/default/files/2026-03/icono-interna.png",sin CMP detectada
103,ecuador,UTPL,https://www.utpl.edu.ec/,1.1.1,23a2a8,Image has non-empty accessible name,60,div.otras-formas-grid > div.otras-formas-card > div.layout9 > img.otras-formas-icon,si,cumple,,,R02,2026-09-08,,"nombre accesible: ""Validación por ejercicio profesional o experiencia laboral""",sin CMP detectada
103,ecuador,UTPL,https://www.utpl.edu.ec/,1.1.1,qt1vmo,Image accessible name is descriptive,60,div.otras-formas-grid > div.otras-formas-card > div.layout9 > img.otras-formas-icon,si,REVISAR,,,R02,2026-09-08,,"JUICIO HUMANO. ¿El nombre sirve un proposito equivalente al contenido no textual? nombre: ""Validación por ejercicio profesional o experiencia laboral"" | src: https://tec.utpl.edu.ec//sites/default/files/2026-03/trayectoria.png",sin CMP detectada
103,ecuador,UTPL,https://www.utpl.edu.ec/,1.1.1,23a2a8,Image has non-empty accessible name,61,div.otras-formas-grid > div.otras-formas-card > div.layout9 > img.otras-formas-icon,si,cumple,,,R02,2026-09-08,,"nombre accesible: ""Homologación de título extranjero""",sin CMP detectada
103,ecuador,UTPL,https://www.utpl.edu.ec/,1.1.1,qt1vmo,Image accessible name is descriptive,61,div.otras-formas-grid > div.otras-formas-card > div.layout9 > img.otras-formas-icon,si,REVISAR,,,R02,2026-09-08,,"JUICIO HUMANO. ¿El nombre sirve un proposito equivalente al contenido no textual? nombre: ""Homologación de título extranjero"" | src: https://tec.utpl.edu.ec//sites/default/files/2026-03/internacional.png",sin CMP detectada
103,ecuador,UTPL,https://www.utpl.edu.ec/,1.1.1,e88epe,Image not in the accessibility tree is decorative,62,h2 > div.utpl-icon-animated-wrapper > div.utpl-icon-animated-box > svg,no,,,,R02,2026-09-08,,Fuera del arbol de accesibilidad: se trata como decorativa.,sin CMP detectada
103,ecuador,UTPL,https://www.utpl.edu.ec/,1.1.1,e88epe,Image not in the accessibility tree is decorative,63,div.utpl-icon-animated-wrapper > div.utpl-icon-animated-box > div.utpl-sparks-animated-fly > svg,no,,,,R02,2026-09-08,,Fuera del arbol de accesibilidad: se trata como decorativa.,sin CMP detectada
103,ecuador,UTPL,https://www.utpl.edu.ec/,1.1.1,e88epe,Image not in the accessibility tree is decorative,64,div.utpl-icon-animated-wrapper > div.utpl-icon-animated-box > div.utpl-sparks-animated-fly > svg,no,,,,R02,2026-09-08,,Fuera del arbol de accesibilidad: se trata como decorativa.,sin CMP detectada
103,ecuador,UTPL,https://www.utpl.edu.ec/,1.1.1,23a2a8,Image has non-empty accessible name,65,div.otras-formas-grid > div.otras-formas-card > div.layout9 > img.otras-formas-icon,si,cumple,,,R02,2026-09-08,,"nombre accesible: ""Beca Migrante (ecuatorianos residentes en España)""",sin CMP detectada
103,ecuador,UTPL,https://www.utpl.edu.ec/,1.1.1,qt1vmo,Image accessible name is descriptive,65,div.otras-formas-grid > div.otras-formas-card > div.layout9 > img.otras-formas-icon,si,REVISAR,,,R02,2026-09-08,,"JUICIO HUMANO. ¿El nombre sirve un proposito equivalente al contenido no textual? nombre: ""Beca Migrante (ecuatorianos residentes en España)"" | src: https://tec.utpl.edu.ec//sites/default/files/2026-03/migrantes.png",sin CMP detectada
103,ecuador,UTPL,https://www.utpl.edu.ec/,1.1.1,23a2a8,Image has non-empty accessible name,66,div.otras-formas-grid > div.otras-formas-card > div.layout9 > img.otras-formas-icon,si,cumple,,,R02,2026-09-08,,"nombre accesible: ""Programa de referidos""",sin CMP detectada
103,ecuador,UTPL,https://www.utpl.edu.ec/,1.1.1,qt1vmo,Image accessible name is descriptive,66,div.otras-formas-grid > div.otras-formas-card > div.layout9 > img.otras-formas-icon,si,REVISAR,,,R02,2026-09-08,,"JUICIO HUMANO. ¿El nombre sirve un proposito equivalente al contenido no textual? nombre: ""Programa de referidos"" | src: https://tec.utpl.edu.ec//sites/default/files/2026-03/referidos.png",sin CMP detectada
103,ecuador,UTPL,https://www.utpl.edu.ec/,1.1.1,23a2a8,Image has non-empty accessible name,67,div.otras-formas-grid > div.otras-formas-card > div.layout9 > img.otras-formas-icon,si,cumple,,,R02,2026-09-08,,"nombre accesible: ""Convenios corporativos""",sin CMP detectada
103,ecuador,UTPL,https://www.utpl.edu.ec/,1.1.1,qt1vmo,Image accessible name is descriptive,67,div.otras-formas-grid > div.otras-formas-card > div.layout9 > img.otras-formas-icon,si,REVISAR,,,R02,2026-09-08,,"JUICIO HUMANO. ¿El nombre sirve un proposito equivalente al contenido no textual? nombre: ""Convenios corporativos"" | src: https://tec.utpl.edu.ec//sites/default/files/2026-03/convenios.png",sin CMP detectada
103,ecuador,UTPL,https://www.utpl.edu.ec/,1.1.1,23a2a8,Image has non-empty accessible name,68,div.otras-formas-grid > div.otras-formas-card > div.layout9 > img.otras-formas-icon,si,cumple,,,R02,2026-09-08,,"nombre accesible: ""Reingreso""",sin CMP detectada
103,ecuador,UTPL,https://www.utpl.edu.ec/,1.1.1,qt1vmo,Image accessible name is descriptive,68,div.otras-formas-grid > div.otras-formas-card > div.layout9 > img.otras-formas-icon,si,REVISAR,,,R02,2026-09-08,,"JUICIO HUMANO. ¿El nombre sirve un proposito equivalente al contenido no textual? nombre: ""Reingreso"" | src: https://tec.utpl.edu.ec//sites/default/files/2026-07/reingreso.png",sin CMP detectada
103,ecuador,UTPL,https://www.utpl.edu.ec/,1.1.1,23a2a8,Image has non-empty accessible name,69,div.flex-start > div.width270 > div.card > img,si,falla,,,R02,2026-09-08,,Sin nombre accesible y sin rol none/presentation.,sin CMP detectada
103,ecuador,UTPL,https://www.utpl.edu.ec/,1.1.1,23a2a8,Image has non-empty accessible name,70,div.flex-start > div.width270 > div.card > img,si,falla,,,R02,2026-09-08,,Sin nombre accesible y sin rol none/presentation.,sin CMP detectada
103,ecuador,UTPL,https://www.utpl.edu.ec/,1.1.1,23a2a8,Image has non-empty accessible name,71,div.flex-start > div.width270 > div.card > img,si,falla,,,R02,2026-09-08,,Sin nombre accesible y sin rol none/presentation.,sin CMP detectada
103,ecuador,UTPL,https://www.utpl.edu.ec/,1.1.1,e88epe,Image not in the accessibility tree is decorative,72,article.group > div.space-y-2 > div.flex > svg,no,,,,R02,2026-09-08,,Fuera del arbol de accesibilidad: se trata como decorativa.,sin CMP detectada
103,ecuador,UTPL,https://www.utpl.edu.ec/,1.1.1,e88epe,Image not in the accessibility tree is decorative,73,article.group > div.mt-6 > a.inline-flex > svg,no,,,,R02,2026-09-08,,Fuera del arbol de accesibilidad: se trata como decorativa.,sin CMP detectada
103,ecuador,UTPL,https://www.utpl.edu.ec/,1.1.1,e88epe,Image not in the accessibility tree is decorative,74,article.group > div.space-y-2 > div.flex > svg,no,,,,R02,2026-09-08,,Fuera del arbol de accesibilidad: se trata como decorativa.,sin CMP detectada
103,ecuador,UTPL,https://www.utpl.edu.ec/,1.1.1,e88epe,Image not in the accessibility tree is decorative,75,article.group > div.mt-6 > a.inline-flex > svg,no,,,,R02,2026-09-08,,Fuera del arbol de accesibilidad: se trata como decorativa.,sin CMP detectada
103,ecuador,UTPL,https://www.utpl.edu.ec/,1.1.1,e88epe,Image not in the accessibility tree is decorative,76,article.group > div.space-y-2 > div.flex > svg,no,,,,R02,2026-09-08,,Fuera del arbol de accesibilidad: se trata como decorativa.,sin CMP detectada
103,ecuador,UTPL,https://www.utpl.edu.ec/,1.1.1,e88epe,Image not in the accessibility tree is decorative,77,article.group > div.mt-6 > a.inline-flex > svg,no,,,,R02,2026-09-08,,Fuera del arbol de accesibilidad: se trata como decorativa.,sin CMP detectada
103,ecuador,UTPL,https://www.utpl.edu.ec/,1.1.1,e88epe,Image not in the accessibility tree is decorative,78,article.group > div.space-y-2 > div.flex > svg,no,,,,R02,2026-09-08,,Fuera del arbol de accesibilidad: se trata como decorativa.,sin CMP detectada
103,ecuador,UTPL,https://www.utpl.edu.ec/,1.1.1,e88epe,Image not in the accessibility tree is decorative,79,article.group > div.mt-6 > a.inline-flex > svg,no,,,,R02,2026-09-08,,Fuera del arbol de accesibilidad: se trata como decorativa.,sin CMP detectada
103,ecuador,UTPL,https://www.utpl.edu.ec/,1.1.1,e88epe,Image not in the accessibility tree is decorative,80,article.group > div.space-y-2 > div.flex > svg,no,,,,R02,2026-09-08,,Fuera del arbol de accesibilidad: se trata como decorativa.,sin CMP detectada
103,ecuador,UTPL,https://www.utpl.edu.ec/,1.1.1,e88epe,Image not in the accessibility tree is decorative,81,article.group > div.mt-6 > a.inline-flex > svg,no,,,,R02,2026-09-08,,Fuera del arbol de accesibilidad: se trata como decorativa.,sin CMP detectada
103,ecuador,UTPL,https://www.utpl.edu.ec/,1.1.1,e88epe,Image not in the accessibility tree is decorative,82,article.group > div.space-y-2 > div.flex > svg,no,,,,R02,2026-09-08,,Fuera del arbol de accesibilidad: se trata como decorativa.,sin CMP detectada
103,ecuador,UTPL,https://www.utpl.edu.ec/,1.1.1,e88epe,Image not in the accessibility tree is decorative,83,article.group > div.mt-6 > a.inline-flex > svg,no,,,,R02,2026-09-08,,Fuera del arbol de accesibilidad: se trata como decorativa.,sin CMP detectada
103,ecuador,UTPL,https://www.utpl.edu.ec/,1.1.1,e88epe,Image not in the accessibility tree is decorative,84,article.group > div.space-y-2 > div.flex > svg,no,,,,R02,2026-09-08,,Fuera del arbol de accesibilidad: se trata como decorativa.,sin CMP detectada
103,ecuador,UTPL,https://www.utpl.edu.ec/,1.1.1,e88epe,Image not in the accessibility tree is decorative,85,article.group > div.mt-6 > a.inline-flex > svg,no,,,,R02,2026-09-08,,Fuera del arbol de accesibilidad: se trata como decorativa.,sin CMP detectada
103,ecuador,UTPL,https://www.utpl.edu.ec/,1.1.1,23a2a8,Image has non-empty accessible name,86,div.wrapper-image-container > div.image-text-container > div.image-column > img,si,falla,,,R02,2026-09-08,,Sin nombre accesible y sin rol none/presentation.,sin CMP detectada
103,ecuador,UTPL,https://www.utpl.edu.ec/,1.1.1,23a2a8,Image has non-empty accessible name,87,div.wrapper-image-container > div.bg-line1 > div > img.line1,si,cumple,,,R02,2026-09-08,,"nombre accesible: ""utpl""",sin CMP detectada
103,ecuador,UTPL,https://www.utpl.edu.ec/,1.1.1,qt1vmo,Image accessible name is descriptive,87,div.wrapper-image-container > div.bg-line1 > div > img.line1,si,REVISAR,,,R02,2026-09-08,,"JUICIO HUMANO. ¿El nombre sirve un proposito equivalente al contenido no textual? nombre: ""utpl"" | src: qhsBGRSihsRKQSChsRqYTCRkQqobARkUoobESkEv8HnC+X0Nb1fGEAAAAASUVORK5CYII=",sin CMP detectada
103,ecuador,UTPL,https://www.utpl.edu.ec/,1.1.1,23a2a8,Image has non-empty accessible name,88,div.wrapper-image-container > div.bg-line2 > div > img.line2,si,cumple,,,R02,2026-09-08,,"nombre accesible: ""utpl""",sin CMP detectada
103,ecuador,UTPL,https://www.utpl.edu.ec/,1.1.1,qt1vmo,Image accessible name is descriptive,88,div.wrapper-image-container > div.bg-line2 > div > img.line2,si,REVISAR,,,R02,2026-09-08,,"JUICIO HUMANO. ¿El nombre sirve un proposito equivalente al contenido no textual? nombre: ""utpl"" | src: rs3ypoRKRp/R5naGxH0dQRLgoaEWlZPh0+pdlNsf4P4gHIS0dQjHIAAAAASUVORK5CYII=",sin CMP detectada
103,ecuador,UTPL,https://www.utpl.edu.ec/,1.1.1,23a2a8,Image has non-empty accessible name,89,div.wrapper-image-container > div.bg-line3 > div > img.line1,si,cumple,,,R02,2026-09-08,,"nombre accesible: ""utpl""",sin CMP detectada
103,ecuador,UTPL,https://www.utpl.edu.ec/,1.1.1,qt1vmo,Image accessible name is descriptive,89,div.wrapper-image-container > div.bg-line3 > div > img.line1,si,REVISAR,,,R02,2026-09-08,,"JUICIO HUMANO. ¿El nombre sirve un proposito equivalente al contenido no textual? nombre: ""utpl"" | src: qhsBGRSihsRKQSChsRqYTCRkQqobARkUoobESkEv8HnC+X0Nb1fGEAAAAASUVORK5CYII=",sin CMP detectada
103,ecuador,UTPL,https://www.utpl.edu.ec/,1.1.1,23a2a8,Image has non-empty accessible name,90,div.wrapper-image-container > div.bg-line4 > div > img.line2,si,cumple,,,R02,2026-09-08,,"nombre accesible: ""utpl""",sin CMP detectada
103,ecuador,UTPL,https://www.utpl.edu.ec/,1.1.1,qt1vmo,Image accessible name is descriptive,90,div.wrapper-image-container > div.bg-line4 > div > img.line2,si,REVISAR,,,R02,2026-09-08,,"JUICIO HUMANO. ¿El nombre sirve un proposito equivalente al contenido no textual? nombre: ""utpl"" | src: rs3ypoRKRp/R5naGxH0dQRLgoaEWlZPh0+pdlNsf4P4gHIS0dQjHIAAAAASUVORK5CYII=",sin CMP detectada
103,ecuador,UTPL,https://www.utpl.edu.ec/,1.1.1,23a2a8,Image has non-empty accessible name,91,div.wrapper-contactocentros > div.items-centros > div > img,si,cumple,,,R02,2026-09-08,,"nombre accesible: ""utpl""",sin CMP detectada
103,ecuador,UTPL,https://www.utpl.edu.ec/,1.1.1,qt1vmo,Image accessible name is descriptive,91,div.wrapper-contactocentros > div.items-centros > div > img,si,REVISAR,,,R02,2026-09-08,,"JUICIO HUMANO. ¿El nombre sirve un proposito equivalente al contenido no textual? nombre: ""utpl"" | src: https://utpl.edu.ec/static/media/madrid.e166b277bbd26d418b30.png",sin CMP detectada
103,ecuador,UTPL,https://www.utpl.edu.ec/,1.1.1,23a2a8,Image has non-empty accessible name,92,div.wrapper-contactocentros > div.items-centros > div > img,si,cumple,,,R02,2026-09-08,,"nombre accesible: ""utpl""",sin CMP detectada
103,ecuador,UTPL,https://www.utpl.edu.ec/,1.1.1,qt1vmo,Image accessible name is descriptive,92,div.wrapper-contactocentros > div.items-centros > div > img,si,REVISAR,,,R02,2026-09-08,,"JUICIO HUMANO. ¿El nombre sirve un proposito equivalente al contenido no textual? nombre: ""utpl"" | src: https://utpl.edu.ec/static/media/roma.f09938d59e7968132e8f.png",sin CMP detectada
103,ecuador,UTPL,https://www.utpl.edu.ec/,1.1.1,23a2a8,Image has non-empty accessible name,93,div.wrapper-contactocentros > div.items-centros > div > img,si,cumple,,,R02,2026-09-08,,"nombre accesible: ""utpl""",sin CMP detectada
103,ecuador,UTPL,https://www.utpl.edu.ec/,1.1.1,qt1vmo,Image accessible name is descriptive,93,div.wrapper-contactocentros > div.items-centros > div > img,si,REVISAR,,,R02,2026-09-08,,"JUICIO HUMANO. ¿El nombre sirve un proposito equivalente al contenido no textual? nombre: ""utpl"" | src: https://utpl.edu.ec/static/media/nueva_york.e329a200360a334d5ade.png",sin CMP detectada
103,ecuador,UTPL,https://www.utpl.edu.ec/,1.1.1,23a2a8,Image has non-empty accessible name,94,div.wrapper-contactocentros > div.items-centros > div > img,si,cumple,,,R02,2026-09-08,,"nombre accesible: ""utpl""",sin CMP detectada
103,ecuador,UTPL,https://www.utpl.edu.ec/,1.1.1,qt1vmo,Image accessible name is descriptive,94,div.wrapper-contactocentros > div.items-centros > div > img,si,REVISAR,,,R02,2026-09-08,,"JUICIO HUMANO. ¿El nombre sirve un proposito equivalente al contenido no textual? nombre: ""utpl"" | src: https://utpl.edu.ec/static/media/quito.829e8aaa239ee3c96e07.png",sin CMP detectada
103,ecuador,UTPL,https://www.utpl.edu.ec/,1.1.1,23a2a8,Image has non-empty accessible name,95,div.wrapper-contactocentros > div.items-centros > div > img,si,cumple,,,R02,2026-09-08,,"nombre accesible: ""utpl""",sin CMP detectada
103,ecuador,UTPL,https://www.utpl.edu.ec/,1.1.1,qt1vmo,Image accessible name is descriptive,95,div.wrapper-contactocentros > div.items-centros > div > img,si,REVISAR,,,R02,2026-09-08,,"JUICIO HUMANO. ¿El nombre sirve un proposito equivalente al contenido no textual? nombre: ""utpl"" | src: https://utpl.edu.ec/static/media/guayaquil.228894c5b524c74992dd.png",sin CMP detectada
103,ecuador,UTPL,https://www.utpl.edu.ec/,1.1.1,23a2a8,Image has non-empty accessible name,96,div.wrapper-contactocentros > div.items-centros > div > img,si,cumple,,,R02,2026-09-08,,"nombre accesible: ""utpl""",sin CMP detectada
103,ecuador,UTPL,https://www.utpl.edu.ec/,1.1.1,qt1vmo,Image accessible name is descriptive,96,div.wrapper-contactocentros > div.items-centros > div > img,si,REVISAR,,,R02,2026-09-08,,"JUICIO HUMANO. ¿El nombre sirve un proposito equivalente al contenido no textual? nombre: ""utpl"" | src: https://utpl.edu.ec/static/media/cuenca.8cf75c869b32ab6537cd.png",sin CMP detectada
103,ecuador,UTPL,https://www.utpl.edu.ec/,1.1.1,23a2a8,Image has non-empty accessible name,97,div > div.bg-gray-200 > div.absolute > svg,si,falla,,,R02,2026-09-08,,Sin nombre accesible y sin rol none/presentation.,sin CMP detectada
103,ecuador,UTPL,https://www.utpl.edu.ec/,1.1.1,23a2a8,Image has non-empty accessible name,98,div > div.bg-gray-200 > div.absolute > svg,si,falla,,,R02,2026-09-08,,Sin nombre accesible y sin rol none/presentation.,sin CMP detectada
103,ecuador,UTPL,https://www.utpl.edu.ec/,1.1.1,e88epe,Image not in the accessibility tree is decorative,99,div.flex-1 > div > a.inline-flex > svg,no,,,,R02,2026-09-08,,Fuera del arbol de accesibilidad: se trata como decorativa.,sin CMP detectada
103,ecuador,UTPL,https://www.utpl.edu.ec/,1.1.1,e88epe,Image not in the accessibility tree is decorative,100,div.flex-1 > div > a.inline-flex > svg,no,,,,R02,2026-09-08,,Fuera del arbol de accesibilidad: se trata como decorativa.,sin CMP detectada
103,ecuador,UTPL,https://www.utpl.edu.ec/,1.1.1,e88epe,Image not in the accessibility tree is decorative,101,div.flex-1 > div > a.inline-flex > svg,no,,,,R02,2026-09-08,,Fuera del arbol de accesibilidad: se trata como decorativa.,sin CMP detectada
103,ecuador,UTPL,https://www.utpl.edu.ec/,1.1.1,23a2a8,Image has non-empty accessible name,102,div.popup-card > a.full-link > div.image-box > img,si,cumple,,,R02,2026-09-08,,"nombre accesible: ""Producto""",sin CMP detectada
103,ecuador,UTPL,https://www.utpl.edu.ec/,1.1.1,qt1vmo,Image accessible name is descriptive,102,div.popup-card > a.full-link > div.image-box > img,si,REVISAR,,,R02,2026-09-08,,"JUICIO HUMANO. ¿El nombre sirve un proposito equivalente al contenido no textual? nombre: ""Producto"" | src: .ec/carreras/sites/default/files/Dise%C3%B1o%20sin%20t%C3%ADtulo_7.png",sin CMP detectada
103,ecuador,UTPL,https://www.utpl.edu.ec/,1.1.1,23a2a8,Image has non-empty accessible name,103,body > div > div.wrapper-footer > img.logo,si,cumple,,,R02,2026-09-08,,"nombre accesible: ""utpl""",sin CMP detectada
103,ecuador,UTPL,https://www.utpl.edu.ec/,1.1.1,qt1vmo,Image accessible name is descriptive,103,body > div > div.wrapper-footer > img.logo,si,REVISAR,,,R02,2026-09-08,,"JUICIO HUMANO. ¿El nombre sirve un proposito equivalente al contenido no textual? nombre: ""utpl"" | src: https://utpl.edu.ec/static/media/logoutpl.b544c876d322a97e2446.png",sin CMP detectada
103,ecuador,UTPL,https://www.utpl.edu.ec/,1.1.1,23a2a8,Image has non-empty accessible name,104,div.social > div.wrapper-social > a > img,si,cumple,,,R02,2026-09-08,,"nombre accesible: ""utpl""",sin CMP detectada
103,ecuador,UTPL,https://www.utpl.edu.ec/,1.1.1,qt1vmo,Image accessible name is descriptive,104,div.social > div.wrapper-social > a > img,si,REVISAR,,,R02,2026-09-08,,"JUICIO HUMANO. ¿El nombre sirve un proposito equivalente al contenido no textual? nombre: ""utpl"" | src: kNDjwQkWt/ic229LiBOdI3yJhndmwEOOLOB/7/R/wPz3Pi608IVKUAAAAASUVORK5CYII=",sin CMP detectada
103,ecuador,UTPL,https://www.utpl.edu.ec/,1.1.1,23a2a8,Image has non-empty accessible name,105,div.social > div.wrapper-social > a > img,si,cumple,,,R02,2026-09-08,,"nombre accesible: ""utpl""",sin CMP detectada
103,ecuador,UTPL,https://www.utpl.edu.ec/,1.1.1,qt1vmo,Image accessible name is descriptive,105,div.social > div.wrapper-social > a > img,si,REVISAR,,,R02,2026-09-08,,"JUICIO HUMANO. ¿El nombre sirve un proposito equivalente al contenido no textual? nombre: ""utpl"" | src: 89RjZ4sd/vVwRnUnUy+Jpy7SRO9beJDXLecuwjEQD/AXhwm82LcofiAAAAAElFTkSuQmCC",sin CMP detectada
103,ecuador,UTPL,https://www.utpl.edu.ec/,1.1.1,23a2a8,Image has non-empty accessible name,106,div.social > div.wrapper-social > a > img,si,cumple,,,R02,2026-09-08,,"nombre accesible: ""utpl""",sin CMP detectada
103,ecuador,UTPL,https://www.utpl.edu.ec/,1.1.1,qt1vmo,Image accessible name is descriptive,106,div.social > div.wrapper-social > a > img,si,REVISAR,,,R02,2026-09-08,,"JUICIO HUMANO. ¿El nombre sirve un proposito equivalente al contenido no textual? nombre: ""utpl"" | src: bNtBQ93JfRTmH+gJAkUR9UrWiqamy+xuxfO3Sy+vIfWXhAyCa26SYAAAAASUVORK5CYII=",sin CMP detectada
103,ecuador,UTPL,https://www.utpl.edu.ec/,1.1.1,23a2a8,Image has non-empty accessible name,107,div.social > div.wrapper-social > a > img,si,cumple,,,R02,2026-09-08,,"nombre accesible: ""utpl""",sin CMP detectada
103,ecuador,UTPL,https://www.utpl.edu.ec/,1.1.1,qt1vmo,Image accessible name is descriptive,107,div.social > div.wrapper-social > a > img,si,REVISAR,,,R02,2026-09-08,,"JUICIO HUMANO. ¿El nombre sirve un proposito equivalente al contenido no textual? nombre: ""utpl"" | src: IyB94Tnys/d26Bv21hgca/HTaxs3n/UttQKYHqUPPwX8Q4HlGpvazQAAAAAElFTkSuQmCC",sin CMP detectada
103,ecuador,UTPL,https://www.utpl.edu.ec/,1.1.1,23a2a8,Image has non-empty accessible name,108,div.social > div.wrapper-social > a > img,si,cumple,,,R02,2026-09-08,,"nombre accesible: ""utpl""",sin CMP detectada
103,ecuador,UTPL,https://www.utpl.edu.ec/,1.1.1,qt1vmo,Image accessible name is descriptive,108,div.social > div.wrapper-social > a > img,si,REVISAR,,,R02,2026-09-08,,"JUICIO HUMANO. ¿El nombre sirve un proposito equivalente al contenido no textual? nombre: ""utpl"" | src: OMee4z9k/9F96+p7ivvqc4BtG+4bDTv1/zc/mZ0sb/AQJCMFTiMPgUAAAAAElFTkSuQmCC",sin CMP detectada
103,ecuador,UTPL,https://www.utpl.edu.ec/,1.1.1,23a2a8,Image has non-empty accessible name,109,div.social > div.wrapper-social > a > img,si,cumple,,,R02,2026-09-08,,"nombre accesible: ""utpl""",sin CMP detectada
103,ecuador,UTPL,https://www.utpl.edu.ec/,1.1.1,qt1vmo,Image accessible name is descriptive,109,div.social > div.wrapper-social > a > img,si,REVISAR,,,R02,2026-09-08,,"JUICIO HUMANO. ¿El nombre sirve un proposito equivalente al contenido no textual? nombre: ""utpl"" | src: kvj/yE9LzwMaKqnjyBJ+MbgvD4Ag1qAScEjfxaoe7dv7XgfpebmYiKAAAAAElFTkSuQmCC",sin CMP detectada
103,ecuador,UTPL,https://www.utpl.edu.ec/,1.1.1,23a2a8,Image has non-empty accessible name,110,div.social > div.wrapper-social > a > img,si,cumple,,,R02,2026-09-08,,"nombre accesible: ""utpl""",sin CMP detectada
103,ecuador,UTPL,https://www.utpl.edu.ec/,1.1.1,qt1vmo,Image accessible name is descriptive,110,div.social > div.wrapper-social > a > img,si,REVISAR,,,R02,2026-09-08,,"JUICIO HUMANO. ¿El nombre sirve un proposito equivalente al contenido no textual? nombre: ""utpl"" | src: 8BFvR0Cq+XY4c2ZO6PMYtoWcNj75iM5wbY9L0B938/4I/QqUFlBwAAAABJRU5ErkJggg==",sin CMP detectada
103,ecuador,UTPL,https://www.utpl.edu.ec/,1.1.1,23a2a8,Image has non-empty accessible name,111,div.social > div.wrapper-social > a > img,si,cumple,,,R02,2026-09-08,,"nombre accesible: ""utpl""",sin CMP detectada
103,ecuador,UTPL,https://www.utpl.edu.ec/,1.1.1,qt1vmo,Image accessible name is descriptive,111,div.social > div.wrapper-social > a > img,si,REVISAR,,,R02,2026-09-08,,"JUICIO HUMANO. ¿El nombre sirve un proposito equivalente al contenido no textual? nombre: ""utpl"" | src: egvHgmdbU2w4OvJACY2Yp0v9R8jta+B1Jb7z43cA75B0O/j/lN95kyAAAAAElFTkSuQmCC",sin CMP detectada
103,ecuador,UTPL,https://www.utpl.edu.ec/,1.1.1,23a2a8,Image has non-empty accessible name,112,div.social > div.wrapper-social > a > img,si,cumple,,,R02,2026-09-08,,"nombre accesible: ""utpl""",sin CMP detectada
103,ecuador,UTPL,https://www.utpl.edu.ec/,1.1.1,qt1vmo,Image accessible name is descriptive,112,div.social > div.wrapper-social > a > img,si,REVISAR,,,R02,2026-09-08,,"JUICIO HUMANO. ¿El nombre sirve un proposito equivalente al contenido no textual? nombre: ""utpl"" | src: KOhSQdC0k6FpJ0LCTpWEjSsRCtdOXRL6T/bzjH8geDGndfAmOT2QAAAABJRU5ErkJggg==",sin CMP detectada
103,ecuador,UTPL,https://www.utpl.edu.ec/,2.4.4,c487ae,Link has non-empty accessible name,1,body > div > div.fixed > a.flex,si,falla,,,R02,2026-09-08,,href: https://wa.me/593999565400,sin CMP detectada
103,ecuador,UTPL,https://www.utpl.edu.ec/,2.4.4,c487ae,Link has non-empty accessible name,2,body > div > div.fixed > a.flex,si,falla,,,R02,2026-09-08,,href: https://utpl.edu.ec/zoom,sin CMP detectada
103,ecuador,UTPL,https://www.utpl.edu.ec/,2.4.4,c487ae,Link has non-empty accessible name,3,nav.navbar > div.layout9 > div > a,si,falla,,,R02,2026-09-08,,href: /,sin CMP detectada
103,ecuador,UTPL,https://www.utpl.edu.ec/,2.4.4,c487ae,Link has non-empty accessible name,4,aside.menu-aside > div.menu-content > div.mobile-main-links > a.mobile-main-item,si,cumple,,,R02,2026-09-08,,"nombre: ""Inicio""",sin CMP detectada
103,ecuador,UTPL,https://www.utpl.edu.ec/,2.4.4,5effbb,Link in context is descriptive,4,aside.menu-aside > div.menu-content > div.mobile-main-links > a.mobile-main-item,si,REVISAR,,SIN CONTEXTO PROGRAMATICO,R02,2026-09-08,,"JUICIO HUMANO. ¿Nombre + contexto describen el proposito? nombre: ""Inicio"" | href: / | AVISO: no hay parrafo, elemento de lista ni celda que lo contenga. Un div o article envolvente NO es contexto programatico.",sin CMP detectada
103,ecuador,UTPL,https://www.utpl.edu.ec/,2.4.4,c487ae,Link has non-empty accessible name,5,aside.menu-aside > div.menu-content > div.mobile-main-links > a.mobile-main-item,si,cumple,,,R02,2026-09-08,,"nombre: ""Carisma Idente""",sin CMP detectada
103,ecuador,UTPL,https://www.utpl.edu.ec/,2.4.4,5effbb,Link in context is descriptive,5,aside.menu-aside > div.menu-content > div.mobile-main-links > a.mobile-main-item,si,REVISAR,,SIN CONTEXTO PROGRAMATICO,R02,2026-09-08,,"JUICIO HUMANO. ¿Nombre + contexto describen el proposito? nombre: ""Carisma Idente"" | href: /carisma-idente | AVISO: no hay parrafo, elemento de lista ni celda que lo contenga. Un div o article envolvente NO es contexto programatico.",sin CMP detectada
103,ecuador,UTPL,https://www.utpl.edu.ec/,2.4.4,c487ae,Link has non-empty accessible name,6,aside.menu-aside > div.menu-content > div.mobile-main-links > a.mobile-main-item,si,cumple,,,R02,2026-09-08,,"nombre: ""Oferta académica""",sin CMP detectada
103,ecuador,UTPL,https://www.utpl.edu.ec/,2.4.4,5effbb,Link in context is descriptive,6,aside.menu-aside > div.menu-content > div.mobile-main-links > a.mobile-main-item,si,REVISAR,,SIN CONTEXTO PROGRAMATICO,R02,2026-09-08,,"JUICIO HUMANO. ¿Nombre + contexto describen el proposito? nombre: ""Oferta académica"" | href: /oferta | AVISO: no hay parrafo, elemento de lista ni celda que lo contenga. Un div o article envolvente NO es contexto programatico.",sin CMP detectada
103,ecuador,UTPL,https://www.utpl.edu.ec/,2.4.4,c487ae,Link has non-empty accessible name,7,aside.menu-aside > div.menu-content > div.mobile-main-links > a.mobile-main-item,si,cumple,,,R02,2026-09-08,,"nombre: ""Matricúlate ahora""",sin CMP detectada
103,ecuador,UTPL,https://www.utpl.edu.ec/,2.4.4,5effbb,Link in context is descriptive,7,aside.menu-aside > div.menu-content > div.mobile-main-links > a.mobile-main-item,si,REVISAR,,SIN CONTEXTO PROGRAMATICO,R02,2026-09-08,,"JUICIO HUMANO. ¿Nombre + contexto describen el proposito? nombre: ""Matricúlate ahora"" | href: /matriculas | AVISO: no hay parrafo, elemento de lista ni celda que lo contenga. Un div o article envolvente NO es contexto programatico.",sin CMP detectada
103,ecuador,UTPL,https://www.utpl.edu.ec/,2.4.4,c487ae,Link has non-empty accessible name,8,aside.menu-aside > div.menu-content > div.mobile-main-links > a.mobile-main-item,si,cumple,,,R02,2026-09-08,,"nombre: ""Contacto""",sin CMP detectada
103,ecuador,UTPL,https://www.utpl.edu.ec/,2.4.4,5effbb,Link in context is descriptive,8,aside.menu-aside > div.menu-content > div.mobile-main-links > a.mobile-main-item,si,REVISAR,,SIN CONTEXTO PROGRAMATICO,R02,2026-09-08,,"JUICIO HUMANO. ¿Nombre + contexto describen el proposito? nombre: ""Contacto"" | href: /contacto | AVISO: no hay parrafo, elemento de lista ni celda que lo contenga. Un div o article envolvente NO es contexto programatico.",sin CMP detectada
103,ecuador,UTPL,https://www.utpl.edu.ec/,2.4.4,c487ae,Link has non-empty accessible name,9,aside.menu-aside > div.menu-content > div.mobile-main-links > a.mobile-main-item,si,cumple,,,R02,2026-09-08,,"nombre: ""Soy UTPL""",sin CMP detectada
103,ecuador,UTPL,https://www.utpl.edu.ec/,2.4.4,5effbb,Link in context is descriptive,9,aside.menu-aside > div.menu-content > div.mobile-main-links > a.mobile-main-item,si,REVISAR,,SIN CONTEXTO PROGRAMATICO,R02,2026-09-08,,"JUICIO HUMANO. ¿Nombre + contexto describen el proposito? nombre: ""Soy UTPL"" | href: https://soy.utpl.edu.ec/ | AVISO: no hay parrafo, elemento de lista ni celda que lo contenga. Un div o article envolvente NO es contexto programatico.",sin CMP detectada
103,ecuador,UTPL,https://www.utpl.edu.ec/,2.4.4,c487ae,Link has non-empty accessible name,10,div.menu-section > ul.link-list > li > a.section-link,si,cumple,,,R02,2026-09-08,,"nombre: ""Carreras a distancia y en línea""",sin CMP detectada
103,ecuador,UTPL,https://www.utpl.edu.ec/,2.4.4,5effbb,Link in context is descriptive,10,div.menu-section > ul.link-list > li > a.section-link,si,REVISAR,,Carreras a distancia y en línea,R02,2026-09-08,,"JUICIO HUMANO. ¿Nombre + contexto describen el proposito? nombre: ""Carreras a distancia y en línea"" | href: /en-linea",sin CMP detectada
103,ecuador,UTPL,https://www.utpl.edu.ec/,2.4.4,c487ae,Link has non-empty accessible name,11,div.menu-section > ul.link-list > li > a.section-link,si,cumple,,,R02,2026-09-08,,"nombre: ""Carreras presencial""",sin CMP detectada
103,ecuador,UTPL,https://www.utpl.edu.ec/,2.4.4,5effbb,Link in context is descriptive,11,div.menu-section > ul.link-list > li > a.section-link,si,REVISAR,,Carreras presencial,R02,2026-09-08,,"JUICIO HUMANO. ¿Nombre + contexto describen el proposito? nombre: ""Carreras presencial"" | href: /presencial",sin CMP detectada
103,ecuador,UTPL,https://www.utpl.edu.ec/,2.4.4,c487ae,Link has non-empty accessible name,12,div.menu-section > ul.link-list > li > a.section-link,si,cumple,,,R02,2026-09-08,,"nombre: ""Carreras tecnológicas""",sin CMP detectada
103,ecuador,UTPL,https://www.utpl.edu.ec/,2.4.4,5effbb,Link in context is descriptive,12,div.menu-section > ul.link-list > li > a.section-link,si,REVISAR,,Carreras tecnológicas,R02,2026-09-08,,"JUICIO HUMANO. ¿Nombre + contexto describen el proposito? nombre: ""Carreras tecnológicas"" | href: /tecnologias",sin CMP detectada
103,ecuador,UTPL,https://www.utpl.edu.ec/,2.4.4,c487ae,Link has non-empty accessible name,13,div.menu-section > ul.link-list > li > a.section-link,si,cumple,,,R02,2026-09-08,,"nombre: ""Posgrados""",sin CMP detectada
103,ecuador,UTPL,https://www.utpl.edu.ec/,2.4.4,5effbb,Link in context is descriptive,13,div.menu-section > ul.link-list > li > a.section-link,si,REVISAR,,Posgrados,R02,2026-09-08,,"JUICIO HUMANO. ¿Nombre + contexto describen el proposito? nombre: ""Posgrados"" | href: /posgrados",sin CMP detectada
103,ecuador,UTPL,https://www.utpl.edu.ec/,2.4.4,c487ae,Link has non-empty accessible name,14,div.menu-section > ul.link-list > li > a.section-link,si,cumple,,,R02,2026-09-08,,"nombre: ""UTPL Escuela de Negocios""",sin CMP detectada
103,ecuador,UTPL,https://www.utpl.edu.ec/,2.4.4,5effbb,Link in context is descriptive,14,div.menu-section > ul.link-list > li > a.section-link,si,REVISAR,,UTPL Escuela de Negocios,R02,2026-09-08,,"JUICIO HUMANO. ¿Nombre + contexto describen el proposito? nombre: ""UTPL Escuela de Negocios"" | href: /escuela-negocios",sin CMP detectada
103,ecuador,UTPL,https://www.utpl.edu.ec/,2.4.4,c487ae,Link has non-empty accessible name,15,div.menu-section > ul.link-list > li > a.section-link,si,cumple,,,R02,2026-09-08,,"nombre: ""Formación permanente""",sin CMP detectada
103,ecuador,UTPL,https://www.utpl.edu.ec/,2.4.4,5effbb,Link in context is descriptive,15,div.menu-section > ul.link-list > li > a.section-link,si,REVISAR,,Formación permanente,R02,2026-09-08,,"JUICIO HUMANO. ¿Nombre + contexto describen el proposito? nombre: ""Formación permanente"" | href: https://formacionpermanente.utpl.edu.ec",sin CMP detectada
103,ecuador,UTPL,https://www.utpl.edu.ec/,2.4.4,c487ae,Link has non-empty accessible name,16,div.menu-section > ul.link-list > li > a.section-link,si,cumple,,,R02,2026-09-08,,"nombre: ""Becas""",sin CMP detectada
103,ecuador,UTPL,https://www.utpl.edu.ec/,2.4.4,5effbb,Link in context is descriptive,16,div.menu-section > ul.link-list > li > a.section-link,si,REVISAR,,Becas,R02,2026-09-08,,"JUICIO HUMANO. ¿Nombre + contexto describen el proposito? nombre: ""Becas"" | href: https://becas.utpl.edu.ec",sin CMP detectada
103,ecuador,UTPL,https://www.utpl.edu.ec/,2.4.4,c487ae,Link has non-empty accessible name,17,div.menu-section > ul.link-list > li > a.section-link,si,cumple,,,R02,2026-09-08,,"nombre: ""Cursos de Competencias Específicas""",sin CMP detectada
103,ecuador,UTPL,https://www.utpl.edu.ec/,2.4.4,5effbb,Link in context is descriptive,17,div.menu-section > ul.link-list > li > a.section-link,si,REVISAR,,Cursos de Competencias Específicas,R02,2026-09-08,,"JUICIO HUMANO. ¿Nombre + contexto describen el proposito? nombre: ""Cursos de Competencias Específicas"" | href: /competencias",sin CMP detectada
103,ecuador,UTPL,https://www.utpl.edu.ec/,2.4.4,c487ae,Link has non-empty accessible name,18,div.menu-section > ul.link-list > li > a.section-link,si,cumple,,,R02,2026-09-08,,"nombre: ""Segunda Lengua""",sin CMP detectada
103,ecuador,UTPL,https://www.utpl.edu.ec/,2.4.4,5effbb,Link in context is descriptive,18,div.menu-section > ul.link-list > li > a.section-link,si,REVISAR,,Segunda Lengua,R02,2026-09-08,,"JUICIO HUMANO. ¿Nombre + contexto describen el proposito? nombre: ""Segunda Lengua"" | href: /segunda-lengua",sin CMP detectada
103,ecuador,UTPL,https://www.utpl.edu.ec/,2.4.4,c487ae,Link has non-empty accessible name,19,div.menu-section > ul.link-list > li > a.section-link,si,cumple,,,R02,2026-09-08,,"nombre: ""Acompañamiento integral""",sin CMP detectada
103,ecuador,UTPL,https://www.utpl.edu.ec/,2.4.4,5effbb,Link in context is descriptive,19,div.menu-section > ul.link-list > li > a.section-link,si,REVISAR,,Acompañamiento integral,R02,2026-09-08,,"JUICIO HUMANO. ¿Nombre + contexto describen el proposito? nombre: ""Acompañamiento integral"" | href: /acompanamiento-integral",sin CMP detectada
103,ecuador,UTPL,https://www.utpl.edu.ec/,2.4.4,c487ae,Link has non-empty accessible name,20,div.menu-section > ul.link-list > li > a.section-link,si,cumple,,,R02,2026-09-08,,"nombre: ""Unidad de titulación especial ECTS""",sin CMP detectada
103,ecuador,UTPL,https://www.utpl.edu.ec/,2.4.4,5effbb,Link in context is descriptive,20,div.menu-section > ul.link-list > li > a.section-link,si,REVISAR,,Unidad de titulación especial ECTS,R02,2026-09-08,,"JUICIO HUMANO. ¿Nombre + contexto describen el proposito? nombre: ""Unidad de titulación especial ECTS"" | href: /ute",sin CMP detectada
103,ecuador,UTPL,https://www.utpl.edu.ec/,2.4.4,c487ae,Link has non-empty accessible name,21,div.menu-section > ul.link-list > li > a.section-link,si,cumple,,,R02,2026-09-08,,"nombre: ""Internacional""",sin CMP detectada
103,ecuador,UTPL,https://www.utpl.edu.ec/,2.4.4,5effbb,Link in context is descriptive,21,div.menu-section > ul.link-list > li > a.section-link,si,REVISAR,,Internacional,R02,2026-09-08,,"JUICIO HUMANO. ¿Nombre + contexto describen el proposito? nombre: ""Internacional"" | href: /internacional",sin CMP detectada
103,ecuador,UTPL,https://www.utpl.edu.ec/,2.4.4,c487ae,Link has non-empty accessible name,22,div.menu-section > ul.link-list > li > a.section-link,si,cumple,,,R02,2026-09-08,,"nombre: ""Validación de título EE.UU.""",sin CMP detectada
103,ecuador,UTPL,https://www.utpl.edu.ec/,2.4.4,5effbb,Link in context is descriptive,22,div.menu-section > ul.link-list > li > a.section-link,si,REVISAR,,Validación de título EE.UU.,R02,2026-09-08,,"JUICIO HUMANO. ¿Nombre + contexto describen el proposito? nombre: ""Validación de título EE.UU."" | href: /validacion-titulo",sin CMP detectada
103,ecuador,UTPL,https://www.utpl.edu.ec/,2.4.4,c487ae,Link has non-empty accessible name,23,div.menu-section > ul.link-list > li > a.section-link,si,cumple,,,R02,2026-09-08,,"nombre: ""Acerca de nosotros""",sin CMP detectada
103,ecuador,UTPL,https://www.utpl.edu.ec/,2.4.4,5effbb,Link in context is descriptive,23,div.menu-section > ul.link-list > li > a.section-link,si,REVISAR,,Acerca de nosotros,R02,2026-09-08,,"JUICIO HUMANO. ¿Nombre + contexto describen el proposito? nombre: ""Acerca de nosotros"" | href: /acercade",sin CMP detectada
103,ecuador,UTPL,https://www.utpl.edu.ec/,2.4.4,c487ae,Link has non-empty accessible name,24,div.menu-section > ul.link-list > li > a.section-link,si,cumple,,,R02,2026-09-08,,"nombre: ""Gobernanza""",sin CMP detectada
103,ecuador,UTPL,https://www.utpl.edu.ec/,2.4.4,5effbb,Link in context is descriptive,24,div.menu-section > ul.link-list > li > a.section-link,si,REVISAR,,Gobernanza,R02,2026-09-08,,"JUICIO HUMANO. ¿Nombre + contexto describen el proposito? nombre: ""Gobernanza"" | href: /gobernanza",sin CMP detectada
103,ecuador,UTPL,https://www.utpl.edu.ec/,2.4.4,c487ae,Link has non-empty accessible name,25,div.menu-section > ul.link-list > li > a.section-link,si,cumple,,,R02,2026-09-08,,"nombre: ""Transparencia""",sin CMP detectada
103,ecuador,UTPL,https://www.utpl.edu.ec/,2.4.4,5effbb,Link in context is descriptive,25,div.menu-section > ul.link-list > li > a.section-link,si,REVISAR,,Transparencia,R02,2026-09-08,,"JUICIO HUMANO. ¿Nombre + contexto describen el proposito? nombre: ""Transparencia"" | href: /transparencia",sin CMP detectada
103,ecuador,UTPL,https://www.utpl.edu.ec/,2.4.4,c487ae,Link has non-empty accessible name,26,div.menu-section > ul.link-list > li > a.section-link,si,cumple,,,R02,2026-09-08,,"nombre: ""Calidad""",sin CMP detectada
103,ecuador,UTPL,https://www.utpl.edu.ec/,2.4.4,5effbb,Link in context is descriptive,26,div.menu-section > ul.link-list > li > a.section-link,si,REVISAR,,Calidad,R02,2026-09-08,,"JUICIO HUMANO. ¿Nombre + contexto describen el proposito? nombre: ""Calidad"" | href: /calidad",sin CMP detectada
103,ecuador,UTPL,https://www.utpl.edu.ec/,2.4.4,c487ae,Link has non-empty accessible name,27,div.menu-section > ul.link-list > li > a.section-link,si,cumple,,,R02,2026-09-08,,"nombre: ""Fernando Rielo""",sin CMP detectada
103,ecuador,UTPL,https://www.utpl.edu.ec/,2.4.4,5effbb,Link in context is descriptive,27,div.menu-section > ul.link-list > li > a.section-link,si,REVISAR,,Fernando Rielo,R02,2026-09-08,,"JUICIO HUMANO. ¿Nombre + contexto describen el proposito? nombre: ""Fernando Rielo"" | href: /fernando-rielo",sin CMP detectada
103,ecuador,UTPL,https://www.utpl.edu.ec/,2.4.4,c487ae,Link has non-empty accessible name,28,div.menu-section > ul.link-list > li > a.section-link,si,cumple,,,R02,2026-09-08,,"nombre: ""Manual de imagen""",sin CMP detectada
103,ecuador,UTPL,https://www.utpl.edu.ec/,2.4.4,5effbb,Link in context is descriptive,28,div.menu-section > ul.link-list > li > a.section-link,si,REVISAR,,Manual de imagen,R02,2026-09-08,,"JUICIO HUMANO. ¿Nombre + contexto describen el proposito? nombre: ""Manual de imagen"" | href: /imagen",sin CMP detectada
103,ecuador,UTPL,https://www.utpl.edu.ec/,2.4.4,c487ae,Link has non-empty accessible name,29,div.menu-section > ul.link-list > li > a.section-link,si,cumple,,,R02,2026-09-08,,"nombre: ""Gestión de procesos""",sin CMP detectada
103,ecuador,UTPL,https://www.utpl.edu.ec/,2.4.4,5effbb,Link in context is descriptive,29,div.menu-section > ul.link-list > li > a.section-link,si,REVISAR,,Gestión de procesos,R02,2026-09-08,,"JUICIO HUMANO. ¿Nombre + contexto describen el proposito? nombre: ""Gestión de procesos"" | href: /gestion-procesos",sin CMP detectada
103,ecuador,UTPL,https://www.utpl.edu.ec/,2.4.4,c487ae,Link has non-empty accessible name,30,div.menu-section > ul.link-list > li > a.section-link,si,cumple,,,R02,2026-09-08,,"nombre: ""Servicios Jurídicos""",sin CMP detectada
103,ecuador,UTPL,https://www.utpl.edu.ec/,2.4.4,5effbb,Link in context is descriptive,30,div.menu-section > ul.link-list > li > a.section-link,si,REVISAR,,Servicios Jurídicos,R02,2026-09-08,,"JUICIO HUMANO. ¿Nombre + contexto describen el proposito? nombre: ""Servicios Jurídicos"" | href: /servicios-juridicos",sin CMP detectada
103,ecuador,UTPL,https://www.utpl.edu.ec/,2.4.4,c487ae,Link has non-empty accessible name,31,div.menu-section > ul.link-list > li > a.section-link,si,cumple,,,R02,2026-09-08,,"nombre: ""Consultorios Psicología""",sin CMP detectada
103,ecuador,UTPL,https://www.utpl.edu.ec/,2.4.4,5effbb,Link in context is descriptive,31,div.menu-section > ul.link-list > li > a.section-link,si,REVISAR,,Consultorios Psicología,R02,2026-09-08,,"JUICIO HUMANO. ¿Nombre + contexto describen el proposito? nombre: ""Consultorios Psicología"" | href: /consultorios-psicologia",sin CMP detectada
103,ecuador,UTPL,https://www.utpl.edu.ec/,2.4.4,c487ae,Link has non-empty accessible name,32,div.menu-section > ul.link-list > li > a.section-link,si,cumple,,,R02,2026-09-08,,"nombre: ""Biblioteca""",sin CMP detectada
103,ecuador,UTPL,https://www.utpl.edu.ec/,2.4.4,5effbb,Link in context is descriptive,32,div.menu-section > ul.link-list > li > a.section-link,si,REVISAR,,Biblioteca,R02,2026-09-08,,"JUICIO HUMANO. ¿Nombre + contexto describen el proposito? nombre: ""Biblioteca"" | href: https://biblioteca.utpl.edu.ec",sin CMP detectada
103,ecuador,UTPL,https://www.utpl.edu.ec/,2.4.4,c487ae,Link has non-empty accessible name,33,div.menu-section > ul.link-list > li > a.section-link,si,cumple,,,R02,2026-09-08,,"nombre: ""Investigación""",sin CMP detectada
103,ecuador,UTPL,https://www.utpl.edu.ec/,2.4.4,5effbb,Link in context is descriptive,33,div.menu-section > ul.link-list > li > a.section-link,si,REVISAR,,Investigación,R02,2026-09-08,,"JUICIO HUMANO. ¿Nombre + contexto describen el proposito? nombre: ""Investigación"" | href: https://investigacion.utpl.edu.ec",sin CMP detectada
103,ecuador,UTPL,https://www.utpl.edu.ec/,2.4.4,c487ae,Link has non-empty accessible name,34,div.menu-section > ul.link-list > li > a.section-link,si,cumple,,,R02,2026-09-08,,"nombre: ""Vinculación""",sin CMP detectada
103,ecuador,UTPL,https://www.utpl.edu.ec/,2.4.4,5effbb,Link in context is descriptive,34,div.menu-section > ul.link-list > li > a.section-link,si,REVISAR,,Vinculación,R02,2026-09-08,,"JUICIO HUMANO. ¿Nombre + contexto describen el proposito? nombre: ""Vinculación"" | href: https://vinculacion.utpl.edu.ec",sin CMP detectada
103,ecuador,UTPL,https://www.utpl.edu.ec/,2.4.4,c487ae,Link has non-empty accessible name,35,div.menu-section > ul.link-list > li > a.section-link,si,cumple,,,R02,2026-09-08,,"nombre: ""Parque Científico UTPL""",sin CMP detectada
103,ecuador,UTPL,https://www.utpl.edu.ec/,2.4.4,5effbb,Link in context is descriptive,35,div.menu-section > ul.link-list > li > a.section-link,si,REVISAR,,Parque Científico UTPL,R02,2026-09-08,,"JUICIO HUMANO. ¿Nombre + contexto describen el proposito? nombre: ""Parque Científico UTPL"" | href: /parque-cientifico",sin CMP detectada
103,ecuador,UTPL,https://www.utpl.edu.ec/,2.4.4,c487ae,Link has non-empty accessible name,36,div.menu-section > ul.link-list > li > a.section-link,si,cumple,,,R02,2026-09-08,,"nombre: ""Informe GEM""",sin CMP detectada
103,ecuador,UTPL,https://www.utpl.edu.ec/,2.4.4,5effbb,Link in context is descriptive,36,div.menu-section > ul.link-list > li > a.section-link,si,REVISAR,,Informe GEM,R02,2026-09-08,,"JUICIO HUMANO. ¿Nombre + contexto describen el proposito? nombre: ""Informe GEM"" | href: /informe-gem",sin CMP detectada
103,ecuador,UTPL,https://www.utpl.edu.ec/,2.4.4,c487ae,Link has non-empty accessible name,37,div.menu-section > ul.link-list > li > a.section-link,si,cumple,,,R02,2026-09-08,,"nombre: ""ILFAM""",sin CMP detectada
103,ecuador,UTPL,https://www.utpl.edu.ec/,2.4.4,5effbb,Link in context is descriptive,37,div.menu-section > ul.link-list > li > a.section-link,si,REVISAR,,ILFAM,R02,2026-09-08,,"JUICIO HUMANO. ¿Nombre + contexto describen el proposito? nombre: ""ILFAM"" | href: https://ilfam.utpl.edu.ec",sin CMP detectada
103,ecuador,UTPL,https://www.utpl.edu.ec/,2.4.4,c487ae,Link has non-empty accessible name,38,div.menu-section > ul.link-list > li > a.section-link,si,cumple,,,R02,2026-09-08,,"nombre: ""Misiones Universitarias""",sin CMP detectada
103,ecuador,UTPL,https://www.utpl.edu.ec/,2.4.4,5effbb,Link in context is descriptive,38,div.menu-section > ul.link-list > li > a.section-link,si,REVISAR,,Misiones Universitarias,R02,2026-09-08,,"JUICIO HUMANO. ¿Nombre + contexto describen el proposito? nombre: ""Misiones Universitarias"" | href: https://utpl.edu.ec/misiones",sin CMP detectada
103,ecuador,UTPL,https://www.utpl.edu.ec/,2.4.4,c487ae,Link has non-empty accessible name,39,div.menu-section > ul.link-list > li > a.section-link,si,cumple,,,R02,2026-09-08,,"nombre: ""Eventos""",sin CMP detectada
103,ecuador,UTPL,https://www.utpl.edu.ec/,2.4.4,5effbb,Link in context is descriptive,39,div.menu-section > ul.link-list > li > a.section-link,si,REVISAR,,Eventos,R02,2026-09-08,,"JUICIO HUMANO. ¿Nombre + contexto describen el proposito? nombre: ""Eventos"" | href: https://eventos.utpl.edu.ec",sin CMP detectada
103,ecuador,UTPL,https://www.utpl.edu.ec/,2.4.4,c487ae,Link has non-empty accessible name,40,div.menu-section > ul.link-list > li > a.section-link,si,cumple,,,R02,2026-09-08,,"nombre: ""Noticias""",sin CMP detectada
103,ecuador,UTPL,https://www.utpl.edu.ec/,2.4.4,5effbb,Link in context is descriptive,40,div.menu-section > ul.link-list > li > a.section-link,si,REVISAR,,Noticias,R02,2026-09-08,,"JUICIO HUMANO. ¿Nombre + contexto describen el proposito? nombre: ""Noticias"" | href: https://noticias.utpl.edu.ec",sin CMP detectada
103,ecuador,UTPL,https://www.utpl.edu.ec/,2.4.4,c487ae,Link has non-empty accessible name,41,div.menu-section > ul.link-list > li > a.section-link,si,cumple,,,R02,2026-09-08,,"nombre: ""Trabaja con nosotros""",sin CMP detectada
103,ecuador,UTPL,https://www.utpl.edu.ec/,2.4.4,5effbb,Link in context is descriptive,41,div.menu-section > ul.link-list > li > a.section-link,si,REVISAR,,Trabaja con nosotros,R02,2026-09-08,,"JUICIO HUMANO. ¿Nombre + contexto describen el proposito? nombre: ""Trabaja con nosotros"" | href: https://utpl.hiringroom.com/jobs",sin CMP detectada
103,ecuador,UTPL,https://www.utpl.edu.ec/,2.4.4,c487ae,Link has non-empty accessible name,42,header.header-wrapper > aside.menu-aside > div.quick-links > a.quick-link-item,si,cumple,,,R02,2026-09-08,,"nombre: ""Correo""",sin CMP detectada
103,ecuador,UTPL,https://www.utpl.edu.ec/,2.4.4,5effbb,Link in context is descriptive,42,header.header-wrapper > aside.menu-aside > div.quick-links > a.quick-link-item,si,REVISAR,,SIN CONTEXTO PROGRAMATICO,R02,2026-09-08,,"JUICIO HUMANO. ¿Nombre + contexto describen el proposito? nombre: ""Correo"" | href: https://utpl.edu.ec/mail | AVISO: no hay parrafo, elemento de lista ni celda que lo contenga. Un div o article envolvente NO es contexto programatico.",sin CMP detectada
103,ecuador,UTPL,https://www.utpl.edu.ec/,2.4.4,c487ae,Link has non-empty accessible name,43,header.header-wrapper > aside.menu-aside > div.quick-links > a.quick-link-item,si,cumple,,,R02,2026-09-08,,"nombre: ""EVA""",sin CMP detectada
103,ecuador,UTPL,https://www.utpl.edu.ec/,2.4.4,5effbb,Link in context is descriptive,43,header.header-wrapper > aside.menu-aside > div.quick-links > a.quick-link-item,si,REVISAR,,SIN CONTEXTO PROGRAMATICO,R02,2026-09-08,,"JUICIO HUMANO. ¿Nombre + contexto describen el proposito? nombre: ""EVA"" | href: https://utpl.edu.ec/eva | AVISO: no hay parrafo, elemento de lista ni celda que lo contenga. Un div o article envolvente NO es contexto programatico.",sin CMP detectada
103,ecuador,UTPL,https://www.utpl.edu.ec/,2.4.4,c487ae,Link has non-empty accessible name,44,header.header-wrapper > aside.menu-aside > div.quick-links > a.quick-link-item,si,cumple,,,R02,2026-09-08,,"nombre: ""Sistema Académico""",sin CMP detectada
103,ecuador,UTPL,https://www.utpl.edu.ec/,2.4.4,5effbb,Link in context is descriptive,44,header.header-wrapper > aside.menu-aside > div.quick-links > a.quick-link-item,si,REVISAR,,SIN CONTEXTO PROGRAMATICO,R02,2026-09-08,,"JUICIO HUMANO. ¿Nombre + contexto describen el proposito? nombre: ""Sistema Académico"" | href: /sistema-academico | AVISO: no hay parrafo, elemento de lista ni celda que lo contenga. Un div o article envolvente NO es contexto programatico.",sin CMP detectada
103,ecuador,UTPL,https://www.utpl.edu.ec/,2.4.4,c487ae,Link has non-empty accessible name,45,header.header-wrapper > aside.menu-aside > div.quick-links > a.quick-link-item,si,cumple,,,R02,2026-09-08,,"nombre: ""Servicios""",sin CMP detectada
103,ecuador,UTPL,https://www.utpl.edu.ec/,2.4.4,5effbb,Link in context is descriptive,45,header.header-wrapper > aside.menu-aside > div.quick-links > a.quick-link-item,si,REVISAR,,SIN CONTEXTO PROGRAMATICO,R02,2026-09-08,,"JUICIO HUMANO. ¿Nombre + contexto describen el proposito? nombre: ""Servicios"" | href: https://portales.utpl.edu.ec/servicios | AVISO: no hay parrafo, elemento de lista ni celda que lo contenga. Un div o article envolvente NO es contexto programatico.",sin CMP detectada
103,ecuador,UTPL,https://www.utpl.edu.ec/,2.4.4,c487ae,Link has non-empty accessible name,46,header.header-wrapper > aside.menu-aside > div.quick-links > a.quick-link-item,si,cumple,,,R02,2026-09-08,,"nombre: ""Directorio""",sin CMP detectada
103,ecuador,UTPL,https://www.utpl.edu.ec/,2.4.4,5effbb,Link in context is descriptive,46,header.header-wrapper > aside.menu-aside > div.quick-links > a.quick-link-item,si,REVISAR,,SIN CONTEXTO PROGRAMATICO,R02,2026-09-08,,"JUICIO HUMANO. ¿Nombre + contexto describen el proposito? nombre: ""Directorio"" | href: https://directorio.utpl.edu.ec/ | AVISO: no hay parrafo, elemento de lista ni celda que lo contenga. Un div o article envolvente NO es contexto programatico.",sin CMP detectada
103,ecuador,UTPL,https://www.utpl.edu.ec/,2.4.4,c487ae,Link has non-empty accessible name,47,div.layout8 > div.wrapper-contentoffer > div > a,si,cumple,,,R02,2026-09-08,,"nombre: ""Carreras a distancia y en línea""",sin CMP detectada
103,ecuador,UTPL,https://www.utpl.edu.ec/,2.4.4,5effbb,Link in context is descriptive,47,div.layout8 > div.wrapper-contentoffer > div > a,si,REVISAR,,SIN CONTEXTO PROGRAMATICO,R02,2026-09-08,,"JUICIO HUMANO. ¿Nombre + contexto describen el proposito? nombre: ""Carreras a distancia y en línea"" | href: /en-linea | AVISO: no hay parrafo, elemento de lista ni celda que lo contenga. Un div o article envolvente NO es contexto programatico.",sin CMP detectada
103,ecuador,UTPL,https://www.utpl.edu.ec/,2.4.4,c487ae,Link has non-empty accessible name,48,div.layout8 > div.wrapper-contentoffer > div > a,si,cumple,,,R02,2026-09-08,,"nombre: ""Carreras presencial""",sin CMP detectada
103,ecuador,UTPL,https://www.utpl.edu.ec/,2.4.4,5effbb,Link in context is descriptive,48,div.layout8 > div.wrapper-contentoffer > div > a,si,REVISAR,,SIN CONTEXTO PROGRAMATICO,R02,2026-09-08,,"JUICIO HUMANO. ¿Nombre + contexto describen el proposito? nombre: ""Carreras presencial"" | href: /presencial | AVISO: no hay parrafo, elemento de lista ni celda que lo contenga. Un div o article envolvente NO es contexto programatico.",sin CMP detectada
103,ecuador,UTPL,https://www.utpl.edu.ec/,2.4.4,c487ae,Link has non-empty accessible name,49,div.layout8 > div.wrapper-contentoffer > div > a,si,cumple,,,R02,2026-09-08,,"nombre: ""Carreras tecnológicas""",sin CMP detectada
103,ecuador,UTPL,https://www.utpl.edu.ec/,2.4.4,5effbb,Link in context is descriptive,49,div.layout8 > div.wrapper-contentoffer > div > a,si,REVISAR,,SIN CONTEXTO PROGRAMATICO,R02,2026-09-08,,"JUICIO HUMANO. ¿Nombre + contexto describen el proposito? nombre: ""Carreras tecnológicas"" | href: /tecnologias | AVISO: no hay parrafo, elemento de lista ni celda que lo contenga. Un div o article envolvente NO es contexto programatico.",sin CMP detectada
103,ecuador,UTPL,https://www.utpl.edu.ec/,2.4.4,c487ae,Link has non-empty accessible name,50,div.layout8 > div.wrapper-contentoffer > div > a,si,cumple,,,R02,2026-09-08,,"nombre: ""Posgrados""",sin CMP detectada
103,ecuador,UTPL,https://www.utpl.edu.ec/,2.4.4,5effbb,Link in context is descriptive,50,div.layout8 > div.wrapper-contentoffer > div > a,si,REVISAR,,SIN CONTEXTO PROGRAMATICO,R02,2026-09-08,,"JUICIO HUMANO. ¿Nombre + contexto describen el proposito? nombre: ""Posgrados"" | href: /posgrados | AVISO: no hay parrafo, elemento de lista ni celda que lo contenga. Un div o article envolvente NO es contexto programatico.",sin CMP detectada
103,ecuador,UTPL,https://www.utpl.edu.ec/,2.4.4,c487ae,Link has non-empty accessible name,51,div.layout8 > div.wrapper-contentoffer > div > a,si,cumple,,,R02,2026-09-08,,"nombre: ""UTPL Escuela de Negocios""",sin CMP detectada
103,ecuador,UTPL,https://www.utpl.edu.ec/,2.4.4,5effbb,Link in context is descriptive,51,div.layout8 > div.wrapper-contentoffer > div > a,si,REVISAR,,SIN CONTEXTO PROGRAMATICO,R02,2026-09-08,,"JUICIO HUMANO. ¿Nombre + contexto describen el proposito? nombre: ""UTPL Escuela de Negocios"" | href: /escuela-negocios | AVISO: no hay parrafo, elemento de lista ni celda que lo contenga. Un div o article envolvente NO es contexto programatico.",sin CMP detectada
103,ecuador,UTPL,https://www.utpl.edu.ec/,2.4.4,c487ae,Link has non-empty accessible name,52,div.layout8 > div.wrapper-contentoffer > div > a,si,cumple,,,R02,2026-09-08,,"nombre: ""Formación permanente""",sin CMP detectada
103,ecuador,UTPL,https://www.utpl.edu.ec/,2.4.4,5effbb,Link in context is descriptive,52,div.layout8 > div.wrapper-contentoffer > div > a,si,REVISAR,,SIN CONTEXTO PROGRAMATICO,R02,2026-09-08,,"JUICIO HUMANO. ¿Nombre + contexto describen el proposito? nombre: ""Formación permanente"" | href: https://formacionpermanente.utpl.edu.ec | AVISO: no hay parrafo, elemento de lista ni celda que lo contenga. Un div o article envolvente NO es contexto programatico.",sin CMP detectada
103,ecuador,UTPL,https://www.utpl.edu.ec/,2.4.4,c487ae,Link has non-empty accessible name,53,div.otras-formas-card > div.layout9 > div.wrapper-otras-formas-link > a.otras-formas-link,si,cumple,,,R02,2026-09-08,,"nombre: ""Más información""",sin CMP detectada
103,ecuador,UTPL,https://www.utpl.edu.ec/,2.4.4,5effbb,Link in context is descriptive,53,div.otras-formas-card > div.layout9 > div.wrapper-otras-formas-link > a.otras-formas-link,si,REVISAR,,SIN CONTEXTO PROGRAMATICO,R02,2026-09-08,,"JUICIO HUMANO. ¿Nombre + contexto describen el proposito? nombre: ""Más información"" | href: https://utpl.edu.ec/segunda-titulacion | AVISO: no hay parrafo, elemento de lista ni celda que lo contenga. Un div o article envolvente NO es contexto programatico.",sin CMP detectada
103,ecuador,UTPL,https://www.utpl.edu.ec/,2.4.4,c487ae,Link has non-empty accessible name,54,div.otras-formas-card > div.layout9 > div.wrapper-otras-formas-link > a.otras-formas-link,si,cumple,,,R02,2026-09-08,,"nombre: ""Más información""",sin CMP detectada
103,ecuador,UTPL,https://www.utpl.edu.ec/,2.4.4,5effbb,Link in context is descriptive,54,div.otras-formas-card > div.layout9 > div.wrapper-otras-formas-link > a.otras-formas-link,si,REVISAR,,SIN CONTEXTO PROGRAMATICO,R02,2026-09-08,,"JUICIO HUMANO. ¿Nombre + contexto describen el proposito? nombre: ""Más información"" | href: https://utpl.edu.ec/homologacion-externa | AVISO: no hay parrafo, elemento de lista ni celda que lo contenga. Un div o article envolvente NO es contexto programatico.",sin CMP detectada
103,ecuador,UTPL,https://www.utpl.edu.ec/,2.4.4,c487ae,Link has non-empty accessible name,55,div.otras-formas-card > div.layout9 > div.wrapper-otras-formas-link > a.otras-formas-link,si,cumple,,,R02,2026-09-08,,"nombre: ""Más información""",sin CMP detectada
103,ecuador,UTPL,https://www.utpl.edu.ec/,2.4.4,5effbb,Link in context is descriptive,55,div.otras-formas-card > div.layout9 > div.wrapper-otras-formas-link > a.otras-formas-link,si,REVISAR,,SIN CONTEXTO PROGRAMATICO,R02,2026-09-08,,"JUICIO HUMANO. ¿Nombre + contexto describen el proposito? nombre: ""Más información"" | href: https://utpl.edu.ec/homologacion-interna | AVISO: no hay parrafo, elemento de lista ni celda que lo contenga. Un div o article envolvente NO es contexto programatico.",sin CMP detectada
103,ecuador,UTPL,https://www.utpl.edu.ec/,2.4.4,c487ae,Link has non-empty accessible name,56,div.otras-formas-card > div.layout9 > div.wrapper-otras-formas-link > a.otras-formas-link,si,cumple,,,R02,2026-09-08,,"nombre: ""Más información""",sin CMP detectada
103,ecuador,UTPL,https://www.utpl.edu.ec/,2.4.4,5effbb,Link in context is descriptive,56,div.otras-formas-card > div.layout9 > div.wrapper-otras-formas-link > a.otras-formas-link,si,REVISAR,,SIN CONTEXTO PROGRAMATICO,R02,2026-09-08,,"JUICIO HUMANO. ¿Nombre + contexto describen el proposito? nombre: ""Más información"" | href: https://utpl.edu.ec/validacion-trayectoria | AVISO: no hay parrafo, elemento de lista ni celda que lo contenga. Un div o article envolvente NO es contexto programatico.",sin CMP detectada
103,ecuador,UTPL,https://www.utpl.edu.ec/,2.4.4,c487ae,Link has non-empty accessible name,57,div.layout9 > div.otras-formas-content > p > a,si,cumple,,,R02,2026-09-08,,"nombre: ""Conoce cómo realizar el proceso de homologación""",sin CMP detectada
103,ecuador,UTPL,https://www.utpl.edu.ec/,2.4.4,5effbb,Link in context is descriptive,57,div.layout9 > div.otras-formas-content > p > a,si,REVISAR,,Conoce cómo realizar el proceso de homologación,R02,2026-09-08,,"JUICIO HUMANO. ¿Nombre + contexto describen el proposito? nombre: ""Conoce cómo realizar el proceso de homologación"" | href: https://www.utpl.edu.ec/carreras/sites/default/files/homolog",sin CMP detectada
103,ecuador,UTPL,https://www.utpl.edu.ec/,2.4.4,c487ae,Link has non-empty accessible name,58,div.layout9 > div.otras-formas-content > p > a,si,cumple,,,R02,2026-09-08,,"nombre: ""Homologa tu título en Ecuador 📹""",sin CMP detectada
103,ecuador,UTPL,https://www.utpl.edu.ec/,2.4.4,5effbb,Link in context is descriptive,58,div.layout9 > div.otras-formas-content > p > a,si,REVISAR,,Homologa tu título en Ecuador 📹,R02,2026-09-08,,"JUICIO HUMANO. ¿Nombre + contexto describen el proposito? nombre: ""Homologa tu título en Ecuador 📹"" | href: https://www.youtube.com/watch?v=NVG5pbrE_-k",sin CMP detectada
103,ecuador,UTPL,https://www.utpl.edu.ec/,2.4.4,c487ae,Link has non-empty accessible name,59,div.otras-formas-card > div.layout9 > div.wrapper-otras-formas-link > a.otras-formas-link,si,cumple,,,R02,2026-09-08,,"nombre: ""Solicita asesoría""",sin CMP detectada
103,ecuador,UTPL,https://www.utpl.edu.ec/,2.4.4,5effbb,Link in context is descriptive,59,div.otras-formas-card > div.layout9 > div.wrapper-otras-formas-link > a.otras-formas-link,si,REVISAR,,SIN CONTEXTO PROGRAMATICO,R02,2026-09-08,,"JUICIO HUMANO. ¿Nombre + contexto describen el proposito? nombre: ""Solicita asesoría"" | href: https://utpl.edu.ec/zoom | AVISO: no hay parrafo, elemento de lista ni celda que lo contenga. Un div o article envolvente NO es contexto programatico.",sin CMP detectada
103,ecuador,UTPL,https://www.utpl.edu.ec/,2.4.4,c487ae,Link has non-empty accessible name,60,div.otras-formas-card > div.layout9 > div.wrapper-otras-formas-link > a.otras-formas-link,si,cumple,,,R02,2026-09-08,,"nombre: ""Más información""",sin CMP detectada
103,ecuador,UTPL,https://www.utpl.edu.ec/,2.4.4,5effbb,Link in context is descriptive,60,div.otras-formas-card > div.layout9 > div.wrapper-otras-formas-link > a.otras-formas-link,si,REVISAR,,SIN CONTEXTO PROGRAMATICO,R02,2026-09-08,,"JUICIO HUMANO. ¿Nombre + contexto describen el proposito? nombre: ""Más información"" | href: https://becas.utpl.edu.ec/tipos-de-becas/migrantes-utpl | AVISO: no hay parrafo, elemento de lista ni celda que lo contenga. Un div o article envolvente NO es contexto programatico.",sin CMP detectada
103,ecuador,UTPL,https://www.utpl.edu.ec/,2.4.4,c487ae,Link has non-empty accessible name,61,div.otras-formas-card > div.layout9 > div.wrapper-otras-formas-link > a.otras-formas-link,si,cumple,,,R02,2026-09-08,,"nombre: ""Refiere a un amigo""",sin CMP detectada
103,ecuador,UTPL,https://www.utpl.edu.ec/,2.4.4,5effbb,Link in context is descriptive,61,div.otras-formas-card > div.layout9 > div.wrapper-otras-formas-link > a.otras-formas-link,si,REVISAR,,SIN CONTEXTO PROGRAMATICO,R02,2026-09-08,,"JUICIO HUMANO. ¿Nombre + contexto describen el proposito? nombre: ""Refiere a un amigo"" | href: https://utpl.edu.ec/referidos | AVISO: no hay parrafo, elemento de lista ni celda que lo contenga. Un div o article envolvente NO es contexto programatico.",sin CMP detectada
103,ecuador,UTPL,https://www.utpl.edu.ec/,2.4.4,c487ae,Link has non-empty accessible name,62,div.otras-formas-card > div.layout9 > div.wrapper-otras-formas-link > a.otras-formas-link,si,cumple,,,R02,2026-09-08,,"nombre: ""Conoce más de los beneficios""",sin CMP detectada
103,ecuador,UTPL,https://www.utpl.edu.ec/,2.4.4,5effbb,Link in context is descriptive,62,div.otras-formas-card > div.layout9 > div.wrapper-otras-formas-link > a.otras-formas-link,si,REVISAR,,SIN CONTEXTO PROGRAMATICO,R02,2026-09-08,,"JUICIO HUMANO. ¿Nombre + contexto describen el proposito? nombre: ""Conoce más de los beneficios"" | href: https://becas.utpl.edu.ec/convenio | AVISO: no hay parrafo, elemento de lista ni celda que lo contenga. Un div o article envolvente NO es contexto programatico.",sin CMP detectada
103,ecuador,UTPL,https://www.utpl.edu.ec/,2.4.4,c487ae,Link has non-empty accessible name,63,div.otras-formas-card > div.layout9 > div.wrapper-otras-formas-link > a.otras-formas-link,si,cumple,,,R02,2026-09-08,,"nombre: ""Más información""",sin CMP detectada
103,ecuador,UTPL,https://www.utpl.edu.ec/,2.4.4,5effbb,Link in context is descriptive,63,div.otras-formas-card > div.layout9 > div.wrapper-otras-formas-link > a.otras-formas-link,si,REVISAR,,SIN CONTEXTO PROGRAMATICO,R02,2026-09-08,,"JUICIO HUMANO. ¿Nombre + contexto describen el proposito? nombre: ""Más información"" | href: https://utpl.edu.ec/en-linea | AVISO: no hay parrafo, elemento de lista ni celda que lo contenga. Un div o article envolvente NO es contexto programatico.",sin CMP detectada
103,ecuador,UTPL,https://www.utpl.edu.ec/,2.4.4,c487ae,Link has non-empty accessible name,64,div.width270 > div.card > div.container > a.link-with-arrow,si,cumple,,,R02,2026-09-08,,"nombre: ""Más información""",sin CMP detectada
103,ecuador,UTPL,https://www.utpl.edu.ec/,2.4.4,5effbb,Link in context is descriptive,64,div.width270 > div.card > div.container > a.link-with-arrow,si,REVISAR,,SIN CONTEXTO PROGRAMATICO,R02,2026-09-08,,"JUICIO HUMANO. ¿Nombre + contexto describen el proposito? nombre: ""Más información"" | href: https://www.facebook.com/share/p/18V7LNg11x/ | AVISO: no hay parrafo, elemento de lista ni celda que lo contenga. Un div o article envolvente NO es contexto programatico.",sin CMP detectada
103,ecuador,UTPL,https://www.utpl.edu.ec/,2.4.4,c487ae,Link has non-empty accessible name,65,div.width270 > div.card > div.container > a.link-with-arrow,si,cumple,,,R02,2026-09-08,,"nombre: ""Más información""",sin CMP detectada
103,ecuador,UTPL,https://www.utpl.edu.ec/,2.4.4,5effbb,Link in context is descriptive,65,div.width270 > div.card > div.container > a.link-with-arrow,si,REVISAR,,SIN CONTEXTO PROGRAMATICO,R02,2026-09-08,,"JUICIO HUMANO. ¿Nombre + contexto describen el proposito? nombre: ""Más información"" | href: https://www.instagram.com/reels/DXNPWBYiRlx/ | AVISO: no hay parrafo, elemento de lista ni celda que lo contenga. Un div o article envolvente NO es contexto programatico.",sin CMP detectada
103,ecuador,UTPL,https://www.utpl.edu.ec/,2.4.4,c487ae,Link has non-empty accessible name,66,div.width270 > div.card > div.container > a.link-with-arrow,si,cumple,,,R02,2026-09-08,,"nombre: ""Más información""",sin CMP detectada
103,ecuador,UTPL,https://www.utpl.edu.ec/,2.4.4,5effbb,Link in context is descriptive,66,div.width270 > div.card > div.container > a.link-with-arrow,si,REVISAR,,SIN CONTEXTO PROGRAMATICO,R02,2026-09-08,,"JUICIO HUMANO. ¿Nombre + contexto describen el proposito? nombre: ""Más información"" | href: https://www.facebook.com/photo?fbid=1468701261717167&amp;set | AVISO: no hay parrafo, elemento de lista ni celda que lo contenga. Un div o article envolvente NO es contexto programatico.",sin CMP detectada
103,ecuador,UTPL,https://www.utpl.edu.ec/,2.4.4,c487ae,Link has non-empty accessible name,67,div.grid > article.group > div.mt-6 > a.inline-flex,si,cumple,,,R02,2026-09-08,,"nombre: ""Ver evento""",sin CMP detectada
103,ecuador,UTPL,https://www.utpl.edu.ec/,2.4.4,5effbb,Link in context is descriptive,67,div.grid > article.group > div.mt-6 > a.inline-flex,si,REVISAR,,SIN CONTEXTO PROGRAMATICO,R02,2026-09-08,,"JUICIO HUMANO. ¿Nombre + contexto describen el proposito? nombre: ""Ver evento"" | href: https://eventos.utpl.edu.ec/congreso-atencion-integral | AVISO: no hay parrafo, elemento de lista ni celda que lo contenga. Un div o article envolvente NO es contexto programatico.",sin CMP detectada
103,ecuador,UTPL,https://www.utpl.edu.ec/,2.4.4,c487ae,Link has non-empty accessible name,68,div.grid > article.group > div.mt-6 > a.inline-flex,si,cumple,,,R02,2026-09-08,,"nombre: ""Ver evento""",sin CMP detectada
103,ecuador,UTPL,https://www.utpl.edu.ec/,2.4.4,5effbb,Link in context is descriptive,68,div.grid > article.group > div.mt-6 > a.inline-flex,si,REVISAR,,SIN CONTEXTO PROGRAMATICO,R02,2026-09-08,,"JUICIO HUMANO. ¿Nombre + contexto describen el proposito? nombre: ""Ver evento"" | href: https://utpl.edu.ec/colaplamed | AVISO: no hay parrafo, elemento de lista ni celda que lo contenga. Un div o article envolvente NO es contexto programatico.",sin CMP detectada
103,ecuador,UTPL,https://www.utpl.edu.ec/,2.4.4,c487ae,Link has non-empty accessible name,69,div.grid > article.group > div.mt-6 > a.inline-flex,si,cumple,,,R02,2026-09-08,,"nombre: ""Ver evento""",sin CMP detectada
103,ecuador,UTPL,https://www.utpl.edu.ec/,2.4.4,5effbb,Link in context is descriptive,69,div.grid > article.group > div.mt-6 > a.inline-flex,si,REVISAR,,SIN CONTEXTO PROGRAMATICO,R02,2026-09-08,,"JUICIO HUMANO. ¿Nombre + contexto describen el proposito? nombre: ""Ver evento"" | href: https://utpl.edu.ec/congreso-iceta | AVISO: no hay parrafo, elemento de lista ni celda que lo contenga. Un div o article envolvente NO es contexto programatico.",sin CMP detectada
103,ecuador,UTPL,https://www.utpl.edu.ec/,2.4.4,c487ae,Link has non-empty accessible name,70,div.grid > article.group > div.mt-6 > a.inline-flex,si,cumple,,,R02,2026-09-08,,"nombre: ""Ver evento""",sin CMP detectada
103,ecuador,UTPL,https://www.utpl.edu.ec/,2.4.4,5effbb,Link in context is descriptive,70,div.grid > article.group > div.mt-6 > a.inline-flex,si,REVISAR,,SIN CONTEXTO PROGRAMATICO,R02,2026-09-08,,"JUICIO HUMANO. ¿Nombre + contexto describen el proposito? nombre: ""Ver evento"" | href: https://www.utpl.edu.ec/congreso-ingenieria-estructural | AVISO: no hay parrafo, elemento de lista ni celda que lo contenga. Un div o article envolvente NO es contexto programatico.",sin CMP detectada
103,ecuador,UTPL,https://www.utpl.edu.ec/,2.4.4,c487ae,Link has non-empty accessible name,71,div.grid > article.group > div.mt-6 > a.inline-flex,si,cumple,,,R02,2026-09-08,,"nombre: ""Ver evento""",sin CMP detectada
103,ecuador,UTPL,https://www.utpl.edu.ec/,2.4.4,5effbb,Link in context is descriptive,71,div.grid > article.group > div.mt-6 > a.inline-flex,si,REVISAR,,SIN CONTEXTO PROGRAMATICO,R02,2026-09-08,,"JUICIO HUMANO. ¿Nombre + contexto describen el proposito? nombre: ""Ver evento"" | href: https://utpl.edu.ec/encuentro-oducal/ | AVISO: no hay parrafo, elemento de lista ni celda que lo contenga. Un div o article envolvente NO es contexto programatico.",sin CMP detectada
103,ecuador,UTPL,https://www.utpl.edu.ec/,2.4.4,c487ae,Link has non-empty accessible name,72,div.grid > article.group > div.mt-6 > a.inline-flex,si,cumple,,,R02,2026-09-08,,"nombre: ""Ver evento""",sin CMP detectada
103,ecuador,UTPL,https://www.utpl.edu.ec/,2.4.4,5effbb,Link in context is descriptive,72,div.grid > article.group > div.mt-6 > a.inline-flex,si,REVISAR,,SIN CONTEXTO PROGRAMATICO,R02,2026-09-08,,"JUICIO HUMANO. ¿Nombre + contexto describen el proposito? nombre: ""Ver evento"" | href: https://eventos.utpl.edu.ec/coloquio-internacional-docente | AVISO: no hay parrafo, elemento de lista ni celda que lo contenga. Un div o article envolvente NO es contexto programatico.",sin CMP detectada
103,ecuador,UTPL,https://www.utpl.edu.ec/,2.4.4,c487ae,Link has non-empty accessible name,73,div.grid > article.group > div.mt-6 > a.inline-flex,si,cumple,,,R02,2026-09-08,,"nombre: ""Ver evento""",sin CMP detectada
103,ecuador,UTPL,https://www.utpl.edu.ec/,2.4.4,5effbb,Link in context is descriptive,73,div.grid > article.group > div.mt-6 > a.inline-flex,si,REVISAR,,SIN CONTEXTO PROGRAMATICO,R02,2026-09-08,,"JUICIO HUMANO. ¿Nombre + contexto describen el proposito? nombre: ""Ver evento"" | href: https://www.utpl.edu.ec/seminario-economia/ | AVISO: no hay parrafo, elemento de lista ni celda que lo contenga. Un div o article envolvente NO es contexto programatico.",sin CMP detectada
103,ecuador,UTPL,https://www.utpl.edu.ec/,2.4.4,c487ae,Link has non-empty accessible name,74,div.wrapper-image-container > div.image-text-container > div.text-column > a,si,cumple,,,R02,2026-09-08,,"nombre: ""Simular ahora""",sin CMP detectada
103,ecuador,UTPL,https://www.utpl.edu.ec/,2.4.4,5effbb,Link in context is descriptive,74,div.wrapper-image-container > div.image-text-container > div.text-column > a,si,REVISAR,,SIN CONTEXTO PROGRAMATICO,R02,2026-09-08,,"JUICIO HUMANO. ¿Nombre + contexto describen el proposito? nombre: ""Simular ahora"" | href: https://matriculas.utpl.edu.ec | AVISO: no hay parrafo, elemento de lista ni celda que lo contenga. Un div o article envolvente NO es contexto programatico.",sin CMP detectada
103,ecuador,UTPL,https://www.utpl.edu.ec/,2.4.4,c487ae,Link has non-empty accessible name,75,div.bluebg > div.wrapper-contactocentros > div > a,si,cumple,,,R02,2026-09-08,,"nombre: ""Revísalos aquí""",sin CMP detectada
103,ecuador,UTPL,https://www.utpl.edu.ec/,2.4.4,5effbb,Link in context is descriptive,75,div.bluebg > div.wrapper-contactocentros > div > a,si,REVISAR,,SIN CONTEXTO PROGRAMATICO,R02,2026-09-08,,"JUICIO HUMANO. ¿Nombre + contexto describen el proposito? nombre: ""Revísalos aquí"" | href: https://directorio.utpl.edu.ec/centros | AVISO: no hay parrafo, elemento de lista ni celda que lo contenga. Un div o article envolvente NO es contexto programatico.",sin CMP detectada
103,ecuador,UTPL,https://www.utpl.edu.ec/,2.4.4,c487ae,Link has non-empty accessible name,76,div.flex > div.flex-1 > div > a.inline-flex,si,cumple,,,R02,2026-09-08,,"nombre: ""Oferta académica""",sin CMP detectada
103,ecuador,UTPL,https://www.utpl.edu.ec/,2.4.4,5effbb,Link in context is descriptive,76,div.flex > div.flex-1 > div > a.inline-flex,si,REVISAR,,SIN CONTEXTO PROGRAMATICO,R02,2026-09-08,,"JUICIO HUMANO. ¿Nombre + contexto describen el proposito? nombre: ""Oferta académica"" | href: /oferta | AVISO: no hay parrafo, elemento de lista ni celda que lo contenga. Un div o article envolvente NO es contexto programatico.",sin CMP detectada
103,ecuador,UTPL,https://www.utpl.edu.ec/,2.4.4,c487ae,Link has non-empty accessible name,77,div.flex > div.flex-1 > div > a.inline-flex,si,cumple,,,R02,2026-09-08,,"nombre: ""Escríbenos""",sin CMP detectada
103,ecuador,UTPL,https://www.utpl.edu.ec/,2.4.4,5effbb,Link in context is descriptive,77,div.flex > div.flex-1 > div > a.inline-flex,si,REVISAR,,SIN CONTEXTO PROGRAMATICO,R02,2026-09-08,,"JUICIO HUMANO. ¿Nombre + contexto describen el proposito? nombre: ""Escríbenos"" | href: https://wa.me/593999565400 | AVISO: no hay parrafo, elemento de lista ni celda que lo contenga. Un div o article envolvente NO es contexto programatico.",sin CMP detectada
103,ecuador,UTPL,https://www.utpl.edu.ec/,2.4.4,c487ae,Link has non-empty accessible name,78,div.flex > div.flex-1 > div > a.inline-flex,si,cumple,,,R02,2026-09-08,,"nombre: ""Historias de éxito""",sin CMP detectada
103,ecuador,UTPL,https://www.utpl.edu.ec/,2.4.4,5effbb,Link in context is descriptive,78,div.flex > div.flex-1 > div > a.inline-flex,si,REVISAR,,SIN CONTEXTO PROGRAMATICO,R02,2026-09-08,,"JUICIO HUMANO. ¿Nombre + contexto describen el proposito? nombre: ""Historias de éxito"" | href: https://www.youtube.com/watch?v=FLuQ5B9Z7Uc | AVISO: no hay parrafo, elemento de lista ni celda que lo contenga. Un div o article envolvente NO es contexto programatico.",sin CMP detectada
103,ecuador,UTPL,https://www.utpl.edu.ec/,2.4.4,c487ae,Link has non-empty accessible name,79,div.main-page-container > div.popup-wrapper > div.popup-card > a.full-link,si,cumple,,,R02,2026-09-08,,"nombre: ""ExclusivoDoctorado en QuímicaInicio de clases: Octubre 2026Postula ahora""",sin CMP detectada
103,ecuador,UTPL,https://www.utpl.edu.ec/,2.4.4,5effbb,Link in context is descriptive,79,div.main-page-container > div.popup-wrapper > div.popup-card > a.full-link,si,REVISAR,,SIN CONTEXTO PROGRAMATICO,R02,2026-09-08,,"JUICIO HUMANO. ¿Nombre + contexto describen el proposito? nombre: ""ExclusivoDoctorado en QuímicaInicio de clases: Octubre 2026Postula ahora"" | href: https://utpl.edu.ec/doctorado-quimica | AVISO: no hay parrafo, elemento de lista ni celda que lo contenga. Un div o article envolvente NO es contexto programatico.",sin CMP detectada
103,ecuador,UTPL,https://www.utpl.edu.ec/,2.4.4,c487ae,Link has non-empty accessible name,80,#nav1,si,falla,,,R02,2026-09-08,,href: https://cedia.zoom.us/j/89419717339,sin CMP detectada
103,ecuador,UTPL,https://www.utpl.edu.ec/,2.4.4,c487ae,Link has non-empty accessible name,81,#nav1,si,falla,,,R02,2026-09-08,,href: https://wa.me/593999565400,sin CMP detectada
103,ecuador,UTPL,https://www.utpl.edu.ec/,2.4.4,c487ae,Link has non-empty accessible name,82,#nav2,si,falla,,,R02,2026-09-08,,href: https://www.facebook.com/utploficial,sin CMP detectada
103,ecuador,UTPL,https://www.utpl.edu.ec/,2.4.4,c487ae,Link has non-empty accessible name,83,#nav3,si,falla,,,R02,2026-09-08,,href: https://www.instagram.com/utpl/?hl=es-la,sin CMP detectada
103,ecuador,UTPL,https://www.utpl.edu.ec/,2.4.4,c487ae,Link has non-empty accessible name,84,#nav4,si,falla,,,R02,2026-09-08,,href: https://www.tiktok.com/@utpl.ec,sin CMP detectada
103,ecuador,UTPL,https://www.utpl.edu.ec/,2.4.4,c487ae,Link has non-empty accessible name,85,#nav5,si,falla,,,R02,2026-09-08,,href: https://twitter.com/utpl?lang=es,sin CMP detectada
103,ecuador,UTPL,https://www.utpl.edu.ec/,2.4.4,c487ae,Link has non-empty accessible name,86,#nav6,si,falla,,,R02,2026-09-08,,href: https://www.flickr.com/photos/utpl/,sin CMP detectada
103,ecuador,UTPL,https://www.utpl.edu.ec/,2.4.4,c487ae,Link has non-empty accessible name,87,#nav7,si,falla,,,R02,2026-09-08,,href: https://www.youtube.com/user/utpl/,sin CMP detectada
103,ecuador,UTPL,https://www.utpl.edu.ec/,2.4.4,c487ae,Link has non-empty accessible name,88,#nav8,si,falla,,,R02,2026-09-08,,href: https://ec.linkedin.com/school/universidad-tecnica-particular-de-loja-utpl/,sin CMP detectada
103,ecuador,UTPL,https://www.utpl.edu.ec/,2.4.4,c487ae,Link has non-empty accessible name,89,div.wrapper-footer > div.wrapper-footerbottom > div.layout8 > a,si,cumple,,,R02,2026-09-08,,"nombre: ""Política de privacidad""",sin CMP detectada
103,ecuador,UTPL,https://www.utpl.edu.ec/,2.4.4,5effbb,Link in context is descriptive,89,div.wrapper-footer > div.wrapper-footerbottom > div.layout8 > a,si,REVISAR,,SIN CONTEXTO PROGRAMATICO,R02,2026-09-08,,"JUICIO HUMANO. ¿Nombre + contexto describen el proposito? nombre: ""Política de privacidad"" | href: https://www.utpl.edu.ec/privacidad | AVISO: no hay parrafo, elemento de lista ni celda que lo contenga. Un div o article envolvente NO es contexto programatico.",sin CMP detectada
103,ecuador,UTPL,https://www.utpl.edu.ec/,2.4.4,c487ae,Link has non-empty accessible name,90,div.wrapper-footer > div.wrapper-footerbottom > div.layout8 > a,si,cumple,,,R02,2026-09-08,,"nombre: ""Términos y condiciones""",sin CMP detectada
103,ecuador,UTPL,https://www.utpl.edu.ec/,2.4.4,5effbb,Link in context is descriptive,90,div.wrapper-footer > div.wrapper-footerbottom > div.layout8 > a,si,REVISAR,,SIN CONTEXTO PROGRAMATICO,R02,2026-09-08,,"JUICIO HUMANO. ¿Nombre + contexto describen el proposito? nombre: ""Términos y condiciones"" | href: https://www.utpl.edu.ec/terminos | AVISO: no hay parrafo, elemento de lista ni celda que lo contenga. Un div o article envolvente NO es contexto programatico.",sin CMP detectada
103,ecuador,UTPL,https://www.utpl.edu.ec/,2.4.4,fd3a94,Links with identical accessible names and same context serve equivalent purpose,53+54+55+56+60+63+64+65+66,div.otras-formas-card > div.layout9 > div.wrapper-otras-formas-link > a.otras-formas-link ; div.otras-formas-card > div.layout9 > div.wrapper-otras-formas-link > a.otras-formas-link ; div.otras-formas-card > div.layout9 > div.wrapper-otras-formas-link > a.otras-formas-link ; div.otras-formas-card > div.layout9 > div.wrapper-otras-formas-link > a.otras-formas-link ; div.otras-formas-card > div.layout9 > div.wrapper-otras-formas-link > a.otras-formas-link ; div.otras-formas-card > div.layout9 > div.wrapper-otras-formas-link > a.otras-formas-link ; div.width270 > div.card > div.container > a.link-with-arrow ; div.width270 > div.card > div.container > a.link-with-arrow ; div.width270 > div.card > div.container > a.link-with-arrow,si,REVISAR,,,R02,2026-09-08,,JUICIO HUMANO. 9 enlaces con el mismo nombre accesible y el mismo contexto apuntan a 9 destinos distintos. ¿Sirven un proposito equivalente? destinos: https://utpl.edu.ec/segunda-titulacion | https://utpl.edu.ec/homologacion-externa | https://utpl.edu.ec/homologacion-interna | https://utpl.edu.ec/validacion-trayectoria | ://becas.utpl.edu.ec/tipos-de-becas/migrantes-utpl | https://utpl.edu.ec/en-linea | https://www.facebook.com/share/p/18V7LNg11x/ | https://www.instagram.com/reels/DXNPWBYiRlx/ | fbid=1468701261717167&amp;set=pcb.1468699665050660,sin CMP detectada
103,ecuador,UTPL,https://www.utpl.edu.ec/,2.4.4,fd3a94,Links with identical accessible names and same context serve equivalent purpose,67+68+69+70+71+72+73,div.grid > article.group > div.mt-6 > a.inline-flex ; div.grid > article.group > div.mt-6 > a.inline-flex ; div.grid > article.group > div.mt-6 > a.inline-flex ; div.grid > article.group > div.mt-6 > a.inline-flex ; div.grid > article.group > div.mt-6 > a.inline-flex ; div.grid > article.group > div.mt-6 > a.inline-flex ; div.grid > article.group > div.mt-6 > a.inline-flex,si,REVISAR,,,R02,2026-09-08,,JUICIO HUMANO. 7 enlaces con el mismo nombre accesible y el mismo contexto apuntan a 7 destinos distintos. ¿Sirven un proposito equivalente? destinos: s://eventos.utpl.edu.ec/congreso-atencion-integral | https://utpl.edu.ec/colaplamed | https://utpl.edu.ec/congreso-iceta | ://www.utpl.edu.ec/congreso-ingenieria-estructural | https://utpl.edu.ec/encuentro-oducal/ | eventos.utpl.edu.ec/coloquio-internacional-docente | https://www.utpl.edu.ec/seminario-economia/,sin CMP detectada
