id,group,abbr,url,criterion,act_rule,rule_name,element_n,selector_or_description,applicable,outcome,measured_value,programmatic_context,evaluator_code,date,capture,notes,dialog_state
14,mundo,UCL,https://www.ucl.ac.uk/,1.4.3,afw4f7,Text has minimum contrast,1,html.js > body.colour-scheme--woburn-warmth > a.sr-only,no,,,,R02,2026-09-08,,"No es un caracter visible: la regla no aplica. Texto oculto visualmente, de tamano cero o desplazado fuera de pantalla.",sin CMP detectada
14,mundo,UCL,https://www.ucl.ac.uk/,1.4.3,afw4f7,Text has minimum contrast,2,div.header__top > div.header__top-container > a.header__link > span.sr-only,no,,,,R02,2026-09-08,,"No es un caracter visible: la regla no aplica. Texto oculto visualmente, de tamano cero o desplazado fuera de pantalla.",sin CMP detectada
14,mundo,UCL,https://www.ucl.ac.uk/,1.4.3,afw4f7,Text has minimum contrast,3,form.ucl-search-form > div.form-item > div.js-form-item > label.sr-only,no,,,,R02,2026-09-08,,"No es un caracter visible: la regla no aplica. Texto oculto visualmente, de tamano cero o desplazado fuera de pantalla.",sin CMP detectada
14,mundo,UCL,https://www.ucl.ac.uk/,1.4.3,afw4f7,Text has minimum contrast,4,div.form-item > div.js-form-item > label.sr-only > span.form--optional,no,,,,R02,2026-09-08,,"No es un caracter visible: la regla no aplica. Texto oculto visualmente, de tamano cero o desplazado fuera de pantalla.",sin CMP detectada
14,mundo,UCL,https://www.ucl.ac.uk/,1.4.3,afw4f7,Text has minimum contrast,5,div.header-search-form > form.ucl-search-form > button.button > span.sr-only,no,,,,R02,2026-09-08,,"No es un caracter visible: la regla no aplica. Texto oculto visualmente, de tamano cero o desplazado fuera de pantalla.",sin CMP detectada
14,mundo,UCL,https://www.ucl.ac.uk/,1.4.3,afw4f7,Text has minimum contrast,6,#block-indigo-main-menu-menu,no,,,,R02,2026-09-08,,"No es un caracter visible: la regla no aplica. Texto oculto visualmente, de tamano cero o desplazado fuera de pantalla.",sin CMP detectada
14,mundo,UCL,https://www.ucl.ac.uk/,1.4.3,afw4f7,Text has minimum contrast,7,ul.global-navigation > li.global-navigation__item > a.global-navigation__link > span.link__content,no,,,,R02,2026-09-08,,"No es un caracter visible: la regla no aplica. Texto oculto visualmente, de tamano cero o desplazado fuera de pantalla.",sin CMP detectada
14,mundo,UCL,https://www.ucl.ac.uk/,1.4.3,afw4f7,Text has minimum contrast,8,div > ul.global-navigation > li.global-navigation__item > a.global-navigation__link,no,,,,R02,2026-09-08,,"No es un caracter visible: la regla no aplica. Texto oculto visualmente, de tamano cero o desplazado fuera de pantalla.",sin CMP detectada
14,mundo,UCL,https://www.ucl.ac.uk/,1.4.3,afw4f7,Text has minimum contrast,9,ul.global-navigation > li.global-navigation__item > div.global-navigation--sub-wrapper > button.button,no,,,,R02,2026-09-08,,"No es un caracter visible: la regla no aplica. Texto oculto visualmente, de tamano cero o desplazado fuera de pantalla.",sin CMP detectada
14,mundo,UCL,https://www.ucl.ac.uk/,1.4.3,afw4f7,Text has minimum contrast,10,ul.global-navigation > li.global-navigation__item > div.global-navigation--sub-wrapper > p.global-navigation__paragraph,no,,,,R02,2026-09-08,,"No es un caracter visible: la regla no aplica. Texto oculto visualmente, de tamano cero o desplazado fuera de pantalla.",sin CMP detectada
14,mundo,UCL,https://www.ucl.ac.uk/,1.4.3,afw4f7,Text has minimum contrast,11,ul.global-navigation > li.global-navigation__item > a.global-navigation__link > span.link__content,no,,,,R02,2026-09-08,,"No es un caracter visible: la regla no aplica. Texto oculto visualmente, de tamano cero o desplazado fuera de pantalla.",sin CMP detectada
14,mundo,UCL,https://www.ucl.ac.uk/,1.4.3,afw4f7,Text has minimum contrast,12,ul.global-navigation > li.global-navigation__item > a.global-navigation__link > span.link__content,no,,,,R02,2026-09-08,,"No es un caracter visible: la regla no aplica. Texto oculto visualmente, de tamano cero o desplazado fuera de pantalla.",sin CMP detectada
14,mundo,UCL,https://www.ucl.ac.uk/,1.4.3,afw4f7,Text has minimum contrast,13,ul.global-navigation > li.global-navigation__item > a.global-navigation__link > span.link__content,no,,,,R02,2026-09-08,,"No es un caracter visible: la regla no aplica. Texto oculto visualmente, de tamano cero o desplazado fuera de pantalla.",sin CMP detectada
14,mundo,UCL,https://www.ucl.ac.uk/,1.4.3,afw4f7,Text has minimum contrast,14,ul.global-navigation > li.global-navigation__item > a.global-navigation__link > span.link__content,no,,,,R02,2026-09-08,,"No es un caracter visible: la regla no aplica. Texto oculto visualmente, de tamano cero o desplazado fuera de pantalla.",sin CMP detectada
14,mundo,UCL,https://www.ucl.ac.uk/,1.4.3,afw4f7,Text has minimum contrast,15,ul.global-navigation > li.global-navigation__item > a.global-navigation__link > span.link__content,no,,,,R02,2026-09-08,,"No es un caracter visible: la regla no aplica. Texto oculto visualmente, de tamano cero o desplazado fuera de pantalla.",sin CMP detectada
14,mundo,UCL,https://www.ucl.ac.uk/,1.4.3,afw4f7,Text has minimum contrast,16,ul.global-navigation > li.global-navigation__item > a.global-navigation__link > span.link__content,no,,,,R02,2026-09-08,,"No es un caracter visible: la regla no aplica. Texto oculto visualmente, de tamano cero o desplazado fuera de pantalla.",sin CMP detectada
14,mundo,UCL,https://www.ucl.ac.uk/,1.4.3,afw4f7,Text has minimum contrast,17,ul.global-navigation > li.global-navigation__item > a.global-navigation__link > span.link__content,no,,,,R02,2026-09-08,,"No es un caracter visible: la regla no aplica. Texto oculto visualmente, de tamano cero o desplazado fuera de pantalla.",sin CMP detectada
14,mundo,UCL,https://www.ucl.ac.uk/,1.4.3,afw4f7,Text has minimum contrast,18,ul.global-navigation > li.global-navigation__item > a.global-navigation__link > span.link__content,no,,,,R02,2026-09-08,,"No es un caracter visible: la regla no aplica. Texto oculto visualmente, de tamano cero o desplazado fuera de pantalla.",sin CMP detectada
14,mundo,UCL,https://www.ucl.ac.uk/,1.4.3,afw4f7,Text has minimum contrast,19,ul.global-navigation > li.global-navigation__item > a.global-navigation__link > span.link__content,no,,,,R02,2026-09-08,,"No es un caracter visible: la regla no aplica. Texto oculto visualmente, de tamano cero o desplazado fuera de pantalla.",sin CMP detectada
14,mundo,UCL,https://www.ucl.ac.uk/,1.4.3,afw4f7,Text has minimum contrast,20,ul.global-navigation > li.global-navigation__item > a.global-navigation__link > span.link__content,no,,,,R02,2026-09-08,,"No es un caracter visible: la regla no aplica. Texto oculto visualmente, de tamano cero o desplazado fuera de pantalla.",sin CMP detectada
14,mundo,UCL,https://www.ucl.ac.uk/,1.4.3,afw4f7,Text has minimum contrast,21,li.global-navigation__item > div.global-navigation--sub-wrapper > button.button > span.sr-only,no,,,,R02,2026-09-08,,"No es un caracter visible: la regla no aplica. Texto oculto visualmente, de tamano cero o desplazado fuera de pantalla.",sin CMP detectada
14,mundo,UCL,https://www.ucl.ac.uk/,1.4.3,afw4f7,Text has minimum contrast,22,div > ul.global-navigation > li.global-navigation__item > a.global-navigation__link,no,,,,R02,2026-09-08,,"No es un caracter visible: la regla no aplica. Texto oculto visualmente, de tamano cero o desplazado fuera de pantalla.",sin CMP detectada
14,mundo,UCL,https://www.ucl.ac.uk/,1.4.3,afw4f7,Text has minimum contrast,23,ul.global-navigation > li.global-navigation__item > div.global-navigation--sub-wrapper > button.button,no,,,,R02,2026-09-08,,"No es un caracter visible: la regla no aplica. Texto oculto visualmente, de tamano cero o desplazado fuera de pantalla.",sin CMP detectada
14,mundo,UCL,https://www.ucl.ac.uk/,1.4.3,afw4f7,Text has minimum contrast,24,ul.global-navigation > li.global-navigation__item > div.global-navigation--sub-wrapper > p.global-navigation__paragraph,no,,,,R02,2026-09-08,,"No es un caracter visible: la regla no aplica. Texto oculto visualmente, de tamano cero o desplazado fuera de pantalla.",sin CMP detectada
14,mundo,UCL,https://www.ucl.ac.uk/,1.4.3,afw4f7,Text has minimum contrast,25,ul.global-navigation > li.global-navigation__item > a.global-navigation__link > span.link__content,no,,,,R02,2026-09-08,,"No es un caracter visible: la regla no aplica. Texto oculto visualmente, de tamano cero o desplazado fuera de pantalla.",sin CMP detectada
14,mundo,UCL,https://www.ucl.ac.uk/,1.4.3,afw4f7,Text has minimum contrast,26,ul.global-navigation > li.global-navigation__item > a.global-navigation__link > span.link__content,no,,,,R02,2026-09-08,,"No es un caracter visible: la regla no aplica. Texto oculto visualmente, de tamano cero o desplazado fuera de pantalla.",sin CMP detectada
14,mundo,UCL,https://www.ucl.ac.uk/,1.4.3,afw4f7,Text has minimum contrast,27,ul.global-navigation > li.global-navigation__item > a.global-navigation__link > span.link__content,no,,,,R02,2026-09-08,,"No es un caracter visible: la regla no aplica. Texto oculto visualmente, de tamano cero o desplazado fuera de pantalla.",sin CMP detectada
14,mundo,UCL,https://www.ucl.ac.uk/,1.4.3,afw4f7,Text has minimum contrast,28,ul.global-navigation > li.global-navigation__item > a.global-navigation__link > span.link__content,no,,,,R02,2026-09-08,,"No es un caracter visible: la regla no aplica. Texto oculto visualmente, de tamano cero o desplazado fuera de pantalla.",sin CMP detectada
14,mundo,UCL,https://www.ucl.ac.uk/,1.4.3,afw4f7,Text has minimum contrast,29,ul.global-navigation > li.global-navigation__item > a.global-navigation__link > span.link__content,no,,,,R02,2026-09-08,,"No es un caracter visible: la regla no aplica. Texto oculto visualmente, de tamano cero o desplazado fuera de pantalla.",sin CMP detectada
14,mundo,UCL,https://www.ucl.ac.uk/,1.4.3,afw4f7,Text has minimum contrast,30,ul.global-navigation > li.global-navigation__item > a.global-navigation__link > span.link__content,no,,,,R02,2026-09-08,,"No es un caracter visible: la regla no aplica. Texto oculto visualmente, de tamano cero o desplazado fuera de pantalla.",sin CMP detectada
14,mundo,UCL,https://www.ucl.ac.uk/,1.4.3,afw4f7,Text has minimum contrast,31,ul.global-navigation > li.global-navigation__item > a.global-navigation__link > span.link__content,no,,,,R02,2026-09-08,,"No es un caracter visible: la regla no aplica. Texto oculto visualmente, de tamano cero o desplazado fuera de pantalla.",sin CMP detectada
14,mundo,UCL,https://www.ucl.ac.uk/,1.4.3,afw4f7,Text has minimum contrast,32,li.global-navigation__item > div.global-navigation--sub-wrapper > button.button > span.sr-only,no,,,,R02,2026-09-08,,"No es un caracter visible: la regla no aplica. Texto oculto visualmente, de tamano cero o desplazado fuera de pantalla.",sin CMP detectada
14,mundo,UCL,https://www.ucl.ac.uk/,1.4.3,afw4f7,Text has minimum contrast,33,div > ul.global-navigation > li.global-navigation__item > a.global-navigation__link,no,,,,R02,2026-09-08,,"No es un caracter visible: la regla no aplica. Texto oculto visualmente, de tamano cero o desplazado fuera de pantalla.",sin CMP detectada
14,mundo,UCL,https://www.ucl.ac.uk/,1.4.3,afw4f7,Text has minimum contrast,34,ul.global-navigation > li.global-navigation__item > div.global-navigation--sub-wrapper > button.button,no,,,,R02,2026-09-08,,"No es un caracter visible: la regla no aplica. Texto oculto visualmente, de tamano cero o desplazado fuera de pantalla.",sin CMP detectada
14,mundo,UCL,https://www.ucl.ac.uk/,1.4.3,afw4f7,Text has minimum contrast,35,ul.global-navigation > li.global-navigation__item > div.global-navigation--sub-wrapper > p.global-navigation__paragraph,no,,,,R02,2026-09-08,,"No es un caracter visible: la regla no aplica. Texto oculto visualmente, de tamano cero o desplazado fuera de pantalla.",sin CMP detectada
14,mundo,UCL,https://www.ucl.ac.uk/,1.4.3,afw4f7,Text has minimum contrast,36,ul.global-navigation > li.global-navigation__item > a.global-navigation__link > span.link__content,no,,,,R02,2026-09-08,,"No es un caracter visible: la regla no aplica. Texto oculto visualmente, de tamano cero o desplazado fuera de pantalla.",sin CMP detectada
14,mundo,UCL,https://www.ucl.ac.uk/,1.4.3,afw4f7,Text has minimum contrast,37,ul.global-navigation > li.global-navigation__item > a.global-navigation__link > span.link__content,no,,,,R02,2026-09-08,,"No es un caracter visible: la regla no aplica. Texto oculto visualmente, de tamano cero o desplazado fuera de pantalla.",sin CMP detectada
14,mundo,UCL,https://www.ucl.ac.uk/,1.4.3,afw4f7,Text has minimum contrast,38,ul.global-navigation > li.global-navigation__item > a.global-navigation__link > span.link__content,no,,,,R02,2026-09-08,,"No es un caracter visible: la regla no aplica. Texto oculto visualmente, de tamano cero o desplazado fuera de pantalla.",sin CMP detectada
14,mundo,UCL,https://www.ucl.ac.uk/,1.4.3,afw4f7,Text has minimum contrast,39,ul.global-navigation > li.global-navigation__item > a.global-navigation__link > span.link__content,no,,,,R02,2026-09-08,,"No es un caracter visible: la regla no aplica. Texto oculto visualmente, de tamano cero o desplazado fuera de pantalla.",sin CMP detectada
14,mundo,UCL,https://www.ucl.ac.uk/,1.4.3,afw4f7,Text has minimum contrast,40,ul.global-navigation > li.global-navigation__item > a.global-navigation__link > span.link__content,no,,,,R02,2026-09-08,,"No es un caracter visible: la regla no aplica. Texto oculto visualmente, de tamano cero o desplazado fuera de pantalla.",sin CMP detectada
14,mundo,UCL,https://www.ucl.ac.uk/,1.4.3,afw4f7,Text has minimum contrast,41,ul.global-navigation > li.global-navigation__item > a.global-navigation__link > span.link__content,no,,,,R02,2026-09-08,,"No es un caracter visible: la regla no aplica. Texto oculto visualmente, de tamano cero o desplazado fuera de pantalla.",sin CMP detectada
14,mundo,UCL,https://www.ucl.ac.uk/,1.4.3,afw4f7,Text has minimum contrast,42,ul.global-navigation > li.global-navigation__item > a.global-navigation__link > span.link__content,no,,,,R02,2026-09-08,,"No es un caracter visible: la regla no aplica. Texto oculto visualmente, de tamano cero o desplazado fuera de pantalla.",sin CMP detectada
14,mundo,UCL,https://www.ucl.ac.uk/,1.4.3,afw4f7,Text has minimum contrast,43,ul.global-navigation > li.global-navigation__item > a.global-navigation__link > span.link__content,no,,,,R02,2026-09-08,,"No es un caracter visible: la regla no aplica. Texto oculto visualmente, de tamano cero o desplazado fuera de pantalla.",sin CMP detectada
14,mundo,UCL,https://www.ucl.ac.uk/,1.4.3,afw4f7,Text has minimum contrast,44,li.global-navigation__item > div.global-navigation--sub-wrapper > button.button > span.sr-only,no,,,,R02,2026-09-08,,"No es un caracter visible: la regla no aplica. Texto oculto visualmente, de tamano cero o desplazado fuera de pantalla.",sin CMP detectada
14,mundo,UCL,https://www.ucl.ac.uk/,1.4.3,afw4f7,Text has minimum contrast,45,div > ul.global-navigation > li.global-navigation__item > a.global-navigation__link,no,,,,R02,2026-09-08,,"No es un caracter visible: la regla no aplica. Texto oculto visualmente, de tamano cero o desplazado fuera de pantalla.",sin CMP detectada
14,mundo,UCL,https://www.ucl.ac.uk/,1.4.3,afw4f7,Text has minimum contrast,46,ul.global-navigation > li.global-navigation__item > div.global-navigation--sub-wrapper > button.button,no,,,,R02,2026-09-08,,"No es un caracter visible: la regla no aplica. Texto oculto visualmente, de tamano cero o desplazado fuera de pantalla.",sin CMP detectada
14,mundo,UCL,https://www.ucl.ac.uk/,1.4.3,afw4f7,Text has minimum contrast,47,ul.global-navigation > li.global-navigation__item > div.global-navigation--sub-wrapper > p.global-navigation__paragraph,no,,,,R02,2026-09-08,,"No es un caracter visible: la regla no aplica. Texto oculto visualmente, de tamano cero o desplazado fuera de pantalla.",sin CMP detectada
14,mundo,UCL,https://www.ucl.ac.uk/,1.4.3,afw4f7,Text has minimum contrast,48,ul.global-navigation > li.global-navigation__item > a.global-navigation__link > span.link__content,no,,,,R02,2026-09-08,,"No es un caracter visible: la regla no aplica. Texto oculto visualmente, de tamano cero o desplazado fuera de pantalla.",sin CMP detectada
14,mundo,UCL,https://www.ucl.ac.uk/,1.4.3,afw4f7,Text has minimum contrast,49,ul.global-navigation > li.global-navigation__item > a.global-navigation__link > span.link__content,no,,,,R02,2026-09-08,,"No es un caracter visible: la regla no aplica. Texto oculto visualmente, de tamano cero o desplazado fuera de pantalla.",sin CMP detectada
14,mundo,UCL,https://www.ucl.ac.uk/,1.4.3,afw4f7,Text has minimum contrast,50,ul.global-navigation > li.global-navigation__item > a.global-navigation__link > span.link__content,no,,,,R02,2026-09-08,,"No es un caracter visible: la regla no aplica. Texto oculto visualmente, de tamano cero o desplazado fuera de pantalla.",sin CMP detectada
14,mundo,UCL,https://www.ucl.ac.uk/,1.4.3,afw4f7,Text has minimum contrast,51,ul.global-navigation > li.global-navigation__item > a.global-navigation__link > span.link__content,no,,,,R02,2026-09-08,,"No es un caracter visible: la regla no aplica. Texto oculto visualmente, de tamano cero o desplazado fuera de pantalla.",sin CMP detectada
14,mundo,UCL,https://www.ucl.ac.uk/,1.4.3,afw4f7,Text has minimum contrast,52,ul.global-navigation > li.global-navigation__item > a.global-navigation__link > span.link__content,no,,,,R02,2026-09-08,,"No es un caracter visible: la regla no aplica. Texto oculto visualmente, de tamano cero o desplazado fuera de pantalla.",sin CMP detectada
14,mundo,UCL,https://www.ucl.ac.uk/,1.4.3,afw4f7,Text has minimum contrast,53,ul.global-navigation > li.global-navigation__item > a.global-navigation__link > span.link__content,no,,,,R02,2026-09-08,,"No es un caracter visible: la regla no aplica. Texto oculto visualmente, de tamano cero o desplazado fuera de pantalla.",sin CMP detectada
14,mundo,UCL,https://www.ucl.ac.uk/,1.4.3,afw4f7,Text has minimum contrast,54,ul.global-navigation > li.global-navigation__item > a.global-navigation__link > span.link__content,no,,,,R02,2026-09-08,,"No es un caracter visible: la regla no aplica. Texto oculto visualmente, de tamano cero o desplazado fuera de pantalla.",sin CMP detectada
14,mundo,UCL,https://www.ucl.ac.uk/,1.4.3,afw4f7,Text has minimum contrast,55,li.global-navigation__item > div.global-navigation--sub-wrapper > button.button > span.sr-only,no,,,,R02,2026-09-08,,"No es un caracter visible: la regla no aplica. Texto oculto visualmente, de tamano cero o desplazado fuera de pantalla.",sin CMP detectada
14,mundo,UCL,https://www.ucl.ac.uk/,1.4.3,afw4f7,Text has minimum contrast,56,div.row > div.col-md-8 > div.homepage-hero__content > h1.heading,si,cumple,5.39:1,,R02,2026-09-08,,"umbral 3:1 (texto grande, 24.0px); texto: ""Welcome to UCL""",sin CMP detectada
14,mundo,UCL,https://www.ucl.ac.uk/,1.4.3,afw4f7,Text has minimum contrast,57,div.row > div.col-md-8 > div.homepage-hero__content > p.homepage-hero__paragraph,si,cumple,14.04:1,,R02,2026-09-08,,"umbral 4.5:1 (texto normal, 16.0px); texto: ""Two centuries ago, our founders had a vision: to open higher""",sin CMP detectada
14,mundo,UCL,https://www.ucl.ac.uk/,1.4.3,afw4f7,Text has minimum contrast,58,div.js-accordion-heading > h2.heading > button.accordion__button > span.accordion__button__text,si,cumple,14.66:1,,R02,2026-09-08,,"umbral 4.5:1 (texto normal, 20.0px); texto: ""Undergraduate study""",sin CMP detectada
14,mundo,UCL,https://www.ucl.ac.uk/,1.4.3,afw4f7,Text has minimum contrast,59,div.quick-links > div.accordion > div.js-accordion-heading > div.accordion__heading-text,si,cumple,14.66:1,,R02,2026-09-08,,"umbral 4.5:1 (texto normal, 16.0px); texto: ""Browse more than 400 Undergraduate courses""",sin CMP detectada
14,mundo,UCL,https://www.ucl.ac.uk/,1.4.3,afw4f7,Text has minimum contrast,60,div.quick-links > div.accordion > div.accordion__links > a,no,,,,R02,2026-09-08,,"No es un caracter visible: la regla no aplica. Texto oculto visualmente, de tamano cero o desplazado fuera de pantalla.",sin CMP detectada
14,mundo,UCL,https://www.ucl.ac.uk/,1.4.3,afw4f7,Text has minimum contrast,61,div.quick-links > div.accordion > div.accordion__links > a,no,,,,R02,2026-09-08,,"No es un caracter visible: la regla no aplica. Texto oculto visualmente, de tamano cero o desplazado fuera de pantalla.",sin CMP detectada
14,mundo,UCL,https://www.ucl.ac.uk/,1.4.3,afw4f7,Text has minimum contrast,62,div.quick-links > div.accordion > div.accordion__links > a,no,,,,R02,2026-09-08,,"No es un caracter visible: la regla no aplica. Texto oculto visualmente, de tamano cero o desplazado fuera de pantalla.",sin CMP detectada
14,mundo,UCL,https://www.ucl.ac.uk/,1.4.3,afw4f7,Text has minimum contrast,63,div.quick-links > div.accordion > div.accordion__links > a,no,,,,R02,2026-09-08,,"No es un caracter visible: la regla no aplica. Texto oculto visualmente, de tamano cero o desplazado fuera de pantalla.",sin CMP detectada
14,mundo,UCL,https://www.ucl.ac.uk/,1.4.3,afw4f7,Text has minimum contrast,64,div.quick-links > div.accordion > div.accordion__links > a,no,,,,R02,2026-09-08,,"No es un caracter visible: la regla no aplica. Texto oculto visualmente, de tamano cero o desplazado fuera de pantalla.",sin CMP detectada
14,mundo,UCL,https://www.ucl.ac.uk/,1.4.3,afw4f7,Text has minimum contrast,65,div.js-accordion-heading > h2.heading > button.accordion__button > span.accordion__button__text,si,cumple,14.66:1,,R02,2026-09-08,,"umbral 4.5:1 (texto normal, 20.0px); texto: ""Graduate study""",sin CMP detectada
14,mundo,UCL,https://www.ucl.ac.uk/,1.4.3,afw4f7,Text has minimum contrast,66,div.quick-links > div.accordion > div.js-accordion-heading > div.accordion__heading-text,si,cumple,14.66:1,,R02,2026-09-08,,"umbral 4.5:1 (texto normal, 16.0px); texto: ""Browse over 700 Graduate courses""",sin CMP detectada
14,mundo,UCL,https://www.ucl.ac.uk/,1.4.3,afw4f7,Text has minimum contrast,67,div.quick-links > div.accordion > div.accordion__links > a,no,,,,R02,2026-09-08,,"No es un caracter visible: la regla no aplica. Texto oculto visualmente, de tamano cero o desplazado fuera de pantalla.",sin CMP detectada
14,mundo,UCL,https://www.ucl.ac.uk/,1.4.3,afw4f7,Text has minimum contrast,68,div.quick-links > div.accordion > div.accordion__links > a,no,,,,R02,2026-09-08,,"No es un caracter visible: la regla no aplica. Texto oculto visualmente, de tamano cero o desplazado fuera de pantalla.",sin CMP detectada
14,mundo,UCL,https://www.ucl.ac.uk/,1.4.3,afw4f7,Text has minimum contrast,69,div.quick-links > div.accordion > div.accordion__links > a,no,,,,R02,2026-09-08,,"No es un caracter visible: la regla no aplica. Texto oculto visualmente, de tamano cero o desplazado fuera de pantalla.",sin CMP detectada
14,mundo,UCL,https://www.ucl.ac.uk/,1.4.3,afw4f7,Text has minimum contrast,70,div.quick-links > div.accordion > div.accordion__links > a,no,,,,R02,2026-09-08,,"No es un caracter visible: la regla no aplica. Texto oculto visualmente, de tamano cero o desplazado fuera de pantalla.",sin CMP detectada
14,mundo,UCL,https://www.ucl.ac.uk/,1.4.3,afw4f7,Text has minimum contrast,71,div.js-accordion-heading > h2.heading > button.accordion__button > span.accordion__button__text,si,cumple,14.66:1,,R02,2026-09-08,,"umbral 4.5:1 (texto normal, 20.0px); texto: ""Short Courses, CPD and more""",sin CMP detectada
14,mundo,UCL,https://www.ucl.ac.uk/,1.4.3,afw4f7,Text has minimum contrast,72,div.quick-links > div.accordion > div.js-accordion-heading > div.accordion__heading-text,si,cumple,14.66:1,,R02,2026-09-08,,"umbral 4.5:1 (texto normal, 16.0px); texto: ""Find out about other ways to study at UCL""",sin CMP detectada
14,mundo,UCL,https://www.ucl.ac.uk/,1.4.3,afw4f7,Text has minimum contrast,73,div.quick-links > div.accordion > div.accordion__links > a,no,,,,R02,2026-09-08,,"No es un caracter visible: la regla no aplica. Texto oculto visualmente, de tamano cero o desplazado fuera de pantalla.",sin CMP detectada
14,mundo,UCL,https://www.ucl.ac.uk/,1.4.3,afw4f7,Text has minimum contrast,74,div.quick-links > div.accordion > div.accordion__links > a,no,,,,R02,2026-09-08,,"No es un caracter visible: la regla no aplica. Texto oculto visualmente, de tamano cero o desplazado fuera de pantalla.",sin CMP detectada
14,mundo,UCL,https://www.ucl.ac.uk/,1.4.3,afw4f7,Text has minimum contrast,75,div.quick-links > div.accordion > div.accordion__links > a,no,,,,R02,2026-09-08,,"No es un caracter visible: la regla no aplica. Texto oculto visualmente, de tamano cero o desplazado fuera de pantalla.",sin CMP detectada
14,mundo,UCL,https://www.ucl.ac.uk/,1.4.3,afw4f7,Text has minimum contrast,76,div.quick-links > div.accordion > div.accordion__links > a,no,,,,R02,2026-09-08,,"No es un caracter visible: la regla no aplica. Texto oculto visualmente, de tamano cero o desplazado fuera de pantalla.",sin CMP detectada
14,mundo,UCL,https://www.ucl.ac.uk/,1.4.3,afw4f7,Text has minimum contrast,77,div.quick-links > div.accordion > div.accordion__links > a,no,,,,R02,2026-09-08,,"No es un caracter visible: la regla no aplica. Texto oculto visualmente, de tamano cero o desplazado fuera de pantalla.",sin CMP detectada
14,mundo,UCL,https://www.ucl.ac.uk/,1.4.3,afw4f7,Text has minimum contrast,78,div.cta-item__container > div.cta-item > div.cta-item__content > h2.heading,si,cumple,5.39:1,,R02,2026-09-08,,"umbral 3:1 (texto grande, 28.0px); texto: ""Make your Master’s matter""",sin CMP detectada
14,mundo,UCL,https://www.ucl.ac.uk/,1.4.3,afw4f7,Text has minimum contrast,79,div.cta-item__container > div.cta-item > div.cta-item__content > p.paragraph,si,cumple,14.04:1,,R02,2026-09-08,,"umbral 4.5:1 (texto normal, 16.0px); texto: ""Gain knowledge. Gain advantage.""",sin CMP detectada
14,mundo,UCL,https://www.ucl.ac.uk/,1.4.3,afw4f7,Text has minimum contrast,80,div.cta-item__container > div.cta-item > div.cta-item__content > a.button,si,cumple,14.66:1,,R02,2026-09-08,,"umbral 4.5:1 (texto normal, 18.0px); texto: ""Apply now""",sin CMP detectada
14,mundo,UCL,https://www.ucl.ac.uk/,1.4.3,afw4f7,Text has minimum contrast,81,div.curated-cards > div.base-card > div.base-card__container > a.link,no,,,,R02,2026-09-08,,"No es un caracter visible: la regla no aplica. Texto oculto visualmente, de tamano cero o desplazado fuera de pantalla.",sin CMP detectada
14,mundo,UCL,https://www.ucl.ac.uk/,1.4.3,afw4f7,Text has minimum contrast,82,div.base-card__container > div.base-card__content > div.base-card__heading > h2.heading,si,cumple,16.67:1,,R02,2026-09-08,,"umbral 4.5:1 (texto normal, 20.0px); texto: ""Undergraduate Open Days""",sin CMP detectada
14,mundo,UCL,https://www.ucl.ac.uk/,1.4.3,afw4f7,Text has minimum contrast,83,div.base-card__container > div.base-card__content > div.base-card__text > p.base-card__paragraph,si,cumple,16.67:1,,R02,2026-09-08,,"umbral 4.5:1 (texto normal, 16.0px); texto: ""Access recordings of our Undergraduate Virtual Open Events, """,sin CMP detectada
14,mundo,UCL,https://www.ucl.ac.uk/,1.4.3,afw4f7,Text has minimum contrast,84,div.curated-cards > div.base-card > div.base-card__container > a.link,no,,,,R02,2026-09-08,,"No es un caracter visible: la regla no aplica. Texto oculto visualmente, de tamano cero o desplazado fuera de pantalla.",sin CMP detectada
14,mundo,UCL,https://www.ucl.ac.uk/,1.4.3,afw4f7,Text has minimum contrast,85,div.base-card__container > div.base-card__content > div.base-card__heading > h2.heading,si,cumple,16.67:1,,R02,2026-09-08,,"umbral 4.5:1 (texto normal, 20.0px); texto: ""How we support our students""",sin CMP detectada
14,mundo,UCL,https://www.ucl.ac.uk/,1.4.3,afw4f7,Text has minimum contrast,86,div.base-card__container > div.base-card__content > div.base-card__text > p.base-card__paragraph,si,cumple,16.67:1,,R02,2026-09-08,,"umbral 4.5:1 (texto normal, 16.0px); texto: ""Our team of expert wellbeing, disability and mental health s""",sin CMP detectada
14,mundo,UCL,https://www.ucl.ac.uk/,1.4.3,afw4f7,Text has minimum contrast,87,div.block > article.node > div.feed-widget > h2.feed-widget__heading,si,cumple,17.40:1,,R02,2026-09-08,,"umbral 3:1 (texto grande, 32.0px); texto: ""Latest news""",sin CMP detectada
14,mundo,UCL,https://www.ucl.ac.uk/,1.4.3,afw4f7,Text has minimum contrast,88,div.row > div.base-card > div.base-card__container > a.link,no,,,,R02,2026-09-08,,"No es un caracter visible: la regla no aplica. Texto oculto visualmente, de tamano cero o desplazado fuera de pantalla.",sin CMP detectada
14,mundo,UCL,https://www.ucl.ac.uk/,1.4.3,afw4f7,Text has minimum contrast,89,div.base-card__container > div.base-card__content > div.base-card__heading > h3.heading,si,cumple,16.67:1,,R02,2026-09-08,,"umbral 4.5:1 (texto normal, 20.0px); texto: ""Possible hint of dark matter recorded""",sin CMP detectada
14,mundo,UCL,https://www.ucl.ac.uk/,1.4.3,afw4f7,Text has minimum contrast,90,div.base-card__container > div.base-card__content > div.base-card__text > p.base-card__paragraph,si,cumple,16.67:1,,R02,2026-09-08,,"umbral 4.5:1 (texto normal, 16.0px); texto: ""A new analysis from the LUX-ZEPLIN (LZ) experiment involving""",sin CMP detectada
14,mundo,UCL,https://www.ucl.ac.uk/,1.4.3,afw4f7,Text has minimum contrast,91,div.base-card__container > div.base-card__content > div.base-card__date > p.base-card__paragraph,si,cumple,16.67:1,,R02,2026-09-08,,"umbral 4.5:1 (texto normal, 16.0px); texto: ""01 Sep 2026""",sin CMP detectada
14,mundo,UCL,https://www.ucl.ac.uk/,1.4.3,afw4f7,Text has minimum contrast,92,div.row > div.base-card > div.base-card__container > a.link,no,,,,R02,2026-09-08,,"No es un caracter visible: la regla no aplica. Texto oculto visualmente, de tamano cero o desplazado fuera de pantalla.",sin CMP detectada
14,mundo,UCL,https://www.ucl.ac.uk/,1.4.3,afw4f7,Text has minimum contrast,93,div.base-card__container > div.base-card__content > div.base-card__heading > h3.heading,si,cumple,16.67:1,,R02,2026-09-08,,"umbral 4.5:1 (texto normal, 20.0px); texto: ""First patient in live AI-assisted sight-saving brain surgery""",sin CMP detectada
14,mundo,UCL,https://www.ucl.ac.uk/,1.4.3,afw4f7,Text has minimum contrast,94,div.base-card__container > div.base-card__content > div.base-card__text > p.base-card__paragraph,si,cumple,16.67:1,,R02,2026-09-08,,"umbral 4.5:1 (texto normal, 16.0px); texto: ""The first use of artificial intelligence to support a neuros""",sin CMP detectada
14,mundo,UCL,https://www.ucl.ac.uk/,1.4.3,afw4f7,Text has minimum contrast,95,div.base-card__container > div.base-card__content > div.base-card__date > p.base-card__paragraph,si,cumple,16.67:1,,R02,2026-09-08,,"umbral 4.5:1 (texto normal, 16.0px); texto: ""27 Aug 2026""",sin CMP detectada
14,mundo,UCL,https://www.ucl.ac.uk/,1.4.3,afw4f7,Text has minimum contrast,96,div.row > div.base-card > div.base-card__container > a.link,no,,,,R02,2026-09-08,,"No es un caracter visible: la regla no aplica. Texto oculto visualmente, de tamano cero o desplazado fuera de pantalla.",sin CMP detectada
14,mundo,UCL,https://www.ucl.ac.uk/,1.4.3,afw4f7,Text has minimum contrast,97,div.base-card__container > div.base-card__content > div.base-card__heading > h3.heading,si,cumple,16.67:1,,R02,2026-09-08,,"umbral 4.5:1 (texto normal, 20.0px); texto: ""Spy device detectors fail users most reliant on them""",sin CMP detectada
14,mundo,UCL,https://www.ucl.ac.uk/,1.4.3,afw4f7,Text has minimum contrast,98,div.base-card__container > div.base-card__content > div.base-card__text > p.base-card__paragraph,si,cumple,16.67:1,,R02,2026-09-08,,"umbral 4.5:1 (texto normal, 16.0px); texto: ""Consumer detectors sold to help people find hidden surveilla""",sin CMP detectada
14,mundo,UCL,https://www.ucl.ac.uk/,1.4.3,afw4f7,Text has minimum contrast,99,div.base-card__container > div.base-card__content > div.base-card__date > p.base-card__paragraph,si,cumple,16.67:1,,R02,2026-09-08,,"umbral 4.5:1 (texto normal, 16.0px); texto: ""24 Aug 2026""",sin CMP detectada
14,mundo,UCL,https://www.ucl.ac.uk/,1.4.3,afw4f7,Text has minimum contrast,100,div.row > div.card-link > div.card-link__content > a.link,si,cumple,14.04:1,,R02,2026-09-08,,"umbral 4.5:1 (texto normal, 20.0px); texto: ""More news""",sin CMP detectada
14,mundo,UCL,https://www.ucl.ac.uk/,1.4.3,afw4f7,Text has minimum contrast,101,div.spotlight > div.row > div.spotlight__content > p.spotlight__paragraph,si,cumple,8.51:1,,R02,2026-09-08,,"umbral 4.5:1 (texto normal, 14.0px); texto: ""Rankings""",sin CMP detectada
14,mundo,UCL,https://www.ucl.ac.uk/,1.4.3,afw4f7,Text has minimum contrast,102,div.spotlight > div.row > div.spotlight__content > h2.heading,si,cumple,5.39:1,,R02,2026-09-08,,"umbral 3:1 (texto grande, 40.0px); texto: ""UCL ranked 8th best university in QS world rankings 2027""",sin CMP detectada
14,mundo,UCL,https://www.ucl.ac.uk/,1.4.3,afw4f7,Text has minimum contrast,103,div.spotlight > div.row > div.spotlight__content > p.spotlight__paragraph,si,cumple,14.66:1,,R02,2026-09-08,,"umbral 4.5:1 (texto normal, 16.0px); texto: ""UCL has risen to joint eighth place in the QS World Universi""",sin CMP detectada
14,mundo,UCL,https://www.ucl.ac.uk/,1.4.3,afw4f7,Text has minimum contrast,104,div.spotlight > div.row > div.spotlight__content > a.link,si,cumple,14.66:1,,R02,2026-09-08,,"umbral 4.5:1 (texto normal, 18.0px); texto: ""Find out more""",sin CMP detectada
14,mundo,UCL,https://www.ucl.ac.uk/,1.4.3,afw4f7,Text has minimum contrast,105,div.block > article.node > div.feed-widget > h2.feed-widget__heading,si,cumple,17.40:1,,R02,2026-09-08,,"umbral 3:1 (texto grande, 32.0px); texto: ""Discover how UCL changes the world""",sin CMP detectada
14,mundo,UCL,https://www.ucl.ac.uk/,1.4.3,afw4f7,Text has minimum contrast,106,div.row > div.base-card > div.base-card__container > a.link,no,,,,R02,2026-09-08,,"No es un caracter visible: la regla no aplica. Texto oculto visualmente, de tamano cero o desplazado fuera de pantalla.",sin CMP detectada
14,mundo,UCL,https://www.ucl.ac.uk/,1.4.3,afw4f7,Text has minimum contrast,107,div.base-card__container > div.base-card__content > div.base-card__heading > h3.heading,si,cumple,16.67:1,,R02,2026-09-08,,"umbral 4.5:1 (texto normal, 20.0px); texto: ""Novel treatment for motor neurone disease to be trialled in """,sin CMP detectada
14,mundo,UCL,https://www.ucl.ac.uk/,1.4.3,afw4f7,Text has minimum contrast,108,div.base-card__container > div.base-card__content > div.base-card__text > p.base-card__paragraph,si,cumple,16.67:1,,R02,2026-09-08,,"umbral 4.5:1 (texto normal, 16.0px); texto: ""A pioneering experimental treatment for motor neurone diseas""",sin CMP detectada
14,mundo,UCL,https://www.ucl.ac.uk/,1.4.3,afw4f7,Text has minimum contrast,109,div.base-card__container > div.base-card__content > div.base-card__date > p.base-card__paragraph,si,cumple,16.67:1,,R02,2026-09-08,,"umbral 4.5:1 (texto normal, 16.0px); texto: ""27 Jul 2026""",sin CMP detectada
14,mundo,UCL,https://www.ucl.ac.uk/,1.4.3,afw4f7,Text has minimum contrast,110,div.row > div.base-card > div.base-card__container > a.link,no,,,,R02,2026-09-08,,"No es un caracter visible: la regla no aplica. Texto oculto visualmente, de tamano cero o desplazado fuera de pantalla.",sin CMP detectada
14,mundo,UCL,https://www.ucl.ac.uk/,1.4.3,afw4f7,Text has minimum contrast,111,div.base-card__container > div.base-card__content > div.base-card__heading > h3.heading,si,cumple,16.67:1,,R02,2026-09-08,,"umbral 4.5:1 (texto normal, 20.0px); texto: ""Solar windows could harvest energy from sun and indoor light""",sin CMP detectada
14,mundo,UCL,https://www.ucl.ac.uk/,1.4.3,afw4f7,Text has minimum contrast,112,div.base-card__container > div.base-card__content > div.base-card__text > p.base-card__paragraph,si,cumple,16.67:1,,R02,2026-09-08,,"umbral 4.5:1 (texto normal, 16.0px); texto: ""Semi-transparent solar cells that could be added to windows """,sin CMP detectada
14,mundo,UCL,https://www.ucl.ac.uk/,1.4.3,afw4f7,Text has minimum contrast,113,div.base-card__container > div.base-card__content > div.base-card__date > p.base-card__paragraph,si,cumple,16.67:1,,R02,2026-09-08,,"umbral 4.5:1 (texto normal, 16.0px); texto: ""17 Jul 2026""",sin CMP detectada
14,mundo,UCL,https://www.ucl.ac.uk/,1.4.3,afw4f7,Text has minimum contrast,114,div.row > div.base-card > div.base-card__container > a.link,no,,,,R02,2026-09-08,,"No es un caracter visible: la regla no aplica. Texto oculto visualmente, de tamano cero o desplazado fuera de pantalla.",sin CMP detectada
14,mundo,UCL,https://www.ucl.ac.uk/,1.4.3,afw4f7,Text has minimum contrast,115,div.base-card__container > div.base-card__content > div.base-card__heading > h3.heading,si,cumple,16.67:1,,R02,2026-09-08,,"umbral 4.5:1 (texto normal, 20.0px); texto: ""CAR T-cell therapy shows early promise in severe lupus""",sin CMP detectada
14,mundo,UCL,https://www.ucl.ac.uk/,1.4.3,afw4f7,Text has minimum contrast,116,div.base-card__container > div.base-card__content > div.base-card__text > p.base-card__paragraph,si,cumple,16.67:1,,R02,2026-09-08,,"umbral 4.5:1 (texto normal, 16.0px); texto: ""Early results from a UCL and UCLH-led clinical trial suggest""",sin CMP detectada
14,mundo,UCL,https://www.ucl.ac.uk/,1.4.3,afw4f7,Text has minimum contrast,117,div.base-card__container > div.base-card__content > div.base-card__date > p.base-card__paragraph,si,cumple,16.67:1,,R02,2026-09-08,,"umbral 4.5:1 (texto normal, 16.0px); texto: ""12 Jun 2026""",sin CMP detectada
14,mundo,UCL,https://www.ucl.ac.uk/,1.4.3,afw4f7,Text has minimum contrast,118,div.row > div.card-link > div.card-link__content > a.link,si,cumple,14.04:1,,R02,2026-09-08,,"umbral 4.5:1 (texto normal, 20.0px); texto: ""More UCL research discoveries""",sin CMP detectada
14,mundo,UCL,https://www.ucl.ac.uk/,1.4.3,afw4f7,Text has minimum contrast,119,div.spotlight > div.row > div.spotlight__content > p.spotlight__paragraph,si,cumple,8.51:1,,R02,2026-09-08,,"umbral 4.5:1 (texto normal, 14.0px); texto: ""UCL200""",sin CMP detectada
14,mundo,UCL,https://www.ucl.ac.uk/,1.4.3,afw4f7,Text has minimum contrast,120,div.spotlight > div.row > div.spotlight__content > h2.heading,si,cumple,5.39:1,,R02,2026-09-08,,"umbral 3:1 (texto grande, 40.0px); texto: ""UCL’s Bicentenary""",sin CMP detectada
14,mundo,UCL,https://www.ucl.ac.uk/,1.4.3,afw4f7,Text has minimum contrast,121,div.spotlight > div.row > div.spotlight__content > p.spotlight__paragraph,si,cumple,14.66:1,,R02,2026-09-08,,"umbral 4.5:1 (texto normal, 16.0px); texto: ""In 1826, UCL was founded as London’s very first university. """,sin CMP detectada
14,mundo,UCL,https://www.ucl.ac.uk/,1.4.3,afw4f7,Text has minimum contrast,122,div.spotlight > div.row > div.spotlight__content > a.link,si,cumple,14.66:1,,R02,2026-09-08,,"umbral 4.5:1 (texto normal, 18.0px); texto: ""Find out more""",sin CMP detectada
14,mundo,UCL,https://www.ucl.ac.uk/,1.4.3,afw4f7,Text has minimum contrast,123,div.row > div.whats-on__header-container > div.whats-on__header > h2.heading,si,cumple,5.39:1,,R02,2026-09-08,,"umbral 3:1 (texto grande, 32.0px); texto: ""What's on""",sin CMP detectada
14,mundo,UCL,https://www.ucl.ac.uk/,1.4.3,afw4f7,Text has minimum contrast,124,div.row > div.whats-on__header-container > div.whats-on__header > a.link,si,cumple,14.66:1,,R02,2026-09-08,,"umbral 4.5:1 (texto normal, 18.0px); texto: ""More public events""",sin CMP detectada
14,mundo,UCL,https://www.ucl.ac.uk/,1.4.3,afw4f7,Text has minimum contrast,125,div.views-element-container > div.whats-on-item > div.whats-on-item__date > p.whats-on-item__paragraph,si,cumple,17.40:1,,R02,2026-09-08,,"umbral 4.5:1 (texto normal, 20.0px); texto: ""07 Feb to 07 Nov""",sin CMP detectada
14,mundo,UCL,https://www.ucl.ac.uk/,1.4.3,afw4f7,Text has minimum contrast,126,div.views-element-container > div.whats-on-item > div.whats-on-item__information > a.link,si,cumple,4.73:1,,R02,2026-09-08,,"umbral 4.5:1 (texto normal, 18.0px); texto: ""Saturday Studios in the Culture Lab""",sin CMP detectada
14,mundo,UCL,https://www.ucl.ac.uk/,1.4.3,afw4f7,Text has minimum contrast,127,div.views-element-container > div.whats-on-item > div.whats-on-item__information > p.whats-on-item__paragraph,si,cumple,17.40:1,,R02,2026-09-08,,"umbral 4.5:1 (texto normal, 16.0px); texto: ""07 Feb 2026 - 07 Nov 2026""",sin CMP detectada
14,mundo,UCL,https://www.ucl.ac.uk/,1.4.3,afw4f7,Text has minimum contrast,128,div.views-element-container > div.whats-on-item > div.whats-on-item__date > p.whats-on-item__paragraph,si,cumple,17.40:1,,R02,2026-09-08,,"umbral 4.5:1 (texto normal, 20.0px); texto: ""18 Feb to 31 Jul""",sin CMP detectada
14,mundo,UCL,https://www.ucl.ac.uk/,1.4.3,afw4f7,Text has minimum contrast,129,div.views-element-container > div.whats-on-item > div.whats-on-item__information > a.link,si,cumple,4.73:1,,R02,2026-09-08,,"umbral 4.5:1 (texto normal, 18.0px); texto: ""Two Centuries Here: The UCL200 exhibition""",sin CMP detectada
14,mundo,UCL,https://www.ucl.ac.uk/,1.4.3,afw4f7,Text has minimum contrast,130,div.views-element-container > div.whats-on-item > div.whats-on-item__information > p.whats-on-item__paragraph,si,cumple,17.40:1,,R02,2026-09-08,,"umbral 4.5:1 (texto normal, 16.0px); texto: ""18 Feb 2026 - 31 Jul 2027""",sin CMP detectada
14,mundo,UCL,https://www.ucl.ac.uk/,1.4.3,afw4f7,Text has minimum contrast,131,div.views-element-container > div.whats-on-item > div.whats-on-item__date > p.whats-on-item__paragraph,si,cumple,17.40:1,,R02,2026-09-08,,"umbral 4.5:1 (texto normal, 20.0px); texto: ""18 Mar to 02 Dec""",sin CMP detectada
14,mundo,UCL,https://www.ucl.ac.uk/,1.4.3,afw4f7,Text has minimum contrast,132,div.views-element-container > div.whats-on-item > div.whats-on-item__information > a.link,si,cumple,4.73:1,,R02,2026-09-08,,"umbral 4.5:1 (texto normal, 18.0px); texto: ""UCL200 Walking Tour""",sin CMP detectada
14,mundo,UCL,https://www.ucl.ac.uk/,1.4.3,afw4f7,Text has minimum contrast,133,div.views-element-container > div.whats-on-item > div.whats-on-item__information > p.whats-on-item__paragraph,si,cumple,17.40:1,,R02,2026-09-08,,"umbral 4.5:1 (texto normal, 16.0px); texto: ""18 Mar 2026 - 02 Dec 2026""",sin CMP detectada
14,mundo,UCL,https://www.ucl.ac.uk/,1.4.3,afw4f7,Text has minimum contrast,134,div.block > article.node > div.feed-widget > h2.feed-widget__heading,si,cumple,17.40:1,,R02,2026-09-08,,"umbral 3:1 (texto grande, 32.0px); texto: ""Meet our people""",sin CMP detectada
14,mundo,UCL,https://www.ucl.ac.uk/,1.4.3,afw4f7,Text has minimum contrast,135,div.row > div.base-card > div.base-card__container > a.link,no,,,,R02,2026-09-08,,"No es un caracter visible: la regla no aplica. Texto oculto visualmente, de tamano cero o desplazado fuera de pantalla.",sin CMP detectada
14,mundo,UCL,https://www.ucl.ac.uk/,1.4.3,afw4f7,Text has minimum contrast,136,div.base-card__container > div.base-card__content > div.base-card__heading > h3.heading,si,cumple,16.67:1,,R02,2026-09-08,,"umbral 4.5:1 (texto normal, 20.0px); texto: ""UCL academics elected as Fellows of the Academy of Social Sc""",sin CMP detectada
14,mundo,UCL,https://www.ucl.ac.uk/,1.4.3,afw4f7,Text has minimum contrast,137,div.base-card__container > div.base-card__content > div.base-card__text > p.base-card__paragraph,si,cumple,16.67:1,,R02,2026-09-08,,"umbral 4.5:1 (texto normal, 16.0px); texto: ""Five UCL academics have been recognised by the Academy of So""",sin CMP detectada
14,mundo,UCL,https://www.ucl.ac.uk/,1.4.3,afw4f7,Text has minimum contrast,138,div.base-card__container > div.base-card__content > div.base-card__date > p.base-card__paragraph,si,cumple,16.67:1,,R02,2026-09-08,,"umbral 4.5:1 (texto normal, 16.0px); texto: ""04 Sep 2026""",sin CMP detectada
14,mundo,UCL,https://www.ucl.ac.uk/,1.4.3,afw4f7,Text has minimum contrast,139,div.row > div.base-card > div.base-card__container > a.link,no,,,,R02,2026-09-08,,"No es un caracter visible: la regla no aplica. Texto oculto visualmente, de tamano cero o desplazado fuera de pantalla.",sin CMP detectada
14,mundo,UCL,https://www.ucl.ac.uk/,1.4.3,afw4f7,Text has minimum contrast,140,div.base-card__container > div.base-card__content > div.base-card__heading > h3.heading,si,cumple,16.67:1,,R02,2026-09-08,,"umbral 4.5:1 (texto normal, 20.0px); texto: ""UCL academics awarded prestigious EU grants""",sin CMP detectada
14,mundo,UCL,https://www.ucl.ac.uk/,1.4.3,afw4f7,Text has minimum contrast,141,div.base-card__container > div.base-card__content > div.base-card__text > p.base-card__paragraph,si,cumple,16.67:1,,R02,2026-09-08,,"umbral 4.5:1 (texto normal, 16.0px); texto: ""Four UCL academics have been awarded European Research Counc""",sin CMP detectada
14,mundo,UCL,https://www.ucl.ac.uk/,1.4.3,afw4f7,Text has minimum contrast,142,div.base-card__container > div.base-card__content > div.base-card__date > p.base-card__paragraph,si,cumple,16.67:1,,R02,2026-09-08,,"umbral 4.5:1 (texto normal, 16.0px); texto: ""03 Sep 2026""",sin CMP detectada
14,mundo,UCL,https://www.ucl.ac.uk/,1.4.3,afw4f7,Text has minimum contrast,143,div.row > div.base-card > div.base-card__container > a.link,no,,,,R02,2026-09-08,,"No es un caracter visible: la regla no aplica. Texto oculto visualmente, de tamano cero o desplazado fuera de pantalla.",sin CMP detectada
14,mundo,UCL,https://www.ucl.ac.uk/,1.4.3,afw4f7,Text has minimum contrast,144,div.base-card__container > div.base-card__content > div.base-card__heading > h3.heading,si,cumple,16.67:1,,R02,2026-09-08,,"umbral 4.5:1 (texto normal, 20.0px); texto: ""UCL academics awarded Royal Society prizes""",sin CMP detectada
14,mundo,UCL,https://www.ucl.ac.uk/,1.4.3,afw4f7,Text has minimum contrast,145,div.base-card__container > div.base-card__content > div.base-card__text > p.base-card__paragraph,si,cumple,16.67:1,,R02,2026-09-08,,"umbral 4.5:1 (texto normal, 16.0px); texto: ""Two UCL researchers have been recognised by The Royal Societ""",sin CMP detectada
14,mundo,UCL,https://www.ucl.ac.uk/,1.4.3,afw4f7,Text has minimum contrast,146,div.base-card__container > div.base-card__content > div.base-card__date > p.base-card__paragraph,si,cumple,16.67:1,,R02,2026-09-08,,"umbral 4.5:1 (texto normal, 16.0px); texto: ""27 Aug 2026""",sin CMP detectada
14,mundo,UCL,https://www.ucl.ac.uk/,1.4.3,afw4f7,Text has minimum contrast,147,div.row > div.card-link > div.card-link__content > a.link,si,cumple,14.04:1,,R02,2026-09-08,,"umbral 4.5:1 (texto normal, 20.0px); texto: ""More about UCL community""",sin CMP detectada
14,mundo,UCL,https://www.ucl.ac.uk/,1.4.3,afw4f7,Text has minimum contrast,148,div.block > article.node > div.highlight-block > h2.highlight-block__heading,si,cumple,17.40:1,,R02,2026-09-08,,"umbral 3:1 (texto grande, 32.0px); texto: ""Spotlight on UCL podcasts""",sin CMP detectada
14,mundo,UCL,https://www.ucl.ac.uk/,1.4.3,afw4f7,Text has minimum contrast,149,div.highlight-block > div.base-card > div.base-card__container > a.link,no,,,,R02,2026-09-08,,"No es un caracter visible: la regla no aplica. Texto oculto visualmente, de tamano cero o desplazado fuera de pantalla.",sin CMP detectada
14,mundo,UCL,https://www.ucl.ac.uk/,1.4.3,afw4f7,Text has minimum contrast,150,div.base-card__container > div.base-card__content > div.base-card__eyebrow > p.base-card__paragraph,si,cumple,8.51:1,,R02,2026-09-08,,"umbral 4.5:1 (texto normal, 16.0px); texto: ""Shaping UCL and the world""",sin CMP detectada
14,mundo,UCL,https://www.ucl.ac.uk/,1.4.3,afw4f7,Text has minimum contrast,151,div.base-card__container > div.base-card__content > div.base-card__heading > h2.heading,si,cumple,8.93:1,,R02,2026-09-08,,"umbral 3:1 (texto grande, 28.0px); texto: ""Faces of UCL""",sin CMP detectada
14,mundo,UCL,https://www.ucl.ac.uk/,1.4.3,afw4f7,Text has minimum contrast,152,div.highlight-block > div.base-card > div.base-card__container > a.link,no,,,,R02,2026-09-08,,"No es un caracter visible: la regla no aplica. Texto oculto visualmente, de tamano cero o desplazado fuera de pantalla.",sin CMP detectada
14,mundo,UCL,https://www.ucl.ac.uk/,1.4.3,afw4f7,Text has minimum contrast,153,div.base-card__container > div.base-card__content > div.base-card__eyebrow > p.base-card__paragraph,si,cumple,8.51:1,,R02,2026-09-08,,"umbral 4.5:1 (texto normal, 16.0px); texto: ""Bridging the divide between conflicting views""",sin CMP detectada
14,mundo,UCL,https://www.ucl.ac.uk/,1.4.3,afw4f7,Text has minimum contrast,154,div.base-card__container > div.base-card__content > div.base-card__heading > h2.heading,si,cumple,8.93:1,,R02,2026-09-08,,"umbral 3:1 (texto grande, 28.0px); texto: ""The Bridge: A Disagreeing Well Podcast""",sin CMP detectada
14,mundo,UCL,https://www.ucl.ac.uk/,1.4.3,afw4f7,Text has minimum contrast,155,div.highlight-block > div.base-card > div.base-card__container > a.link,no,,,,R02,2026-09-08,,"No es un caracter visible: la regla no aplica. Texto oculto visualmente, de tamano cero o desplazado fuera de pantalla.",sin CMP detectada
14,mundo,UCL,https://www.ucl.ac.uk/,1.4.3,afw4f7,Text has minimum contrast,156,div.base-card__container > div.base-card__content > div.base-card__eyebrow > p.base-card__paragraph,si,cumple,8.51:1,,R02,2026-09-08,,"umbral 4.5:1 (texto normal, 16.0px); texto: ""Solutions for addressing societal challenges""",sin CMP detectada
14,mundo,UCL,https://www.ucl.ac.uk/,1.4.3,afw4f7,Text has minimum contrast,157,div.base-card__container > div.base-card__content > div.base-card__heading > h2.heading,si,cumple,8.93:1,,R02,2026-09-08,,"umbral 3:1 (texto grande, 28.0px); texto: ""Disruptive Voices Podcast""",sin CMP detectada
14,mundo,UCL,https://www.ucl.ac.uk/,1.4.3,afw4f7,Text has minimum contrast,158,div.highlight-block > div.base-card > div.base-card__container > a.link,no,,,,R02,2026-09-08,,"No es un caracter visible: la regla no aplica. Texto oculto visualmente, de tamano cero o desplazado fuera de pantalla.",sin CMP detectada
14,mundo,UCL,https://www.ucl.ac.uk/,1.4.3,afw4f7,Text has minimum contrast,159,div.base-card__container > div.base-card__content > div.base-card__eyebrow > p.base-card__paragraph,si,cumple,8.51:1,,R02,2026-09-08,,"umbral 4.5:1 (texto normal, 16.0px); texto: ""Tackling the challenges of the climate crisis""",sin CMP detectada
14,mundo,UCL,https://www.ucl.ac.uk/,1.4.3,afw4f7,Text has minimum contrast,160,div.base-card__container > div.base-card__content > div.base-card__heading > h2.heading,si,cumple,8.93:1,,R02,2026-09-08,,"umbral 3:1 (texto grande, 28.0px); texto: ""The Climate Podcast""",sin CMP detectada
14,mundo,UCL,https://www.ucl.ac.uk/,1.4.3,afw4f7,Text has minimum contrast,161,article.node > div.basic-content > div.basic-content__column > h2,si,cumple,17.40:1,,R02,2026-09-08,,"umbral 3:1 (texto grande, 32.0px); texto: ""More about life at UCL""",sin CMP detectada
14,mundo,UCL,https://www.ucl.ac.uk/,1.4.3,afw4f7,Text has minimum contrast,162,div.field > div.oembed-lazyload > div.ucl-privacy-placeholder > h3.ucl-consent-gate__title,si,cumple,21.00:1,,R02,2026-09-08,,"umbral 3:1 (texto grande, 20.0px negrita); texto: ""Third-party hosted content""",sin CMP detectada
14,mundo,UCL,https://www.ucl.ac.uk/,1.4.3,afw4f7,Text has minimum contrast,163,div.field > div.oembed-lazyload > div.ucl-privacy-placeholder > p.ucl-consent-gate__description,si,cumple,21.00:1,,R02,2026-09-08,,"umbral 4.5:1 (texto normal, 16.0px); texto: ""This content is hosted on""",sin CMP detectada
14,mundo,UCL,https://www.ucl.ac.uk/,1.4.3,afw4f7,Text has minimum contrast,164,div.oembed-lazyload > div.ucl-privacy-placeholder > p.ucl-consent-gate__description > strong,si,cumple,21.00:1,,R02,2026-09-08,,"umbral 4.5:1 (texto normal, 16.0px negrita); texto: ""YouTube""",sin CMP detectada
14,mundo,UCL,https://www.ucl.ac.uk/,1.4.3,afw4f7,Text has minimum contrast,165,div.field > div.oembed-lazyload > div.ucl-privacy-placeholder > a.ucl-consent-gate__link,si,cumple,10.04:1,,R02,2026-09-08,,"umbral 4.5:1 (texto normal, 14.0px); texto: ""https://www.youtube.com/watch?v=jxYFg3ygMgk""",sin CMP detectada
14,mundo,UCL,https://www.ucl.ac.uk/,1.4.3,afw4f7,Text has minimum contrast,166,div.field > div.oembed-lazyload > div.ucl-privacy-placeholder > button.ucl-consent-gate__button,si,cumple,5.39:1,,R02,2026-09-08,,"umbral 4.5:1 (texto normal, 16.0px negrita); texto: ""Accept embedded content cookies""",sin CMP detectada
14,mundo,UCL,https://www.ucl.ac.uk/,1.4.3,afw4f7,Text has minimum contrast,167,figure.embed-media-item > div.embed-media-item__container > div.col-12 > figcaption.embed-media-item__caption,si,cumple,17.40:1,,R02,2026-09-08,,"umbral 4.5:1 (texto normal, 16.0px); texto: ""Discover UCL's unique strengths""",sin CMP detectada
14,mundo,UCL,https://www.ucl.ac.uk/,1.4.3,afw4f7,Text has minimum contrast,168,div.field > div.oembed-lazyload > div.ucl-privacy-placeholder > h3.ucl-consent-gate__title,si,cumple,21.00:1,,R02,2026-09-08,,"umbral 3:1 (texto grande, 20.0px negrita); texto: ""Third-party hosted content""",sin CMP detectada
14,mundo,UCL,https://www.ucl.ac.uk/,1.4.3,afw4f7,Text has minimum contrast,169,div.field > div.oembed-lazyload > div.ucl-privacy-placeholder > p.ucl-consent-gate__description,si,cumple,21.00:1,,R02,2026-09-08,,"umbral 4.5:1 (texto normal, 16.0px); texto: ""This content is hosted on""",sin CMP detectada
14,mundo,UCL,https://www.ucl.ac.uk/,1.4.3,afw4f7,Text has minimum contrast,170,div.oembed-lazyload > div.ucl-privacy-placeholder > p.ucl-consent-gate__description > strong,si,cumple,21.00:1,,R02,2026-09-08,,"umbral 4.5:1 (texto normal, 16.0px negrita); texto: ""YouTube""",sin CMP detectada
14,mundo,UCL,https://www.ucl.ac.uk/,1.4.3,afw4f7,Text has minimum contrast,171,div.field > div.oembed-lazyload > div.ucl-privacy-placeholder > a.ucl-consent-gate__link,si,cumple,10.04:1,,R02,2026-09-08,,"umbral 4.5:1 (texto normal, 14.0px); texto: ""https://www.youtube.com/watch?v=fibAxF6t11o""",sin CMP detectada
14,mundo,UCL,https://www.ucl.ac.uk/,1.4.3,afw4f7,Text has minimum contrast,172,div.field > div.oembed-lazyload > div.ucl-privacy-placeholder > button.ucl-consent-gate__button,si,cumple,5.39:1,,R02,2026-09-08,,"umbral 4.5:1 (texto normal, 16.0px negrita); texto: ""Accept embedded content cookies""",sin CMP detectada
14,mundo,UCL,https://www.ucl.ac.uk/,1.4.3,afw4f7,Text has minimum contrast,173,figure.embed-media-item > div.embed-media-item__container > div.col-12 > figcaption.embed-media-item__caption,si,cumple,17.40:1,,R02,2026-09-08,,"umbral 4.5:1 (texto normal, 16.0px); texto: ""Study a Master's at UCL""",sin CMP detectada
14,mundo,UCL,https://www.ucl.ac.uk/,1.4.3,afw4f7,Text has minimum contrast,174,div.container > div.row > div.pre-footer__heading > h2.pre-footer__heading,si,cumple,10.19:1,,R02,2026-09-08,,"umbral 3:1 (texto grande, 40.0px); texto: ""Highlights""",sin CMP detectada
14,mundo,UCL,https://www.ucl.ac.uk/,1.4.3,afw4f7,Text has minimum contrast,175,div.row > div.pre-footer-card > div.pre-footer-card__container > a.link,no,,,,R02,2026-09-08,,"No es un caracter visible: la regla no aplica. Texto oculto visualmente, de tamano cero o desplazado fuera de pantalla.",sin CMP detectada
14,mundo,UCL,https://www.ucl.ac.uk/,1.4.3,afw4f7,Text has minimum contrast,176,div.row > div.pre-footer-card > div.pre-footer-card__container > p.pre-footer-card__paragraph,si,cumple,6.17:1,,R02,2026-09-08,,"umbral 4.5:1 (texto normal, 14.0px); texto: ""Highlight""",sin CMP detectada
14,mundo,UCL,https://www.ucl.ac.uk/,1.4.3,afw4f7,Text has minimum contrast,177,div.row > div.pre-footer-card > div.pre-footer-card__container > h3.heading,si,cumple,10.19:1,,R02,2026-09-08,,"umbral 4.5:1 (texto normal, 20.0px); texto: ""Top 10 in the World""",sin CMP detectada
14,mundo,UCL,https://www.ucl.ac.uk/,1.4.3,afw4f7,Text has minimum contrast,178,div.row > div.pre-footer-card > div.pre-footer-card__container > p.pre-footer-card__paragraph,si,cumple,10.19:1,,R02,2026-09-08,,"umbral 4.5:1 (texto normal, 16.0px); texto: ""UCL is 8th best university in the 2027 QS World University R""",sin CMP detectada
14,mundo,UCL,https://www.ucl.ac.uk/,1.4.3,afw4f7,Text has minimum contrast,179,div.row > div.pre-footer-card > div.pre-footer-card__container > a.link,no,,,,R02,2026-09-08,,"No es un caracter visible: la regla no aplica. Texto oculto visualmente, de tamano cero o desplazado fuera de pantalla.",sin CMP detectada
14,mundo,UCL,https://www.ucl.ac.uk/,1.4.3,afw4f7,Text has minimum contrast,180,div.row > div.pre-footer-card > div.pre-footer-card__container > p.pre-footer-card__paragraph,si,cumple,6.17:1,,R02,2026-09-08,,"umbral 4.5:1 (texto normal, 14.0px); texto: ""Highlight""",sin CMP detectada
14,mundo,UCL,https://www.ucl.ac.uk/,1.4.3,afw4f7,Text has minimum contrast,181,div.row > div.pre-footer-card > div.pre-footer-card__container > h3.heading,si,cumple,10.19:1,,R02,2026-09-08,,"umbral 4.5:1 (texto normal, 20.0px); texto: ""1st in UK QS Sustainability""",sin CMP detectada
14,mundo,UCL,https://www.ucl.ac.uk/,1.4.3,afw4f7,Text has minimum contrast,182,div.row > div.pre-footer-card > div.pre-footer-card__container > p.pre-footer-card__paragraph,si,cumple,10.19:1,,R02,2026-09-08,,"umbral 4.5:1 (texto normal, 16.0px); texto: ""UCL is 1st in the UK, 2nd in Europe, and 3rd globally in the""",sin CMP detectada
14,mundo,UCL,https://www.ucl.ac.uk/,1.4.3,afw4f7,Text has minimum contrast,183,div.row > div.pre-footer-card > div.pre-footer-card__container > a.link,no,,,,R02,2026-09-08,,"No es un caracter visible: la regla no aplica. Texto oculto visualmente, de tamano cero o desplazado fuera de pantalla.",sin CMP detectada
14,mundo,UCL,https://www.ucl.ac.uk/,1.4.3,afw4f7,Text has minimum contrast,184,div.row > div.pre-footer-card > div.pre-footer-card__container > p.pre-footer-card__paragraph,si,cumple,6.17:1,,R02,2026-09-08,,"umbral 4.5:1 (texto normal, 14.0px); texto: ""Highlight""",sin CMP detectada
14,mundo,UCL,https://www.ucl.ac.uk/,1.4.3,afw4f7,Text has minimum contrast,185,div.row > div.pre-footer-card > div.pre-footer-card__container > h3.heading,si,cumple,10.19:1,,R02,2026-09-08,,"umbral 4.5:1 (texto normal, 20.0px); texto: ""UCL in 2025""",sin CMP detectada
14,mundo,UCL,https://www.ucl.ac.uk/,1.4.3,afw4f7,Text has minimum contrast,186,div.row > div.pre-footer-card > div.pre-footer-card__container > p.pre-footer-card__paragraph,si,cumple,10.19:1,,R02,2026-09-08,,"umbral 4.5:1 (texto normal, 16.0px); texto: ""Browse some of the highlights of 2025 and how UCL is address""",sin CMP detectada
14,mundo,UCL,https://www.ucl.ac.uk/,1.4.3,afw4f7,Text has minimum contrast,187,div.layout-container > footer.footer > div.container > h2.heading,no,,,,R02,2026-09-08,,"No es un caracter visible: la regla no aplica. Texto oculto visualmente, de tamano cero o desplazado fuera de pantalla.",sin CMP detectada
14,mundo,UCL,https://www.ucl.ac.uk/,1.4.3,afw4f7,Text has minimum contrast,188,#block-footervisit,si,cumple,14.04:1,,R02,2026-09-08,,"umbral 4.5:1 (texto normal, 16.0px); texto: ""Visit""",sin CMP detectada
14,mundo,UCL,https://www.ucl.ac.uk/,1.4.3,afw4f7,Text has minimum contrast,189,ul.menu > li.menu__item > a.menu__link > span.link__content,si,cumple,14.04:1,,R02,2026-09-08,,"umbral 4.5:1 (texto normal, 14.0px); texto: ""Bloomsbury Theatre and Studio""",sin CMP detectada
14,mundo,UCL,https://www.ucl.ac.uk/,1.4.3,afw4f7,Text has minimum contrast,190,ul.menu > li.menu__item > a.menu__link > span.link__content,si,cumple,14.04:1,,R02,2026-09-08,,"umbral 4.5:1 (texto normal, 14.0px); texto: ""Library, Museums and Collections""",sin CMP detectada
14,mundo,UCL,https://www.ucl.ac.uk/,1.4.3,afw4f7,Text has minimum contrast,191,ul.menu > li.menu__item > a.menu__link > span.link__content,si,cumple,14.04:1,,R02,2026-09-08,,"umbral 4.5:1 (texto normal, 14.0px); texto: ""UCL Maps""",sin CMP detectada
14,mundo,UCL,https://www.ucl.ac.uk/,1.4.3,afw4f7,Text has minimum contrast,192,ul.menu > li.menu__item > a.menu__link > span.link__content,si,cumple,14.04:1,,R02,2026-09-08,,"umbral 4.5:1 (texto normal, 14.0px); texto: ""UCL Shop""",sin CMP detectada
14,mundo,UCL,https://www.ucl.ac.uk/,1.4.3,afw4f7,Text has minimum contrast,193,ul.menu > li.menu__item > a.menu__link > span.link__content,si,cumple,14.04:1,,R02,2026-09-08,,"umbral 4.5:1 (texto normal, 14.0px); texto: ""Contact UCL""",sin CMP detectada
14,mundo,UCL,https://www.ucl.ac.uk/,1.4.3,afw4f7,Text has minimum contrast,194,#block-footerstudents,si,cumple,14.04:1,,R02,2026-09-08,,"umbral 4.5:1 (texto normal, 16.0px); texto: ""Students""",sin CMP detectada
14,mundo,UCL,https://www.ucl.ac.uk/,1.4.3,afw4f7,Text has minimum contrast,195,ul.menu > li.menu__item > a.menu__link > span.link__content,si,cumple,14.04:1,,R02,2026-09-08,,"umbral 4.5:1 (texto normal, 14.0px); texto: ""Accommodation""",sin CMP detectada
14,mundo,UCL,https://www.ucl.ac.uk/,1.4.3,afw4f7,Text has minimum contrast,196,ul.menu > li.menu__item > a.menu__link > span.link__content,si,cumple,14.04:1,,R02,2026-09-08,,"umbral 4.5:1 (texto normal, 14.0px); texto: ""Current Students""",sin CMP detectada
14,mundo,UCL,https://www.ucl.ac.uk/,1.4.3,afw4f7,Text has minimum contrast,197,ul.menu > li.menu__item > a.menu__link > span.link__content,si,cumple,14.04:1,,R02,2026-09-08,,"umbral 4.5:1 (texto normal, 14.0px); texto: ""Moodle""",sin CMP detectada
14,mundo,UCL,https://www.ucl.ac.uk/,1.4.3,afw4f7,Text has minimum contrast,198,ul.menu > li.menu__item > a.menu__link > span.link__content,si,cumple,14.04:1,,R02,2026-09-08,,"umbral 4.5:1 (texto normal, 14.0px); texto: ""Students' Union""",sin CMP detectada
14,mundo,UCL,https://www.ucl.ac.uk/,1.4.3,afw4f7,Text has minimum contrast,199,#block-footerstaff,si,cumple,14.04:1,,R02,2026-09-08,,"umbral 4.5:1 (texto normal, 16.0px); texto: ""Staff""",sin CMP detectada
14,mundo,UCL,https://www.ucl.ac.uk/,1.4.3,afw4f7,Text has minimum contrast,200,ul.menu > li.menu__item > a.menu__link > span.link__content,si,cumple,14.04:1,,R02,2026-09-08,,"umbral 4.5:1 (texto normal, 14.0px); texto: ""Inside UCL""",sin CMP detectada
14,mundo,UCL,https://www.ucl.ac.uk/,1.4.3,afw4f7,Text has minimum contrast,201,ul.menu > li.menu__item > a.menu__link > span.link__content,si,cumple,14.04:1,,R02,2026-09-08,,"umbral 4.5:1 (texto normal, 14.0px); texto: ""Staff Intranet""",sin CMP detectada
14,mundo,UCL,https://www.ucl.ac.uk/,1.4.3,afw4f7,Text has minimum contrast,202,ul.menu > li.menu__item > a.menu__link > span.link__content,si,cumple,14.04:1,,R02,2026-09-08,,"umbral 4.5:1 (texto normal, 14.0px); texto: ""Work at UCL""",sin CMP detectada
14,mundo,UCL,https://www.ucl.ac.uk/,1.4.3,afw4f7,Text has minimum contrast,203,ul.menu > li.menu__item > a.menu__link > span.link__content,si,cumple,14.04:1,,R02,2026-09-08,,"umbral 4.5:1 (texto normal, 14.0px); texto: ""Human Resources""",sin CMP detectada
14,mundo,UCL,https://www.ucl.ac.uk/,1.4.3,afw4f7,Text has minimum contrast,204,div.footer__menu-container > div.footer__information > address.footer__text > p.footer__paragraph,si,cumple,14.66:1,,R02,2026-09-08,,"umbral 4.5:1 (texto normal, 14.0px); texto: ""University College London""",sin CMP detectada
14,mundo,UCL,https://www.ucl.ac.uk/,1.4.3,afw4f7,Text has minimum contrast,205,div.footer__menu-container > div.footer__information > address.footer__text > p.footer__paragraph,si,cumple,14.66:1,,R02,2026-09-08,,"umbral 4.5:1 (texto normal, 14.0px); texto: ""Gower Street, London, WC1E 6BT""",sin CMP detectada
14,mundo,UCL,https://www.ucl.ac.uk/,1.4.3,afw4f7,Text has minimum contrast,206,address.footer__text > p.footer__paragraph > a.link > span.footer__telephone-label,si,cumple,14.66:1,,R02,2026-09-08,,"umbral 4.5:1 (texto normal, 14.0px); texto: ""Telephone:""",sin CMP detectada
14,mundo,UCL,https://www.ucl.ac.uk/,1.4.3,afw4f7,Text has minimum contrast,207,div.footer__information > address.footer__text > p.footer__paragraph > a.link,si,cumple,14.66:1,,R02,2026-09-08,,"umbral 4.5:1 (texto normal, 14.0px); texto: ""+44 (0) 20 7679 2000""",sin CMP detectada
14,mundo,UCL,https://www.ucl.ac.uk/,1.4.3,afw4f7,Text has minimum contrast,208,#social-menu-heading,no,,,,R02,2026-09-08,,"No es un caracter visible: la regla no aplica. Texto oculto visualmente, de tamano cero o desplazado fuera de pantalla.",sin CMP detectada
14,mundo,UCL,https://www.ucl.ac.uk/,1.4.3,afw4f7,Text has minimum contrast,209,ul.social-menu > li.social-menu__item > a.social-menu__link > span.social-menu__text,no,,,,R02,2026-09-08,,"No es un caracter visible: la regla no aplica. Texto oculto visualmente, de tamano cero o desplazado fuera de pantalla.",sin CMP detectada
14,mundo,UCL,https://www.ucl.ac.uk/,1.4.3,afw4f7,Text has minimum contrast,210,ul.social-menu > li.social-menu__item > a.social-menu__link > span.social-menu__text,no,,,,R02,2026-09-08,,"No es un caracter visible: la regla no aplica. Texto oculto visualmente, de tamano cero o desplazado fuera de pantalla.",sin CMP detectada
14,mundo,UCL,https://www.ucl.ac.uk/,1.4.3,afw4f7,Text has minimum contrast,211,ul.social-menu > li.social-menu__item > a.social-menu__link > span.social-menu__text,no,,,,R02,2026-09-08,,"No es un caracter visible: la regla no aplica. Texto oculto visualmente, de tamano cero o desplazado fuera de pantalla.",sin CMP detectada
14,mundo,UCL,https://www.ucl.ac.uk/,1.4.3,afw4f7,Text has minimum contrast,212,ul.social-menu > li.social-menu__item > a.social-menu__link > span.social-menu__text,no,,,,R02,2026-09-08,,"No es un caracter visible: la regla no aplica. Texto oculto visualmente, de tamano cero o desplazado fuera de pantalla.",sin CMP detectada
14,mundo,UCL,https://www.ucl.ac.uk/,1.4.3,afw4f7,Text has minimum contrast,213,ul.social-menu > li.social-menu__item > a.social-menu__link > span.social-menu__text,no,,,,R02,2026-09-08,,"No es un caracter visible: la regla no aplica. Texto oculto visualmente, de tamano cero o desplazado fuera de pantalla.",sin CMP detectada
14,mundo,UCL,https://www.ucl.ac.uk/,1.4.3,afw4f7,Text has minimum contrast,214,ul.social-menu > li.social-menu__item > a.social-menu__link > span.social-menu__text,no,,,,R02,2026-09-08,,"No es un caracter visible: la regla no aplica. Texto oculto visualmente, de tamano cero o desplazado fuera de pantalla.",sin CMP detectada
14,mundo,UCL,https://www.ucl.ac.uk/,1.4.3,afw4f7,Text has minimum contrast,215,ul.social-menu > li.social-menu__item > a.social-menu__link > span.social-menu__text,no,,,,R02,2026-09-08,,"No es un caracter visible: la regla no aplica. Texto oculto visualmente, de tamano cero o desplazado fuera de pantalla.",sin CMP detectada
14,mundo,UCL,https://www.ucl.ac.uk/,1.4.3,afw4f7,Text has minimum contrast,216,ul.social-menu > li.social-menu__item > a.social-menu__link > span.social-menu__text,no,,,,R02,2026-09-08,,"No es un caracter visible: la regla no aplica. Texto oculto visualmente, de tamano cero o desplazado fuera de pantalla.",sin CMP detectada
14,mundo,UCL,https://www.ucl.ac.uk/,1.4.3,afw4f7,Text has minimum contrast,217,div.layout-container > footer.footer > div.container > span.footer__slogan,no,,,,R02,2026-09-08,,"No es un caracter visible: la regla no aplica. Texto oculto visualmente, de tamano cero o desplazado fuera de pantalla.",sin CMP detectada
14,mundo,UCL,https://www.ucl.ac.uk/,1.4.3,afw4f7,Text has minimum contrast,218,footer.footer > div.container > div.footer__back-to-top > a.button,si,cumple,14.66:1,,R02,2026-09-08,,"umbral 4.5:1 (texto normal, 14.0px); texto: ""Back to top""",sin CMP detectada
14,mundo,UCL,https://www.ucl.ac.uk/,1.4.3,afw4f7,Text has minimum contrast,219,#block-footeressential,no,,,,R02,2026-09-08,,"No es un caracter visible: la regla no aplica. Texto oculto visualmente, de tamano cero o desplazado fuera de pantalla.",sin CMP detectada
14,mundo,UCL,https://www.ucl.ac.uk/,1.4.3,afw4f7,Text has minimum contrast,220,ul.menu > li.menu__item > a.menu__link > span.link__content,si,cumple,5.39:1,,R02,2026-09-08,,"umbral 4.5:1 (texto normal, 14.0px); texto: ""Disclaimer""",sin CMP detectada
14,mundo,UCL,https://www.ucl.ac.uk/,1.4.3,afw4f7,Text has minimum contrast,221,ul.menu > li.menu__item > a.menu__link > span.link__content,si,cumple,5.39:1,,R02,2026-09-08,,"umbral 4.5:1 (texto normal, 14.0px); texto: ""Freedom of Information""",sin CMP detectada
14,mundo,UCL,https://www.ucl.ac.uk/,1.4.3,afw4f7,Text has minimum contrast,222,ul.menu > li.menu__item > a.menu__link > span.link__content,si,cumple,5.39:1,,R02,2026-09-08,,"umbral 4.5:1 (texto normal, 14.0px); texto: ""Accessibility""",sin CMP detectada
14,mundo,UCL,https://www.ucl.ac.uk/,1.4.3,afw4f7,Text has minimum contrast,223,ul.menu > li.menu__item > a.menu__link > span.link__content,si,cumple,5.39:1,,R02,2026-09-08,,"umbral 4.5:1 (texto normal, 14.0px); texto: ""Cookies""",sin CMP detectada
14,mundo,UCL,https://www.ucl.ac.uk/,1.4.3,afw4f7,Text has minimum contrast,224,ul.menu > li.menu__item > a.menu__link > span.link__content,si,cumple,5.39:1,,R02,2026-09-08,,"umbral 4.5:1 (texto normal, 14.0px); texto: ""Privacy""",sin CMP detectada
14,mundo,UCL,https://www.ucl.ac.uk/,1.4.3,afw4f7,Text has minimum contrast,225,ul.menu > li.menu__item > a.menu__link > span.link__content,si,cumple,5.39:1,,R02,2026-09-08,,"umbral 4.5:1 (texto normal, 14.0px); texto: ""Slavery statement""",sin CMP detectada
14,mundo,UCL,https://www.ucl.ac.uk/,1.4.3,afw4f7,Text has minimum contrast,226,ul.menu > li.menu__item > a.menu__link > span.link__content,si,cumple,5.39:1,,R02,2026-09-08,,"umbral 4.5:1 (texto normal, 14.0px); texto: ""Log in""",sin CMP detectada
14,mundo,UCL,https://www.ucl.ac.uk/,1.4.3,afw4f7,Text has minimum contrast,227,div.container > div.footer__bottom > div.footer__copyright > p.footer__paragraph,si,cumple,14.66:1,,R02,2026-09-08,,"umbral 4.5:1 (texto normal, 14.0px); texto: ""© 2026 UCL""",sin CMP detectada
14,mundo,UCL,https://www.ucl.ac.uk/,1.4.3,afw4f7,Text has minimum contrast,228,div.ucl-privacy-wrapper > div.ucl-privacy-banner__content > div.ucl-privacy-banner__text > h2.ucl-privacy-banner__title,si,cumple,21.00:1,,R02,2026-09-08,,"umbral 3:1 (texto grande, 20.0px negrita); texto: ""Privacy & Cookie Settings""",sin CMP detectada
14,mundo,UCL,https://www.ucl.ac.uk/,1.4.3,afw4f7,Text has minimum contrast,229,#ucl-banner-description,si,cumple,21.00:1,,R02,2026-09-08,,"umbral 4.5:1 (texto normal, 16.0px); texto: ""We use cookies and similar technologies to enhance your brow""",sin CMP detectada
14,mundo,UCL,https://www.ucl.ac.uk/,1.4.3,afw4f7,Text has minimum contrast,230,div.ucl-privacy-wrapper > div.ucl-privacy-banner__content > div.ucl-privacy-banner__buttons > button.ucl-privacy-banner__button,si,cumple,5.39:1,,R02,2026-09-08,,"umbral 4.5:1 (texto normal, 16.0px negrita); texto: ""Accept all cookies""",sin CMP detectada
14,mundo,UCL,https://www.ucl.ac.uk/,1.4.3,afw4f7,Text has minimum contrast,231,div.ucl-privacy-wrapper > div.ucl-privacy-banner__content > div.ucl-privacy-banner__buttons > button.ucl-privacy-banner__button,si,cumple,5.39:1,,R02,2026-09-08,,"umbral 4.5:1 (texto normal, 16.0px negrita); texto: ""Accept necessary cookies""",sin CMP detectada
14,mundo,UCL,https://www.ucl.ac.uk/,1.4.3,afw4f7,Text has minimum contrast,232,div.ucl-privacy-wrapper > div.ucl-privacy-banner__content > div.ucl-privacy-banner__buttons > button.ucl-privacy-banner__button,si,cumple,21.00:1,,R02,2026-09-08,,"umbral 4.5:1 (texto normal, 16.0px negrita); texto: ""Settings""",sin CMP detectada
14,mundo,UCL,https://www.ucl.ac.uk/,1.4.3,afw4f7,Text has minimum contrast,233,div.ucl-privacy-wrapper > div.ucl-privacy-banner__policy-section > p.ucl-privacy-banner__policy-inline > span.ucl-privacy-banner__policy-title,si,cumple,21.00:1,,R02,2026-09-08,,"umbral 4.5:1 (texto normal, 14.0px); texto: ""Privacy Policy""",sin CMP detectada
14,mundo,UCL,https://www.ucl.ac.uk/,1.4.3,afw4f7,Text has minimum contrast,234,div.ucl-privacy-wrapper > div.ucl-privacy-banner__policy-section > p.ucl-privacy-banner__policy-inline > span.ucl-privacy-banner__policy-separator,si,cumple,21.00:1,,R02,2026-09-08,,"umbral 4.5:1 (texto normal, 16.0px); texto: "":""",sin CMP detectada
14,mundo,UCL,https://www.ucl.ac.uk/,1.4.3,afw4f7,Text has minimum contrast,235,div.ucl-privacy-wrapper > div.ucl-privacy-banner__policy-section > p.ucl-privacy-banner__policy-inline > span.ucl-privacy-banner__policy-description,si,cumple,21.00:1,,R02,2026-09-08,,"umbral 4.5:1 (texto normal, 14.0px); texto: ""Learn more about how we handle your data and protect your pr""",sin CMP detectada
14,mundo,UCL,https://www.ucl.ac.uk/,1.4.3,afw4f7,Text has minimum contrast,236,div.ucl-privacy-wrapper > div.ucl-privacy-banner__policy-section > p.ucl-privacy-banner__policy-inline > a.ucl-privacy-banner__policy-link,si,cumple,10.04:1,,R02,2026-09-08,,"umbral 4.5:1 (texto normal, 14.0px); texto: ""UCL privacy policy""",sin CMP detectada
14,mundo,UCL,https://www.ucl.ac.uk/,1.4.3,afw4f7,Text has minimum contrast,237,#ucl-modal-title,no,,,,R02,2026-09-08,,"No es un caracter visible: la regla no aplica. Texto oculto visualmente, de tamano cero o desplazado fuera de pantalla.",sin CMP detectada
14,mundo,UCL,https://www.ucl.ac.uk/,1.4.3,afw4f7,Text has minimum contrast,238,#ucl-modal-description,no,,,,R02,2026-09-08,,"No es un caracter visible: la regla no aplica. Texto oculto visualmente, de tamano cero o desplazado fuera de pantalla.",sin CMP detectada
14,mundo,UCL,https://www.ucl.ac.uk/,1.4.3,afw4f7,Text has minimum contrast,239,div.ucl-privacy-modal__section-header > div.ucl-privacy-modal__section-content > div.ucl-privacy-modal__section-title-row > h3.ucl-privacy-modal__section-title,no,,,,R02,2026-09-08,,"No es un caracter visible: la regla no aplica. Texto oculto visualmente, de tamano cero o desplazado fuera de pantalla.",sin CMP detectada
14,mundo,UCL,https://www.ucl.ac.uk/,1.4.3,afw4f7,Text has minimum contrast,240,div.ucl-privacy-modal__section > div.ucl-privacy-modal__section-header > div.ucl-privacy-modal__section-content > p.ucl-privacy-modal__section-description,no,,,,R02,2026-09-08,,"No es un caracter visible: la regla no aplica. Texto oculto visualmente, de tamano cero o desplazado fuera de pantalla.",sin CMP detectada
14,mundo,UCL,https://www.ucl.ac.uk/,1.4.3,afw4f7,Text has minimum contrast,241,div.ucl-privacy-modal__section-content > div.ucl-privacy-modal__section-details > button.ucl-privacy-modal__section-details-toggle > span,no,,,,R02,2026-09-08,,"No es un caracter visible: la regla no aplica. Texto oculto visualmente, de tamano cero o desplazado fuera de pantalla.",sin CMP detectada
14,mundo,UCL,https://www.ucl.ac.uk/,1.4.3,afw4f7,Text has minimum contrast,242,div.ucl-privacy-modal__section-content > div.ucl-privacy-modal__section-details > div.ucl-privacy-modal__section-examples > strong,no,,,,R02,2026-09-08,,"No es un caracter visible: la regla no aplica. Texto oculto visualmente, de tamano cero o desplazado fuera de pantalla.",sin CMP detectada
14,mundo,UCL,https://www.ucl.ac.uk/,1.4.3,afw4f7,Text has minimum contrast,243,#necessary-details,no,,,,R02,2026-09-08,,"No es un caracter visible: la regla no aplica. Texto oculto visualmente, de tamano cero o desplazado fuera de pantalla.",sin CMP detectada
14,mundo,UCL,https://www.ucl.ac.uk/,1.4.3,afw4f7,Text has minimum contrast,244,div.ucl-privacy-modal__section-header > div.ucl-privacy-modal__section-content > div.ucl-privacy-modal__section-title-row > h3.ucl-privacy-modal__section-title,no,,,,R02,2026-09-08,,"No es un caracter visible: la regla no aplica. Texto oculto visualmente, de tamano cero o desplazado fuera de pantalla.",sin CMP detectada
14,mundo,UCL,https://www.ucl.ac.uk/,1.4.3,afw4f7,Text has minimum contrast,245,div.ucl-privacy-modal__section > div.ucl-privacy-modal__section-header > div.ucl-privacy-modal__section-content > p.ucl-privacy-modal__section-description,no,,,,R02,2026-09-08,,"No es un caracter visible: la regla no aplica. Texto oculto visualmente, de tamano cero o desplazado fuera de pantalla.",sin CMP detectada
14,mundo,UCL,https://www.ucl.ac.uk/,1.4.3,afw4f7,Text has minimum contrast,246,div.ucl-privacy-modal__section-content > div.ucl-privacy-modal__section-details > button.ucl-privacy-modal__section-details-toggle > span,no,,,,R02,2026-09-08,,"No es un caracter visible: la regla no aplica. Texto oculto visualmente, de tamano cero o desplazado fuera de pantalla.",sin CMP detectada
14,mundo,UCL,https://www.ucl.ac.uk/,1.4.3,afw4f7,Text has minimum contrast,247,div.ucl-privacy-modal__section-content > div.ucl-privacy-modal__section-details > div.ucl-privacy-modal__section-examples > strong,no,,,,R02,2026-09-08,,"No es un caracter visible: la regla no aplica. Texto oculto visualmente, de tamano cero o desplazado fuera de pantalla.",sin CMP detectada
14,mundo,UCL,https://www.ucl.ac.uk/,1.4.3,afw4f7,Text has minimum contrast,248,#analytics-details,no,,,,R02,2026-09-08,,"No es un caracter visible: la regla no aplica. Texto oculto visualmente, de tamano cero o desplazado fuera de pantalla.",sin CMP detectada
14,mundo,UCL,https://www.ucl.ac.uk/,1.4.3,afw4f7,Text has minimum contrast,249,div.ucl-privacy-modal__section-content > div.ucl-privacy-modal__section-details > div.ucl-privacy-modal__section-examples > strong,no,,,,R02,2026-09-08,,"No es un caracter visible: la regla no aplica. Texto oculto visualmente, de tamano cero o desplazado fuera de pantalla.",sin CMP detectada
14,mundo,UCL,https://www.ucl.ac.uk/,1.4.3,afw4f7,Text has minimum contrast,250,div.ucl-privacy-modal__section-header > div.ucl-privacy-modal__section-content > div.ucl-privacy-modal__section-title-row > h3.ucl-privacy-modal__section-title,no,,,,R02,2026-09-08,,"No es un caracter visible: la regla no aplica. Texto oculto visualmente, de tamano cero o desplazado fuera de pantalla.",sin CMP detectada
14,mundo,UCL,https://www.ucl.ac.uk/,1.4.3,afw4f7,Text has minimum contrast,251,div.ucl-privacy-modal__section > div.ucl-privacy-modal__section-header > div.ucl-privacy-modal__section-content > p.ucl-privacy-modal__section-description,no,,,,R02,2026-09-08,,"No es un caracter visible: la regla no aplica. Texto oculto visualmente, de tamano cero o desplazado fuera de pantalla.",sin CMP detectada
14,mundo,UCL,https://www.ucl.ac.uk/,1.4.3,afw4f7,Text has minimum contrast,252,div.ucl-privacy-modal__section-content > div.ucl-privacy-modal__section-details > button.ucl-privacy-modal__section-details-toggle > span,no,,,,R02,2026-09-08,,"No es un caracter visible: la regla no aplica. Texto oculto visualmente, de tamano cero o desplazado fuera de pantalla.",sin CMP detectada
14,mundo,UCL,https://www.ucl.ac.uk/,1.4.3,afw4f7,Text has minimum contrast,253,div.ucl-privacy-modal__section-content > div.ucl-privacy-modal__section-details > div.ucl-privacy-modal__section-examples > strong,no,,,,R02,2026-09-08,,"No es un caracter visible: la regla no aplica. Texto oculto visualmente, de tamano cero o desplazado fuera de pantalla.",sin CMP detectada
14,mundo,UCL,https://www.ucl.ac.uk/,1.4.3,afw4f7,Text has minimum contrast,254,#marketing-details,no,,,,R02,2026-09-08,,"No es un caracter visible: la regla no aplica. Texto oculto visualmente, de tamano cero o desplazado fuera de pantalla.",sin CMP detectada
14,mundo,UCL,https://www.ucl.ac.uk/,1.4.3,afw4f7,Text has minimum contrast,255,div.ucl-privacy-modal__section-content > div.ucl-privacy-modal__section-details > div.ucl-privacy-modal__section-examples > strong,no,,,,R02,2026-09-08,,"No es un caracter visible: la regla no aplica. Texto oculto visualmente, de tamano cero o desplazado fuera de pantalla.",sin CMP detectada
14,mundo,UCL,https://www.ucl.ac.uk/,1.4.3,afw4f7,Text has minimum contrast,256,div.ucl-privacy-modal__section-header > div.ucl-privacy-modal__section-content > div.ucl-privacy-modal__section-title-row > h3.ucl-privacy-modal__section-title,no,,,,R02,2026-09-08,,"No es un caracter visible: la regla no aplica. Texto oculto visualmente, de tamano cero o desplazado fuera de pantalla.",sin CMP detectada
14,mundo,UCL,https://www.ucl.ac.uk/,1.4.3,afw4f7,Text has minimum contrast,257,div.ucl-privacy-modal__section > div.ucl-privacy-modal__section-header > div.ucl-privacy-modal__section-content > p.ucl-privacy-modal__section-description,no,,,,R02,2026-09-08,,"No es un caracter visible: la regla no aplica. Texto oculto visualmente, de tamano cero o desplazado fuera de pantalla.",sin CMP detectada
14,mundo,UCL,https://www.ucl.ac.uk/,1.4.3,afw4f7,Text has minimum contrast,258,div.ucl-privacy-modal__section-content > div.ucl-privacy-modal__section-details > button.ucl-privacy-modal__section-details-toggle > span,no,,,,R02,2026-09-08,,"No es un caracter visible: la regla no aplica. Texto oculto visualmente, de tamano cero o desplazado fuera de pantalla.",sin CMP detectada
14,mundo,UCL,https://www.ucl.ac.uk/,1.4.3,afw4f7,Text has minimum contrast,259,div.ucl-privacy-modal__section-content > div.ucl-privacy-modal__section-details > div.ucl-privacy-modal__section-examples > strong,no,,,,R02,2026-09-08,,"No es un caracter visible: la regla no aplica. Texto oculto visualmente, de tamano cero o desplazado fuera de pantalla.",sin CMP detectada
14,mundo,UCL,https://www.ucl.ac.uk/,1.4.3,afw4f7,Text has minimum contrast,260,#embeds-details,no,,,,R02,2026-09-08,,"No es un caracter visible: la regla no aplica. Texto oculto visualmente, de tamano cero o desplazado fuera de pantalla.",sin CMP detectada
14,mundo,UCL,https://www.ucl.ac.uk/,1.4.3,afw4f7,Text has minimum contrast,261,div.ucl-privacy-modal__section-content > div.ucl-privacy-modal__section-details > div.ucl-privacy-modal__section-examples > strong,no,,,,R02,2026-09-08,,"No es un caracter visible: la regla no aplica. Texto oculto visualmente, de tamano cero o desplazado fuera de pantalla.",sin CMP detectada
14,mundo,UCL,https://www.ucl.ac.uk/,1.4.3,afw4f7,Text has minimum contrast,262,div.ucl-privacy-wrapper > div.ucl-privacy-modal__content > div.ucl-privacy-modal__footer > button.ucl-privacy-modal__button,no,,,,R02,2026-09-08,,"No es un caracter visible: la regla no aplica. Texto oculto visualmente, de tamano cero o desplazado fuera de pantalla.",sin CMP detectada
14,mundo,UCL,https://www.ucl.ac.uk/,1.1.1,23a2a8,Image has non-empty accessible name,1,div.header__top > div.header__top-container > a.header__link > img,si,cumple,,,R02,2026-09-08,,"nombre accesible: ""UCL Logo""",sin CMP detectada
14,mundo,UCL,https://www.ucl.ac.uk/,1.1.1,qt1vmo,Image accessible name is descriptive,1,div.header__top > div.header__top-container > a.header__link > img,si,REVISAR,,,R02,2026-09-08,,"JUICIO HUMANO. ¿El nombre sirve un proposito equivalente al contenido no textual? nombre: ""UCL Logo"" | src: https://cdn.ucl.ac.uk/logos/ucl/ucl-logo--primary.svg",sin CMP detectada
14,mundo,UCL,https://www.ucl.ac.uk/,1.1.1,e88epe,Image not in the accessibility tree is decorative,2,div.header__content > div.header__search > button.button > svg,no,,,,R02,2026-09-08,,Fuera del arbol de accesibilidad: se trata como decorativa.,sin CMP detectada
14,mundo,UCL,https://www.ucl.ac.uk/,1.1.1,e88epe,Image not in the accessibility tree is decorative,3,div.header__content > div.header__search > button.button > svg,no,,,,R02,2026-09-08,,Fuera del arbol de accesibilidad: se trata como decorativa.,sin CMP detectada
14,mundo,UCL,https://www.ucl.ac.uk/,1.1.1,e88epe,Image not in the accessibility tree is decorative,4,div.header__content > div.header__search > div.header__search-form > svg,no,,,,R02,2026-09-08,,Fuera del arbol de accesibilidad: se trata como decorativa.,sin CMP detectada
14,mundo,UCL,https://www.ucl.ac.uk/,1.1.1,e88epe,Image not in the accessibility tree is decorative,5,div.header__search > div.header__search-form > div.header-search-form > svg,no,,,,R02,2026-09-08,,Fuera del arbol de accesibilidad: se trata como decorativa.,sin CMP detectada
14,mundo,UCL,https://www.ucl.ac.uk/,1.1.1,e88epe,Image not in the accessibility tree is decorative,6,div.header-search-form > form.ucl-search-form > button.button > svg,no,,,,R02,2026-09-08,,Fuera del arbol de accesibilidad: se trata como decorativa.,sin CMP detectada
14,mundo,UCL,https://www.ucl.ac.uk/,1.1.1,e88epe,Image not in the accessibility tree is decorative,7,div.header__content > div.header__global-navigation-wrapper > button.button > svg,no,,,,R02,2026-09-08,,Fuera del arbol de accesibilidad: se trata como decorativa.,sin CMP detectada
14,mundo,UCL,https://www.ucl.ac.uk/,1.1.1,e88epe,Image not in the accessibility tree is decorative,8,div.header__global-navigation-wrapper > div.header__global-navigation > button.button > svg,no,,,,R02,2026-09-08,,Fuera del arbol de accesibilidad: se trata como decorativa.,sin CMP detectada
14,mundo,UCL,https://www.ucl.ac.uk/,1.1.1,e88epe,Image not in the accessibility tree is decorative,9,ul.global-navigation > li.global-navigation__item > a.global-navigation__link > svg,no,,,,R02,2026-09-08,,Fuera del arbol de accesibilidad: se trata como decorativa.,sin CMP detectada
14,mundo,UCL,https://www.ucl.ac.uk/,1.1.1,e88epe,Image not in the accessibility tree is decorative,10,li.global-navigation__item > div.global-navigation--sub-wrapper > button.button > svg,no,,,,R02,2026-09-08,,Fuera del arbol de accesibilidad: se trata como decorativa.,sin CMP detectada
14,mundo,UCL,https://www.ucl.ac.uk/,1.1.1,e88epe,Image not in the accessibility tree is decorative,11,li.global-navigation__item > div.global-navigation--sub-wrapper > button.button > svg,no,,,,R02,2026-09-08,,Fuera del arbol de accesibilidad: se trata como decorativa.,sin CMP detectada
14,mundo,UCL,https://www.ucl.ac.uk/,1.1.1,e88epe,Image not in the accessibility tree is decorative,12,ul.global-navigation > li.global-navigation__item > a.global-navigation__link > svg,no,,,,R02,2026-09-08,,Fuera del arbol de accesibilidad: se trata como decorativa.,sin CMP detectada
14,mundo,UCL,https://www.ucl.ac.uk/,1.1.1,e88epe,Image not in the accessibility tree is decorative,13,li.global-navigation__item > div.global-navigation--sub-wrapper > button.button > svg,no,,,,R02,2026-09-08,,Fuera del arbol de accesibilidad: se trata como decorativa.,sin CMP detectada
14,mundo,UCL,https://www.ucl.ac.uk/,1.1.1,e88epe,Image not in the accessibility tree is decorative,14,li.global-navigation__item > div.global-navigation--sub-wrapper > button.button > svg,no,,,,R02,2026-09-08,,Fuera del arbol de accesibilidad: se trata como decorativa.,sin CMP detectada
14,mundo,UCL,https://www.ucl.ac.uk/,1.1.1,e88epe,Image not in the accessibility tree is decorative,15,ul.global-navigation > li.global-navigation__item > a.global-navigation__link > svg,no,,,,R02,2026-09-08,,Fuera del arbol de accesibilidad: se trata como decorativa.,sin CMP detectada
14,mundo,UCL,https://www.ucl.ac.uk/,1.1.1,e88epe,Image not in the accessibility tree is decorative,16,li.global-navigation__item > div.global-navigation--sub-wrapper > button.button > svg,no,,,,R02,2026-09-08,,Fuera del arbol de accesibilidad: se trata como decorativa.,sin CMP detectada
14,mundo,UCL,https://www.ucl.ac.uk/,1.1.1,e88epe,Image not in the accessibility tree is decorative,17,li.global-navigation__item > div.global-navigation--sub-wrapper > button.button > svg,no,,,,R02,2026-09-08,,Fuera del arbol de accesibilidad: se trata como decorativa.,sin CMP detectada
14,mundo,UCL,https://www.ucl.ac.uk/,1.1.1,e88epe,Image not in the accessibility tree is decorative,18,ul.global-navigation > li.global-navigation__item > a.global-navigation__link > svg,no,,,,R02,2026-09-08,,Fuera del arbol de accesibilidad: se trata como decorativa.,sin CMP detectada
14,mundo,UCL,https://www.ucl.ac.uk/,1.1.1,e88epe,Image not in the accessibility tree is decorative,19,li.global-navigation__item > div.global-navigation--sub-wrapper > button.button > svg,no,,,,R02,2026-09-08,,Fuera del arbol de accesibilidad: se trata como decorativa.,sin CMP detectada
14,mundo,UCL,https://www.ucl.ac.uk/,1.1.1,e88epe,Image not in the accessibility tree is decorative,20,li.global-navigation__item > div.global-navigation--sub-wrapper > button.button > svg,no,,,,R02,2026-09-08,,Fuera del arbol de accesibilidad: se trata como decorativa.,sin CMP detectada
14,mundo,UCL,https://www.ucl.ac.uk/,1.1.1,23a2a8,Image has non-empty accessible name,21,div.homepage-hero__media > div.media > picture > img,si,cumple,,,R02,2026-09-08,,"nombre accesible: ""Illuminated portico for UCL 200 event""",sin CMP detectada
14,mundo,UCL,https://www.ucl.ac.uk/,1.1.1,qt1vmo,Image accessible name is descriptive,21,div.homepage-hero__media > div.media > picture > img,si,REVISAR,,,R02,2026-09-08,,"JUICIO HUMANO. ¿El nombre sirve un proposito equivalente al contenido no textual? nombre: ""Illuminated portico for UCL 200 event"" | src: omepage_hero_tablet/public/2026-02/200hero-wide.jpg.webp?itok=OG0_mbfH",sin CMP detectada
14,mundo,UCL,https://www.ucl.ac.uk/,1.1.1,e88epe,Image not in the accessibility tree is decorative,22,div.js-accordion-heading > h2.heading > button.accordion__button > svg,no,,,,R02,2026-09-08,,Fuera del arbol de accesibilidad: se trata como decorativa.,sin CMP detectada
14,mundo,UCL,https://www.ucl.ac.uk/,1.1.1,e88epe,Image not in the accessibility tree is decorative,23,div.js-accordion-heading > h2.heading > button.accordion__button > svg,no,,,,R02,2026-09-08,,Fuera del arbol de accesibilidad: se trata como decorativa.,sin CMP detectada
14,mundo,UCL,https://www.ucl.ac.uk/,1.1.1,e88epe,Image not in the accessibility tree is decorative,24,div.js-accordion-heading > h2.heading > button.accordion__button > svg,no,,,,R02,2026-09-08,,Fuera del arbol de accesibilidad: se trata como decorativa.,sin CMP detectada
14,mundo,UCL,https://www.ucl.ac.uk/,1.1.1,e88epe,Image not in the accessibility tree is decorative,25,div.cta-item > div.cta-item__content > a.button > svg,no,,,,R02,2026-09-08,,Fuera del arbol de accesibilidad: se trata como decorativa.,sin CMP detectada
14,mundo,UCL,https://www.ucl.ac.uk/,1.1.1,23a2a8,Image has non-empty accessible name,26,div.base-card__image > div.media > picture > img,si,cumple,,,R02,2026-09-08,,"nombre accesible: ""UCL open days info stands""",sin CMP detectada
14,mundo,UCL,https://www.ucl.ac.uk/,1.1.1,qt1vmo,Image accessible name is descriptive,26,div.base-card__image > div.media > picture > img,si,REVISAR,,,R02,2026-09-08,,"JUICIO HUMANO. ¿El nombre sirve un proposito equivalente al contenido no textual? nombre: ""UCL open days info stands"" | src: rtrait_tablet/public/2026-06/ucl-open-days-info.jpg.webp?itok=ZouFi2ot",sin CMP detectada
14,mundo,UCL,https://www.ucl.ac.uk/,1.1.1,e88epe,Image not in the accessibility tree is decorative,27,div.base-card__container > div.base-card__image > div.base-card__icon > svg,no,,,,R02,2026-09-08,,Fuera del arbol de accesibilidad: se trata como decorativa.,sin CMP detectada
14,mundo,UCL,https://www.ucl.ac.uk/,1.1.1,23a2a8,Image has non-empty accessible name,28,div.base-card__image > div.media > picture > img,si,cumple,,,R02,2026-09-08,,"nombre accesible: ""One-to-one meeting student and adviser""",sin CMP detectada
14,mundo,UCL,https://www.ucl.ac.uk/,1.1.1,qt1vmo,Image accessible name is descriptive,28,div.base-card__image > div.media > picture > img,si,REVISAR,,,R02,2026-09-08,,"JUICIO HUMANO. ¿El nombre sirve un proposito equivalente al contenido no textual? nombre: ""One-to-one meeting student and adviser"" | src: trait_tablet/public/2025-07/meet_the_ssw_team_1.png.webp?itok=Tye9VbQq",sin CMP detectada
14,mundo,UCL,https://www.ucl.ac.uk/,1.1.1,e88epe,Image not in the accessibility tree is decorative,29,div.base-card__container > div.base-card__image > div.base-card__icon > svg,no,,,,R02,2026-09-08,,Fuera del arbol de accesibilidad: se trata como decorativa.,sin CMP detectada
14,mundo,UCL,https://www.ucl.ac.uk/,1.1.1,23a2a8,Image has non-empty accessible name,30,div.base-card > div.base-card__container > div.base-card__image > img.funnelback-image,si,cumple,,,R02,2026-09-08,,"nombre accesible: ""Possible hint of dark matter recorded""",sin CMP detectada
14,mundo,UCL,https://www.ucl.ac.uk/,1.1.1,qt1vmo,Image accessible name is descriptive,30,div.base-card > div.base-card__container > div.base-card__image > img.funnelback-image,si,REVISAR,,,R02,2026-09-08,,"JUICIO HUMANO. ¿El nombre sirve un proposito equivalente al contenido no textual? nombre: ""Possible hint of dark matter recorded"" | src: ack/public/95_1DA_4975195_3831490054_620resized.jpg.webp?itok=NJQcc8Fs",sin CMP detectada
14,mundo,UCL,https://www.ucl.ac.uk/,1.1.1,e88epe,Image not in the accessibility tree is decorative,31,div.base-card__container > div.base-card__image > div.base-card__icon > svg,no,,,,R02,2026-09-08,,Fuera del arbol de accesibilidad: se trata como decorativa.,sin CMP detectada
14,mundo,UCL,https://www.ucl.ac.uk/,1.1.1,23a2a8,Image has non-empty accessible name,32,div.base-card > div.base-card__container > div.base-card__image > img.funnelback-image,si,cumple,,,R02,2026-09-08,,"nombre accesible: ""First patient in live AI-assisted sight-saving brain surgery""",sin CMP detectada
14,mundo,UCL,https://www.ucl.ac.uk/,1.1.1,qt1vmo,Image accessible name is descriptive,32,div.base-card > div.base-card__container > div.base-card__image > img.funnelback-image,si,REVISAR,,,R02,2026-09-08,,"JUICIO HUMANO. ¿El nombre sirve un proposito equivalente al contenido no textual? nombre: ""First patient in live AI-assisted sight-saving brain surgery"" | src: /files/styles/funnelback/public/Hani20and20Rhys.jpg.webp?itok=xmn3caws",sin CMP detectada
14,mundo,UCL,https://www.ucl.ac.uk/,1.1.1,e88epe,Image not in the accessibility tree is decorative,33,div.base-card__container > div.base-card__image > div.base-card__icon > svg,no,,,,R02,2026-09-08,,Fuera del arbol de accesibilidad: se trata como decorativa.,sin CMP detectada
14,mundo,UCL,https://www.ucl.ac.uk/,1.1.1,23a2a8,Image has non-empty accessible name,34,div.base-card > div.base-card__container > div.base-card__image > img.funnelback-image,si,cumple,,,R02,2026-09-08,,"nombre accesible: ""Spy device detectors fail users most reliant on them""",sin CMP detectada
14,mundo,UCL,https://www.ucl.ac.uk/,1.1.1,qt1vmo,Image accessible name is descriptive,34,div.base-card > div.base-card__container > div.base-card__image > img.funnelback-image,si,REVISAR,,,R02,2026-09-08,,"JUICIO HUMANO. ¿El nombre sirve un proposito equivalente al contenido no textual? nombre: ""Spy device detectors fail users most reliant on them"" | src: styles/funnelback/public/Spy20detector20updated.jpg.webp?itok=bUobZpk6",sin CMP detectada
14,mundo,UCL,https://www.ucl.ac.uk/,1.1.1,e88epe,Image not in the accessibility tree is decorative,35,div.base-card__container > div.base-card__image > div.base-card__icon > svg,no,,,,R02,2026-09-08,,Fuera del arbol de accesibilidad: se trata como decorativa.,sin CMP detectada
14,mundo,UCL,https://www.ucl.ac.uk/,1.1.1,e88epe,Image not in the accessibility tree is decorative,36,div.card-link > div.card-link__content > div.card-link__icon > svg,no,,,,R02,2026-09-08,,Fuera del arbol de accesibilidad: se trata como decorativa.,sin CMP detectada
14,mundo,UCL,https://www.ucl.ac.uk/,1.1.1,23a2a8,Image has non-empty accessible name,37,div.spotlight__image > div.media > picture > img,si,cumple,,,R02,2026-09-08,,"nombre accesible: ""UCL Portico Feb 26""",sin CMP detectada
14,mundo,UCL,https://www.ucl.ac.uk/,1.1.1,qt1vmo,Image accessible name is descriptive,37,div.spotlight__image > div.media > picture > img,si,REVISAR,,,R02,2026-09-08,,"JUICIO HUMANO. ¿El nombre sirve un proposito equivalente al contenido no textual? nombre: ""UCL Portico Feb 26"" | src: _2_image_mobile/public/2026-02/UCL-portico-feb26.jpg.jpg?itok=l93wVb3L",sin CMP detectada
14,mundo,UCL,https://www.ucl.ac.uk/,1.1.1,23a2a8,Image has non-empty accessible name,38,div.base-card > div.base-card__container > div.base-card__image > img.funnelback-image,si,cumple,,,R02,2026-09-08,,"nombre accesible: ""Novel treatment for motor neurone disease to be trialled in humans""",sin CMP detectada
14,mundo,UCL,https://www.ucl.ac.uk/,1.1.1,qt1vmo,Image accessible name is descriptive,38,div.base-card > div.base-card__container > div.base-card__image > img.funnelback-image,si,REVISAR,,,R02,2026-09-08,,"JUICIO HUMANO. ¿El nombre sirve un proposito equivalente al contenido no textual? nombre: ""Novel treatment for motor neurone disease to be trialled in humans"" | src: news/files/styles/funnelback/public/als_neurons.jpg.webp?itok=Sn9LdkDp",sin CMP detectada
14,mundo,UCL,https://www.ucl.ac.uk/,1.1.1,e88epe,Image not in the accessibility tree is decorative,39,div.base-card__container > div.base-card__image > div.base-card__icon > svg,no,,,,R02,2026-09-08,,Fuera del arbol de accesibilidad: se trata como decorativa.,sin CMP detectada
14,mundo,UCL,https://www.ucl.ac.uk/,1.1.1,23a2a8,Image has non-empty accessible name,40,div.base-card > div.base-card__container > div.base-card__image > img.funnelback-image,si,cumple,,,R02,2026-09-08,,"nombre accesible: ""Solar windows could harvest energy from sun and indoor light""",sin CMP detectada
14,mundo,UCL,https://www.ucl.ac.uk/,1.1.1,qt1vmo,Image accessible name is descriptive,40,div.base-card > div.base-card__container > div.base-card__image > img.funnelback-image,si,REVISAR,,,R02,2026-09-08,,"JUICIO HUMANO. ¿El nombre sirve un proposito equivalente al contenido no textual? nombre: ""Solar windows could harvest energy from sun and indoor light"" | src: s/styles/funnelback/public/solar_window_cropped.png.webp?itok=6BQS2Wtk",sin CMP detectada
14,mundo,UCL,https://www.ucl.ac.uk/,1.1.1,e88epe,Image not in the accessibility tree is decorative,41,div.base-card__container > div.base-card__image > div.base-card__icon > svg,no,,,,R02,2026-09-08,,Fuera del arbol de accesibilidad: se trata como decorativa.,sin CMP detectada
14,mundo,UCL,https://www.ucl.ac.uk/,1.1.1,23a2a8,Image has non-empty accessible name,42,div.base-card > div.base-card__container > div.base-card__image > img.funnelback-image,si,cumple,,,R02,2026-09-08,,"nombre accesible: ""CAR T-cell therapy shows early promise in severe lupus""",sin CMP detectada
14,mundo,UCL,https://www.ucl.ac.uk/,1.1.1,qt1vmo,Image accessible name is descriptive,42,div.base-card > div.base-card__container > div.base-card__image > img.funnelback-image,si,REVISAR,,,R02,2026-09-08,,"JUICIO HUMANO. ¿El nombre sirve un proposito equivalente al contenido no textual? nombre: ""CAR T-cell therapy shows early promise in severe lupus"" | src: s/funnelback/public/katie-tinkler-lupus-patient.jpg.webp?itok=Qkiw0j3M",sin CMP detectada
14,mundo,UCL,https://www.ucl.ac.uk/,1.1.1,e88epe,Image not in the accessibility tree is decorative,43,div.base-card__container > div.base-card__image > div.base-card__icon > svg,no,,,,R02,2026-09-08,,Fuera del arbol de accesibilidad: se trata como decorativa.,sin CMP detectada
14,mundo,UCL,https://www.ucl.ac.uk/,1.1.1,e88epe,Image not in the accessibility tree is decorative,44,div.card-link > div.card-link__content > div.card-link__icon > svg,no,,,,R02,2026-09-08,,Fuera del arbol de accesibilidad: se trata como decorativa.,sin CMP detectada
14,mundo,UCL,https://www.ucl.ac.uk/,1.1.1,23a2a8,Image has non-empty accessible name,45,div.spotlight__image > div.media > picture > img,si,cumple,,,R02,2026-09-08,,"nombre accesible: ""UCL portico Bazaar and Fete 1909""",sin CMP detectada
14,mundo,UCL,https://www.ucl.ac.uk/,1.1.1,qt1vmo,Image accessible name is descriptive,45,div.spotlight__image > div.media > picture > img,si,REVISAR,,,R02,2026-09-08,,"JUICIO HUMANO. ¿El nombre sirve un proposito equivalente al contenido no textual? nombre: ""UCL portico Bazaar and Fete 1909"" | src: 6-02/Bazaar-and-Fete-1909-UC-Special-Collections.jpg.jpg?itok=jjBMgeL8",sin CMP detectada
14,mundo,UCL,https://www.ucl.ac.uk/,1.1.1,23a2a8,Image has non-empty accessible name,46,div.whats-on-item > div.whats-on-item__image-container > div.whats-on-item__image > img.funnelback-image,si,cumple,,,R02,2026-09-08,,"nombre accesible: ""Saturday Studios in the Culture Lab""",sin CMP detectada
14,mundo,UCL,https://www.ucl.ac.uk/,1.1.1,qt1vmo,Image accessible name is descriptive,46,div.whats-on-item > div.whats-on-item__image-container > div.whats-on-item__image > img.funnelback-image,si,REVISAR,,,R02,2026-09-08,,"JUICIO HUMANO. ¿El nombre sirve un proposito equivalente al contenido no textual? nombre: ""Saturday Studios in the Culture Lab"" | src: ral_industries/files/styles/funnelback/public/2.jpg.webp?itok=BP8TQzVe",sin CMP detectada
14,mundo,UCL,https://www.ucl.ac.uk/,1.1.1,23a2a8,Image has non-empty accessible name,47,div.whats-on-item > div.whats-on-item__image-container > div.whats-on-item__image > img.funnelback-image,si,cumple,,,R02,2026-09-08,,"nombre accesible: ""Two Centuries Here: The UCL200 exhibition""",sin CMP detectada
14,mundo,UCL,https://www.ucl.ac.uk/,1.1.1,qt1vmo,Image accessible name is descriptive,47,div.whats-on-item > div.whats-on-item__image-container > div.whats-on-item__image > img.funnelback-image,si,REVISAR,,,R02,2026-09-08,,"JUICIO HUMANO. ¿El nombre sirve un proposito equivalente al contenido no textual? nombre: ""Two Centuries Here: The UCL200 exhibition"" | src: lback/public/Portico20at20night205B19375D20copy.png.webp?itok=dEZve233",sin CMP detectada
14,mundo,UCL,https://www.ucl.ac.uk/,1.1.1,23a2a8,Image has non-empty accessible name,48,div.whats-on-item > div.whats-on-item__image-container > div.whats-on-item__image > img.funnelback-image,si,cumple,,,R02,2026-09-08,,"nombre accesible: ""UCL200 Walking Tour""",sin CMP detectada
14,mundo,UCL,https://www.ucl.ac.uk/,1.1.1,qt1vmo,Image accessible name is descriptive,48,div.whats-on-item > div.whats-on-item__image-container > div.whats-on-item__image > img.funnelback-image,si,REVISAR,,,R02,2026-09-08,,"JUICIO HUMANO. ¿El nombre sirve un proposito equivalente al contenido no textual? nombre: ""UCL200 Walking Tour"" | src: t/files/styles/funnelback/public/IMG_974720copy.jpg.webp?itok=S4VC6Jkr",sin CMP detectada
14,mundo,UCL,https://www.ucl.ac.uk/,1.1.1,23a2a8,Image has non-empty accessible name,49,div.base-card > div.base-card__container > div.base-card__image > img.funnelback-image,si,cumple,,,R02,2026-09-08,,"nombre accesible: ""UCL academics elected as Fellows of the Academy of Social Sciences""",sin CMP detectada
14,mundo,UCL,https://www.ucl.ac.uk/,1.1.1,qt1vmo,Image accessible name is descriptive,49,div.base-card > div.base-card__container > div.base-card__image > img.funnelback-image,si,REVISAR,,,R02,2026-09-08,,"JUICIO HUMANO. ¿El nombre sirve un proposito equivalente al contenido no textual? nombre: ""UCL academics elected as Fellows of the Academy of Social Sciences"" | src: /sites/news/files/fallback-images/UCL200-Quad-May-2026-38-fallback.jpg",sin CMP detectada
14,mundo,UCL,https://www.ucl.ac.uk/,1.1.1,e88epe,Image not in the accessibility tree is decorative,50,div.base-card__container > div.base-card__image > div.base-card__icon > svg,no,,,,R02,2026-09-08,,Fuera del arbol de accesibilidad: se trata como decorativa.,sin CMP detectada
14,mundo,UCL,https://www.ucl.ac.uk/,1.1.1,23a2a8,Image has non-empty accessible name,51,div.base-card > div.base-card__container > div.base-card__image > img.funnelback-image,si,cumple,,,R02,2026-09-08,,"nombre accesible: ""UCL academics awarded prestigious EU grants""",sin CMP detectada
14,mundo,UCL,https://www.ucl.ac.uk/,1.1.1,qt1vmo,Image accessible name is descriptive,51,div.base-card > div.base-card__container > div.base-card__image > img.funnelback-image,si,REVISAR,,,R02,2026-09-08,,"JUICIO HUMANO. ¿El nombre sirve un proposito equivalente al contenido no textual? nombre: ""UCL academics awarded prestigious EU grants"" | src: styles/funnelback/public/ERC20Starting20Grant_0.jpg.webp?itok=wZTZCKut",sin CMP detectada
14,mundo,UCL,https://www.ucl.ac.uk/,1.1.1,e88epe,Image not in the accessibility tree is decorative,52,div.base-card__container > div.base-card__image > div.base-card__icon > svg,no,,,,R02,2026-09-08,,Fuera del arbol de accesibilidad: se trata como decorativa.,sin CMP detectada
14,mundo,UCL,https://www.ucl.ac.uk/,1.1.1,23a2a8,Image has non-empty accessible name,53,div.base-card > div.base-card__container > div.base-card__image > img.funnelback-image,si,cumple,,,R02,2026-09-08,,"nombre accesible: ""UCL academics awarded Royal Society prizes""",sin CMP detectada
14,mundo,UCL,https://www.ucl.ac.uk/,1.1.1,qt1vmo,Image accessible name is descriptive,53,div.base-card > div.base-card__container > div.base-card__image > img.funnelback-image,si,REVISAR,,,R02,2026-09-08,,"JUICIO HUMANO. ¿El nombre sirve un proposito equivalente al contenido no textual? nombre: ""UCL academics awarded Royal Society prizes"" | src: /news/files/styles/funnelback/public/RS20Awards.jpg.webp?itok=KIA7G4IO",sin CMP detectada
14,mundo,UCL,https://www.ucl.ac.uk/,1.1.1,e88epe,Image not in the accessibility tree is decorative,54,div.base-card__container > div.base-card__image > div.base-card__icon > svg,no,,,,R02,2026-09-08,,Fuera del arbol de accesibilidad: se trata como decorativa.,sin CMP detectada
14,mundo,UCL,https://www.ucl.ac.uk/,1.1.1,e88epe,Image not in the accessibility tree is decorative,55,div.card-link > div.card-link__content > div.card-link__icon > svg,no,,,,R02,2026-09-08,,Fuera del arbol de accesibilidad: se trata como decorativa.,sin CMP detectada
14,mundo,UCL,https://www.ucl.ac.uk/,1.1.1,23a2a8,Image has non-empty accessible name,56,div.base-card__image > div.media > picture > img,si,cumple,,,R02,2026-09-08,,"nombre accesible: ""Faces of UCL visual""",sin CMP detectada
14,mundo,UCL,https://www.ucl.ac.uk/,1.1.1,qt1vmo,Image accessible name is descriptive,56,div.base-card__image > div.media > picture > img,si,REVISAR,,,R02,2026-09-08,,"JUICIO HUMANO. ¿El nombre sirve un proposito equivalente al contenido no textual? nombre: ""Faces of UCL visual"" | src: mage_mobile/public/2025-10/Faces-of-UCL-1000x750.jpg.jpg?itok=eiEz97Yd",sin CMP detectada
14,mundo,UCL,https://www.ucl.ac.uk/,1.1.1,e88epe,Image not in the accessibility tree is decorative,57,div.base-card__container > div.base-card__image > div.base-card__icon > svg,no,,,,R02,2026-09-08,,Fuera del arbol de accesibilidad: se trata como decorativa.,sin CMP detectada
14,mundo,UCL,https://www.ucl.ac.uk/,1.1.1,23a2a8,Image has non-empty accessible name,58,div.base-card__image > div.media > picture > img,si,cumple,,,R02,2026-09-08,,"nombre accesible: ""The Bridge podcast - visual (black)""",sin CMP detectada
14,mundo,UCL,https://www.ucl.ac.uk/,1.1.1,qt1vmo,Image accessible name is descriptive,58,div.base-card__image > div.media > picture > img,si,REVISAR,,,R02,2026-09-08,,"JUICIO HUMANO. ¿El nombre sirve un proposito equivalente al contenido no textual? nombre: ""The Bridge podcast - visual (black)"" | src: obile/public/2026-05/UCL-TheBridge-black-900x600.png.jpg?itok=UfVGCJbs",sin CMP detectada
14,mundo,UCL,https://www.ucl.ac.uk/,1.1.1,e88epe,Image not in the accessibility tree is decorative,59,div.base-card__container > div.base-card__image > div.base-card__icon > svg,no,,,,R02,2026-09-08,,Fuera del arbol de accesibilidad: se trata como decorativa.,sin CMP detectada
14,mundo,UCL,https://www.ucl.ac.uk/,1.1.1,23a2a8,Image has non-empty accessible name,60,div.base-card__image > div.media > picture > img,si,cumple,,,R02,2026-09-08,,"nombre accesible: ""UCL Grand Challenges Disruptive Voices Podcast graphic""",sin CMP detectada
14,mundo,UCL,https://www.ucl.ac.uk/,1.1.1,qt1vmo,Image accessible name is descriptive,60,div.base-card__image > div.media > picture > img,si,REVISAR,,,R02,2026-09-08,,"JUICIO HUMANO. ¿El nombre sirve un proposito equivalente al contenido no textual? nombre: ""UCL Grand Challenges Disruptive Voices Podcast graphic"" | src: d-Challenges-Disruptive-Voices-Podcast-graphic_0.jpg.jpg?itok=h4MUYwsP",sin CMP detectada
14,mundo,UCL,https://www.ucl.ac.uk/,1.1.1,e88epe,Image not in the accessibility tree is decorative,61,div.base-card__container > div.base-card__image > div.base-card__icon > svg,no,,,,R02,2026-09-08,,Fuera del arbol de accesibilidad: se trata como decorativa.,sin CMP detectada
14,mundo,UCL,https://www.ucl.ac.uk/,1.1.1,23a2a8,Image has non-empty accessible name,62,div.base-card__image > div.media > picture > img,si,cumple,,,R02,2026-09-08,,"nombre accesible: ""Bee on a flower""",sin CMP detectada
14,mundo,UCL,https://www.ucl.ac.uk/,1.1.1,qt1vmo,Image accessible name is descriptive,62,div.base-card__image > div.media > picture > img,si,REVISAR,,,R02,2026-09-08,,"JUICIO HUMANO. ¿El nombre sirve un proposito equivalente al contenido no textual? nombre: ""Bee on a flower"" | src: obile/public/2025-07/Climate-Podcast-Teaser-2025.jpg.jpg?itok=OvUVJWTL",sin CMP detectada
14,mundo,UCL,https://www.ucl.ac.uk/,1.1.1,e88epe,Image not in the accessibility tree is decorative,63,div.base-card__container > div.base-card__image > div.base-card__icon > svg,no,,,,R02,2026-09-08,,Fuera del arbol de accesibilidad: se trata como decorativa.,sin CMP detectada
14,mundo,UCL,https://www.ucl.ac.uk/,1.1.1,e88epe,Image not in the accessibility tree is decorative,64,div.oembed-lazyload > a.oembed-lazyload__button > picture.oembed-lazyload__picture > img.oembed-lazyload__img,no,,,,R02,2026-09-08,,Fuera del arbol de accesibilidad: se trata como decorativa.,sin CMP detectada
14,mundo,UCL,https://www.ucl.ac.uk/,1.1.1,e88epe,Image not in the accessibility tree is decorative,65,div.field > div.oembed-lazyload > a.oembed-lazyload__button > svg,no,,,,R02,2026-09-08,,Fuera del arbol de accesibilidad: se trata como decorativa.,sin CMP detectada
14,mundo,UCL,https://www.ucl.ac.uk/,1.1.1,e88epe,Image not in the accessibility tree is decorative,66,div.field > div.oembed-lazyload > a.oembed-lazyload__button > svg,no,,,,R02,2026-09-08,,Fuera del arbol de accesibilidad: se trata como decorativa.,sin CMP detectada
14,mundo,UCL,https://www.ucl.ac.uk/,1.1.1,23a2a8,Image has non-empty accessible name,67,div.oembed-lazyload > div.ucl-privacy-placeholder > h3.ucl-consent-gate__title > svg,si,falla,,,R02,2026-09-08,,Sin nombre accesible y sin rol none/presentation.,sin CMP detectada
14,mundo,UCL,https://www.ucl.ac.uk/,1.1.1,e88epe,Image not in the accessibility tree is decorative,68,div.oembed-lazyload > a.oembed-lazyload__button > picture.oembed-lazyload__picture > img.oembed-lazyload__img,no,,,,R02,2026-09-08,,Fuera del arbol de accesibilidad: se trata como decorativa.,sin CMP detectada
14,mundo,UCL,https://www.ucl.ac.uk/,1.1.1,e88epe,Image not in the accessibility tree is decorative,69,div.field > div.oembed-lazyload > a.oembed-lazyload__button > svg,no,,,,R02,2026-09-08,,Fuera del arbol de accesibilidad: se trata como decorativa.,sin CMP detectada
14,mundo,UCL,https://www.ucl.ac.uk/,1.1.1,e88epe,Image not in the accessibility tree is decorative,70,div.field > div.oembed-lazyload > a.oembed-lazyload__button > svg,no,,,,R02,2026-09-08,,Fuera del arbol de accesibilidad: se trata como decorativa.,sin CMP detectada
14,mundo,UCL,https://www.ucl.ac.uk/,1.1.1,23a2a8,Image has non-empty accessible name,71,div.oembed-lazyload > div.ucl-privacy-placeholder > h3.ucl-consent-gate__title > svg,si,falla,,,R02,2026-09-08,,Sin nombre accesible y sin rol none/presentation.,sin CMP detectada
14,mundo,UCL,https://www.ucl.ac.uk/,1.1.1,23a2a8,Image has non-empty accessible name,72,div.pre-footer-card__image > div.media > picture > img,si,cumple,,,R02,2026-09-08,,"nombre accesible: ""UCL top of Wilkins building with autumn leaves""",sin CMP detectada
14,mundo,UCL,https://www.ucl.ac.uk/,1.1.1,qt1vmo,Image accessible name is descriptive,72,div.pre-footer-card__image > div.media > picture > img,si,REVISAR,,,R02,2026-09-08,,"JUICIO HUMANO. ¿El nombre sirve un proposito equivalente al contenido no textual? nombre: ""UCL top of Wilkins building with autumn leaves"" | src: les/content_cards_mobile/public/2025-07/2W3A0121.jpg.jpg?itok=O24JMY4b",sin CMP detectada
14,mundo,UCL,https://www.ucl.ac.uk/,1.1.1,23a2a8,Image has non-empty accessible name,73,div.pre-footer-card__image > div.media > picture > img,si,cumple,,,R02,2026-09-08,,"nombre accesible: ""QS World University Rankings Sustainability 2026 logo""",sin CMP detectada
14,mundo,UCL,https://www.ucl.ac.uk/,1.1.1,qt1vmo,Image accessible name is descriptive,73,div.pre-footer-card__image > div.media > picture > img,si,REVISAR,,,R02,2026-09-08,,"JUICIO HUMANO. ¿El nombre sirve un proposito equivalente al contenido no textual? nombre: ""QS World University Rankings Sustainability 2026 logo"" | src: rld-University-Rankings-Sustainability-2026-logo.png.jpg?itok=kVc_kEOa",sin CMP detectada
14,mundo,UCL,https://www.ucl.ac.uk/,1.1.1,23a2a8,Image has non-empty accessible name,74,div.pre-footer-card__image > div.media > picture > img,si,cumple,,,R02,2026-09-08,,"nombre accesible: ""UCL 2025 year in review collage""",sin CMP detectada
14,mundo,UCL,https://www.ucl.ac.uk/,1.1.1,qt1vmo,Image accessible name is descriptive,74,div.pre-footer-card__image > div.media > picture > img,si,REVISAR,,,R02,2026-09-08,,"JUICIO HUMANO. ¿El nombre sirve un proposito equivalente al contenido no textual? nombre: ""UCL 2025 year in review collage"" | src: e/public/2025-12/UCL-year-in-review-2025-collage.jpg.jpg?itok=WvObuxVV",sin CMP detectada
14,mundo,UCL,https://www.ucl.ac.uk/,1.1.1,23a2a8,Image has non-empty accessible name,75,div.footer__menu-container > div.footer__information > div.footer__logo > img,si,cumple,,,R02,2026-09-08,,"nombre accesible: ""UCL Logo""",sin CMP detectada
14,mundo,UCL,https://www.ucl.ac.uk/,1.1.1,qt1vmo,Image accessible name is descriptive,75,div.footer__menu-container > div.footer__information > div.footer__logo > img,si,REVISAR,,,R02,2026-09-08,,"JUICIO HUMANO. ¿El nombre sirve un proposito equivalente al contenido no textual? nombre: ""UCL Logo"" | src: https://cdn.ucl.ac.uk/logos/ucl/ucl-logo--secondary-inverted.svg",sin CMP detectada
14,mundo,UCL,https://www.ucl.ac.uk/,1.1.1,23a2a8,Image has non-empty accessible name,76,ul.social-menu > li.social-menu__item > a.social-menu__link > svg,si,falla,,,R02,2026-09-08,,Sin nombre accesible y sin rol none/presentation.,sin CMP detectada
14,mundo,UCL,https://www.ucl.ac.uk/,1.1.1,23a2a8,Image has non-empty accessible name,77,ul.social-menu > li.social-menu__item > a.social-menu__link > svg,si,falla,,,R02,2026-09-08,,Sin nombre accesible y sin rol none/presentation.,sin CMP detectada
14,mundo,UCL,https://www.ucl.ac.uk/,1.1.1,23a2a8,Image has non-empty accessible name,78,ul.social-menu > li.social-menu__item > a.social-menu__link > svg,si,falla,,,R02,2026-09-08,,Sin nombre accesible y sin rol none/presentation.,sin CMP detectada
14,mundo,UCL,https://www.ucl.ac.uk/,1.1.1,23a2a8,Image has non-empty accessible name,79,ul.social-menu > li.social-menu__item > a.social-menu__link > svg,si,falla,,,R02,2026-09-08,,Sin nombre accesible y sin rol none/presentation.,sin CMP detectada
14,mundo,UCL,https://www.ucl.ac.uk/,1.1.1,23a2a8,Image has non-empty accessible name,80,ul.social-menu > li.social-menu__item > a.social-menu__link > svg,si,falla,,,R02,2026-09-08,,Sin nombre accesible y sin rol none/presentation.,sin CMP detectada
14,mundo,UCL,https://www.ucl.ac.uk/,1.1.1,23a2a8,Image has non-empty accessible name,81,ul.social-menu > li.social-menu__item > a.social-menu__link > svg,si,falla,,,R02,2026-09-08,,Sin nombre accesible y sin rol none/presentation.,sin CMP detectada
14,mundo,UCL,https://www.ucl.ac.uk/,1.1.1,23a2a8,Image has non-empty accessible name,82,ul.social-menu > li.social-menu__item > a.social-menu__link > svg,si,falla,,,R02,2026-09-08,,Sin nombre accesible y sin rol none/presentation.,sin CMP detectada
14,mundo,UCL,https://www.ucl.ac.uk/,1.1.1,23a2a8,Image has non-empty accessible name,83,ul.social-menu > li.social-menu__item > a.social-menu__link > svg,si,falla,,,R02,2026-09-08,,Sin nombre accesible y sin rol none/presentation.,sin CMP detectada
14,mundo,UCL,https://www.ucl.ac.uk/,1.1.1,e88epe,Image not in the accessibility tree is decorative,84,div.container > div.footer__back-to-top > a.button > svg,no,,,,R02,2026-09-08,,Fuera del arbol de accesibilidad: se trata como decorativa.,sin CMP detectada
14,mundo,UCL,https://www.ucl.ac.uk/,1.1.1,e88epe,Image not in the accessibility tree is decorative,85,div.ucl-privacy-modal__content > div.ucl-privacy-modal__header > button.ucl-privacy-modal__close > svg,no,,,,R02,2026-09-08,,Fuera del arbol de accesibilidad: se trata como decorativa.,sin CMP detectada
14,mundo,UCL,https://www.ucl.ac.uk/,1.1.1,e88epe,Image not in the accessibility tree is decorative,86,div.ucl-privacy-modal__section-content > div.ucl-privacy-modal__section-title-row > span.ucl-privacy-modal__section-icon > svg,no,,,,R02,2026-09-08,,Fuera del arbol de accesibilidad: se trata como decorativa.,sin CMP detectada
14,mundo,UCL,https://www.ucl.ac.uk/,1.1.1,e88epe,Image not in the accessibility tree is decorative,87,div.ucl-privacy-modal__section-content > div.ucl-privacy-modal__section-details > button.ucl-privacy-modal__section-details-toggle > svg,no,,,,R02,2026-09-08,,Fuera del arbol de accesibilidad: se trata como decorativa.,sin CMP detectada
14,mundo,UCL,https://www.ucl.ac.uk/,1.1.1,e88epe,Image not in the accessibility tree is decorative,88,div.ucl-privacy-modal__section-content > div.ucl-privacy-modal__section-title-row > span.ucl-privacy-modal__section-icon > svg,no,,,,R02,2026-09-08,,Fuera del arbol de accesibilidad: se trata como decorativa.,sin CMP detectada
14,mundo,UCL,https://www.ucl.ac.uk/,1.1.1,e88epe,Image not in the accessibility tree is decorative,89,div.ucl-privacy-modal__section-content > div.ucl-privacy-modal__section-details > button.ucl-privacy-modal__section-details-toggle > svg,no,,,,R02,2026-09-08,,Fuera del arbol de accesibilidad: se trata como decorativa.,sin CMP detectada
14,mundo,UCL,https://www.ucl.ac.uk/,1.1.1,e88epe,Image not in the accessibility tree is decorative,90,div.ucl-privacy-modal__section-content > div.ucl-privacy-modal__section-title-row > span.ucl-privacy-modal__section-icon > svg,no,,,,R02,2026-09-08,,Fuera del arbol de accesibilidad: se trata como decorativa.,sin CMP detectada
14,mundo,UCL,https://www.ucl.ac.uk/,1.1.1,e88epe,Image not in the accessibility tree is decorative,91,div.ucl-privacy-modal__section-content > div.ucl-privacy-modal__section-details > button.ucl-privacy-modal__section-details-toggle > svg,no,,,,R02,2026-09-08,,Fuera del arbol de accesibilidad: se trata como decorativa.,sin CMP detectada
14,mundo,UCL,https://www.ucl.ac.uk/,1.1.1,e88epe,Image not in the accessibility tree is decorative,92,div.ucl-privacy-modal__section-content > div.ucl-privacy-modal__section-title-row > span.ucl-privacy-modal__section-icon > svg,no,,,,R02,2026-09-08,,Fuera del arbol de accesibilidad: se trata como decorativa.,sin CMP detectada
14,mundo,UCL,https://www.ucl.ac.uk/,1.1.1,e88epe,Image not in the accessibility tree is decorative,93,div.ucl-privacy-modal__section-content > div.ucl-privacy-modal__section-details > button.ucl-privacy-modal__section-details-toggle > svg,no,,,,R02,2026-09-08,,Fuera del arbol de accesibilidad: se trata como decorativa.,sin CMP detectada
14,mundo,UCL,https://www.ucl.ac.uk/,1.1.1,e88epe,Image not in the accessibility tree is decorative,94,html.js > body.colour-scheme--woburn-warmth > button.ucl-privacy-wrapper > svg,no,,,,R02,2026-09-08,,Fuera del arbol de accesibilidad: se trata como decorativa.,sin CMP detectada
14,mundo,UCL,https://www.ucl.ac.uk/,2.4.4,c487ae,Link has non-empty accessible name,1,html.js > body.colour-scheme--woburn-warmth > a.sr-only,si,cumple,,,R02,2026-09-08,,"nombre: ""Skip to main content""",sin CMP detectada
14,mundo,UCL,https://www.ucl.ac.uk/,2.4.4,5effbb,Link in context is descriptive,1,html.js > body.colour-scheme--woburn-warmth > a.sr-only,si,REVISAR,,SIN CONTEXTO PROGRAMATICO,R02,2026-09-08,,"JUICIO HUMANO. ¿Nombre + contexto describen el proposito? nombre: ""Skip to main content"" | href: #main-content | AVISO: no hay parrafo, elemento de lista ni celda que lo contenga. Un div o article envolvente NO es contexto programatico.",sin CMP detectada
14,mundo,UCL,https://www.ucl.ac.uk/,2.4.4,c487ae,Link has non-empty accessible name,2,header.header > div.header__top > div.header__top-container > a.header__link,si,cumple,,,R02,2026-09-08,,"nombre: ""Navigate back to homepage""",sin CMP detectada
14,mundo,UCL,https://www.ucl.ac.uk/,2.4.4,5effbb,Link in context is descriptive,2,header.header > div.header__top > div.header__top-container > a.header__link,si,REVISAR,,SIN CONTEXTO PROGRAMATICO,R02,2026-09-08,,"JUICIO HUMANO. ¿Nombre + contexto describen el proposito? nombre: ""Navigate back to homepage"" | href: https://www.ucl.ac.uk/ | AVISO: no hay parrafo, elemento de lista ni celda que lo contenga. Un div o article envolvente NO es contexto programatico.",sin CMP detectada
14,mundo,UCL,https://www.ucl.ac.uk/,2.4.4,c487ae,Link has non-empty accessible name,3,div.cta-item__container > div.cta-item > div.cta-item__content > a.button,si,cumple,,,R02,2026-09-08,,"nombre: ""Apply now""",sin CMP detectada
14,mundo,UCL,https://www.ucl.ac.uk/,2.4.4,5effbb,Link in context is descriptive,3,div.cta-item__container > div.cta-item > div.cta-item__content > a.button,si,REVISAR,,SIN CONTEXTO PROGRAMATICO,R02,2026-09-08,,"JUICIO HUMANO. ¿Nombre + contexto describen el proposito? nombre: ""Apply now"" | href: https://www.ucl.ac.uk/prospective-students/graduate/masters- | AVISO: no hay parrafo, elemento de lista ni celda que lo contenga. Un div o article envolvente NO es contexto programatico.",sin CMP detectada
14,mundo,UCL,https://www.ucl.ac.uk/,2.4.4,c487ae,Link has non-empty accessible name,4,div.curated-cards > div.base-card > div.base-card__container > a.link,si,cumple,,,R02,2026-09-08,,"nombre: ""Undergraduate Open Days""",sin CMP detectada
14,mundo,UCL,https://www.ucl.ac.uk/,2.4.4,5effbb,Link in context is descriptive,4,div.curated-cards > div.base-card > div.base-card__container > a.link,si,REVISAR,,SIN CONTEXTO PROGRAMATICO,R02,2026-09-08,,"JUICIO HUMANO. ¿Nombre + contexto describen el proposito? nombre: ""Undergraduate Open Days"" | href: https://www.ucl.ac.uk/study/prospective-students/open-days/u | AVISO: no hay parrafo, elemento de lista ni celda que lo contenga. Un div o article envolvente NO es contexto programatico.",sin CMP detectada
14,mundo,UCL,https://www.ucl.ac.uk/,2.4.4,c487ae,Link has non-empty accessible name,5,div.curated-cards > div.base-card > div.base-card__container > a.link,si,cumple,,,R02,2026-09-08,,"nombre: ""How we support our students""",sin CMP detectada
14,mundo,UCL,https://www.ucl.ac.uk/,2.4.4,5effbb,Link in context is descriptive,5,div.curated-cards > div.base-card > div.base-card__container > a.link,si,REVISAR,,SIN CONTEXTO PROGRAMATICO,R02,2026-09-08,,"JUICIO HUMANO. ¿Nombre + contexto describen el proposito? nombre: ""How we support our students"" | href: https://www.ucl.ac.uk/students/support-and-wellbeing-service | AVISO: no hay parrafo, elemento de lista ni celda que lo contenga. Un div o article envolvente NO es contexto programatico.",sin CMP detectada
14,mundo,UCL,https://www.ucl.ac.uk/,2.4.4,c487ae,Link has non-empty accessible name,6,div.row > div.base-card > div.base-card__container > a.link,si,cumple,,,R02,2026-09-08,,"nombre: ""Possible hint of dark matter recorded""",sin CMP detectada
14,mundo,UCL,https://www.ucl.ac.uk/,2.4.4,5effbb,Link in context is descriptive,6,div.row > div.base-card > div.base-card__container > a.link,si,REVISAR,,SIN CONTEXTO PROGRAMATICO,R02,2026-09-08,,"JUICIO HUMANO. ¿Nombre + contexto describen el proposito? nombre: ""Possible hint of dark matter recorded"" | href: https://www.ucl.ac.uk/news/2026/sep/possible-hint-dark-matte | AVISO: no hay parrafo, elemento de lista ni celda que lo contenga. Un div o article envolvente NO es contexto programatico.",sin CMP detectada
14,mundo,UCL,https://www.ucl.ac.uk/,2.4.4,c487ae,Link has non-empty accessible name,7,div.row > div.base-card > div.base-card__container > a.link,si,cumple,,,R02,2026-09-08,,"nombre: ""First patient in live AI-assisted sight-saving brain surgery""",sin CMP detectada
14,mundo,UCL,https://www.ucl.ac.uk/,2.4.4,5effbb,Link in context is descriptive,7,div.row > div.base-card > div.base-card__container > a.link,si,REVISAR,,SIN CONTEXTO PROGRAMATICO,R02,2026-09-08,,"JUICIO HUMANO. ¿Nombre + contexto describen el proposito? nombre: ""First patient in live AI-assisted sight-saving brain surgery"" | href: https://www.ucl.ac.uk/news/2026/aug/first-patient-live-ai-as | AVISO: no hay parrafo, elemento de lista ni celda que lo contenga. Un div o article envolvente NO es contexto programatico.",sin CMP detectada
14,mundo,UCL,https://www.ucl.ac.uk/,2.4.4,c487ae,Link has non-empty accessible name,8,div.row > div.base-card > div.base-card__container > a.link,si,cumple,,,R02,2026-09-08,,"nombre: ""Spy device detectors fail users most reliant on them""",sin CMP detectada
14,mundo,UCL,https://www.ucl.ac.uk/,2.4.4,5effbb,Link in context is descriptive,8,div.row > div.base-card > div.base-card__container > a.link,si,REVISAR,,SIN CONTEXTO PROGRAMATICO,R02,2026-09-08,,"JUICIO HUMANO. ¿Nombre + contexto describen el proposito? nombre: ""Spy device detectors fail users most reliant on them"" | href: https://www.ucl.ac.uk/news/2026/aug/spy-device-detectors-fai | AVISO: no hay parrafo, elemento de lista ni celda que lo contenga. Un div o article envolvente NO es contexto programatico.",sin CMP detectada
14,mundo,UCL,https://www.ucl.ac.uk/,2.4.4,c487ae,Link has non-empty accessible name,9,div.row > div.card-link > div.card-link__content > a.link,si,cumple,,,R02,2026-09-08,,"nombre: ""More news""",sin CMP detectada
14,mundo,UCL,https://www.ucl.ac.uk/,2.4.4,5effbb,Link in context is descriptive,9,div.row > div.card-link > div.card-link__content > a.link,si,REVISAR,,SIN CONTEXTO PROGRAMATICO,R02,2026-09-08,,"JUICIO HUMANO. ¿Nombre + contexto describen el proposito? nombre: ""More news"" | href: https://www.ucl.ac.uk/news/latest-news | AVISO: no hay parrafo, elemento de lista ni celda que lo contenga. Un div o article envolvente NO es contexto programatico.",sin CMP detectada
14,mundo,UCL,https://www.ucl.ac.uk/,2.4.4,c487ae,Link has non-empty accessible name,10,div.spotlight > div.row > div.spotlight__content > a.link,si,cumple,,,R02,2026-09-08,,"nombre: ""Find out more""",sin CMP detectada
14,mundo,UCL,https://www.ucl.ac.uk/,2.4.4,5effbb,Link in context is descriptive,10,div.spotlight > div.row > div.spotlight__content > a.link,si,REVISAR,,SIN CONTEXTO PROGRAMATICO,R02,2026-09-08,,"JUICIO HUMANO. ¿Nombre + contexto describen el proposito? nombre: ""Find out more"" | href: https://www.ucl.ac.uk/news/2026/jun/ucl-ranked-8th-best-univ | AVISO: no hay parrafo, elemento de lista ni celda que lo contenga. Un div o article envolvente NO es contexto programatico.",sin CMP detectada
14,mundo,UCL,https://www.ucl.ac.uk/,2.4.4,c487ae,Link has non-empty accessible name,11,div.row > div.base-card > div.base-card__container > a.link,si,cumple,,,R02,2026-09-08,,"nombre: ""Novel treatment for motor neurone disease to be trialled in humans""",sin CMP detectada
14,mundo,UCL,https://www.ucl.ac.uk/,2.4.4,5effbb,Link in context is descriptive,11,div.row > div.base-card > div.base-card__container > a.link,si,REVISAR,,SIN CONTEXTO PROGRAMATICO,R02,2026-09-08,,"JUICIO HUMANO. ¿Nombre + contexto describen el proposito? nombre: ""Novel treatment for motor neurone disease to be trialled in humans"" | href: https://www.ucl.ac.uk/news/2026/jul/novel-treatment-motor-ne | AVISO: no hay parrafo, elemento de lista ni celda que lo contenga. Un div o article envolvente NO es contexto programatico.",sin CMP detectada
14,mundo,UCL,https://www.ucl.ac.uk/,2.4.4,c487ae,Link has non-empty accessible name,12,div.row > div.base-card > div.base-card__container > a.link,si,cumple,,,R02,2026-09-08,,"nombre: ""Solar windows could harvest energy from sun and indoor light""",sin CMP detectada
14,mundo,UCL,https://www.ucl.ac.uk/,2.4.4,5effbb,Link in context is descriptive,12,div.row > div.base-card > div.base-card__container > a.link,si,REVISAR,,SIN CONTEXTO PROGRAMATICO,R02,2026-09-08,,"JUICIO HUMANO. ¿Nombre + contexto describen el proposito? nombre: ""Solar windows could harvest energy from sun and indoor light"" | href: https://www.ucl.ac.uk/news/2026/jul/solar-windows-could-harv | AVISO: no hay parrafo, elemento de lista ni celda que lo contenga. Un div o article envolvente NO es contexto programatico.",sin CMP detectada
14,mundo,UCL,https://www.ucl.ac.uk/,2.4.4,c487ae,Link has non-empty accessible name,13,div.row > div.base-card > div.base-card__container > a.link,si,cumple,,,R02,2026-09-08,,"nombre: ""CAR T-cell therapy shows early promise in severe lupus""",sin CMP detectada
14,mundo,UCL,https://www.ucl.ac.uk/,2.4.4,5effbb,Link in context is descriptive,13,div.row > div.base-card > div.base-card__container > a.link,si,REVISAR,,SIN CONTEXTO PROGRAMATICO,R02,2026-09-08,,"JUICIO HUMANO. ¿Nombre + contexto describen el proposito? nombre: ""CAR T-cell therapy shows early promise in severe lupus"" | href: https://www.ucl.ac.uk/news/2026/jun/car-t-cell-therapy-shows | AVISO: no hay parrafo, elemento de lista ni celda que lo contenga. Un div o article envolvente NO es contexto programatico.",sin CMP detectada
14,mundo,UCL,https://www.ucl.ac.uk/,2.4.4,c487ae,Link has non-empty accessible name,14,div.row > div.card-link > div.card-link__content > a.link,si,cumple,,,R02,2026-09-08,,"nombre: ""More UCL research discoveries""",sin CMP detectada
14,mundo,UCL,https://www.ucl.ac.uk/,2.4.4,5effbb,Link in context is descriptive,14,div.row > div.card-link > div.card-link__content > a.link,si,REVISAR,,SIN CONTEXTO PROGRAMATICO,R02,2026-09-08,,"JUICIO HUMANO. ¿Nombre + contexto describen el proposito? nombre: ""More UCL research discoveries"" | href: https://www.ucl.ac.uk/research/research-news | AVISO: no hay parrafo, elemento de lista ni celda que lo contenga. Un div o article envolvente NO es contexto programatico.",sin CMP detectada
14,mundo,UCL,https://www.ucl.ac.uk/,2.4.4,c487ae,Link has non-empty accessible name,15,div.spotlight > div.row > div.spotlight__content > a.link,si,cumple,,,R02,2026-09-08,,"nombre: ""Find out more""",sin CMP detectada
14,mundo,UCL,https://www.ucl.ac.uk/,2.4.4,5effbb,Link in context is descriptive,15,div.spotlight > div.row > div.spotlight__content > a.link,si,REVISAR,,SIN CONTEXTO PROGRAMATICO,R02,2026-09-08,,"JUICIO HUMANO. ¿Nombre + contexto describen el proposito? nombre: ""Find out more"" | href: https://www.ucl.ac.uk/about/ucls-bicentenary | AVISO: no hay parrafo, elemento de lista ni celda que lo contenga. Un div o article envolvente NO es contexto programatico.",sin CMP detectada
14,mundo,UCL,https://www.ucl.ac.uk/,2.4.4,c487ae,Link has non-empty accessible name,16,div.row > div.whats-on__header-container > div.whats-on__header > a.link,si,cumple,,,R02,2026-09-08,,"nombre: ""More public events""",sin CMP detectada
14,mundo,UCL,https://www.ucl.ac.uk/,2.4.4,5effbb,Link in context is descriptive,16,div.row > div.whats-on__header-container > div.whats-on__header > a.link,si,REVISAR,,SIN CONTEXTO PROGRAMATICO,R02,2026-09-08,,"JUICIO HUMANO. ¿Nombre + contexto describen el proposito? nombre: ""More public events"" | href: https://www.ucl.ac.uk/events/all-events | AVISO: no hay parrafo, elemento de lista ni celda que lo contenga. Un div o article envolvente NO es contexto programatico.",sin CMP detectada
14,mundo,UCL,https://www.ucl.ac.uk/,2.4.4,c487ae,Link has non-empty accessible name,17,div.views-element-container > div.whats-on-item > div.whats-on-item__information > a.link,si,cumple,,,R02,2026-09-08,,"nombre: ""Saturday Studios in the Culture Lab""",sin CMP detectada
14,mundo,UCL,https://www.ucl.ac.uk/,2.4.4,5effbb,Link in context is descriptive,17,div.views-element-container > div.whats-on-item > div.whats-on-item__information > a.link,si,REVISAR,,SIN CONTEXTO PROGRAMATICO,R02,2026-09-08,,"JUICIO HUMANO. ¿Nombre + contexto describen el proposito? nombre: ""Saturday Studios in the Culture Lab"" | href: https://www.ucl.ac.uk/creative-cultural-industries/events/20 | AVISO: no hay parrafo, elemento de lista ni celda que lo contenga. Un div o article envolvente NO es contexto programatico.",sin CMP detectada
14,mundo,UCL,https://www.ucl.ac.uk/,2.4.4,c487ae,Link has non-empty accessible name,18,div.views-element-container > div.whats-on-item > div.whats-on-item__information > a.link,si,cumple,,,R02,2026-09-08,,"nombre: ""Two Centuries Here: The UCL200 exhibition""",sin CMP detectada
14,mundo,UCL,https://www.ucl.ac.uk/,2.4.4,5effbb,Link in context is descriptive,18,div.views-element-container > div.whats-on-item > div.whats-on-item__information > a.link,si,REVISAR,,SIN CONTEXTO PROGRAMATICO,R02,2026-09-08,,"JUICIO HUMANO. ¿Nombre + contexto describen el proposito? nombre: ""Two Centuries Here: The UCL200 exhibition"" | href: https://www.ucl.ac.uk/about/events/2026/feb/two-centuries-he | AVISO: no hay parrafo, elemento de lista ni celda que lo contenga. Un div o article envolvente NO es contexto programatico.",sin CMP detectada
14,mundo,UCL,https://www.ucl.ac.uk/,2.4.4,c487ae,Link has non-empty accessible name,19,div.views-element-container > div.whats-on-item > div.whats-on-item__information > a.link,si,cumple,,,R02,2026-09-08,,"nombre: ""UCL200 Walking Tour""",sin CMP detectada
14,mundo,UCL,https://www.ucl.ac.uk/,2.4.4,5effbb,Link in context is descriptive,19,div.views-element-container > div.whats-on-item > div.whats-on-item__information > a.link,si,REVISAR,,SIN CONTEXTO PROGRAMATICO,R02,2026-09-08,,"JUICIO HUMANO. ¿Nombre + contexto describen el proposito? nombre: ""UCL200 Walking Tour"" | href: https://www.ucl.ac.uk/about/events/2026/mar/ucl200-walking-t | AVISO: no hay parrafo, elemento de lista ni celda que lo contenga. Un div o article envolvente NO es contexto programatico.",sin CMP detectada
14,mundo,UCL,https://www.ucl.ac.uk/,2.4.4,c487ae,Link has non-empty accessible name,20,div.row > div.base-card > div.base-card__container > a.link,si,cumple,,,R02,2026-09-08,,"nombre: ""UCL academics elected as Fellows of the Academy of Social Sciences""",sin CMP detectada
14,mundo,UCL,https://www.ucl.ac.uk/,2.4.4,5effbb,Link in context is descriptive,20,div.row > div.base-card > div.base-card__container > a.link,si,REVISAR,,SIN CONTEXTO PROGRAMATICO,R02,2026-09-08,,"JUICIO HUMANO. ¿Nombre + contexto describen el proposito? nombre: ""UCL academics elected as Fellows of the Academy of Social Sciences"" | href: https://www.ucl.ac.uk/news/2026/sep/ucl-academics-elected-fe | AVISO: no hay parrafo, elemento de lista ni celda que lo contenga. Un div o article envolvente NO es contexto programatico.",sin CMP detectada
14,mundo,UCL,https://www.ucl.ac.uk/,2.4.4,c487ae,Link has non-empty accessible name,21,div.row > div.base-card > div.base-card__container > a.link,si,cumple,,,R02,2026-09-08,,"nombre: ""UCL academics awarded prestigious EU grants""",sin CMP detectada
14,mundo,UCL,https://www.ucl.ac.uk/,2.4.4,5effbb,Link in context is descriptive,21,div.row > div.base-card > div.base-card__container > a.link,si,REVISAR,,SIN CONTEXTO PROGRAMATICO,R02,2026-09-08,,"JUICIO HUMANO. ¿Nombre + contexto describen el proposito? nombre: ""UCL academics awarded prestigious EU grants"" | href: https://www.ucl.ac.uk/news/2026/sep/ucl-academics-awarded-pr | AVISO: no hay parrafo, elemento de lista ni celda que lo contenga. Un div o article envolvente NO es contexto programatico.",sin CMP detectada
14,mundo,UCL,https://www.ucl.ac.uk/,2.4.4,c487ae,Link has non-empty accessible name,22,div.row > div.base-card > div.base-card__container > a.link,si,cumple,,,R02,2026-09-08,,"nombre: ""UCL academics awarded Royal Society prizes""",sin CMP detectada
14,mundo,UCL,https://www.ucl.ac.uk/,2.4.4,5effbb,Link in context is descriptive,22,div.row > div.base-card > div.base-card__container > a.link,si,REVISAR,,SIN CONTEXTO PROGRAMATICO,R02,2026-09-08,,"JUICIO HUMANO. ¿Nombre + contexto describen el proposito? nombre: ""UCL academics awarded Royal Society prizes"" | href: https://www.ucl.ac.uk/news/2026/aug/ucl-academics-awarded-ro | AVISO: no hay parrafo, elemento de lista ni celda que lo contenga. Un div o article envolvente NO es contexto programatico.",sin CMP detectada
14,mundo,UCL,https://www.ucl.ac.uk/,2.4.4,c487ae,Link has non-empty accessible name,23,div.row > div.card-link > div.card-link__content > a.link,si,cumple,,,R02,2026-09-08,,"nombre: ""More about UCL community""",sin CMP detectada
14,mundo,UCL,https://www.ucl.ac.uk/,2.4.4,5effbb,Link in context is descriptive,23,div.row > div.card-link > div.card-link__content > a.link,si,REVISAR,,SIN CONTEXTO PROGRAMATICO,R02,2026-09-08,,"JUICIO HUMANO. ¿Nombre + contexto describen el proposito? nombre: ""More about UCL community"" | href: https://www.ucl.ac.uk/about/our-people | AVISO: no hay parrafo, elemento de lista ni celda que lo contenga. Un div o article envolvente NO es contexto programatico.",sin CMP detectada
14,mundo,UCL,https://www.ucl.ac.uk/,2.4.4,c487ae,Link has non-empty accessible name,24,div.highlight-block > div.base-card > div.base-card__container > a.link,si,cumple,,,R02,2026-09-08,,"nombre: ""Faces of UCL""",sin CMP detectada
14,mundo,UCL,https://www.ucl.ac.uk/,2.4.4,5effbb,Link in context is descriptive,24,div.highlight-block > div.base-card > div.base-card__container > a.link,si,REVISAR,,SIN CONTEXTO PROGRAMATICO,R02,2026-09-08,,"JUICIO HUMANO. ¿Nombre + contexto describen el proposito? nombre: ""Faces of UCL"" | href: https://www.ucl.ac.uk/about/ucls-bicentenary/faces-ucl-podca | AVISO: no hay parrafo, elemento de lista ni celda que lo contenga. Un div o article envolvente NO es contexto programatico.",sin CMP detectada
14,mundo,UCL,https://www.ucl.ac.uk/,2.4.4,c487ae,Link has non-empty accessible name,25,div.highlight-block > div.base-card > div.base-card__container > a.link,si,cumple,,,R02,2026-09-08,,"nombre: ""The Bridge: A Disagreeing Well Podcast""",sin CMP detectada
14,mundo,UCL,https://www.ucl.ac.uk/,2.4.4,5effbb,Link in context is descriptive,25,div.highlight-block > div.base-card > div.base-card__container > a.link,si,REVISAR,,SIN CONTEXTO PROGRAMATICO,R02,2026-09-08,,"JUICIO HUMANO. ¿Nombre + contexto describen el proposito? nombre: ""The Bridge: A Disagreeing Well Podcast"" | href: https://www.ucl.ac.uk/about/disagreeing-well/the-bridge-podc | AVISO: no hay parrafo, elemento de lista ni celda que lo contenga. Un div o article envolvente NO es contexto programatico.",sin CMP detectada
14,mundo,UCL,https://www.ucl.ac.uk/,2.4.4,c487ae,Link has non-empty accessible name,26,div.highlight-block > div.base-card > div.base-card__container > a.link,si,cumple,,,R02,2026-09-08,,"nombre: ""Disruptive Voices Podcast""",sin CMP detectada
14,mundo,UCL,https://www.ucl.ac.uk/,2.4.4,5effbb,Link in context is descriptive,26,div.highlight-block > div.base-card > div.base-card__container > a.link,si,REVISAR,,SIN CONTEXTO PROGRAMATICO,R02,2026-09-08,,"JUICIO HUMANO. ¿Nombre + contexto describen el proposito? nombre: ""Disruptive Voices Podcast"" | href: https://www.ucl.ac.uk/research-innovation/grand-challenges/i | AVISO: no hay parrafo, elemento de lista ni celda que lo contenga. Un div o article envolvente NO es contexto programatico.",sin CMP detectada
14,mundo,UCL,https://www.ucl.ac.uk/,2.4.4,c487ae,Link has non-empty accessible name,27,div.highlight-block > div.base-card > div.base-card__container > a.link,si,cumple,,,R02,2026-09-08,,"nombre: ""The Climate Podcast""",sin CMP detectada
14,mundo,UCL,https://www.ucl.ac.uk/,2.4.4,5effbb,Link in context is descriptive,27,div.highlight-block > div.base-card > div.base-card__container > a.link,si,REVISAR,,SIN CONTEXTO PROGRAMATICO,R02,2026-09-08,,"JUICIO HUMANO. ¿Nombre + contexto describen el proposito? nombre: ""The Climate Podcast"" | href: https://www.ucl.ac.uk/research-innovation/themes/ucl-climate | AVISO: no hay parrafo, elemento de lista ni celda que lo contenga. Un div o article envolvente NO es contexto programatico.",sin CMP detectada
14,mundo,UCL,https://www.ucl.ac.uk/,2.4.4,c487ae,Link has non-empty accessible name,28,div.field > div.oembed-lazyload > div.ucl-privacy-placeholder > a.ucl-consent-gate__link,si,cumple,,,R02,2026-09-08,,"nombre: ""Open YouTube content in new tab""",sin CMP detectada
14,mundo,UCL,https://www.ucl.ac.uk/,2.4.4,5effbb,Link in context is descriptive,28,div.field > div.oembed-lazyload > div.ucl-privacy-placeholder > a.ucl-consent-gate__link,si,REVISAR,,SIN CONTEXTO PROGRAMATICO,R02,2026-09-08,,"JUICIO HUMANO. ¿Nombre + contexto describen el proposito? nombre: ""Open YouTube content in new tab"" | href: https://www.youtube.com/watch?v=jxYFg3ygMgk | AVISO: no hay parrafo, elemento de lista ni celda que lo contenga. Un div o article envolvente NO es contexto programatico.",sin CMP detectada
14,mundo,UCL,https://www.ucl.ac.uk/,2.4.4,c487ae,Link has non-empty accessible name,29,div.field > div.oembed-lazyload > div.ucl-privacy-placeholder > a.ucl-consent-gate__link,si,cumple,,,R02,2026-09-08,,"nombre: ""Open YouTube content in new tab""",sin CMP detectada
14,mundo,UCL,https://www.ucl.ac.uk/,2.4.4,5effbb,Link in context is descriptive,29,div.field > div.oembed-lazyload > div.ucl-privacy-placeholder > a.ucl-consent-gate__link,si,REVISAR,,SIN CONTEXTO PROGRAMATICO,R02,2026-09-08,,"JUICIO HUMANO. ¿Nombre + contexto describen el proposito? nombre: ""Open YouTube content in new tab"" | href: https://www.youtube.com/watch?v=fibAxF6t11o | AVISO: no hay parrafo, elemento de lista ni celda que lo contenga. Un div o article envolvente NO es contexto programatico.",sin CMP detectada
14,mundo,UCL,https://www.ucl.ac.uk/,2.4.4,c487ae,Link has non-empty accessible name,30,div.row > div.pre-footer-card > div.pre-footer-card__container > a.link,si,cumple,,,R02,2026-09-08,,"nombre: ""Top 10 in the World""",sin CMP detectada
14,mundo,UCL,https://www.ucl.ac.uk/,2.4.4,5effbb,Link in context is descriptive,30,div.row > div.pre-footer-card > div.pre-footer-card__container > a.link,si,REVISAR,,SIN CONTEXTO PROGRAMATICO,R02,2026-09-08,,"JUICIO HUMANO. ¿Nombre + contexto describen el proposito? nombre: ""Top 10 in the World"" | href: https://www.ucl.ac.uk/about/excellence-and-impact/rankings | AVISO: no hay parrafo, elemento de lista ni celda que lo contenga. Un div o article envolvente NO es contexto programatico.",sin CMP detectada
14,mundo,UCL,https://www.ucl.ac.uk/,2.4.4,c487ae,Link has non-empty accessible name,31,div.row > div.pre-footer-card > div.pre-footer-card__container > a.link,si,cumple,,,R02,2026-09-08,,"nombre: ""1st in UK QS Sustainability""",sin CMP detectada
14,mundo,UCL,https://www.ucl.ac.uk/,2.4.4,5effbb,Link in context is descriptive,31,div.row > div.pre-footer-card > div.pre-footer-card__container > a.link,si,REVISAR,,SIN CONTEXTO PROGRAMATICO,R02,2026-09-08,,"JUICIO HUMANO. ¿Nombre + contexto describen el proposito? nombre: ""1st in UK QS Sustainability"" | href: https://www.ucl.ac.uk/news/2025/nov/ucl-ranks-1st-uk-and-3rd | AVISO: no hay parrafo, elemento de lista ni celda que lo contenga. Un div o article envolvente NO es contexto programatico.",sin CMP detectada
14,mundo,UCL,https://www.ucl.ac.uk/,2.4.4,c487ae,Link has non-empty accessible name,32,div.row > div.pre-footer-card > div.pre-footer-card__container > a.link,si,cumple,,,R02,2026-09-08,,"nombre: ""UCL in 2025""",sin CMP detectada
14,mundo,UCL,https://www.ucl.ac.uk/,2.4.4,5effbb,Link in context is descriptive,32,div.row > div.pre-footer-card > div.pre-footer-card__container > a.link,si,REVISAR,,SIN CONTEXTO PROGRAMATICO,R02,2026-09-08,,"JUICIO HUMANO. ¿Nombre + contexto describen el proposito? nombre: ""UCL in 2025"" | href: https://www.ucl.ac.uk/news/2025/dec/ucl-2025-year-review | AVISO: no hay parrafo, elemento de lista ni celda que lo contenga. Un div o article envolvente NO es contexto programatico.",sin CMP detectada
14,mundo,UCL,https://www.ucl.ac.uk/,2.4.4,c487ae,Link has non-empty accessible name,33,div.footer__column > ul.menu > li.menu__item > a.menu__link,si,cumple,,,R02,2026-09-08,,"nombre: ""Bloomsbury Theatre and Studio""",sin CMP detectada
14,mundo,UCL,https://www.ucl.ac.uk/,2.4.4,5effbb,Link in context is descriptive,33,div.footer__column > ul.menu > li.menu__item > a.menu__link,si,REVISAR,,Bloomsbury Theatre and Studio,R02,2026-09-08,,"JUICIO HUMANO. ¿Nombre + contexto describen el proposito? nombre: ""Bloomsbury Theatre and Studio"" | href: https://www.ucl.ac.uk/bloomsbury-theatre",sin CMP detectada
14,mundo,UCL,https://www.ucl.ac.uk/,2.4.4,c487ae,Link has non-empty accessible name,34,div.footer__column > ul.menu > li.menu__item > a.menu__link,si,cumple,,,R02,2026-09-08,,"nombre: ""Library, Museums and Collections""",sin CMP detectada
14,mundo,UCL,https://www.ucl.ac.uk/,2.4.4,5effbb,Link in context is descriptive,34,div.footer__column > ul.menu > li.menu__item > a.menu__link,si,REVISAR,,"Library, Museums and Collections",R02,2026-09-08,,"JUICIO HUMANO. ¿Nombre + contexto describen el proposito? nombre: ""Library, Museums and Collections"" | href: https://www.ucl.ac.uk/lccos/library-culture-collections-and-",sin CMP detectada
14,mundo,UCL,https://www.ucl.ac.uk/,2.4.4,c487ae,Link has non-empty accessible name,35,div.footer__column > ul.menu > li.menu__item > a.menu__link,si,cumple,,,R02,2026-09-08,,"nombre: ""UCL Maps""",sin CMP detectada
14,mundo,UCL,https://www.ucl.ac.uk/,2.4.4,5effbb,Link in context is descriptive,35,div.footer__column > ul.menu > li.menu__item > a.menu__link,si,REVISAR,,UCL Maps,R02,2026-09-08,,"JUICIO HUMANO. ¿Nombre + contexto describen el proposito? nombre: ""UCL Maps"" | href: https://www.ucl.ac.uk/maps",sin CMP detectada
14,mundo,UCL,https://www.ucl.ac.uk/,2.4.4,c487ae,Link has non-empty accessible name,36,div.footer__column > ul.menu > li.menu__item > a.menu__link,si,cumple,,,R02,2026-09-08,,"nombre: ""UCL Shop""",sin CMP detectada
14,mundo,UCL,https://www.ucl.ac.uk/,2.4.4,5effbb,Link in context is descriptive,36,div.footer__column > ul.menu > li.menu__item > a.menu__link,si,REVISAR,,UCL Shop,R02,2026-09-08,,"JUICIO HUMANO. ¿Nombre + contexto describen el proposito? nombre: ""UCL Shop"" | href: https://studentsunionucl.org/shop",sin CMP detectada
14,mundo,UCL,https://www.ucl.ac.uk/,2.4.4,c487ae,Link has non-empty accessible name,37,div.footer__column > ul.menu > li.menu__item > a.menu__link,si,cumple,,,R02,2026-09-08,,"nombre: ""Contact UCL""",sin CMP detectada
14,mundo,UCL,https://www.ucl.ac.uk/,2.4.4,5effbb,Link in context is descriptive,37,div.footer__column > ul.menu > li.menu__item > a.menu__link,si,REVISAR,,Contact UCL,R02,2026-09-08,,"JUICIO HUMANO. ¿Nombre + contexto describen el proposito? nombre: ""Contact UCL"" | href: https://www.ucl.ac.uk/about/contact-us",sin CMP detectada
14,mundo,UCL,https://www.ucl.ac.uk/,2.4.4,c487ae,Link has non-empty accessible name,38,div.footer__column > ul.menu > li.menu__item > a.menu__link,si,cumple,,,R02,2026-09-08,,"nombre: ""Accommodation""",sin CMP detectada
14,mundo,UCL,https://www.ucl.ac.uk/,2.4.4,5effbb,Link in context is descriptive,38,div.footer__column > ul.menu > li.menu__item > a.menu__link,si,REVISAR,,Accommodation,R02,2026-09-08,,"JUICIO HUMANO. ¿Nombre + contexto describen el proposito? nombre: ""Accommodation"" | href: https://www.ucl.ac.uk/accommodation/",sin CMP detectada
14,mundo,UCL,https://www.ucl.ac.uk/,2.4.4,c487ae,Link has non-empty accessible name,39,div.footer__column > ul.menu > li.menu__item > a.menu__link,si,cumple,,,R02,2026-09-08,,"nombre: ""Current Students""",sin CMP detectada
14,mundo,UCL,https://www.ucl.ac.uk/,2.4.4,5effbb,Link in context is descriptive,39,div.footer__column > ul.menu > li.menu__item > a.menu__link,si,REVISAR,,Current Students,R02,2026-09-08,,"JUICIO HUMANO. ¿Nombre + contexto describen el proposito? nombre: ""Current Students"" | href: https://www.ucl.ac.uk/students/",sin CMP detectada
14,mundo,UCL,https://www.ucl.ac.uk/,2.4.4,c487ae,Link has non-empty accessible name,40,div.footer__column > ul.menu > li.menu__item > a.menu__link,si,cumple,,,R02,2026-09-08,,"nombre: ""Moodle""",sin CMP detectada
14,mundo,UCL,https://www.ucl.ac.uk/,2.4.4,5effbb,Link in context is descriptive,40,div.footer__column > ul.menu > li.menu__item > a.menu__link,si,REVISAR,,Moodle,R02,2026-09-08,,"JUICIO HUMANO. ¿Nombre + contexto describen el proposito? nombre: ""Moodle"" | href: https://moodle.ucl.ac.uk/",sin CMP detectada
14,mundo,UCL,https://www.ucl.ac.uk/,2.4.4,c487ae,Link has non-empty accessible name,41,div.footer__column > ul.menu > li.menu__item > a.menu__link,si,cumple,,,R02,2026-09-08,,"nombre: ""Students' Union""",sin CMP detectada
14,mundo,UCL,https://www.ucl.ac.uk/,2.4.4,5effbb,Link in context is descriptive,41,div.footer__column > ul.menu > li.menu__item > a.menu__link,si,REVISAR,,Students' Union,R02,2026-09-08,,"JUICIO HUMANO. ¿Nombre + contexto describen el proposito? nombre: ""Students' Union"" | href: https://studentsunionucl.org/",sin CMP detectada
14,mundo,UCL,https://www.ucl.ac.uk/,2.4.4,c487ae,Link has non-empty accessible name,42,div.footer__column > ul.menu > li.menu__item > a.menu__link,si,cumple,,,R02,2026-09-08,,"nombre: ""Inside UCL""",sin CMP detectada
14,mundo,UCL,https://www.ucl.ac.uk/,2.4.4,5effbb,Link in context is descriptive,42,div.footer__column > ul.menu > li.menu__item > a.menu__link,si,REVISAR,,Inside UCL,R02,2026-09-08,,"JUICIO HUMANO. ¿Nombre + contexto describen el proposito? nombre: ""Inside UCL"" | href: https://app.ucl.ac.uk/InsideUCL/",sin CMP detectada
14,mundo,UCL,https://www.ucl.ac.uk/,2.4.4,c487ae,Link has non-empty accessible name,43,div.footer__column > ul.menu > li.menu__item > a.menu__link,si,cumple,,,R02,2026-09-08,,"nombre: ""Staff Intranet""",sin CMP detectada
14,mundo,UCL,https://www.ucl.ac.uk/,2.4.4,5effbb,Link in context is descriptive,43,div.footer__column > ul.menu > li.menu__item > a.menu__link,si,REVISAR,,Staff Intranet,R02,2026-09-08,,"JUICIO HUMANO. ¿Nombre + contexto describen el proposito? nombre: ""Staff Intranet"" | href: https://www.ucl.ac.uk/staff",sin CMP detectada
14,mundo,UCL,https://www.ucl.ac.uk/,2.4.4,c487ae,Link has non-empty accessible name,44,div.footer__column > ul.menu > li.menu__item > a.menu__link,si,cumple,,,R02,2026-09-08,,"nombre: ""Work at UCL""",sin CMP detectada
14,mundo,UCL,https://www.ucl.ac.uk/,2.4.4,5effbb,Link in context is descriptive,44,div.footer__column > ul.menu > li.menu__item > a.menu__link,si,REVISAR,,Work at UCL,R02,2026-09-08,,"JUICIO HUMANO. ¿Nombre + contexto describen el proposito? nombre: ""Work at UCL"" | href: https://www.ucl.ac.uk/work-at-ucl/",sin CMP detectada
14,mundo,UCL,https://www.ucl.ac.uk/,2.4.4,c487ae,Link has non-empty accessible name,45,div.footer__column > ul.menu > li.menu__item > a.menu__link,si,cumple,,,R02,2026-09-08,,"nombre: ""Human Resources""",sin CMP detectada
14,mundo,UCL,https://www.ucl.ac.uk/,2.4.4,5effbb,Link in context is descriptive,45,div.footer__column > ul.menu > li.menu__item > a.menu__link,si,REVISAR,,Human Resources,R02,2026-09-08,,"JUICIO HUMANO. ¿Nombre + contexto describen el proposito? nombre: ""Human Resources"" | href: https://www.ucl.ac.uk/human-resources/",sin CMP detectada
14,mundo,UCL,https://www.ucl.ac.uk/,2.4.4,c487ae,Link has non-empty accessible name,46,div.footer__information > address.footer__text > p.footer__paragraph > a.link,si,cumple,,,R02,2026-09-08,,"nombre: ""Telephone: +4 4 0 2 0 7 6 7 9 2 0 0 0""",sin CMP detectada
14,mundo,UCL,https://www.ucl.ac.uk/,2.4.4,5effbb,Link in context is descriptive,46,div.footer__information > address.footer__text > p.footer__paragraph > a.link,si,REVISAR,,Telephone: +44 (0) 20 7679 2000,R02,2026-09-08,,"JUICIO HUMANO. ¿Nombre + contexto describen el proposito? nombre: ""Telephone: +4 4 0 2 0 7 6 7 9 2 0 0 0"" | href: tel:+442076792000",sin CMP detectada
14,mundo,UCL,https://www.ucl.ac.uk/,2.4.4,c487ae,Link has non-empty accessible name,47,div.social-menu > ul.social-menu > li.social-menu__item > a.social-menu__link,si,cumple,,,R02,2026-09-08,,"nombre: ""Link to Instagram""",sin CMP detectada
14,mundo,UCL,https://www.ucl.ac.uk/,2.4.4,5effbb,Link in context is descriptive,47,div.social-menu > ul.social-menu > li.social-menu__item > a.social-menu__link,si,REVISAR,,Link to Instagram,R02,2026-09-08,,"JUICIO HUMANO. ¿Nombre + contexto describen el proposito? nombre: ""Link to Instagram"" | href: https://www.instagram.com/ucl/",sin CMP detectada
14,mundo,UCL,https://www.ucl.ac.uk/,2.4.4,c487ae,Link has non-empty accessible name,48,div.social-menu > ul.social-menu > li.social-menu__item > a.social-menu__link,si,cumple,,,R02,2026-09-08,,"nombre: ""Link to LinkedIn""",sin CMP detectada
14,mundo,UCL,https://www.ucl.ac.uk/,2.4.4,5effbb,Link in context is descriptive,48,div.social-menu > ul.social-menu > li.social-menu__item > a.social-menu__link,si,REVISAR,,Link to LinkedIn,R02,2026-09-08,,"JUICIO HUMANO. ¿Nombre + contexto describen el proposito? nombre: ""Link to LinkedIn"" | href: https://www.linkedin.com/school/university-college-london/",sin CMP detectada
14,mundo,UCL,https://www.ucl.ac.uk/,2.4.4,c487ae,Link has non-empty accessible name,49,div.social-menu > ul.social-menu > li.social-menu__item > a.social-menu__link,si,cumple,,,R02,2026-09-08,,"nombre: ""Link to Youtube""",sin CMP detectada
14,mundo,UCL,https://www.ucl.ac.uk/,2.4.4,5effbb,Link in context is descriptive,49,div.social-menu > ul.social-menu > li.social-menu__item > a.social-menu__link,si,REVISAR,,Link to Youtube,R02,2026-09-08,,"JUICIO HUMANO. ¿Nombre + contexto describen el proposito? nombre: ""Link to Youtube"" | href: https://www.youtube.com/ucltv",sin CMP detectada
14,mundo,UCL,https://www.ucl.ac.uk/,2.4.4,c487ae,Link has non-empty accessible name,50,div.social-menu > ul.social-menu > li.social-menu__item > a.social-menu__link,si,cumple,,,R02,2026-09-08,,"nombre: ""Link to TikTok""",sin CMP detectada
14,mundo,UCL,https://www.ucl.ac.uk/,2.4.4,5effbb,Link in context is descriptive,50,div.social-menu > ul.social-menu > li.social-menu__item > a.social-menu__link,si,REVISAR,,Link to TikTok,R02,2026-09-08,,"JUICIO HUMANO. ¿Nombre + contexto describen el proposito? nombre: ""Link to TikTok"" | href: https://www.tiktok.com/@uclofficial",sin CMP detectada
14,mundo,UCL,https://www.ucl.ac.uk/,2.4.4,c487ae,Link has non-empty accessible name,51,div.social-menu > ul.social-menu > li.social-menu__item > a.social-menu__link,si,cumple,,,R02,2026-09-08,,"nombre: ""Link to Facebook""",sin CMP detectada
14,mundo,UCL,https://www.ucl.ac.uk/,2.4.4,5effbb,Link in context is descriptive,51,div.social-menu > ul.social-menu > li.social-menu__item > a.social-menu__link,si,REVISAR,,Link to Facebook,R02,2026-09-08,,"JUICIO HUMANO. ¿Nombre + contexto describen el proposito? nombre: ""Link to Facebook"" | href: https://www.facebook.com/uclofficial",sin CMP detectada
14,mundo,UCL,https://www.ucl.ac.uk/,2.4.4,c487ae,Link has non-empty accessible name,52,div.social-menu > ul.social-menu > li.social-menu__item > a.social-menu__link,si,cumple,,,R02,2026-09-08,,"nombre: ""Link to Bluesky""",sin CMP detectada
14,mundo,UCL,https://www.ucl.ac.uk/,2.4.4,5effbb,Link in context is descriptive,52,div.social-menu > ul.social-menu > li.social-menu__item > a.social-menu__link,si,REVISAR,,Link to Bluesky,R02,2026-09-08,,"JUICIO HUMANO. ¿Nombre + contexto describen el proposito? nombre: ""Link to Bluesky"" | href: https://bsky.app/profile/ucl.ac.uk",sin CMP detectada
14,mundo,UCL,https://www.ucl.ac.uk/,2.4.4,c487ae,Link has non-empty accessible name,53,div.social-menu > ul.social-menu > li.social-menu__item > a.social-menu__link,si,cumple,,,R02,2026-09-08,,"nombre: ""Link to Threads""",sin CMP detectada
14,mundo,UCL,https://www.ucl.ac.uk/,2.4.4,5effbb,Link in context is descriptive,53,div.social-menu > ul.social-menu > li.social-menu__item > a.social-menu__link,si,REVISAR,,Link to Threads,R02,2026-09-08,,"JUICIO HUMANO. ¿Nombre + contexto describen el proposito? nombre: ""Link to Threads"" | href: https://www.threads.com/@ucl",sin CMP detectada
14,mundo,UCL,https://www.ucl.ac.uk/,2.4.4,c487ae,Link has non-empty accessible name,54,div.social-menu > ul.social-menu > li.social-menu__item > a.social-menu__link,si,cumple,,,R02,2026-09-08,,"nombre: ""Link to Soundcloud""",sin CMP detectada
14,mundo,UCL,https://www.ucl.ac.uk/,2.4.4,5effbb,Link in context is descriptive,54,div.social-menu > ul.social-menu > li.social-menu__item > a.social-menu__link,si,REVISAR,,Link to Soundcloud,R02,2026-09-08,,"JUICIO HUMANO. ¿Nombre + contexto describen el proposito? nombre: ""Link to Soundcloud"" | href: https://soundcloud.com/uclsound",sin CMP detectada
14,mundo,UCL,https://www.ucl.ac.uk/,2.4.4,c487ae,Link has non-empty accessible name,55,footer.footer > div.container > div.footer__back-to-top > a.button,si,cumple,,,R02,2026-09-08,,"nombre: ""Back to top""",sin CMP detectada
14,mundo,UCL,https://www.ucl.ac.uk/,2.4.4,5effbb,Link in context is descriptive,55,footer.footer > div.container > div.footer__back-to-top > a.button,si,REVISAR,,SIN CONTEXTO PROGRAMATICO,R02,2026-09-08,,"JUICIO HUMANO. ¿Nombre + contexto describen el proposito? nombre: ""Back to top"" | href: #main-content | AVISO: no hay parrafo, elemento de lista ni celda que lo contenga. Un div o article envolvente NO es contexto programatico.",sin CMP detectada
14,mundo,UCL,https://www.ucl.ac.uk/,2.4.4,c487ae,Link has non-empty accessible name,56,div.footer__legal > ul.menu > li.menu__item > a.menu__link,si,cumple,,,R02,2026-09-08,,"nombre: ""Disclaimer""",sin CMP detectada
14,mundo,UCL,https://www.ucl.ac.uk/,2.4.4,5effbb,Link in context is descriptive,56,div.footer__legal > ul.menu > li.menu__item > a.menu__link,si,REVISAR,,Disclaimer,R02,2026-09-08,,"JUICIO HUMANO. ¿Nombre + contexto describen el proposito? nombre: ""Disclaimer"" | href: https://www.ucl.ac.uk/legal-services/disclaimer",sin CMP detectada
14,mundo,UCL,https://www.ucl.ac.uk/,2.4.4,c487ae,Link has non-empty accessible name,57,div.footer__legal > ul.menu > li.menu__item > a.menu__link,si,cumple,,,R02,2026-09-08,,"nombre: ""Freedom of Information""",sin CMP detectada
14,mundo,UCL,https://www.ucl.ac.uk/,2.4.4,5effbb,Link in context is descriptive,57,div.footer__legal > ul.menu > li.menu__item > a.menu__link,si,REVISAR,,Freedom of Information,R02,2026-09-08,,"JUICIO HUMANO. ¿Nombre + contexto describen el proposito? nombre: ""Freedom of Information"" | href: https://www.ucl.ac.uk/foi",sin CMP detectada
14,mundo,UCL,https://www.ucl.ac.uk/,2.4.4,c487ae,Link has non-empty accessible name,58,div.footer__legal > ul.menu > li.menu__item > a.menu__link,si,cumple,,,R02,2026-09-08,,"nombre: ""Accessibility""",sin CMP detectada
14,mundo,UCL,https://www.ucl.ac.uk/,2.4.4,5effbb,Link in context is descriptive,58,div.footer__legal > ul.menu > li.menu__item > a.menu__link,si,REVISAR,,Accessibility,R02,2026-09-08,,"JUICIO HUMANO. ¿Nombre + contexto describen el proposito? nombre: ""Accessibility"" | href: https://www.ucl.ac.uk/accessibility",sin CMP detectada
14,mundo,UCL,https://www.ucl.ac.uk/,2.4.4,c487ae,Link has non-empty accessible name,59,div.footer__legal > ul.menu > li.menu__item > a.menu__link,si,cumple,,,R02,2026-09-08,,"nombre: ""Cookies""",sin CMP detectada
14,mundo,UCL,https://www.ucl.ac.uk/,2.4.4,5effbb,Link in context is descriptive,59,div.footer__legal > ul.menu > li.menu__item > a.menu__link,si,REVISAR,,Cookies,R02,2026-09-08,,"JUICIO HUMANO. ¿Nombre + contexto describen el proposito? nombre: ""Cookies"" | href: https://www.ucl.ac.uk/home/cookies",sin CMP detectada
14,mundo,UCL,https://www.ucl.ac.uk/,2.4.4,c487ae,Link has non-empty accessible name,60,div.footer__legal > ul.menu > li.menu__item > a.menu__link,si,cumple,,,R02,2026-09-08,,"nombre: ""Privacy""",sin CMP detectada
14,mundo,UCL,https://www.ucl.ac.uk/,2.4.4,5effbb,Link in context is descriptive,60,div.footer__legal > ul.menu > li.menu__item > a.menu__link,si,REVISAR,,Privacy,R02,2026-09-08,,"JUICIO HUMANO. ¿Nombre + contexto describen el proposito? nombre: ""Privacy"" | href: https://www.ucl.ac.uk/legal-services/privacy",sin CMP detectada
14,mundo,UCL,https://www.ucl.ac.uk/,2.4.4,c487ae,Link has non-empty accessible name,61,div.footer__legal > ul.menu > li.menu__item > a.menu__link,si,cumple,,,R02,2026-09-08,,"nombre: ""Slavery statement""",sin CMP detectada
14,mundo,UCL,https://www.ucl.ac.uk/,2.4.4,5effbb,Link in context is descriptive,61,div.footer__legal > ul.menu > li.menu__item > a.menu__link,si,REVISAR,,Slavery statement,R02,2026-09-08,,"JUICIO HUMANO. ¿Nombre + contexto describen el proposito? nombre: ""Slavery statement"" | href: https://www.ucl.ac.uk/commercial-procurement/modern-day-slav",sin CMP detectada
14,mundo,UCL,https://www.ucl.ac.uk/,2.4.4,c487ae,Link has non-empty accessible name,62,div.footer__legal > ul.menu > li.menu__item > a.menu__link,si,cumple,,,R02,2026-09-08,,"nombre: ""Log in""",sin CMP detectada
14,mundo,UCL,https://www.ucl.ac.uk/,2.4.4,5effbb,Link in context is descriptive,62,div.footer__legal > ul.menu > li.menu__item > a.menu__link,si,REVISAR,,Log in,R02,2026-09-08,,"JUICIO HUMANO. ¿Nombre + contexto describen el proposito? nombre: ""Log in"" | href: /home/user/login",sin CMP detectada
14,mundo,UCL,https://www.ucl.ac.uk/,2.4.4,c487ae,Link has non-empty accessible name,63,div.ucl-privacy-wrapper > div.ucl-privacy-banner__policy-section > p.ucl-privacy-banner__policy-inline > a.ucl-privacy-banner__policy-link,si,cumple,,,R02,2026-09-08,,"nombre: ""Open privacy policy in new tab: UCL privacy policy""",sin CMP detectada
14,mundo,UCL,https://www.ucl.ac.uk/,2.4.4,5effbb,Link in context is descriptive,63,div.ucl-privacy-wrapper > div.ucl-privacy-banner__policy-section > p.ucl-privacy-banner__policy-inline > a.ucl-privacy-banner__policy-link,si,REVISAR,,Privacy Policy: Learn more about how we handle your data and protect your privacy. UCL privacy policy,R02,2026-09-08,,"JUICIO HUMANO. ¿Nombre + contexto describen el proposito? nombre: ""Open privacy policy in new tab: UCL privacy policy"" | href: https://www.ucl.ac.uk/legal-services/cookies",sin CMP detectada
14,mundo,UCL,https://www.ucl.ac.uk/,2.4.4,fd3a94,Links with identical accessible names and same context serve equivalent purpose,10+15,div.spotlight > div.row > div.spotlight__content > a.link ; div.spotlight > div.row > div.spotlight__content > a.link,si,REVISAR,,,R02,2026-09-08,,JUICIO HUMANO. 2 enlaces con el mismo nombre accesible y el mismo contexto apuntan a 2 destinos distintos. ¿Sirven un proposito equivalente? destinos: n/ucl-ranked-8th-best-university-qs-world-rankings | https://www.ucl.ac.uk/about/ucls-bicentenary,sin CMP detectada
14,mundo,UCL,https://www.ucl.ac.uk/,2.4.4,fd3a94,Links with identical accessible names and same context serve equivalent purpose,28+29,div.field > div.oembed-lazyload > div.ucl-privacy-placeholder > a.ucl-consent-gate__link ; div.field > div.oembed-lazyload > div.ucl-privacy-placeholder > a.ucl-consent-gate__link,si,REVISAR,,,R02,2026-09-08,,JUICIO HUMANO. 2 enlaces con el mismo nombre accesible y el mismo contexto apuntan a 2 destinos distintos. ¿Sirven un proposito equivalente? destinos: https://www.youtube.com/watch?v=jxYFg3ygMgk | https://www.youtube.com/watch?v=fibAxF6t11o,sin CMP detectada
